Latitude (decimal degrees):	51.507
Longitude (decimal degrees):	-0.128
Elevation (m):	19
Radiation database:	PVGIS-SARAH2


Slope: 35 deg. 
Azimuth: 0 deg. 
Nominal power of the PV system (c-Si) (kWp):	1.0
System losses (%):	14.0
time,P,G(i),H_sun,T2m,WS10m,Int
20130101:0010,0.0,0.0,0.0,8.96,4.07,0.0
20130101:0110,0.0,0.0,0.0,8.43,4.34,0.0
20130101:0210,0.0,0.0,0.0,7.37,4.21,0.0
20130101:0310,0.0,0.0,0.0,6.84,3.72,0.0
20130101:0410,0.0,0.0,0.0,5.78,3.52,0.0
20130101:0510,0.0,0.0,0.0,4.72,3.66,0.0
20130101:0610,0.0,0.0,0.0,3.66,3.72,0.0
20130101:0710,0.0,0.0,0.0,3.66,3.66,0.0
20130101:0810,0.0,0.0,0.0,3.13,3.52,0.0
20130101:0910,259.19,302.89,6.4,3.13,3.59,0.0
20130101:1010,449.28,515.51,11.47,4.19,3.24,0.0
20130101:1110,513.96,591.75,14.58,5.25,3.52,0.0
20130101:1210,538.86,621.91,15.47,6.31,4.07,0.0
20130101:1310,379.79,436.53,14.04,6.31,4.9,0.0
20130101:1410,195.99,234.75,10.44,6.84,4.48,0.0
20130101:1510,33.16,53.11,4.96,6.31,3.79,0.0
20130101:1610,0.0,0.0,0.0,5.78,3.66,0.0
20130101:1710,0.0,0.0,0.0,5.25,3.72,0.0
20130101:1810,0.0,0.0,0.0,5.25,3.93,0.0
20130101:1910,0.0,0.0,0.0,4.72,4.21,0.0
20130101:2010,0.0,0.0,0.0,5.25,3.79,0.0
20130101:2110,0.0,0.0,0.0,5.25,3.86,0.0
20130101:2210,0.0,0.0,0.0,5.25,3.72,0.0
20130101:2310,0.0,0.0,0.0,4.72,4.28,0.0
20130102:0010,0.0,0.0,0.0,4.19,3.52,0.0
20130102:0110,0.0,0.0,0.0,3.66,3.45,0.0
20130102:0210,0.0,0.0,0.0,3.13,3.52,0.0
20130102:0310,0.0,0.0,0.0,3.13,3.45,0.0
20130102:0410,0.0,0.0,0.0,3.13,3.17,0.0
20130102:0510,0.0,0.0,0.0,2.6,3.03,0.0
20130102:0610,0.0,0.0,0.0,2.6,2.69,0.0
20130102:0710,0.0,0.0,0.0,3.66,2.62,0.0
20130102:0810,0.0,0.0,0.0,4.19,2.62,0.0
20130102:0910,10.24,23.18,6.43,4.72,2.62,0.0
20130102:1010,60.22,84.74,11.52,5.78,2.48,0.0
20130102:1110,48.33,71.39,14.65,6.31,2.48,0.0
20130102:1210,80.48,108.44,15.56,6.84,2.48,0.0
20130102:1310,6.41,17.62,14.14,6.84,3.31,0.0
20130102:1410,3.05,12.05,10.55,7.37,3.72,0.0
20130102:1510,0.0,4.64,5.08,7.9,3.93,0.0
20130102:1610,0.0,0.0,0.0,8.43,3.79,0.0
20130102:1710,0.0,0.0,0.0,8.96,3.66,0.0
20130102:1810,0.0,0.0,0.0,9.49,3.52,0.0
20130102:1910,0.0,0.0,0.0,9.49,3.72,0.0
20130102:2010,0.0,0.0,0.0,10.02,3.86,0.0
20130102:2110,0.0,0.0,0.0,10.02,4.0,0.0
20130102:2210,0.0,0.0,0.0,10.55,3.93,0.0
20130102:2310,0.0,0.0,0.0,10.55,4.0,0.0
20130103:0010,0.0,0.0,0.0,10.02,4.0,0.0
20130103:0110,0.0,0.0,0.0,10.02,3.93,0.0
20130103:0210,0.0,0.0,0.0,10.02,3.72,0.0
20130103:0310,0.0,0.0,0.0,10.02,3.79,0.0
20130103:0410,0.0,0.0,0.0,10.02,3.79,0.0
20130103:0510,0.0,0.0,0.0,10.02,3.79,0.0
20130103:0610,0.0,0.0,0.0,10.02,3.72,0.0
20130103:0710,0.0,0.0,0.0,9.49,3.79,0.0
20130103:0810,0.0,0.0,0.0,9.49,3.79,0.0
20130103:0910,49.56,73.57,6.47,10.02,3.45,0.0
20130103:1010,146.01,183.13,11.58,10.55,3.66,0.0
20130103:1110,119.43,153.88,14.73,11.09,4.41,0.0
20130103:1210,267.52,319.59,15.65,11.61,4.76,0.0
20130103:1310,229.12,276.58,14.25,11.61,4.48,0.0
20130103:1410,50.08,74.67,10.67,11.61,3.66,0.0
20130103:1510,50.49,75.38,5.21,11.61,3.31,0.0
20130103:1610,0.0,0.0,0.0,11.09,3.24,0.0
20130103:1710,0.0,0.0,0.0,10.55,3.38,0.0
20130103:1810,0.0,0.0,0.0,10.55,3.45,0.0
20130103:1910,0.0,0.0,0.0,10.02,3.72,0.0
20130103:2010,0.0,0.0,0.0,10.02,3.93,0.0
20130103:2110,0.0,0.0,0.0,10.02,4.0,0.0
20130103:2210,0.0,0.0,0.0,10.02,3.86,0.0
20130103:2310,0.0,0.0,0.0,10.02,3.52,0.0
20130104:0010,0.0,0.0,0.0,10.02,3.17,0.0
20130104:0110,0.0,0.0,0.0,9.49,2.83,0.0
20130104:0210,0.0,0.0,0.0,9.49,2.83,0.0
20130104:0310,0.0,0.0,0.0,9.49,2.83,0.0
20130104:0410,0.0,0.0,0.0,9.49,3.24,0.0
20130104:0510,0.0,0.0,0.0,8.96,3.31,0.0
20130104:0610,0.0,0.0,0.0,8.96,3.38,0.0
20130104:0710,0.0,0.0,0.0,8.43,3.38,0.0
20130104:0810,0.0,0.0,0.0,8.43,3.17,0.0
20130104:0910,12.62,26.89,6.52,8.43,2.9,0.0
20130104:1010,75.02,102.43,11.64,8.43,3.72,0.0
20130104:1110,360.29,421.04,14.81,8.43,3.52,0.0
20130104:1210,141.04,176.75,15.75,8.96,3.66,0.0
20130104:1310,18.01,34.3,14.37,8.96,3.66,0.0
20130104:1410,24.39,42.65,10.8,8.96,3.66,0.0
20130104:1510,7.5,19.47,5.35,9.49,3.31,0.0
20130104:1610,0.0,0.0,0.0,8.96,2.76,0.0
20130104:1710,0.0,0.0,0.0,8.96,2.62,0.0
20130104:1810,0.0,0.0,0.0,8.43,2.48,0.0
20130104:1910,0.0,0.0,0.0,8.43,2.41,0.0
20130104:2010,0.0,0.0,0.0,8.43,2.41,0.0
20130104:2110,0.0,0.0,0.0,8.43,2.41,0.0
20130104:2210,0.0,0.0,0.0,7.9,2.34,0.0
20130104:2310,0.0,0.0,0.0,7.9,2.28,0.0
20130105:0010,0.0,0.0,0.0,7.9,2.28,0.0
20130105:0110,0.0,0.0,0.0,7.37,2.28,0.0
20130105:0210,0.0,0.0,0.0,7.37,1.93,0.0
20130105:0310,0.0,0.0,0.0,7.37,1.93,0.0
20130105:0410,0.0,0.0,0.0,7.37,2.07,0.0
20130105:0510,0.0,0.0,0.0,7.9,2.14,0.0
20130105:0610,0.0,0.0,0.0,7.9,2.41,0.0
20130105:0710,0.0,0.0,0.0,8.43,2.07,0.0
20130105:0810,0.0,0.0,0.0,8.43,1.72,0.0
20130105:0910,1.13,8.34,6.58,8.43,1.93,0.0
20130105:1010,84.26,113.27,11.71,8.96,2.55,0.0
20130105:1110,39.07,61.19,14.9,10.02,3.31,0.0
20130105:1210,42.11,64.9,15.86,10.02,3.31,0.0
20130105:1310,45.18,68.61,14.5,10.02,3.52,0.0
20130105:1410,37.89,59.65,10.94,10.02,3.52,0.0
20130105:1510,27.66,46.95,5.49,10.02,3.03,0.0
20130105:1610,0.0,0.0,0.0,9.49,3.03,0.0
20130105:1710,0.0,0.0,0.0,8.96,2.9,0.0
20130105:1810,0.0,0.0,0.0,8.96,2.55,0.0
20130105:1910,0.0,0.0,0.0,9.49,2.83,0.0
20130105:2010,0.0,0.0,0.0,8.96,3.31,0.0
20130105:2110,0.0,0.0,0.0,8.43,2.55,0.0
20130105:2210,0.0,0.0,0.0,7.37,2.55,0.0
20130105:2310,0.0,0.0,0.0,6.84,2.41,0.0
20130106:0010,0.0,0.0,0.0,6.31,2.28,0.0
20130106:0110,0.0,0.0,0.0,5.78,2.28,0.0
20130106:0210,0.0,0.0,0.0,5.78,2.28,0.0
20130106:0310,0.0,0.0,0.0,5.25,2.21,0.0
20130106:0410,0.0,0.0,0.0,5.25,2.0,0.0
20130106:0510,0.0,0.0,0.0,5.25,2.07,0.0
20130106:0610,0.0,0.0,0.0,4.72,2.07,0.0
20130106:0710,0.0,0.0,0.0,5.25,1.79,0.0
20130106:0810,0.0,0.0,0.0,5.25,1.52,0.0
20130106:0910,4.69,14.83,6.64,6.31,1.17,0.0
20130106:1010,61.64,87.2,11.8,7.9,1.79,0.0
20130106:1110,25.22,43.57,15.0,7.9,1.52,0.0
20130106:1210,103.91,135.71,15.98,8.43,1.59,0.0
20130106:1310,122.53,156.38,14.63,8.43,1.59,0.0
20130106:1410,86.41,115.82,11.08,8.96,1.79,0.0
20130106:1510,73.26,101.28,5.64,8.96,2.14,0.0
20130106:1610,0.0,0.0,0.0,8.43,2.0,0.0
20130106:1710,0.0,0.0,0.0,7.9,2.07,0.0
20130106:1810,0.0,0.0,0.0,7.37,2.21,0.0
20130106:1910,0.0,0.0,0.0,7.9,2.41,0.0
20130106:2010,0.0,0.0,0.0,7.9,2.28,0.0
20130106:2110,0.0,0.0,0.0,7.9,2.14,0.0
20130106:2210,0.0,0.0,0.0,7.37,2.21,0.0
20130106:2310,0.0,0.0,0.0,7.37,2.69,0.0
20130107:0010,0.0,0.0,0.0,7.37,2.76,0.0
20130107:0110,0.0,0.0,0.0,6.84,2.55,0.0
20130107:0210,0.0,0.0,0.0,6.84,2.41,0.0
20130107:0310,0.0,0.0,0.0,6.84,2.28,0.0
20130107:0410,0.0,0.0,0.0,6.84,2.28,0.0
20130107:0510,0.0,0.0,0.0,6.84,2.14,0.0
20130107:0610,0.0,0.0,0.0,6.84,2.07,0.0
20130107:0710,0.0,0.0,0.0,6.84,2.28,0.0
20130107:0810,0.0,0.0,0.0,6.84,2.41,0.0
20130107:0910,6.41,17.62,6.71,6.84,2.55,0.0
20130107:1010,21.69,38.94,11.88,7.37,2.62,0.0
20130107:1110,97.92,128.35,15.11,7.9,3.1,0.0
20130107:1210,23.01,40.79,16.11,8.43,3.31,0.0
20130107:1310,53.07,77.58,14.77,8.96,4.07,0.0
20130107:1410,72.61,99.97,11.23,8.96,2.97,0.0
20130107:1510,7.54,19.47,5.79,8.43,3.24,0.0
20130107:1610,0.0,0.0,0.0,8.43,3.1,0.0
20130107:1710,0.0,0.0,0.0,7.9,3.1,0.0
20130107:1810,0.0,0.0,0.0,7.9,3.24,0.0
20130107:1910,0.0,0.0,0.0,7.9,3.45,0.0
20130107:2010,0.0,0.0,0.0,7.9,3.45,0.0
20130107:2110,0.0,0.0,0.0,8.43,3.45,0.0
20130107:2210,0.0,0.0,0.0,8.43,3.38,0.0
20130107:2310,0.0,0.0,0.0,8.43,3.31,0.0
20130108:0010,0.0,0.0,0.0,8.43,3.31,0.0
20130108:0110,0.0,0.0,0.0,8.43,3.38,0.0
20130108:0210,0.0,0.0,0.0,8.43,3.45,0.0
20130108:0310,0.0,0.0,0.0,8.43,3.38,0.0
20130108:0410,0.0,0.0,0.0,7.9,3.24,0.0
20130108:0510,0.0,0.0,0.0,7.9,3.17,0.0
20130108:0610,0.0,0.0,0.0,7.9,3.17,0.0
20130108:0710,0.0,0.0,0.0,7.9,2.97,0.0
20130108:0810,0.0,0.0,0.0,7.9,3.24,0.0
20130108:0910,11.35,25.03,6.78,7.9,3.38,0.0
20130108:1010,27.3,46.36,11.98,8.96,3.24,0.0
20130108:1110,371.97,434.5,15.23,9.49,4.62,0.0
20130108:1210,349.01,410.21,16.24,10.02,4.07,0.0
20130108:1310,203.91,247.63,14.91,10.55,3.93,0.0
20130108:1410,94.97,125.98,11.38,10.55,3.66,0.0
20130108:1510,29.36,49.18,5.95,10.55,3.66,0.0
20130108:1610,0.0,0.0,0.0,10.02,3.52,0.0
20130108:1710,0.0,0.0,0.0,9.49,3.38,0.0
20130108:1810,0.0,0.0,0.0,8.96,3.31,0.0
20130108:1910,0.0,0.0,0.0,8.96,3.31,0.0
20130108:2010,0.0,0.0,0.0,8.96,3.31,0.0
20130108:2110,0.0,0.0,0.0,8.96,3.38,0.0
20130108:2210,0.0,0.0,0.0,8.96,3.24,0.0
20130108:2310,0.0,0.0,0.0,8.96,3.03,0.0
20130109:0010,0.0,0.0,0.0,8.96,2.97,0.0
20130109:0110,0.0,0.0,0.0,8.96,2.48,0.0
20130109:0210,0.0,0.0,0.0,8.96,2.14,0.0
20130109:0310,0.0,0.0,0.0,8.96,1.72,0.0
20130109:0410,0.0,0.0,0.0,8.96,1.59,0.0
20130109:0510,0.0,0.0,0.0,8.96,2.07,0.0
20130109:0610,0.0,0.0,0.0,8.96,2.21,0.0
20130109:0710,0.0,0.0,0.0,8.43,2.62,0.0
20130109:0810,0.0,0.0,0.0,7.9,2.76,0.0
20130109:0910,27.92,46.78,6.87,7.37,2.97,0.0
20130109:1010,52.51,76.26,12.08,6.84,2.76,0.0
20130109:1110,36.5,57.48,15.35,7.37,2.34,0.0
20130109:1210,164.64,202.16,16.38,7.37,2.28,0.0
20130109:1310,490.08,574.65,15.07,7.37,2.34,0.0
20130109:1410,408.99,479.7,11.54,7.37,2.21,0.0
20130109:1510,239.23,288.22,6.12,6.84,1.86,0.0
20130109:1610,0.0,0.0,0.0,6.31,1.59,0.0
20130109:1710,0.0,0.0,0.0,5.25,1.52,0.0
20130109:1810,0.0,0.0,0.0,4.72,1.31,0.0
20130109:1910,0.0,0.0,0.0,2.6,1.31,0.0
20130109:2010,0.0,0.0,0.0,2.07,1.24,0.0
20130109:2110,0.0,0.0,0.0,1.54,1.45,0.0
20130109:2210,0.0,0.0,0.0,1.01,1.45,0.0
20130109:2310,0.0,0.0,0.0,1.01,1.03,0.0
20130110:0010,0.0,0.0,0.0,1.01,0.69,0.0
20130110:0110,0.0,0.0,0.0,1.01,0.62,0.0
20130110:0210,0.0,0.0,0.0,0.48,0.62,0.0
20130110:0310,0.0,0.0,0.0,0.48,0.76,0.0
20130110:0410,0.0,0.0,0.0,0.48,1.03,0.0
20130110:0510,0.0,0.0,0.0,0.48,1.17,0.0
20130110:0610,0.0,0.0,0.0,1.01,0.97,0.0
20130110:0710,0.0,0.0,0.0,1.01,1.24,0.0
20130110:0810,0.0,0.0,0.0,1.01,0.9,0.0
20130110:0910,40.85,61.13,6.96,1.01,0.69,0.0
20130110:1010,78.55,103.99,12.19,1.54,0.83,0.0
20130110:1110,81.86,108.21,15.48,2.07,0.83,0.0
20130110:1210,106.77,136.25,16.52,3.13,0.97,0.0
20130110:1310,78.08,104.55,15.22,3.66,1.17,0.0
20130110:1410,93.82,121.69,11.71,3.66,1.24,0.0
20130110:1510,12.94,26.89,6.29,3.66,1.17,0.0
20130110:1610,0.0,0.0,0.0,3.13,1.24,0.0
20130110:1710,0.0,0.0,0.0,2.6,1.24,0.0
20130110:1810,0.0,0.0,0.0,2.07,1.38,0.0
20130110:1910,0.0,0.0,0.0,2.07,1.79,0.0
20130110:2010,0.0,0.0,0.0,1.54,2.0,0.0
20130110:2110,0.0,0.0,0.0,1.54,2.07,0.0
20130110:2210,0.0,0.0,0.0,1.01,2.0,0.0
20130110:2310,0.0,0.0,0.0,1.01,2.07,0.0
20130111:0010,0.0,0.0,0.0,1.01,2.14,0.0
20130111:0110,0.0,0.0,0.0,1.01,2.14,0.0
20130111:0210,0.0,0.0,0.0,1.01,2.07,0.0
20130111:0310,0.0,0.0,0.0,1.01,2.0,0.0
20130111:0410,0.0,0.0,0.0,1.01,2.14,0.0
20130111:0510,0.0,0.0,0.0,1.01,2.28,0.0
20130111:0610,0.0,0.0,0.0,1.01,1.72,0.0
20130111:0710,0.0,0.0,0.0,1.01,1.72,0.0
20130111:0810,0.0,0.0,0.0,1.01,1.79,0.0
20130111:0910,42.33,62.81,7.05,1.01,1.59,0.0
20130111:1010,79.95,105.68,12.31,2.07,1.45,0.0
20130111:1110,157.21,190.93,15.61,3.13,1.45,0.0
20130111:1210,96.63,125.53,16.68,4.19,1.31,0.0
20130111:1310,275.03,323.15,15.39,4.72,1.03,0.0
20130111:1410,314.5,368.29,11.88,5.25,1.38,0.0
20130111:1510,148.57,184.72,6.47,5.25,0.9,0.0
20130111:1610,0.0,0.0,0.0,5.25,0.21,0.0
20130111:1710,0.0,0.0,0.0,4.19,0.83,0.0
20130111:1810,0.0,0.0,0.0,2.6,1.45,0.0
20130111:1910,0.0,0.0,0.0,2.6,1.79,0.0
20130111:2010,0.0,0.0,0.0,2.6,1.72,0.0
20130111:2110,0.0,0.0,0.0,2.6,1.93,0.0
20130111:2210,0.0,0.0,0.0,2.6,2.07,0.0
20130111:2310,0.0,0.0,0.0,2.6,2.21,0.0
20130112:0010,0.0,0.0,0.0,2.6,2.48,0.0
20130112:0110,0.0,0.0,0.0,2.6,2.76,0.0
20130112:0210,0.0,0.0,0.0,2.6,2.9,0.0
20130112:0310,0.0,0.0,0.0,2.07,3.24,0.0
20130112:0410,0.0,0.0,0.0,2.07,3.38,0.0
20130112:0510,0.0,0.0,0.0,2.07,3.79,0.0
20130112:0610,0.0,0.0,0.0,2.07,3.93,0.0
20130112:0710,0.0,0.0,0.0,2.07,4.34,0.0
20130112:0810,0.0,0.0,0.0,1.54,4.48,0.0
20130112:0910,6.62,17.62,7.16,1.54,4.62,0.0
20130112:1010,123.86,152.91,12.43,2.07,4.28,0.0
20130112:1110,17.91,33.38,15.76,2.6,4.07,0.0
20130112:1210,87.17,114.07,16.84,3.13,4.76,0.0
20130112:1310,157.18,189.79,15.56,3.66,5.38,0.0
20130112:1410,148.07,179.75,12.06,3.66,5.38,0.0
20130112:1510,33.93,53.3,6.65,3.13,4.62,0.0
20130112:1610,0.0,0.0,0.0,3.13,4.9,0.0
20130112:1710,0.0,0.0,0.0,2.6,4.41,0.0
20130112:1810,0.0,0.0,0.0,2.6,4.21,0.0
20130112:1910,0.0,0.0,0.0,2.6,3.86,0.0
20130112:2010,0.0,0.0,0.0,2.6,3.72,0.0
20130112:2110,0.0,0.0,0.0,2.6,3.59,0.0
20130112:2210,0.0,0.0,0.0,2.07,3.52,0.0
20130112:2310,0.0,0.0,0.0,2.6,3.45,0.0
20130113:0010,0.0,0.0,0.0,2.6,3.45,0.0
20130113:0110,0.0,0.0,0.0,2.07,3.52,0.0
20130113:0210,0.0,0.0,0.0,2.07,3.66,0.0
20130113:0310,0.0,0.0,0.0,1.54,3.66,0.0
20130113:0410,0.0,0.0,0.0,1.01,3.66,0.0
20130113:0510,0.0,0.0,0.0,1.01,3.66,0.0
20130113:0610,0.0,0.0,0.0,0.48,3.66,0.0
20130113:0710,0.0,0.0,0.0,0.48,3.52,0.0
20130113:0810,0.0,0.0,0.0,-0.04,3.31,0.0
20130113:0910,74.1,98.26,7.27,-0.04,3.17,0.0
20130113:1010,35.35,54.7,12.56,1.01,2.9,0.0
20130113:1110,152.37,183.66,15.91,1.54,3.31,0.0
20130113:1210,157.59,190.03,17.0,2.6,3.86,0.0
20130113:1310,158.76,191.04,15.74,2.6,4.14,0.0
20130113:1410,246.55,285.53,12.25,2.6,3.72,0.0
20130113:1510,28.47,46.62,6.84,2.6,3.17,0.0
20130113:1610,0.0,0.0,0.0,2.07,2.41,0.0
20130113:1710,0.0,0.0,0.0,1.01,2.14,0.0
20130113:1810,0.0,0.0,0.0,0.48,2.07,0.0
20130113:1910,0.0,0.0,0.0,-0.57,2.14,0.0
20130113:2010,0.0,0.0,0.0,-1.1,2.0,0.0
20130113:2110,0.0,0.0,0.0,-1.63,1.79,0.0
20130113:2210,0.0,0.0,0.0,-1.63,1.79,0.0
20130113:2310,0.0,0.0,0.0,-2.16,1.59,0.0
20130114:0010,0.0,0.0,0.0,-2.16,1.38,0.0
20130114:0110,0.0,0.0,0.0,-1.63,1.1,0.0
20130114:0210,0.0,0.0,0.0,-1.1,0.76,0.0
20130114:0310,0.0,0.0,0.0,-1.1,0.9,0.0
20130114:0410,0.0,0.0,0.0,-1.63,1.17,0.0
20130114:0510,0.0,0.0,0.0,-1.63,1.1,0.0
20130114:0610,0.0,0.0,0.0,-1.1,1.31,0.0
20130114:0710,0.0,0.0,0.0,-1.1,1.66,0.0
20130114:0810,0.0,0.0,0.0,-0.57,2.0,0.0
20130114:0910,0.8,7.42,7.39,-0.57,2.34,0.0
20130114:1010,40.16,60.26,12.7,0.48,3.1,0.0
20130114:1110,44.84,65.82,16.06,1.01,3.72,0.0
20130114:1210,40.08,60.26,17.18,1.01,3.86,0.0
20130114:1310,46.3,67.68,15.93,1.54,3.31,0.0
20130114:1410,32.93,51.92,12.44,1.54,3.03,0.0
20130114:1510,11.78,25.03,7.03,1.01,2.69,0.0
20130114:1610,0.0,0.0,0.0,1.01,2.62,0.0
20130114:1710,0.0,0.0,0.0,1.01,3.1,0.0
20130114:1810,0.0,0.0,0.0,1.54,4.14,0.0
20130114:1910,0.0,0.0,0.0,2.07,5.1,0.0
20130114:2010,0.0,0.0,0.0,2.07,5.1,0.0
20130114:2110,0.0,0.0,0.0,1.54,5.1,0.0
20130114:2210,0.0,0.0,0.0,1.01,5.1,0.0
20130114:2310,0.0,0.0,0.0,1.01,5.17,0.0
20130115:0010,0.0,0.0,0.0,1.01,5.31,0.0
20130115:0110,0.0,0.0,0.0,1.01,5.38,0.0
20130115:0210,0.0,0.0,0.0,1.01,5.45,0.0
20130115:0310,0.0,0.0,0.0,1.01,5.52,0.0
20130115:0410,0.0,0.0,0.0,1.01,5.66,0.0
20130115:0510,0.0,0.0,0.0,1.01,5.52,0.0
20130115:0610,0.0,0.0,0.0,1.01,5.1,0.0
20130115:0710,0.0,0.0,0.0,-0.04,4.0,0.0
20130115:0810,0.0,0.0,0.0,-0.57,3.59,0.0
20130115:0910,43.19,63.35,7.51,-0.57,3.24,0.0
20130115:1010,7.27,18.54,12.84,0.48,3.52,0.0
20130115:1110,92.08,118.47,16.23,1.01,4.34,0.0
20130115:1210,257.42,296.01,17.36,1.54,3.79,0.0
20130115:1310,65.27,89.45,16.12,2.07,3.52,0.0
20130115:1410,126.7,156.19,12.64,2.07,3.38,0.0
20130115:1510,2.65,11.13,7.23,2.07,2.9,0.0
20130115:1610,0.0,0.0,0.0,1.01,2.21,0.0
20130115:1710,0.0,0.0,0.0,1.01,2.0,0.0
20130115:1810,0.0,0.0,0.0,0.48,2.0,0.0
20130115:1910,0.0,0.0,0.0,0.48,1.93,0.0
20130115:2010,0.0,0.0,0.0,-0.04,2.0,0.0
20130115:2110,0.0,0.0,0.0,-1.1,1.86,0.0
20130115:2210,0.0,0.0,0.0,-1.63,1.59,0.0
20130115:2310,0.0,0.0,0.0,-2.69,1.66,0.0
20130116:0010,0.0,0.0,0.0,-3.22,1.59,0.0
20130116:0110,0.0,0.0,0.0,-3.22,1.66,0.0
20130116:0210,0.0,0.0,0.0,-3.22,1.72,0.0
20130116:0310,0.0,0.0,0.0,-3.22,1.86,0.0
20130116:0410,0.0,0.0,0.0,-3.22,1.93,0.0
20130116:0510,0.0,0.0,0.0,-3.75,2.07,0.0
20130116:0610,0.0,0.0,0.0,-3.75,2.0,0.0
20130116:0710,0.0,0.0,0.0,-3.22,1.86,0.0
20130116:0810,0.0,0.0,0.0,-3.22,1.86,0.0
20130116:0910,43.13,62.97,7.65,-2.16,1.86,0.0
20130116:1010,78.43,102.49,13.0,-1.63,1.79,0.0
20130116:1110,123.47,151.98,16.4,-0.57,1.52,0.0
20130116:1210,207.91,243.05,17.55,-0.04,1.52,0.0
20130116:1310,262.5,302.53,16.32,0.48,1.59,0.0
20130116:1410,406.66,464.97,12.84,1.01,1.59,0.0
20130116:1510,226.48,266.42,7.43,1.01,1.52,0.0
20130116:1610,0.0,0.0,0.0,-0.04,1.66,0.0
20130116:1710,0.0,0.0,0.0,-1.63,1.86,0.0
20130116:1810,0.0,0.0,0.0,-3.22,1.79,0.0
20130116:1910,0.0,0.0,0.0,-3.22,1.52,0.0
20130116:2010,0.0,0.0,0.0,-3.22,1.45,0.0
20130116:2110,0.0,0.0,0.0,-3.22,1.38,0.0
20130116:2210,0.0,0.0,0.0,-3.75,1.38,0.0
20130116:2310,0.0,0.0,0.0,-3.75,1.45,0.0
20130117:0010,0.0,0.0,0.0,-4.28,1.24,0.0
20130117:0110,0.0,0.0,0.0,-4.28,1.17,0.0
20130117:0210,0.0,0.0,0.0,-4.28,1.24,0.0
20130117:0310,0.0,0.0,0.0,-4.28,1.24,0.0
20130117:0410,0.0,0.0,0.0,-4.28,1.17,0.0
20130117:0510,0.0,0.0,0.0,-4.28,1.03,0.0
20130117:0610,0.0,0.0,0.0,-4.28,0.97,0.0
20130117:0710,0.0,0.0,0.0,-3.75,0.97,0.0
20130117:0810,0.0,0.0,0.0,-3.75,1.1,0.0
20130117:0910,285.51,326.3,7.79,-3.22,1.24,0.0
20130117:1010,373.03,420.5,13.16,-2.69,1.24,0.0
20130117:1110,603.82,692.16,16.58,-1.63,1.31,0.0
20130117:1210,611.88,704.49,17.74,-0.57,1.45,0.0
20130117:1310,558.73,641.93,16.52,0.48,1.59,0.0
20130117:1410,73.14,97.76,13.05,1.01,1.72,0.0
20130117:1510,22.45,38.96,7.64,1.01,1.72,0.0
20130117:1610,0.0,0.0,0.0,0.48,1.86,0.0
20130117:1710,0.0,0.0,0.0,-0.57,2.21,0.0
20130117:1810,0.0,0.0,0.0,-0.57,2.41,0.0
20130117:1910,0.0,0.0,0.0,-1.1,2.48,0.0
20130117:2010,0.0,0.0,0.0,-1.1,2.48,0.0
20130117:2110,0.0,0.0,0.0,-1.1,2.69,0.0
20130117:2210,0.0,0.0,0.0,-1.1,2.76,0.0
20130117:2310,0.0,0.0,0.0,-0.57,2.97,0.0
20130118:0010,0.0,0.0,0.0,-0.57,3.24,0.0
20130118:0110,0.0,0.0,0.0,-0.57,3.59,0.0
20130118:0210,0.0,0.0,0.0,-0.57,3.86,0.0
20130118:0310,0.0,0.0,0.0,-1.1,3.79,0.0
20130118:0410,0.0,0.0,0.0,-1.1,3.86,0.0
20130118:0510,0.0,0.0,0.0,-1.1,4.07,0.0
20130118:0610,0.0,0.0,0.0,-1.63,3.86,0.0
20130118:0710,0.0,0.0,0.0,-1.63,4.28,0.0
20130118:0810,0.0,0.0,0.0,-1.63,4.34,0.0
20130118:0910,38.49,57.55,7.93,-2.16,4.62,0.0
20130118:1010,19.83,35.23,13.32,-2.16,4.83,0.0
20130118:1110,31.23,49.14,16.76,-2.16,4.9,0.0
20130118:1210,73.03,96.67,17.94,-1.63,4.76,0.0
20130118:1310,66.41,89.34,16.73,-1.63,4.76,0.0
20130118:1410,12.61,25.96,13.27,-1.1,5.1,0.0
20130118:1510,39.23,58.63,7.85,-1.1,5.24,0.0
20130118:1610,0.0,0.0,0.0,-1.1,4.34,0.0
20130118:1710,0.0,0.0,0.0,-1.1,3.72,0.0
20130118:1810,0.0,0.0,0.0,-1.1,3.86,0.0
20130118:1910,0.0,0.0,0.0,-1.1,4.48,0.0
20130118:2010,0.0,0.0,0.0,-1.1,4.28,0.0
20130118:2110,0.0,0.0,0.0,-1.1,4.0,0.0
20130118:2210,0.0,0.0,0.0,-0.57,3.66,0.0
20130118:2310,0.0,0.0,0.0,-0.57,3.52,0.0
20130119:0010,0.0,0.0,0.0,-0.57,3.45,0.0
20130119:0110,0.0,0.0,0.0,-0.57,3.38,0.0
20130119:0210,0.0,0.0,0.0,-0.57,3.1,0.0
20130119:0310,0.0,0.0,0.0,-0.57,3.1,0.0
20130119:0410,0.0,0.0,0.0,-0.57,3.1,0.0
20130119:0510,0.0,0.0,0.0,-0.04,3.17,0.0
20130119:0610,0.0,0.0,0.0,-0.04,3.24,0.0
20130119:0710,0.0,0.0,0.0,-0.04,3.03,0.0
20130119:0810,0.0,0.0,0.0,-0.04,2.97,0.0
20130119:0910,7.92,19.47,8.08,-0.04,3.1,0.0
20130119:1010,15.96,30.59,13.49,0.48,2.55,0.0
20130119:1110,22.48,38.94,16.95,0.48,3.45,0.0
20130119:1210,28.44,46.36,18.15,1.01,4.62,0.0
20130119:1310,23.92,40.79,16.95,1.01,4.69,0.0
20130119:1410,25.41,42.65,13.49,1.01,4.34,0.0
20130119:1510,18.83,34.3,8.07,0.48,4.28,0.0
20130119:1610,0.0,0.0,0.0,0.48,4.48,0.0
20130119:1710,0.0,0.0,0.0,-0.04,4.62,0.0
20130119:1810,0.0,0.0,0.0,-0.04,4.34,0.0
20130119:1910,0.0,0.0,0.0,-0.57,4.41,0.0
20130119:2010,0.0,0.0,0.0,-0.57,4.34,0.0
20130119:2110,0.0,0.0,0.0,-0.57,4.48,0.0
20130119:2210,0.0,0.0,0.0,-0.57,4.34,0.0
20130119:2310,0.0,0.0,0.0,-0.57,4.34,0.0
20130120:0010,0.0,0.0,0.0,-1.1,4.34,0.0
20130120:0110,0.0,0.0,0.0,-1.1,4.41,0.0
20130120:0210,0.0,0.0,0.0,-1.1,4.41,0.0
20130120:0310,0.0,0.0,0.0,-1.1,4.21,0.0
20130120:0410,0.0,0.0,0.0,-1.1,4.07,0.0
20130120:0510,0.0,0.0,0.0,-1.1,3.66,0.0
20130120:0610,0.0,0.0,0.0,-1.1,3.72,0.0
20130120:0710,0.0,0.0,0.0,-1.63,3.72,0.0
20130120:0810,0.0,0.0,0.0,-1.63,3.38,0.0
20130120:0910,21.24,37.08,8.24,-1.63,3.52,0.0
20130120:1010,37.32,56.55,13.67,-1.1,3.79,0.0
20130120:1110,42.1,62.12,17.15,-1.1,4.0,0.0
20130120:1210,70.87,94.75,18.36,-0.57,3.93,0.0
20130120:1310,88.96,114.47,17.17,-0.57,3.72,0.0
20130120:1410,20.39,36.16,13.71,-0.57,3.66,0.0
20130120:1510,1.7,9.27,8.3,-0.57,3.59,0.0
20130120:1610,0.0,0.0,0.0,-1.1,2.69,0.0
20130120:1710,0.0,0.0,0.0,-1.1,2.34,0.0
20130120:1810,0.0,0.0,0.0,-1.1,2.14,0.0
20130120:1910,0.0,0.0,0.0,-0.57,2.21,0.0
20130120:2010,0.0,0.0,0.0,-0.57,2.07,0.0
20130120:2110,0.0,0.0,0.0,-1.1,1.72,0.0
20130120:2210,0.0,0.0,0.0,-1.1,1.66,0.0
20130120:2310,0.0,0.0,0.0,-1.1,1.24,0.0
20130121:0010,0.0,0.0,0.0,-1.63,0.97,0.0
20130121:0110,0.0,0.0,0.0,-1.1,0.69,0.0
20130121:0210,0.0,0.0,0.0,-1.1,0.55,0.0
20130121:0310,0.0,0.0,0.0,-2.16,0.9,0.0
20130121:0410,0.0,0.0,0.0,-2.69,1.31,0.0
20130121:0510,0.0,0.0,0.0,-2.69,1.24,0.0
20130121:0610,0.0,0.0,0.0,-3.22,1.31,0.0
20130121:0710,0.0,0.0,0.0,-3.22,1.52,0.0
20130121:0810,0.0,0.0,0.0,-3.22,1.66,0.0
20130121:0910,0.0,0.0,0.0,-2.69,1.52,0.0
20130121:1010,36.65,55.63,13.86,-2.16,1.45,0.0
20130121:1110,203.61,238.21,17.36,-0.57,1.17,0.0
20130121:1210,112.25,140.95,18.58,0.48,1.03,0.0
20130121:1310,404.55,463.84,17.4,1.01,1.17,0.0
20130121:1410,297.05,341.98,13.94,1.01,1.31,0.0
20130121:1510,188.27,223.97,8.52,0.48,0.97,0.0
20130121:1610,0.0,0.0,0.0,1.01,0.62,0.0
20130121:1710,0.0,0.0,0.0,0.48,0.62,0.0
20130121:1810,0.0,0.0,0.0,-0.04,0.9,0.0
20130121:1910,0.0,0.0,0.0,-2.16,1.24,0.0
20130121:2010,0.0,0.0,0.0,-2.16,1.31,0.0
20130121:2110,0.0,0.0,0.0,-2.69,1.45,0.0
20130121:2210,0.0,0.0,0.0,-2.16,1.52,0.0
20130121:2310,0.0,0.0,0.0,-3.22,1.72,0.0
20130122:0010,0.0,0.0,0.0,-4.28,1.86,0.0
20130122:0110,0.0,0.0,0.0,-4.81,1.86,0.0
20130122:0210,0.0,0.0,0.0,-4.28,1.72,0.0
20130122:0310,0.0,0.0,0.0,-3.75,1.45,0.0
20130122:0410,0.0,0.0,0.0,-4.28,1.59,0.0
20130122:0510,0.0,0.0,0.0,-5.34,1.66,0.0
20130122:0610,0.0,0.0,0.0,-5.87,1.79,0.0
20130122:0710,0.0,0.0,0.0,-5.34,2.0,0.0
20130122:0810,0.0,0.0,0.0,-4.81,2.21,0.0
20130122:0910,1.74,9.27,8.58,-3.22,2.41,0.0
20130122:1010,13.29,26.89,14.05,-1.1,2.69,0.0
20130122:1110,128.74,158.2,17.57,1.01,3.59,0.0
20130122:1210,164.85,196.99,18.81,1.54,4.55,0.0
20130122:1310,285.4,325.78,17.63,1.54,4.34,0.0
20130122:1410,66.71,90.69,14.18,1.54,4.0,0.0
20130122:1510,22.43,38.94,8.76,1.01,3.86,0.0
20130122:1610,0.0,0.0,0.0,1.01,4.0,0.0
20130122:1710,0.0,0.0,0.0,1.01,4.21,0.0
20130122:1810,0.0,0.0,0.0,1.01,4.62,0.0
20130122:1910,0.0,0.0,0.0,1.01,4.83,0.0
20130122:2010,0.0,0.0,0.0,1.01,4.97,0.0
20130122:2110,0.0,0.0,0.0,1.01,4.9,0.0
20130122:2210,0.0,0.0,0.0,1.01,4.83,0.0
20130122:2310,0.0,0.0,0.0,1.01,4.55,0.0
20130123:0010,0.0,0.0,0.0,1.01,4.41,0.0
20130123:0110,0.0,0.0,0.0,1.01,4.21,0.0
20130123:0210,0.0,0.0,0.0,1.01,4.07,0.0
20130123:0310,0.0,0.0,0.0,1.01,4.0,0.0
20130123:0410,0.0,0.0,0.0,1.01,3.86,0.0
20130123:0510,0.0,0.0,0.0,1.01,3.66,0.0
20130123:0610,0.0,0.0,0.0,1.01,3.45,0.0
20130123:0710,0.0,0.0,0.0,1.01,3.24,0.0
20130123:0810,0.0,0.0,0.0,0.48,2.97,0.0
20130123:0910,70.77,94.83,8.76,0.48,2.76,0.0
20130123:1010,47.2,68.61,14.25,1.01,2.76,0.0
20130123:1110,28.42,46.36,17.79,1.01,2.97,0.0
20130123:1210,46.44,67.68,19.04,1.01,3.66,0.0
20130123:1310,40.76,61.19,17.87,1.54,3.86,0.0
20130123:1410,113.37,141.46,14.42,1.01,3.03,0.0
20130123:1510,16.62,31.52,8.99,1.01,2.83,0.0
20130123:1610,0.0,0.0,0.0,1.01,3.24,0.0
20130123:1710,0.0,0.0,0.0,1.01,3.24,0.0
20130123:1810,0.0,0.0,0.0,1.01,3.24,0.0
20130123:1910,0.0,0.0,0.0,1.01,3.59,0.0
20130123:2010,0.0,0.0,0.0,1.01,3.59,0.0
20130123:2110,0.0,0.0,0.0,1.01,3.66,0.0
20130123:2210,0.0,0.0,0.0,1.01,3.59,0.0
20130123:2310,0.0,0.0,0.0,1.01,3.52,0.0
20130124:0010,0.0,0.0,0.0,0.48,3.17,0.0
20130124:0110,0.0,0.0,0.0,0.48,2.9,0.0
20130124:0210,0.0,0.0,0.0,-0.04,2.69,0.0
20130124:0310,0.0,0.0,0.0,-0.57,2.62,0.0
20130124:0410,0.0,0.0,0.0,-0.57,2.55,0.0
20130124:0510,0.0,0.0,0.0,-0.57,2.55,0.0
20130124:0610,0.0,0.0,0.0,-1.1,2.62,0.0
20130124:0710,0.0,0.0,0.0,-1.1,2.62,0.0
20130124:0810,0.0,0.0,0.0,-1.1,2.62,0.0
20130124:0910,84.86,109.94,8.94,-0.57,2.69,0.0
20130124:1010,24.77,41.72,14.45,-0.04,2.41,0.0
20130124:1110,26.9,44.5,18.01,1.01,3.1,0.0
20130124:1210,33.8,52.85,19.27,1.01,3.38,0.0
20130124:1310,35.35,54.7,18.12,1.01,3.17,0.0
20130124:1410,40.05,60.26,14.66,1.01,2.97,0.0
20130124:1510,20.94,37.08,9.23,1.01,2.21,0.0
20130124:1610,0.0,0.0,0.0,1.01,1.66,0.0
20130124:1710,0.0,0.0,0.0,-0.57,1.59,0.0
20130124:1810,0.0,0.0,0.0,-1.63,1.52,0.0
20130124:1910,0.0,0.0,0.0,-1.1,1.31,0.0
20130124:2010,0.0,0.0,0.0,-1.1,1.31,0.0
20130124:2110,0.0,0.0,0.0,-1.63,1.03,0.0
20130124:2210,0.0,0.0,0.0,-1.63,0.76,0.0
20130124:2310,0.0,0.0,0.0,-2.16,0.62,0.0
20130125:0010,0.0,0.0,0.0,-2.16,0.9,0.0
20130125:0110,0.0,0.0,0.0,-2.69,1.17,0.0
20130125:0210,0.0,0.0,0.0,-2.69,1.1,0.0
20130125:0310,0.0,0.0,0.0,-2.69,1.03,0.0
20130125:0410,0.0,0.0,0.0,-3.22,0.9,0.0
20130125:0510,0.0,0.0,0.0,-3.22,0.9,0.0
20130125:0610,0.0,0.0,0.0,-4.28,1.59,0.0
20130125:0710,0.0,0.0,0.0,-3.75,1.79,0.0
20130125:0810,0.0,0.0,0.0,-5.87,2.41,0.0
20130125:0910,43.85,63.3,9.14,-4.28,2.34,0.0
20130125:1010,13.48,26.89,14.67,-3.75,2.62,0.0
20130125:1110,58.87,81.59,18.24,-0.04,3.72,0.0
20130125:1210,57.79,80.66,19.52,1.01,4.28,0.0
20130125:1310,66.0,89.93,18.37,1.01,4.41,0.0
20130125:1410,56.58,79.19,14.91,1.01,4.69,0.0
20130125:1510,45.14,65.86,9.48,0.48,4.55,0.0
20130125:1610,0.0,0.0,0.0,-0.04,4.41,0.0
20130125:1710,0.0,0.0,0.0,-0.04,4.28,0.0
20130125:1810,0.0,0.0,0.0,-0.04,4.55,0.0
20130125:1910,0.0,0.0,0.0,0.48,4.9,0.0
20130125:2010,0.0,0.0,0.0,1.01,5.31,0.0
20130125:2110,0.0,0.0,0.0,1.01,5.59,0.0
20130125:2210,0.0,0.0,0.0,1.54,5.59,0.0
20130125:2310,0.0,0.0,0.0,1.54,5.66,0.0
20130126:0010,0.0,0.0,0.0,2.07,5.86,0.0
20130126:0110,0.0,0.0,0.0,1.01,5.59,0.0
20130126:0210,0.0,0.0,0.0,1.01,5.17,0.0
20130126:0310,0.0,0.0,0.0,1.01,4.62,0.0
20130126:0410,0.0,0.0,0.0,1.01,4.14,0.0
20130126:0510,0.0,0.0,0.0,1.01,3.1,0.0
20130126:0610,0.0,0.0,0.0,1.54,2.62,0.0
20130126:0710,0.0,0.0,0.0,2.07,2.83,0.0
20130126:0810,0.0,0.0,0.0,2.07,3.93,0.0
20130126:0910,270.15,313.07,9.33,1.54,3.03,0.0
20130126:1010,463.34,528.03,14.88,2.07,2.83,0.0
20130126:1110,570.1,652.54,18.47,3.13,3.45,0.0
20130126:1210,611.99,703.19,19.77,4.19,4.0,0.0
20130126:1310,430.53,492.34,18.62,4.72,4.21,0.0
20130126:1410,398.45,458.23,15.17,5.25,3.79,0.0
20130126:1510,167.16,202.7,9.73,4.72,3.86,0.0
20130126:1610,13.57,28.58,2.73,4.19,3.66,0.0
20130126:1710,0.0,0.0,0.0,4.19,3.79,0.0
20130126:1810,0.0,0.0,0.0,3.66,4.07,0.0
20130126:1910,0.0,0.0,0.0,4.72,4.69,0.0
20130126:2010,0.0,0.0,0.0,5.25,5.66,0.0
20130126:2110,0.0,0.0,0.0,5.78,6.07,0.0
20130126:2210,0.0,0.0,0.0,6.31,6.48,0.0
20130126:2310,0.0,0.0,0.0,6.31,6.76,0.0
20130127:0010,0.0,0.0,0.0,6.84,7.17,0.0
20130127:0110,0.0,0.0,0.0,7.37,7.45,0.0
20130127:0210,0.0,0.0,0.0,7.37,7.66,0.0
20130127:0310,0.0,0.0,0.0,7.9,7.86,0.0
20130127:0410,0.0,0.0,0.0,8.43,7.86,0.0
20130127:0510,0.0,0.0,0.0,9.49,8.0,0.0
20130127:0610,0.0,0.0,0.0,10.02,7.93,0.0
20130127:0710,0.0,0.0,0.0,9.49,6.83,0.0
20130127:0810,12.56,27.94,2.44,10.02,6.55,0.0
20130127:0910,48.93,72.49,9.54,8.96,7.17,0.0
20130127:1010,495.26,569.97,15.11,8.43,6.97,0.0
20130127:1110,587.4,678.52,18.72,8.43,6.28,0.0
20130127:1210,632.29,730.31,20.02,8.43,6.76,0.0
20130127:1310,591.66,683.18,18.89,8.96,6.97,0.0
20130127:1410,473.11,546.78,15.43,8.96,6.41,0.0
20130127:1510,158.08,195.03,9.98,8.43,6.55,0.0
20130127:1610,6.85,18.73,2.97,7.9,5.79,0.0
20130127:1710,0.0,0.0,0.0,6.84,5.38,0.0
20130127:1810,0.0,0.0,0.0,5.78,5.17,0.0
20130127:1910,0.0,0.0,0.0,5.78,5.38,0.0
20130127:2010,0.0,0.0,0.0,5.25,5.1,0.0
20130127:2110,0.0,0.0,0.0,4.72,4.97,0.0
20130127:2210,0.0,0.0,0.0,4.19,4.69,0.0
20130127:2310,0.0,0.0,0.0,3.66,4.62,0.0
20130128:0010,0.0,0.0,0.0,3.66,4.34,0.0
20130128:0110,0.0,0.0,0.0,3.13,4.07,0.0
20130128:0210,0.0,0.0,0.0,3.13,4.14,0.0
20130128:0310,0.0,0.0,0.0,2.6,4.14,0.0
20130128:0410,0.0,0.0,0.0,2.6,4.0,0.0
20130128:0510,0.0,0.0,0.0,2.07,4.14,0.0
20130128:0610,0.0,0.0,0.0,2.07,3.86,0.0
20130128:0710,0.0,0.0,0.0,1.54,4.07,0.0
20130128:0810,26.04,45.36,2.63,1.54,4.14,0.0
20130128:0910,161.75,195.0,9.75,2.6,4.41,0.0
20130128:1010,204.78,242.34,15.34,4.19,3.79,0.0
20130128:1110,306.99,356.69,18.96,6.31,4.41,0.0
20130128:1210,38.09,59.33,20.28,7.37,4.62,0.0
20130128:1310,33.45,53.77,19.15,7.9,5.66,0.0
20130128:1410,25.95,44.5,15.69,8.43,7.52,0.0
20130128:1510,46.76,69.76,10.24,8.43,8.41,0.0
20130128:1610,0.33,6.49,3.22,8.43,8.97,0.0
20130128:1710,0.0,0.0,0.0,8.43,9.24,0.0
20130128:1810,0.0,0.0,0.0,8.96,9.52,0.0
20130128:1910,0.0,0.0,0.0,9.49,9.31,0.0
20130128:2010,0.0,0.0,0.0,10.02,8.62,0.0
20130128:2110,0.0,0.0,0.0,10.02,7.52,0.0
20130128:2210,0.0,0.0,0.0,10.02,7.31,0.0
20130128:2310,0.0,0.0,0.0,10.02,7.1,0.0
20130129:0010,0.0,0.0,0.0,10.02,6.9,0.0
20130129:0110,0.0,0.0,0.0,10.02,6.55,0.0
20130129:0210,0.0,0.0,0.0,10.02,6.21,0.0
20130129:0310,0.0,0.0,0.0,9.49,5.86,0.0
20130129:0410,0.0,0.0,0.0,8.96,5.17,0.0
20130129:0510,0.0,0.0,0.0,8.43,4.48,0.0
20130129:0610,0.0,0.0,0.0,8.43,4.0,0.0
20130129:0710,0.0,0.0,0.0,9.49,4.41,0.0
20130129:0810,1.12,8.34,2.83,9.49,4.55,0.0
20130129:0910,26.37,45.43,9.96,10.55,4.9,0.0
20130129:1010,38.8,61.19,15.57,11.61,5.1,0.0
20130129:1110,29.14,49.14,19.22,11.61,5.79,0.0
20130129:1210,30.54,50.99,20.55,12.15,6.48,0.0
20130129:1310,17.72,34.3,19.42,12.15,6.97,0.0
20130129:1410,58.84,85.52,15.96,12.68,7.38,0.0
20130129:1510,110.81,145.04,10.5,12.68,7.66,0.0
20130129:1610,0.0,2.78,3.47,12.15,7.66,0.0
20130129:1710,0.0,0.0,0.0,12.15,7.45,0.0
20130129:1810,0.0,0.0,0.0,12.15,7.66,0.0
20130129:1910,0.0,0.0,0.0,11.61,8.14,0.0
20130129:2010,0.0,0.0,0.0,11.61,8.14,0.0
20130129:2110,0.0,0.0,0.0,11.61,8.14,0.0
20130129:2210,0.0,0.0,0.0,11.61,8.14,0.0
20130129:2310,0.0,0.0,0.0,11.61,8.07,0.0
20130130:0010,0.0,0.0,0.0,11.61,8.28,0.0
20130130:0110,0.0,0.0,0.0,12.15,8.69,0.0
20130130:0210,0.0,0.0,0.0,12.15,9.03,0.0
20130130:0310,0.0,0.0,0.0,12.15,9.45,0.0
20130130:0410,0.0,0.0,0.0,11.61,8.69,0.0
20130130:0510,0.0,0.0,0.0,11.61,7.31,0.0
20130130:0610,0.0,0.0,0.0,11.09,6.34,0.0
20130130:0710,0.0,0.0,0.0,9.49,5.03,0.0
20130130:0810,7.8,20.28,3.03,8.96,5.79,0.0
20130130:0910,83.74,112.64,10.19,8.96,6.07,0.0
20130130:1010,118.75,152.38,15.81,10.02,6.55,0.0
20130130:1110,589.84,686.84,19.48,10.55,6.83,0.0
20130130:1210,325.93,382.53,20.82,10.55,6.97,0.0
20130130:1310,457.61,531.67,19.7,11.09,7.86,0.0
20130130:1410,553.54,643.19,16.23,11.09,7.79,0.0
20130130:1510,348.6,409.02,10.76,10.55,8.83,0.0
20130130:1610,19.95,37.79,3.73,10.02,8.55,0.0
20130130:1710,0.0,0.0,0.0,9.49,8.41,0.0
20130130:1810,0.0,0.0,0.0,8.96,8.21,0.0
20130130:1910,0.0,0.0,0.0,8.43,7.86,0.0
20130130:2010,0.0,0.0,0.0,7.9,6.55,0.0
20130130:2110,0.0,0.0,0.0,7.37,5.72,0.0
20130130:2210,0.0,0.0,0.0,6.84,6.0,0.0
20130130:2310,0.0,0.0,0.0,6.31,5.72,0.0
20130131:0010,0.0,0.0,0.0,5.78,5.72,0.0
20130131:0110,0.0,0.0,0.0,5.78,5.86,0.0
20130131:0210,0.0,0.0,0.0,6.31,5.17,0.0
20130131:0310,0.0,0.0,0.0,6.84,6.28,0.0
20130131:0410,0.0,0.0,0.0,7.9,7.45,0.0
20130131:0510,0.0,0.0,0.0,8.43,8.07,0.0
20130131:0610,0.0,0.0,0.0,8.43,8.34,0.0
20130131:0710,0.0,0.0,0.0,8.96,8.07,0.0
20130131:0810,82.58,117.18,3.24,8.96,7.86,0.0
20130131:0910,322.14,378.28,10.41,8.96,7.1,0.0
20130131:1010,31.71,51.92,16.06,9.49,7.79,0.0
20130131:1110,155.48,192.84,19.74,9.49,7.38,0.0
20130131:1210,325.63,380.4,21.1,10.02,8.21,0.0
20130131:1310,639.26,740.83,19.98,10.55,8.41,0.0
20130131:1410,392.19,456.68,16.51,10.55,7.31,0.0
20130131:1510,316.5,373.04,11.03,10.02,7.1,0.0
20130131:1610,26.05,45.8,3.98,9.49,6.41,0.0
20130131:1710,0.0,0.0,0.0,8.43,6.34,0.0
20130131:1810,0.0,0.0,0.0,7.9,6.48,0.0
20130131:1910,0.0,0.0,0.0,7.9,6.21,0.0
20130131:2010,0.0,0.0,0.0,7.9,6.21,0.0
20130131:2110,0.0,0.0,0.0,7.37,5.72,0.0
20130131:2210,0.0,0.0,0.0,7.37,5.38,0.0
20130131:2310,0.0,0.0,0.0,6.84,5.24,0.0
20130201:0010,0.0,0.0,0.0,6.84,5.24,0.0
20130201:0110,0.0,0.0,0.0,6.84,4.97,0.0
20130201:0210,0.0,0.0,0.0,6.84,4.76,0.0
20130201:0310,0.0,0.0,0.0,6.84,4.0,0.0
20130201:0410,0.0,0.0,0.0,6.31,3.52,0.0
20130201:0510,0.0,0.0,0.0,6.31,3.1,0.0
20130201:0610,0.0,0.0,0.0,5.78,3.31,0.0
20130201:0710,0.0,0.0,0.0,5.25,2.97,0.0
20130201:0810,1.62,9.27,3.46,5.25,2.34,0.0
20130201:0910,52.24,75.58,10.65,5.25,1.52,0.0
20130201:1010,151.03,185.61,16.31,5.25,2.55,0.0
20130201:1110,82.4,110.27,20.01,5.25,2.34,0.0
20130201:1210,137.6,171.33,21.38,5.25,3.03,0.0
20130201:1310,487.31,560.08,20.26,5.78,4.34,0.0
20130201:1410,282.53,330.09,16.79,6.31,4.0,0.0
20130201:1510,164.83,201.52,11.3,6.31,3.52,0.0
20130201:1610,55.16,81.45,4.24,5.78,2.97,0.0
20130201:1710,0.0,0.0,0.0,5.25,2.55,0.0
20130201:1810,0.0,0.0,0.0,3.66,2.14,0.0
20130201:1910,0.0,0.0,0.0,3.13,2.41,0.0
20130201:2010,0.0,0.0,0.0,2.07,2.21,0.0
20130201:2110,0.0,0.0,0.0,1.54,2.0,0.0
20130201:2210,0.0,0.0,0.0,1.54,2.28,0.0
20130201:2310,0.0,0.0,0.0,2.6,2.97,0.0
20130202:0010,0.0,0.0,0.0,2.07,3.79,0.0
20130202:0110,0.0,0.0,0.0,2.07,4.55,0.0
20130202:0210,0.0,0.0,0.0,2.6,5.1,0.0
20130202:0310,0.0,0.0,0.0,2.6,5.38,0.0
20130202:0410,0.0,0.0,0.0,2.6,5.52,0.0
20130202:0510,0.0,0.0,0.0,2.6,5.59,0.0
20130202:0610,0.0,0.0,0.0,2.07,5.52,0.0
20130202:0710,0.0,0.0,0.0,2.07,5.45,0.0
20130202:0810,104.25,139.06,3.68,2.07,5.17,0.0
20130202:0910,333.35,381.03,10.89,2.07,5.03,0.0
20130202:1010,421.05,474.93,16.57,2.6,5.52,0.0
20130202:1110,521.58,586.87,20.29,3.13,6.41,0.0
20130202:1210,254.41,294.69,21.67,3.66,6.21,0.0
20130202:1310,63.45,88.08,20.55,4.19,6.14,0.0
20130202:1410,193.48,229.95,17.07,4.72,6.0,0.0
20130202:1510,71.94,97.6,11.57,4.72,5.38,0.0
20130202:1610,22.22,39.74,4.5,4.19,4.41,0.0
20130202:1710,0.0,0.0,0.0,3.13,3.86,0.0
20130202:1810,0.0,0.0,0.0,2.07,3.45,0.0
20130202:1910,0.0,0.0,0.0,1.54,3.59,0.0
20130202:2010,0.0,0.0,0.0,1.01,3.17,0.0
20130202:2110,0.0,0.0,0.0,0.48,2.97,0.0
20130202:2210,0.0,0.0,0.0,-0.57,2.69,0.0
20130202:2310,0.0,0.0,0.0,-1.63,2.41,0.0
20130203:0010,0.0,0.0,0.0,-2.16,2.41,0.0
20130203:0110,0.0,0.0,0.0,-2.69,2.41,0.0
20130203:0210,0.0,0.0,0.0,-2.69,2.55,0.0
20130203:0310,0.0,0.0,0.0,-2.16,2.48,0.0
20130203:0410,0.0,0.0,0.0,-1.63,2.69,0.0
20130203:0510,0.0,0.0,0.0,-0.57,2.97,0.0
20130203:0610,0.0,0.0,0.0,-0.04,3.31,0.0
20130203:0710,0.0,0.0,0.0,1.01,4.07,0.0
20130203:0810,19.58,36.26,3.91,1.54,4.76,0.0
20130203:0910,25.29,42.65,11.13,2.07,5.24,0.0
20130203:1010,26.56,44.5,16.84,3.66,4.41,0.0
20130203:1110,39.38,60.26,20.57,4.72,5.03,0.0
20130203:1210,30.01,49.14,21.96,5.78,5.1,0.0
20130203:1310,25.42,43.57,20.85,6.84,5.93,0.0
20130203:1410,30.52,50.06,17.36,7.37,5.24,0.0
20130203:1510,15.35,30.59,11.85,7.9,4.76,0.0
20130203:1610,3.55,12.98,4.77,8.43,4.41,0.0
20130203:1710,0.0,0.0,0.0,8.43,3.72,0.0
20130203:1810,0.0,0.0,0.0,7.9,3.31,0.0
20130203:1910,0.0,0.0,0.0,7.9,3.52,0.0
20130203:2010,0.0,0.0,0.0,8.43,3.66,0.0
20130203:2110,0.0,0.0,0.0,8.43,3.79,0.0
20130203:2210,0.0,0.0,0.0,7.9,4.07,0.0
20130203:2310,0.0,0.0,0.0,7.9,4.34,0.0
20130204:0010,0.0,0.0,0.0,8.43,4.97,0.0
20130204:0110,0.0,0.0,0.0,8.43,5.24,0.0
20130204:0210,0.0,0.0,0.0,8.43,5.38,0.0
20130204:0310,0.0,0.0,0.0,7.9,5.66,0.0
20130204:0410,0.0,0.0,0.0,7.9,6.07,0.0
20130204:0510,0.0,0.0,0.0,8.96,6.34,0.0
20130204:0610,0.0,0.0,0.0,9.49,6.07,0.0
20130204:0710,0.0,0.0,0.0,8.96,5.52,0.0
20130204:0810,38.39,62.07,4.14,9.49,5.45,0.0
20130204:0910,84.25,113.3,11.38,8.96,5.52,0.0
20130204:1010,444.74,514.78,17.11,8.96,6.28,0.0
20130204:1110,170.07,208.34,20.86,8.43,6.28,0.0
20130204:1210,501.35,577.26,22.25,8.43,6.97,0.0
20130204:1310,421.91,487.0,21.14,8.96,7.45,0.0
20130204:1410,362.96,421.09,17.65,8.96,6.97,0.0
20130204:1510,297.67,350.49,12.13,8.96,6.34,0.0
20130204:1610,57.9,85.04,5.03,8.43,5.72,0.0
20130204:1710,0.0,0.0,0.0,7.37,5.45,0.0
20130204:1810,0.0,0.0,0.0,6.31,5.52,0.0
20130204:1910,0.0,0.0,0.0,5.78,5.79,0.0
20130204:2010,0.0,0.0,0.0,5.78,5.86,0.0
20130204:2110,0.0,0.0,0.0,5.25,6.0,0.0
20130204:2210,0.0,0.0,0.0,5.25,6.14,0.0
20130204:2310,0.0,0.0,0.0,5.25,6.41,0.0
20130205:0010,0.0,0.0,0.0,5.25,6.83,0.0
20130205:0110,0.0,0.0,0.0,5.25,7.38,0.0
20130205:0210,0.0,0.0,0.0,4.72,7.45,0.0
20130205:0310,0.0,0.0,0.0,4.19,8.07,0.0
20130205:0410,0.0,0.0,0.0,3.13,7.66,0.0
20130205:0510,0.0,0.0,0.0,2.6,7.03,0.0
20130205:0610,0.0,0.0,0.0,2.07,6.55,0.0
20130205:0710,0.0,0.0,0.0,1.54,5.52,0.0
20130205:0810,75.7,104.49,4.38,1.01,5.31,0.0
20130205:0910,391.45,443.94,11.64,1.54,5.24,0.0
20130205:1010,408.4,459.59,17.38,2.6,6.48,0.0
20130205:1110,268.16,309.09,21.15,3.66,6.83,0.0
20130205:1210,322.87,368.97,22.56,4.19,7.03,0.0
20130205:1310,415.55,471.3,21.44,4.72,7.03,0.0
20130205:1410,235.79,275.48,17.94,4.72,6.41,0.0
20130205:1510,79.52,106.08,12.41,4.72,5.86,0.0
20130205:1610,12.93,27.0,5.3,3.66,5.52,0.0
20130205:1710,0.0,0.0,0.0,2.6,5.03,0.0
20130205:1810,0.0,0.0,0.0,2.07,5.1,0.0
20130205:1910,0.0,0.0,0.0,2.6,6.34,0.0
20130205:2010,0.0,0.0,0.0,2.6,6.21,0.0
20130205:2110,0.0,0.0,0.0,3.13,6.0,0.0
20130205:2210,0.0,0.0,0.0,3.66,5.86,0.0
20130205:2310,0.0,0.0,0.0,3.66,5.72,0.0
20130206:0010,0.0,0.0,0.0,3.66,5.31,0.0
20130206:0110,0.0,0.0,0.0,3.13,4.97,0.0
20130206:0210,0.0,0.0,0.0,3.13,5.03,0.0
20130206:0310,0.0,0.0,0.0,3.66,5.38,0.0
20130206:0410,0.0,0.0,0.0,3.13,5.52,0.0
20130206:0510,0.0,0.0,0.0,3.13,5.52,0.0
20130206:0610,0.0,0.0,0.0,2.6,5.52,0.0
20130206:0710,0.0,0.0,0.0,2.6,5.45,0.0
20130206:0810,31.18,51.02,4.62,2.07,5.45,0.0
20130206:0910,319.02,365.92,11.9,2.6,4.97,0.0
20130206:1010,56.31,79.73,17.66,3.66,6.14,0.0
20130206:1110,47.39,69.53,21.44,4.19,6.97,0.0
20130206:1210,26.45,44.5,22.86,4.72,7.38,0.0
20130206:1310,117.77,148.53,21.75,4.72,7.86,0.0
20130206:1410,292.66,336.45,18.24,4.72,7.31,0.0
20130206:1510,126.89,157.92,12.69,4.72,7.59,0.0
20130206:1610,20.38,37.12,5.58,4.72,7.24,0.0
20130206:1710,0.0,0.0,0.0,3.66,6.9,0.0
20130206:1810,0.0,0.0,0.0,3.13,6.55,0.0
20130206:1910,0.0,0.0,0.0,2.6,6.34,0.0
20130206:2010,0.0,0.0,0.0,2.07,6.07,0.0
20130206:2110,0.0,0.0,0.0,2.07,5.66,0.0
20130206:2210,0.0,0.0,0.0,1.54,5.59,0.0
20130206:2310,0.0,0.0,0.0,1.54,5.59,0.0
20130207:0010,0.0,0.0,0.0,1.01,5.24,0.0
20130207:0110,0.0,0.0,0.0,1.01,5.24,0.0
20130207:0210,0.0,0.0,0.0,1.01,5.03,0.0
20130207:0310,0.0,0.0,0.0,0.48,4.69,0.0
20130207:0410,0.0,0.0,0.0,0.48,4.41,0.0
20130207:0510,0.0,0.0,0.0,-0.04,4.14,0.0
20130207:0610,0.0,0.0,0.0,-0.04,3.66,0.0
20130207:0710,0.0,0.0,0.0,-0.04,3.59,0.0
20130207:0810,136.46,173.89,4.87,-0.04,3.31,0.0
20130207:0910,373.83,426.33,12.17,0.48,2.9,0.0
20130207:1010,588.91,669.94,17.95,1.54,3.52,0.0
20130207:1110,615.04,704.33,21.75,2.6,3.59,0.0
20130207:1210,680.14,786.34,23.17,3.66,3.72,0.0
20130207:1310,672.62,778.98,22.06,4.72,4.0,0.0
20130207:1410,422.43,483.4,18.54,4.72,4.34,0.0
20130207:1510,73.35,99.6,12.98,5.25,3.66,0.0
20130207:1610,4.18,13.91,5.85,4.72,2.9,0.0
20130207:1710,0.0,0.0,0.0,3.66,2.41,0.0
20130207:1810,0.0,0.0,0.0,2.6,2.21,0.0
20130207:1910,0.0,0.0,0.0,2.07,2.07,0.0
20130207:2010,0.0,0.0,0.0,1.54,1.93,0.0
20130207:2110,0.0,0.0,0.0,1.01,1.93,0.0
20130207:2210,0.0,0.0,0.0,1.01,2.07,0.0
20130207:2310,0.0,0.0,0.0,0.48,2.28,0.0
20130208:0010,0.0,0.0,0.0,-0.04,2.41,0.0
20130208:0110,0.0,0.0,0.0,-0.57,2.62,0.0
20130208:0210,0.0,0.0,0.0,-1.1,2.76,0.0
20130208:0310,0.0,0.0,0.0,-1.1,2.76,0.0
20130208:0410,0.0,0.0,0.0,-1.63,2.76,0.0
20130208:0510,0.0,0.0,0.0,-1.63,2.9,0.0
20130208:0610,0.0,0.0,0.0,-1.63,2.9,0.0
20130208:0710,0.0,0.0,0.0,-1.63,2.9,0.0
20130208:0810,117.29,150.69,5.12,-1.63,2.76,0.0
20130208:0910,354.01,404.11,12.44,-0.04,2.41,0.0
20130208:1010,283.98,325.1,18.24,1.01,3.31,0.0
20130208:1110,688.41,789.04,22.05,2.6,4.14,0.0
20130208:1210,655.64,753.17,23.49,3.66,4.28,0.0
20130208:1310,588.73,676.16,22.37,4.19,4.0,0.0
20130208:1410,140.12,173.24,18.85,4.72,3.72,0.0
20130208:1510,48.98,71.62,13.27,4.72,3.17,0.0
20130208:1610,17.48,33.16,6.12,4.19,2.28,0.0
20130208:1710,0.0,0.0,0.0,3.66,1.72,0.0
20130208:1810,0.0,0.0,0.0,2.07,2.07,0.0
20130208:1910,0.0,0.0,0.0,2.07,2.9,0.0
20130208:2010,0.0,0.0,0.0,2.07,3.45,0.0
20130208:2110,0.0,0.0,0.0,1.54,3.72,0.0
20130208:2210,0.0,0.0,0.0,1.54,3.59,0.0
20130208:2310,0.0,0.0,0.0,1.01,3.38,0.0
20130209:0010,0.0,0.0,0.0,1.01,3.1,0.0
20130209:0110,0.0,0.0,0.0,0.48,2.76,0.0
20130209:0210,0.0,0.0,0.0,0.48,2.48,0.0
20130209:0310,0.0,0.0,0.0,0.48,2.14,0.0
20130209:0410,0.0,0.0,0.0,0.48,1.86,0.0
20130209:0510,0.0,0.0,0.0,-0.04,1.59,0.0
20130209:0610,0.0,0.0,0.0,-0.04,1.24,0.0
20130209:0710,0.0,0.0,0.0,-1.1,1.24,0.0
20130209:0810,58.02,82.56,5.38,-1.1,1.31,0.0
20130209:0910,120.98,150.69,12.71,1.01,1.1,0.0
20130209:1010,58.92,82.51,18.53,2.07,1.31,0.0
20130209:1110,84.91,112.18,22.36,2.6,1.31,0.0
20130209:1210,100.21,129.48,23.81,3.13,1.52,0.0
20130209:1310,51.33,74.17,22.69,3.66,2.21,0.0
20130209:1410,66.48,91.78,19.15,4.19,2.41,0.0
20130209:1510,106.34,136.03,13.57,4.19,2.41,0.0
20130209:1610,53.56,77.67,6.4,3.13,1.93,0.0
20130209:1710,0.0,0.0,0.0,2.6,1.66,0.0
20130209:1810,0.0,0.0,0.0,2.07,1.59,0.0
20130209:1910,0.0,0.0,0.0,1.54,1.86,0.0
20130209:2010,0.0,0.0,0.0,1.01,1.93,0.0
20130209:2110,0.0,0.0,0.0,1.01,2.0,0.0
20130209:2210,0.0,0.0,0.0,1.54,2.14,0.0
20130209:2310,0.0,0.0,0.0,1.54,2.28,0.0
20130210:0010,0.0,0.0,0.0,2.07,2.48,0.0
20130210:0110,0.0,0.0,0.0,2.07,2.69,0.0
20130210:0210,0.0,0.0,0.0,2.6,2.76,0.0
20130210:0310,0.0,0.0,0.0,2.6,3.03,0.0
20130210:0410,0.0,0.0,0.0,3.13,3.1,0.0
20130210:0510,0.0,0.0,0.0,3.13,3.45,0.0
20130210:0610,0.0,0.0,0.0,3.13,3.86,0.0
20130210:0710,0.0,0.0,0.0,3.66,3.59,0.0
20130210:0810,24.84,42.89,5.65,3.66,3.79,0.0
20130210:0910,62.95,87.24,13.0,3.66,4.21,0.0
20130210:1010,64.19,89.0,18.83,4.19,4.55,0.0
20130210:1110,86.37,114.03,22.68,4.19,5.1,0.0
20130210:1210,226.52,265.69,24.13,3.66,5.24,0.0
20130210:1310,142.74,175.01,23.01,3.13,5.38,0.0
20130210:1410,179.98,213.69,19.46,2.07,5.1,0.0
20130210:1510,79.71,105.13,13.86,1.54,4.69,0.0
20130210:1610,11.76,25.03,6.68,1.54,4.69,0.0
20130210:1710,0.0,0.0,0.0,1.01,4.9,0.0
20130210:1810,0.0,0.0,0.0,1.01,5.59,0.0
20130210:1910,0.0,0.0,0.0,1.01,5.79,0.0
20130210:2010,0.0,0.0,0.0,1.01,5.52,0.0
20130210:2110,0.0,0.0,0.0,1.01,5.17,0.0
20130210:2210,0.0,0.0,0.0,1.01,4.83,0.0
20130210:2310,0.0,0.0,0.0,1.01,4.9,0.0
20130211:0010,0.0,0.0,0.0,1.01,4.34,0.0
20130211:0110,0.0,0.0,0.0,1.01,4.07,0.0
20130211:0210,0.0,0.0,0.0,1.01,3.72,0.0
20130211:0310,0.0,0.0,0.0,1.01,3.52,0.0
20130211:0410,0.0,0.0,0.0,1.01,3.24,0.0
20130211:0510,0.0,0.0,0.0,1.01,2.97,0.0
20130211:0610,0.0,0.0,0.0,1.01,3.24,0.0
20130211:0710,0.0,0.0,0.0,0.48,2.76,0.0
20130211:0810,10.45,23.18,5.91,1.01,2.97,0.0
20130211:0910,35.35,54.7,13.28,1.01,2.9,0.0
20130211:1010,124.33,153.77,19.14,1.01,3.52,0.0
20130211:1110,30.64,49.14,23.0,1.54,3.66,0.0
20130211:1210,43.81,64.9,24.46,2.07,3.72,0.0
20130211:1310,64.04,88.08,23.34,2.07,4.69,0.0
20130211:1410,31.41,50.06,19.78,1.54,4.07,0.0
20130211:1510,55.31,77.97,14.16,1.54,3.93,0.0
20130211:1610,32.09,51.09,6.96,1.01,3.59,0.0
20130211:1710,0.0,0.0,0.0,1.01,3.52,0.0
20130211:1810,0.0,0.0,0.0,1.01,3.45,0.0
20130211:1910,0.0,0.0,0.0,1.01,3.45,0.0
20130211:2010,0.0,0.0,0.0,1.01,3.38,0.0
20130211:2110,0.0,0.0,0.0,1.01,3.24,0.0
20130211:2210,0.0,0.0,0.0,1.01,3.17,0.0
20130211:2310,0.0,0.0,0.0,1.01,3.1,0.0
20130212:0010,0.0,0.0,0.0,1.01,3.03,0.0
20130212:0110,0.0,0.0,0.0,1.01,3.03,0.0
20130212:0210,0.0,0.0,0.0,1.01,3.1,0.0
20130212:0310,0.0,0.0,0.0,1.01,3.03,0.0
20130212:0410,0.0,0.0,0.0,1.01,3.17,0.0
20130212:0510,0.0,0.0,0.0,1.01,3.17,0.0
20130212:0610,0.0,0.0,0.0,0.48,3.03,0.0
20130212:0710,0.0,0.0,0.0,0.48,2.97,0.0
20130212:0810,137.26,173.6,6.19,0.48,2.9,0.0
20130212:0910,10.45,23.18,13.57,1.01,2.55,0.0
20130212:1010,29.2,47.28,19.45,1.01,4.0,0.0
20130212:1110,36.15,55.63,23.32,1.01,4.07,0.0
20130212:1210,34.5,53.77,24.79,1.54,3.86,0.0
20130212:1310,42.22,63.04,23.67,2.07,3.24,0.0
20130212:1410,50.16,72.31,20.09,2.07,2.9,0.0
20130212:1510,166.46,199.7,14.46,1.54,2.62,0.0
20130212:1610,9.77,22.25,7.24,1.54,2.48,0.0
20130212:1710,0.0,0.0,0.0,1.01,2.14,0.0
20130212:1810,0.0,0.0,0.0,1.01,1.93,0.0
20130212:1910,0.0,0.0,0.0,1.01,1.72,0.0
20130212:2010,0.0,0.0,0.0,0.48,1.72,0.0
20130212:2110,0.0,0.0,0.0,0.48,1.52,0.0
20130212:2210,0.0,0.0,0.0,0.48,1.17,0.0
20130212:2310,0.0,0.0,0.0,0.48,1.24,0.0
20130213:0010,0.0,0.0,0.0,-0.04,1.03,0.0
20130213:0110,0.0,0.0,0.0,-0.57,1.03,0.0
20130213:0210,0.0,0.0,0.0,-0.57,0.9,0.0
20130213:0310,0.0,0.0,0.0,-0.57,1.1,0.0
20130213:0410,0.0,0.0,0.0,-0.57,1.59,0.0
20130213:0510,0.0,0.0,0.0,-0.57,1.79,0.0
20130213:0610,0.0,0.0,0.0,-0.57,2.0,0.0
20130213:0710,0.0,0.0,0.0,-1.1,2.48,0.0
20130213:0810,22.93,39.57,6.47,-1.1,2.55,0.0
20130213:0910,180.39,213.48,13.87,-0.04,2.69,0.0
20130213:1010,399.31,451.08,19.76,1.01,3.79,0.0
20130213:1110,178.12,212.05,23.65,1.54,4.28,0.0
20130213:1210,173.57,207.86,25.12,2.07,4.28,0.0
20130213:1310,98.59,126.62,24.0,2.07,4.21,0.0
20130213:1410,63.21,87.15,20.41,2.07,4.48,0.0
20130213:1510,55.25,77.86,14.76,1.54,4.83,0.0
20130213:1610,37.7,57.8,7.53,1.01,4.69,0.0
20130213:1710,0.0,0.0,0.0,1.01,4.41,0.0
20130213:1810,0.0,0.0,0.0,1.01,4.55,0.0
20130213:1910,0.0,0.0,0.0,1.01,4.69,0.0
20130213:2010,0.0,0.0,0.0,1.01,4.83,0.0
20130213:2110,0.0,0.0,0.0,1.01,4.97,0.0
20130213:2210,0.0,0.0,0.0,1.54,5.31,0.0
20130213:2310,0.0,0.0,0.0,2.07,5.52,0.0
20130214:0010,0.0,0.0,0.0,3.13,5.59,0.0
20130214:0110,0.0,0.0,0.0,3.66,5.66,0.0
20130214:0210,0.0,0.0,0.0,3.66,5.72,0.0
20130214:0310,0.0,0.0,0.0,4.19,5.66,0.0
20130214:0410,0.0,0.0,0.0,4.72,5.52,0.0
20130214:0510,0.0,0.0,0.0,5.25,5.31,0.0
20130214:0610,0.0,0.0,0.0,6.31,5.38,0.0
20130214:0710,0.0,0.0,0.0,7.37,5.31,0.0
20130214:0810,167.39,213.47,6.75,7.9,4.48,0.0
20130214:0910,234.37,279.84,14.17,7.9,4.48,0.0
20130214:1010,172.56,211.95,20.08,8.43,3.79,0.0
20130214:1110,48.45,72.31,23.98,9.49,4.97,0.0
20130214:1210,271.06,322.31,25.46,9.49,4.97,0.0
20130214:1310,105.23,138.27,24.33,10.02,4.69,0.0
20130214:1410,46.76,70.46,20.73,10.02,4.62,0.0
20130214:1510,164.87,204.1,15.06,9.49,4.21,0.0
20130214:1610,32.1,52.62,7.81,8.96,3.45,0.0
20130214:1710,0.0,0.0,0.0,7.37,2.83,0.0
20130214:1810,0.0,0.0,0.0,6.31,2.62,0.0
20130214:1910,0.0,0.0,0.0,5.78,2.76,0.0
20130214:2010,0.0,0.0,0.0,4.72,2.9,0.0
20130214:2110,0.0,0.0,0.0,4.19,2.97,0.0
20130214:2210,0.0,0.0,0.0,3.66,2.9,0.0
20130214:2310,0.0,0.0,0.0,3.13,2.83,0.0
20130215:0010,0.0,0.0,0.0,2.6,2.9,0.0
20130215:0110,0.0,0.0,0.0,2.07,2.83,0.0
20130215:0210,0.0,0.0,0.0,1.54,2.9,0.0
20130215:0310,0.0,0.0,0.0,1.01,2.83,0.0
20130215:0410,0.0,0.0,0.0,1.01,2.69,0.0
20130215:0510,0.0,0.0,0.0,1.01,2.69,0.0
20130215:0610,0.0,0.0,0.0,0.48,2.55,0.0
20130215:0710,0.0,0.0,0.0,0.48,2.55,0.0
20130215:0810,79.22,106.73,7.04,0.48,2.41,0.0
20130215:0910,137.15,168.96,14.48,2.6,2.34,0.0
20130215:1010,540.27,627.76,20.4,5.25,2.83,0.0
20130215:1110,664.7,785.82,24.32,6.84,2.97,0.0
20130215:1210,654.44,776.92,25.8,8.43,3.31,0.0
20130215:1310,189.81,232.11,24.67,8.96,3.79,0.0
20130215:1410,111.56,144.77,21.05,8.96,3.52,0.0
20130215:1510,83.79,112.95,15.36,8.43,3.24,0.0
20130215:1610,46.01,69.68,8.1,8.43,2.34,0.0
20130215:1710,0.0,0.0,0.0,7.37,1.66,0.0
20130215:1810,0.0,0.0,0.0,6.84,1.59,0.0
20130215:1910,0.0,0.0,0.0,5.78,1.45,0.0
20130215:2010,0.0,0.0,0.0,4.72,1.52,0.0
20130215:2110,0.0,0.0,0.0,4.19,1.72,0.0
20130215:2210,0.0,0.0,0.0,3.66,1.66,0.0
20130215:2310,0.0,0.0,0.0,3.66,1.66,0.0
20130216:0010,0.0,0.0,0.0,3.66,1.66,0.0
20130216:0110,0.0,0.0,0.0,3.13,1.52,0.0
20130216:0210,0.0,0.0,0.0,2.6,1.45,0.0
20130216:0310,0.0,0.0,0.0,2.6,1.17,0.0
20130216:0410,0.0,0.0,0.0,2.6,1.17,0.0
20130216:0510,0.0,0.0,0.0,2.07,1.17,0.0
20130216:0610,0.0,0.0,0.0,2.07,1.1,0.0
20130216:0710,0.0,0.0,0.0,2.07,0.83,0.0
20130216:0810,127.39,163.68,7.33,2.6,0.76,0.0
20130216:0910,114.65,145.1,14.79,2.6,0.41,0.0
20130216:1010,181.28,221.09,20.73,5.25,0.41,0.0
20130216:1110,166.72,206.96,24.66,7.37,0.69,0.0
20130216:1210,201.23,247.0,26.15,8.96,1.24,0.0
20130216:1310,115.38,149.82,25.01,8.96,1.72,0.0
20130216:1410,146.64,185.07,21.38,9.49,1.79,0.0
20130216:1510,101.54,133.92,15.67,9.49,1.66,0.0
20130216:1610,92.37,125.18,8.39,8.96,1.38,0.0
20130216:1710,0.0,0.0,0.0,7.9,1.66,0.0
20130216:1810,0.0,0.0,0.0,6.84,1.86,0.0
20130216:1910,0.0,0.0,0.0,5.25,1.86,0.0
20130216:2010,0.0,0.0,0.0,4.19,1.72,0.0
20130216:2110,0.0,0.0,0.0,3.13,1.59,0.0
20130216:2210,0.0,0.0,0.0,2.07,1.66,0.0
20130216:2310,0.0,0.0,0.0,2.07,1.59,0.0
20130217:0010,0.0,0.0,0.0,1.54,1.66,0.0
20130217:0110,0.0,0.0,0.0,1.01,1.79,0.0
20130217:0210,0.0,0.0,0.0,0.48,1.93,0.0
20130217:0310,0.0,0.0,0.0,-0.04,2.0,0.0
20130217:0410,0.0,0.0,0.0,-0.57,2.07,0.0
20130217:0510,0.0,0.0,0.0,-0.57,2.07,0.0
20130217:0610,0.0,0.0,0.0,-1.1,2.14,0.0
20130217:0710,0.0,0.0,0.0,-0.04,2.28,0.0
20130217:0810,86.02,114.55,7.63,1.01,2.14,0.0
20130217:0910,355.18,412.65,15.1,3.66,2.07,0.0
20130217:1010,549.05,638.32,21.06,5.25,2.83,0.0
20130217:1110,593.14,694.56,25.01,6.31,3.03,0.0
20130217:1210,580.12,680.94,26.5,7.37,3.31,0.0
20130217:1310,638.14,753.22,25.35,7.9,3.45,0.0
20130217:1410,395.01,461.39,21.71,7.9,3.52,0.0
20130217:1510,420.2,492.15,15.98,7.9,3.52,0.0
20130217:1610,201.51,250.05,8.68,7.37,3.1,0.0
20130217:1710,0.0,0.0,0.0,5.78,3.17,0.0
20130217:1810,0.0,0.0,0.0,4.19,3.24,0.0
20130217:1910,0.0,0.0,0.0,3.66,3.45,0.0
20130217:2010,0.0,0.0,0.0,3.66,3.52,0.0
20130217:2110,0.0,0.0,0.0,3.66,3.59,0.0
20130217:2210,0.0,0.0,0.0,4.19,3.52,0.0
20130217:2310,0.0,0.0,0.0,3.66,3.31,0.0
20130218:0010,0.0,0.0,0.0,3.66,3.17,0.0
20130218:0110,0.0,0.0,0.0,3.13,3.03,0.0
20130218:0210,0.0,0.0,0.0,2.07,2.76,0.0
20130218:0310,0.0,0.0,0.0,1.54,2.55,0.0
20130218:0410,0.0,0.0,0.0,1.01,2.55,0.0
20130218:0510,0.0,0.0,0.0,1.01,2.55,0.0
20130218:0610,0.0,0.0,0.0,0.48,2.62,0.0
20130218:0710,0.0,0.0,0.0,-0.04,2.62,0.0
20130218:0810,119.26,151.57,7.93,-0.04,2.55,0.0
20130218:0910,367.03,422.0,15.42,2.07,2.48,0.0
20130218:1010,522.08,601.42,21.4,4.19,3.17,0.0
20130218:1110,647.75,756.16,25.35,5.78,3.59,0.0
20130218:1210,717.68,847.66,26.85,6.84,3.66,0.0
20130218:1310,692.22,819.54,25.69,7.37,3.38,0.0
20130218:1410,468.87,547.86,22.03,7.37,3.03,0.0
20130218:1510,349.66,411.18,16.29,7.37,2.69,0.0
20130218:1610,240.94,296.84,8.96,7.37,2.28,0.0
20130218:1710,0.0,0.0,0.0,5.78,2.21,0.0
20130218:1810,0.0,0.0,0.0,3.66,2.48,0.0
20130218:1910,0.0,0.0,0.0,2.6,2.34,0.0
20130218:2010,0.0,0.0,0.0,1.01,2.21,0.0
20130218:2110,0.0,0.0,0.0,0.48,2.0,0.0
20130218:2210,0.0,0.0,0.0,-0.04,1.72,0.0
20130218:2310,0.0,0.0,0.0,-0.04,1.59,0.0
20130219:0010,0.0,0.0,0.0,-0.57,1.59,0.0
20130219:0110,0.0,0.0,0.0,-1.1,1.52,0.0
20130219:0210,0.0,0.0,0.0,-0.57,0.83,0.0
20130219:0310,0.0,0.0,0.0,-1.1,0.62,0.0
20130219:0410,0.0,0.0,0.0,-1.63,0.69,0.0
20130219:0510,0.0,0.0,0.0,-1.63,0.69,0.0
20130219:0610,0.0,0.0,0.0,-1.63,0.69,0.0
20130219:0710,0.0,0.0,0.0,-1.63,0.62,0.0
20130219:0810,205.71,249.54,8.24,-1.63,0.62,0.0
20130219:0910,426.97,492.53,15.74,-1.1,0.41,0.0
20130219:1010,579.17,682.85,21.74,0.48,0.21,0.0
20130219:1110,704.31,842.85,25.71,1.01,0.62,0.0
20130219:1210,760.05,917.18,27.21,2.07,0.97,0.0
20130219:1310,724.98,875.24,26.04,3.66,1.03,0.0
20130219:1410,589.13,702.78,22.36,4.72,0.83,0.0
20130219:1510,455.62,539.73,16.6,5.25,0.76,0.0
20130219:1610,229.43,281.78,9.25,5.25,1.1,0.0
20130219:1710,0.0,0.0,0.0,4.72,0.83,0.0
20130219:1810,0.0,0.0,0.0,3.13,0.97,0.0
20130219:1910,0.0,0.0,0.0,1.54,1.86,0.0
20130219:2010,0.0,0.0,0.0,1.01,2.21,0.0
20130219:2110,0.0,0.0,0.0,-0.04,2.41,0.0
20130219:2210,0.0,0.0,0.0,-0.57,2.48,0.0
20130219:2310,0.0,0.0,0.0,-0.57,2.48,0.0
20130220:0010,0.0,0.0,0.0,-0.57,2.48,0.0
20130220:0110,0.0,0.0,0.0,-0.04,2.28,0.0
20130220:0210,0.0,0.0,0.0,1.01,1.93,0.0
20130220:0310,0.0,0.0,0.0,1.01,1.52,0.0
20130220:0410,0.0,0.0,0.0,1.54,1.17,0.0
20130220:0510,0.0,0.0,0.0,2.07,1.45,0.0
20130220:0610,0.0,0.0,0.0,2.6,1.93,0.0
20130220:0710,0.0,0.0,0.0,3.13,2.9,0.0
20130220:0810,14.36,28.74,8.54,3.13,3.66,0.0
20130220:0910,116.22,146.08,16.06,3.13,4.34,0.0
20130220:1010,75.19,101.05,22.08,3.13,4.76,0.0
20130220:1110,97.67,126.09,26.06,3.13,5.38,0.0
20130220:1210,339.61,387.98,27.56,3.13,5.45,0.0
20130220:1310,675.14,769.38,26.39,3.13,5.38,0.0
20130220:1410,291.0,334.28,22.7,3.13,5.59,0.0
20130220:1510,456.43,517.9,16.91,3.13,5.45,0.0
20130220:1610,238.09,283.61,9.55,2.07,5.38,0.0
20130220:1710,0.0,0.0,0.0,1.54,4.69,0.0
20130220:1810,0.0,0.0,0.0,1.01,4.9,0.0
20130220:1910,0.0,0.0,0.0,1.01,5.1,0.0
20130220:2010,0.0,0.0,0.0,1.01,4.69,0.0
20130220:2110,0.0,0.0,0.0,1.01,4.41,0.0
20130220:2210,0.0,0.0,0.0,1.01,4.21,0.0
20130220:2310,0.0,0.0,0.0,1.01,4.07,0.0
20130221:0010,0.0,0.0,0.0,1.01,4.0,0.0
20130221:0110,0.0,0.0,0.0,1.01,3.93,0.0
20130221:0210,0.0,0.0,0.0,1.01,3.93,0.0
20130221:0310,0.0,0.0,0.0,0.48,3.72,0.0
20130221:0410,0.0,0.0,0.0,-0.04,3.59,0.0
20130221:0510,0.0,0.0,0.0,-0.04,3.45,0.0
20130221:0610,0.0,0.0,0.0,-0.04,3.52,0.0
20130221:0710,0.0,0.0,0.0,0.48,3.72,0.0
20130221:0810,41.75,62.57,8.86,1.01,3.66,0.0
20130221:0910,66.6,90.56,16.39,1.01,4.41,0.0
20130221:1010,61.11,84.37,22.43,1.01,5.45,0.0
20130221:1110,50.39,72.31,26.42,1.54,5.45,0.0
20130221:1210,53.62,76.02,27.92,1.54,5.45,0.0
20130221:1310,69.18,93.64,26.74,1.54,5.38,0.0
20130221:1410,68.35,92.71,23.03,1.54,5.31,0.0
20130221:1510,64.78,88.65,17.22,1.54,5.17,0.0
20130221:1610,46.11,67.59,9.84,1.54,4.97,0.0
20130221:1710,0.0,0.0,0.0,1.01,4.62,0.0
20130221:1810,0.0,0.0,0.0,1.01,4.14,0.0
20130221:1910,0.0,0.0,0.0,0.48,4.0,0.0
20130221:2010,0.0,0.0,0.0,-0.04,3.86,0.0
20130221:2110,0.0,0.0,0.0,-0.57,3.79,0.0
20130221:2210,0.0,0.0,0.0,-0.04,3.86,0.0
20130221:2310,0.0,0.0,0.0,-0.04,3.93,0.0
20130222:0010,0.0,0.0,0.0,-0.04,3.72,0.0
20130222:0110,0.0,0.0,0.0,-0.04,3.45,0.0
20130222:0210,0.0,0.0,0.0,-0.04,3.24,0.0
20130222:0310,0.0,0.0,0.0,-0.57,3.1,0.0
20130222:0410,0.0,0.0,0.0,-1.1,3.03,0.0
20130222:0510,0.0,0.0,0.0,-1.63,3.03,0.0
20130222:0610,0.0,0.0,0.0,-1.63,3.03,0.0
20130222:0710,0.0,0.0,0.0,-1.1,3.31,0.0
20130222:0810,44.19,65.02,9.18,-0.57,2.9,0.0
20130222:0910,80.39,105.72,16.73,0.48,3.72,0.0
20130222:1010,77.67,102.91,22.78,1.01,5.45,0.0
20130222:1110,105.99,134.43,26.78,1.54,5.31,0.0
20130222:1210,54.29,76.95,28.29,2.07,5.38,0.0
20130222:1310,96.51,124.23,27.1,2.07,5.72,0.0
20130222:1410,103.27,131.54,23.37,2.07,5.66,0.0
20130222:1510,87.12,113.65,17.53,2.07,5.52,0.0
20130222:1610,51.62,73.99,10.13,1.54,4.83,0.0
20130222:1710,0.0,0.0,0.0,1.01,4.34,0.0
20130222:1810,0.0,0.0,0.0,1.01,3.86,0.0
20130222:1910,0.0,0.0,0.0,-0.04,3.72,0.0
20130222:2010,0.0,0.0,0.0,-0.04,3.86,0.0
20130222:2110,0.0,0.0,0.0,-0.57,3.86,0.0
20130222:2210,0.0,0.0,0.0,-0.57,3.86,0.0
20130222:2310,0.0,0.0,0.0,-0.57,3.79,0.0
20130223:0010,0.0,0.0,0.0,-0.57,3.72,0.0
20130223:0110,0.0,0.0,0.0,-0.57,3.66,0.0
20130223:0210,0.0,0.0,0.0,-0.57,3.66,0.0
20130223:0310,0.0,0.0,0.0,-1.1,3.59,0.0
20130223:0410,0.0,0.0,0.0,-1.1,3.52,0.0
20130223:0510,0.0,0.0,0.0,-1.1,3.45,0.0
20130223:0610,0.0,0.0,0.0,-1.1,3.38,0.0
20130223:0710,0.0,0.0,0.0,-1.1,3.52,0.0
20130223:0810,118.03,148.85,9.5,-0.57,2.97,0.0
20130223:0910,135.02,164.77,17.06,0.48,4.41,0.0
20130223:1010,103.66,131.52,23.13,1.01,4.69,0.0
20130223:1110,160.57,193.12,27.15,1.01,4.83,0.0
20130223:1210,86.61,113.11,28.66,1.54,4.9,0.0
20130223:1310,108.99,138.14,27.45,2.07,4.48,0.0
20130223:1410,154.53,187.18,23.7,2.07,4.69,0.0
20130223:1510,141.54,173.27,17.84,2.6,4.34,0.0
20130223:1610,67.84,92.84,10.42,2.07,3.79,0.0
20130223:1710,0.0,0.0,0.0,1.54,3.03,0.0
20130223:1810,0.0,0.0,0.0,1.01,2.76,0.0
20130223:1910,0.0,0.0,0.0,0.48,2.97,0.0
20130223:2010,0.0,0.0,0.0,-0.04,3.03,0.0
20130223:2110,0.0,0.0,0.0,-1.1,3.17,0.0
20130223:2210,0.0,0.0,0.0,-1.1,3.24,0.0
20130223:2310,0.0,0.0,0.0,-1.63,3.24,0.0
20130224:0010,0.0,0.0,0.0,-1.63,3.1,0.0
20130224:0110,0.0,0.0,0.0,-1.63,3.1,0.0
20130224:0210,0.0,0.0,0.0,-1.63,3.24,0.0
20130224:0310,0.0,0.0,0.0,-1.63,3.38,0.0
20130224:0410,0.0,0.0,0.0,-1.63,3.52,0.0
20130224:0510,0.0,0.0,0.0,-1.1,3.59,0.0
20130224:0610,0.0,0.0,0.0,-1.63,3.59,0.0
20130224:0710,0.0,0.0,0.0,-1.1,3.79,0.0
20130224:0810,80.25,106.03,9.82,-1.1,3.45,0.0
20130224:0910,57.13,79.73,17.4,0.48,4.62,0.0
20130224:1010,47.97,69.53,23.48,1.54,5.45,0.0
20130224:1110,51.74,74.17,27.51,2.6,5.72,0.0
20130224:1210,35.03,54.7,29.02,3.13,5.59,0.0
20130224:1310,72.11,97.35,27.81,2.6,5.24,0.0
20130224:1410,42.07,63.04,24.04,3.13,6.0,0.0
20130224:1510,36.58,56.55,18.16,3.13,5.66,0.0
20130224:1610,42.04,62.99,10.72,2.6,5.1,0.0
20130224:1710,0.0,0.0,0.0,2.07,4.41,0.0
20130224:1810,0.0,0.0,0.0,1.01,4.0,0.0
20130224:1910,0.0,0.0,0.0,0.48,4.0,0.0
20130224:2010,0.0,0.0,0.0,-0.04,4.07,0.0
20130224:2110,0.0,0.0,0.0,-0.04,4.07,0.0
20130224:2210,0.0,0.0,0.0,-0.04,4.07,0.0
20130224:2310,0.0,0.0,0.0,-0.04,4.14,0.0
20130225:0010,0.0,0.0,0.0,-0.04,4.14,0.0
20130225:0110,0.0,0.0,0.0,0.48,4.21,0.0
20130225:0210,0.0,0.0,0.0,1.01,4.21,0.0
20130225:0310,0.0,0.0,0.0,1.01,4.14,0.0
20130225:0410,0.0,0.0,0.0,1.01,4.07,0.0
20130225:0510,0.0,0.0,0.0,1.01,4.0,0.0
20130225:0610,0.0,0.0,0.0,1.01,3.93,0.0
20130225:0710,0.0,0.0,0.0,1.01,3.59,0.0
20130225:0810,51.78,74.31,10.15,1.54,3.52,0.0
20130225:0910,55.86,78.8,17.75,2.07,4.07,0.0
20130225:1010,51.58,74.17,23.84,3.13,4.69,0.0
20130225:1110,59.51,83.44,27.88,3.66,5.03,0.0
20130225:1210,31.77,50.99,29.4,4.19,5.1,0.0
20130225:1310,32.45,51.92,28.17,4.72,5.17,0.0
20130225:1410,32.45,51.92,24.38,4.72,5.31,0.0
20130225:1510,33.98,53.77,18.47,4.72,5.03,0.0
20130225:1610,51.76,74.85,11.01,4.19,4.48,0.0
20130225:1710,0.0,0.0,0.0,3.66,4.62,0.0
20130225:1810,0.0,0.0,0.0,3.66,4.55,0.0
20130225:1910,0.0,0.0,0.0,3.13,4.69,0.0
20130225:2010,0.0,0.0,0.0,2.6,4.83,0.0
20130225:2110,0.0,0.0,0.0,2.6,4.9,0.0
20130225:2210,0.0,0.0,0.0,2.6,4.97,0.0
20130225:2310,0.0,0.0,0.0,2.6,5.03,0.0
20130226:0010,0.0,0.0,0.0,2.07,4.97,0.0
20130226:0110,0.0,0.0,0.0,2.07,4.83,0.0
20130226:0210,0.0,0.0,0.0,2.07,4.69,0.0
20130226:0310,0.0,0.0,0.0,2.07,4.55,0.0
20130226:0410,0.0,0.0,0.0,2.07,4.41,0.0
20130226:0510,0.0,0.0,0.0,2.6,4.28,0.0
20130226:0610,0.0,0.0,0.0,2.6,4.14,0.0
20130226:0710,0.0,0.0,0.0,2.6,3.93,0.0
20130226:0810,56.0,79.5,10.48,2.6,3.86,0.0
20130226:0910,35.01,54.7,18.09,3.13,4.41,0.0
20130226:1010,29.5,48.21,24.21,4.19,4.76,0.0
20130226:1110,41.04,62.12,28.26,4.19,4.69,0.0
20130226:1210,27.91,46.36,29.77,4.72,4.48,0.0
20130226:1310,30.16,49.14,28.53,4.72,4.28,0.0
20130226:1410,30.92,50.06,24.72,4.72,4.07,0.0
20130226:1510,32.43,51.92,18.79,4.72,3.86,0.0
20130226:1610,36.06,56.36,11.3,4.72,3.66,0.0
20130226:1710,0.0,5.56,2.78,4.72,2.97,0.0
20130226:1810,0.0,0.0,0.0,4.19,2.83,0.0
20130226:1910,0.0,0.0,0.0,3.66,3.17,0.0
20130226:2010,0.0,0.0,0.0,3.66,3.45,0.0
20130226:2110,0.0,0.0,0.0,3.13,3.66,0.0
20130226:2210,0.0,0.0,0.0,3.13,3.66,0.0
20130226:2310,0.0,0.0,0.0,3.13,3.72,0.0
20130227:0010,0.0,0.0,0.0,3.13,3.72,0.0
20130227:0110,0.0,0.0,0.0,2.6,3.59,0.0
20130227:0210,0.0,0.0,0.0,2.6,3.45,0.0
20130227:0310,0.0,0.0,0.0,2.07,3.38,0.0
20130227:0410,0.0,0.0,0.0,2.07,3.38,0.0
20130227:0510,0.0,0.0,0.0,2.07,3.31,0.0
20130227:0610,0.0,0.0,0.0,2.07,3.31,0.0
20130227:0710,0.0,0.0,0.0,1.54,3.31,0.0
20130227:0810,47.45,69.13,10.81,1.54,4.34,0.0
20130227:0910,46.23,67.68,18.44,2.07,4.55,0.0
20130227:1010,44.52,65.82,24.57,2.6,4.62,0.0
20130227:1110,62.09,86.22,28.63,3.13,4.9,0.0
20130227:1210,43.5,64.9,30.15,3.66,4.83,0.0
20130227:1310,130.35,162.74,28.9,4.19,5.17,0.0
20130227:1410,405.88,463.45,25.06,4.19,5.03,0.0
20130227:1510,421.72,482.08,19.11,4.19,4.97,0.0
20130227:1610,239.54,286.9,11.6,4.19,4.69,0.0
20130227:1710,2.12,10.2,3.05,3.66,4.14,0.0
20130227:1810,0.0,0.0,0.0,3.13,3.52,0.0
20130227:1910,0.0,0.0,0.0,2.6,3.59,0.0
20130227:2010,0.0,0.0,0.0,2.07,3.79,0.0
20130227:2110,0.0,0.0,0.0,2.07,3.86,0.0
20130227:2210,0.0,0.0,0.0,2.07,3.79,0.0
20130227:2310,0.0,0.0,0.0,2.07,3.79,0.0
20130228:0010,0.0,0.0,0.0,2.07,3.66,0.0
20130228:0110,0.0,0.0,0.0,2.07,3.52,0.0
20130228:0210,0.0,0.0,0.0,2.07,3.31,0.0
20130228:0310,0.0,0.0,0.0,1.54,3.24,0.0
20130228:0410,0.0,0.0,0.0,1.01,3.17,0.0
20130228:0510,0.0,0.0,0.0,1.01,3.17,0.0
20130228:0610,0.0,0.0,0.0,1.01,3.17,0.0
20130228:0710,0.0,5.25,2.52,1.01,3.45,0.0
20130228:0810,48.05,69.85,11.15,1.54,3.45,0.0
20130228:0910,80.2,106.47,18.8,2.6,3.52,0.0
20130228:1010,178.76,215.01,24.94,3.66,4.07,0.0
20130228:1110,228.16,270.09,29.01,4.72,4.34,0.0
20130228:1210,192.82,232.61,30.52,5.78,4.76,0.0
20130228:1310,173.55,212.34,29.26,6.84,4.83,0.0
20130228:1410,220.11,263.52,25.4,7.37,4.9,0.0
20130228:1510,303.54,355.78,19.42,7.37,4.76,0.0
20130228:1610,154.36,193.68,11.89,7.37,4.14,0.0
20130228:1710,10.91,26.66,3.33,6.31,3.72,0.0
20130228:1810,0.0,0.0,0.0,4.72,3.59,0.0
20130228:1910,0.0,0.0,0.0,3.13,3.79,0.0
20130228:2010,0.0,0.0,0.0,2.6,3.86,0.0
20130228:2110,0.0,0.0,0.0,2.07,4.0,0.0
20130228:2210,0.0,0.0,0.0,2.07,3.86,0.0
20130228:2310,0.0,0.0,0.0,1.54,3.66,0.0
20130301:0010,0.0,0.0,0.0,1.54,3.52,0.0
20130301:0110,0.0,0.0,0.0,1.54,3.31,0.0
20130301:0210,0.0,0.0,0.0,1.54,2.9,0.0
20130301:0310,0.0,0.0,0.0,2.07,2.34,0.0
20130301:0410,0.0,0.0,0.0,2.07,2.14,0.0
20130301:0510,0.0,0.0,0.0,2.6,2.34,0.0
20130301:0610,0.0,0.0,0.0,3.13,2.62,0.0
20130301:0710,1.82,9.62,2.85,3.13,2.55,0.0
20130301:0810,73.38,99.88,11.49,3.66,2.83,0.0
20130301:0910,70.97,96.75,19.15,4.19,3.59,0.0
20130301:1010,64.52,89.93,25.31,5.78,4.76,0.0
20130301:1110,94.52,124.23,29.39,6.31,4.97,0.0
20130301:1210,24.74,42.65,30.9,6.31,4.62,0.0
20130301:1310,88.73,117.74,29.63,6.31,4.55,0.0
20130301:1410,77.29,104.76,25.74,6.31,4.48,0.0
20130301:1510,57.13,81.59,19.74,6.31,4.62,0.0
20130301:1610,64.53,90.15,12.18,5.78,4.55,0.0
20130301:1710,5.98,17.56,3.61,4.72,4.0,0.0
20130301:1810,0.0,0.0,0.0,4.19,3.72,0.0
20130301:1910,0.0,0.0,0.0,3.66,3.31,0.0
20130301:2010,0.0,0.0,0.0,3.13,3.38,0.0
20130301:2110,0.0,0.0,0.0,2.6,3.31,0.0
20130301:2210,0.0,0.0,0.0,2.6,3.1,0.0
20130301:2310,0.0,0.0,0.0,2.07,2.76,0.0
20130302:0010,0.0,0.0,0.0,1.54,2.41,0.0
20130302:0110,0.0,0.0,0.0,1.01,2.28,0.0
20130302:0210,0.0,0.0,0.0,0.48,2.21,0.0
20130302:0310,0.0,0.0,0.0,0.48,2.14,0.0
20130302:0410,0.0,0.0,0.0,0.48,2.07,0.0
20130302:0510,0.0,0.0,0.0,-0.04,2.07,0.0
20130302:0610,0.0,0.0,0.0,-0.04,2.0,0.0
20130302:0710,2.7,11.13,3.18,-0.57,1.86,0.0
20130302:0810,46.61,67.93,11.83,0.48,1.72,0.0
20130302:0910,54.13,76.95,19.51,2.07,2.07,0.0
20130302:1010,66.82,91.78,25.68,3.13,2.48,0.0
20130302:1110,82.99,110.33,29.78,3.66,2.28,0.0
20130302:1210,68.88,94.56,31.29,4.19,2.14,0.0
20130302:1310,204.13,245.76,29.99,4.72,1.79,0.0
20130302:1410,312.96,367.75,26.09,5.25,1.66,0.0
20130302:1510,308.13,361.44,20.06,4.72,1.66,0.0
20130302:1610,216.06,263.45,12.48,5.25,1.72,0.0
20130302:1710,30.89,57.57,3.89,4.72,1.31,0.0
20130302:1810,0.0,0.0,0.0,3.66,1.38,0.0
20130302:1910,0.0,0.0,0.0,2.07,1.24,0.0
20130302:2010,0.0,0.0,0.0,1.54,1.17,0.0
20130302:2110,0.0,0.0,0.0,1.54,1.03,0.0
20130302:2210,0.0,0.0,0.0,1.54,0.69,0.0
20130302:2310,0.0,0.0,0.0,1.01,0.55,0.0
20130303:0010,0.0,0.0,0.0,1.01,0.62,0.0
20130303:0110,0.0,0.0,0.0,0.48,0.28,0.0
20130303:0210,0.0,0.0,0.0,-0.04,0.41,0.0
20130303:0310,0.0,0.0,0.0,-0.04,0.48,0.0
20130303:0410,0.0,0.0,0.0,-0.57,0.83,0.0
20130303:0510,0.0,0.0,0.0,-1.1,0.97,0.0
20130303:0610,0.0,0.0,0.0,-1.1,1.03,0.0
20130303:0710,6.71,18.32,3.52,-2.16,1.45,0.0
20130303:0810,83.77,110.21,12.18,-0.04,1.31,0.0
20130303:0910,298.53,346.44,19.87,2.07,1.72,0.0
20130303:1010,342.64,396.71,26.06,3.13,2.07,0.0
20130303:1110,464.02,538.73,30.16,4.72,2.55,0.0
20130303:1210,55.48,79.73,31.67,6.31,3.38,0.0
20130303:1310,192.34,233.19,30.36,6.31,3.52,0.0
20130303:1410,464.83,540.39,26.43,6.84,3.66,0.0
20130303:1510,299.35,351.51,20.37,6.84,3.72,0.0
20130303:1610,251.41,303.58,12.77,6.31,3.52,0.0
20130303:1710,43.22,75.74,4.16,5.25,3.1,0.0
20130303:1810,0.0,0.0,0.0,4.19,3.1,0.0
20130303:1910,0.0,0.0,0.0,3.66,3.24,0.0
20130303:2010,0.0,0.0,0.0,3.13,3.17,0.0
20130303:2110,0.0,0.0,0.0,2.6,2.97,0.0
20130303:2210,0.0,0.0,0.0,2.6,2.97,0.0
20130303:2310,0.0,0.0,0.0,2.6,2.97,0.0
20130304:0010,0.0,0.0,0.0,2.6,3.03,0.0
20130304:0110,0.0,0.0,0.0,2.07,2.97,0.0
20130304:0210,0.0,0.0,0.0,1.54,2.9,0.0
20130304:0310,0.0,0.0,0.0,1.01,2.69,0.0
20130304:0410,0.0,0.0,0.0,1.01,2.62,0.0
20130304:0510,0.0,0.0,0.0,0.48,2.69,0.0
20130304:0610,0.0,0.0,0.0,-0.04,2.69,0.0
20130304:0710,27.48,52.16,3.85,-0.04,2.76,0.0
20130304:0810,161.91,197.61,12.53,1.01,2.83,0.0
20130304:0910,380.78,435.13,20.23,2.6,3.86,0.0
20130304:1010,637.77,736.5,26.44,4.19,3.86,0.0
20130304:1110,723.92,849.52,30.55,5.25,3.66,0.0
20130304:1210,765.73,908.55,32.05,6.84,3.86,0.0
20130304:1310,709.42,840.4,30.73,7.9,3.93,0.0
20130304:1410,612.41,720.16,26.78,8.43,4.0,0.0
20130304:1510,471.29,552.86,20.69,8.43,3.66,0.0
20130304:1610,273.48,331.52,13.07,7.9,3.38,0.0
20130304:1710,54.2,91.99,4.44,6.84,2.62,0.0
20130304:1810,0.0,0.0,0.0,5.25,2.62,0.0
20130304:1910,0.0,0.0,0.0,3.66,2.62,0.0
20130304:2010,0.0,0.0,0.0,2.6,2.48,0.0
20130304:2110,0.0,0.0,0.0,2.07,2.34,0.0
20130304:2210,0.0,0.0,0.0,1.54,2.34,0.0
20130304:2310,0.0,0.0,0.0,1.01,2.34,0.0
20130305:0010,0.0,0.0,0.0,1.01,2.34,0.0
20130305:0110,0.0,0.0,0.0,1.01,2.34,0.0
20130305:0210,0.0,0.0,0.0,0.48,2.48,0.0
20130305:0310,0.0,0.0,0.0,0.48,2.21,0.0
20130305:0410,0.0,0.0,0.0,0.48,2.21,0.0
20130305:0510,0.0,0.0,0.0,-0.04,2.14,0.0
20130305:0610,0.0,0.0,0.0,-0.04,2.41,0.0
20130305:0710,33.77,61.06,4.19,-0.04,2.28,0.0
20130305:0810,252.98,301.65,12.88,1.54,1.86,0.0
20130305:0910,461.2,541.29,20.6,6.31,2.21,0.0
20130305:1010,644.59,774.47,26.82,8.43,2.14,0.0
20130305:1110,710.24,870.76,30.94,10.55,2.21,0.0
20130305:1210,756.68,943.2,32.44,11.61,2.0,0.0
20130305:1310,715.2,889.36,31.1,12.68,2.07,0.0
20130305:1410,633.41,771.4,27.12,13.21,2.97,0.0
20130305:1510,480.86,578.87,21.01,12.68,2.9,0.0
20130305:1610,292.24,361.84,13.36,12.15,2.48,0.0
20130305:1710,49.17,85.54,4.72,11.61,2.14,0.0
20130305:1810,0.0,0.0,0.0,8.96,2.48,0.0
20130305:1910,0.0,0.0,0.0,7.9,2.48,0.0
20130305:2010,0.0,0.0,0.0,6.31,2.48,0.0
20130305:2110,0.0,0.0,0.0,5.25,2.48,0.0
20130305:2210,0.0,0.0,0.0,4.72,2.41,0.0
20130305:2310,0.0,0.0,0.0,4.19,2.41,0.0
20130306:0010,0.0,0.0,0.0,4.72,2.28,0.0
20130306:0110,0.0,0.0,0.0,4.72,2.28,0.0
20130306:0210,0.0,0.0,0.0,3.66,2.28,0.0
20130306:0310,0.0,0.0,0.0,4.19,2.21,0.0
20130306:0410,0.0,0.0,0.0,4.19,2.21,0.0
20130306:0510,0.0,0.0,0.0,4.72,2.21,0.0
20130306:0610,0.0,0.0,0.0,4.72,2.14,0.0
20130306:0710,8.57,21.38,4.53,5.25,2.0,0.0
20130306:0810,60.67,86.0,13.23,6.31,2.0,0.0
20130306:0910,0.0,0.0,0.0,7.37,2.0,0.0
20130306:1010,0.0,0.0,0.0,7.9,2.0,0.0
20130306:1110,372.43,442.48,31.33,8.96,2.28,0.0
20130306:1210,98.15,130.72,32.83,10.02,2.41,0.0
20130306:1310,95.53,127.94,31.47,10.55,2.62,0.0
20130306:1410,84.09,114.96,27.46,11.09,2.62,0.0
20130306:1510,107.95,142.36,21.32,11.09,2.28,0.0
20130306:1610,63.49,90.98,13.65,11.09,2.28,0.0
20130306:1710,9.53,23.14,4.99,10.55,2.28,0.0
20130306:1810,0.0,0.0,0.0,8.96,2.55,0.0
20130306:1910,0.0,0.0,0.0,8.96,3.1,0.0
20130306:2010,0.0,0.0,0.0,7.9,2.9,0.0
20130306:2110,0.0,0.0,0.0,7.9,2.69,0.0
20130306:2210,0.0,0.0,0.0,7.37,2.48,0.0
20130306:2310,0.0,0.0,0.0,7.37,2.41,0.0
20130307:0010,0.0,0.0,0.0,7.37,2.34,0.0
20130307:0110,0.0,0.0,0.0,7.37,2.34,0.0
20130307:0210,0.0,0.0,0.0,7.37,2.41,0.0
20130307:0310,0.0,0.0,0.0,7.37,2.41,0.0
20130307:0410,0.0,0.0,0.0,7.37,2.28,0.0
20130307:0510,0.0,0.0,0.0,7.37,2.14,0.0
20130307:0610,0.0,0.0,0.0,6.84,2.28,0.0
20130307:0710,7.61,19.47,4.88,6.84,2.21,0.0
20130307:0810,37.36,58.41,13.58,6.84,2.21,0.0
20130307:0910,61.44,87.15,21.33,7.37,2.0,0.0
20130307:1010,112.32,145.68,27.58,7.9,2.28,0.0
20130307:1110,111.09,144.63,31.72,8.43,2.41,0.0
20130307:1210,124.35,160.39,33.22,9.49,2.55,0.0
20130307:1310,128.25,165.12,31.84,10.02,2.62,0.0
20130307:1410,71.77,100.13,27.81,10.02,2.69,0.0
20130307:1510,13.2,27.81,21.64,9.49,2.62,0.0
20130307:1610,42.2,64.9,13.94,9.49,2.69,0.0
20130307:1710,3.02,12.05,5.27,8.96,2.62,0.0
20130307:1810,0.0,0.0,0.0,8.43,2.62,0.0
20130307:1910,0.0,0.0,0.0,7.9,2.41,0.0
20130307:2010,0.0,0.0,0.0,7.9,2.28,0.0
20130307:2110,0.0,0.0,0.0,7.9,2.21,0.0
20130307:2210,0.0,0.0,0.0,7.9,2.07,0.0
20130307:2310,0.0,0.0,0.0,7.9,2.0,0.0
20130308:0010,0.0,0.0,0.0,7.9,1.86,0.0
20130308:0110,0.0,0.0,0.0,7.37,1.86,0.0
20130308:0210,0.0,0.0,0.0,7.37,1.72,0.0
20130308:0310,0.0,0.0,0.0,7.37,1.66,0.0
20130308:0410,0.0,0.0,0.0,7.37,1.66,0.0
20130308:0510,0.0,0.0,0.0,7.37,1.79,0.0
20130308:0610,0.0,0.0,0.0,7.37,1.86,0.0
20130308:0710,10.86,24.8,5.23,7.37,2.14,0.0
20130308:0810,66.75,93.41,13.94,7.37,2.41,0.0
20130308:0910,33.39,53.77,21.7,7.9,2.83,0.0
20130308:1010,70.49,98.27,27.97,8.96,2.14,0.0
20130308:1110,60.0,86.22,32.11,9.49,1.72,0.0
20130308:1210,27.13,46.36,33.61,10.02,2.0,0.0
20130308:1310,63.77,90.86,32.22,10.02,1.72,0.0
20130308:1410,44.98,68.61,28.15,10.55,1.59,0.0
20130308:1510,23.51,41.72,21.96,10.02,1.38,0.0
20130308:1610,18.57,35.23,14.24,10.02,1.24,0.0
20130308:1710,0.0,4.64,5.55,10.02,1.31,0.0
20130308:1810,0.0,0.0,0.0,9.49,1.31,0.0
20130308:1910,0.0,0.0,0.0,8.96,1.45,0.0
20130308:2010,0.0,0.0,0.0,8.43,1.1,0.0
20130308:2110,0.0,0.0,0.0,8.43,1.1,0.0
20130308:2210,0.0,0.0,0.0,7.9,0.97,0.0
20130308:2310,0.0,0.0,0.0,7.9,0.97,0.0
20130309:0010,0.0,0.0,0.0,7.9,0.97,0.0
20130309:0110,0.0,0.0,0.0,7.37,1.03,0.0
20130309:0210,0.0,0.0,0.0,7.37,1.17,0.0
20130309:0310,0.0,0.0,0.0,6.84,1.17,0.0
20130309:0410,0.0,0.0,0.0,6.84,1.17,0.0
20130309:0510,0.0,0.0,0.0,6.31,1.03,0.0
20130309:0610,0.0,0.0,0.0,6.31,1.1,0.0
20130309:0710,1.16,8.34,5.57,5.78,1.45,0.0
20130309:0810,30.7,50.06,14.3,5.78,1.52,0.0
20130309:0910,69.89,96.42,22.08,5.78,1.45,0.0
20130309:1010,48.42,71.39,28.35,5.78,1.79,0.0
20130309:1110,77.06,104.76,32.51,6.31,2.14,0.0
20130309:1210,75.46,102.91,34.0,6.31,2.28,0.0
20130309:1310,72.85,100.13,32.59,6.84,2.34,0.0
20130309:1410,61.63,87.15,28.5,6.84,2.34,0.0
20130309:1510,18.2,34.3,22.27,6.84,2.34,0.0
20130309:1610,6.43,17.62,14.53,6.31,2.34,0.0
20130309:1710,0.74,7.42,5.82,5.78,2.41,0.0
20130309:1810,0.0,0.0,0.0,5.25,2.41,0.0
20130309:1910,0.0,0.0,0.0,4.72,2.83,0.0
20130309:2010,0.0,0.0,0.0,3.66,2.69,0.0
20130309:2110,0.0,0.0,0.0,3.13,2.41,0.0
20130309:2210,0.0,0.0,0.0,2.6,2.55,0.0
20130309:2310,0.0,0.0,0.0,2.07,2.83,0.0
20130310:0010,0.0,0.0,0.0,1.54,2.48,0.0
20130310:0110,0.0,0.0,0.0,1.54,2.41,0.0
20130310:0210,0.0,0.0,0.0,1.54,3.17,0.0
20130310:0310,0.0,0.0,0.0,1.01,2.69,0.0
20130310:0410,0.0,0.0,0.0,1.01,3.24,0.0
20130310:0510,0.0,0.0,0.0,1.01,3.24,0.0
20130310:0610,0.0,0.0,0.0,1.01,3.38,0.0
20130310:0710,13.93,28.43,5.92,1.54,3.66,0.0
20130310:0810,52.11,74.36,14.66,1.54,4.14,0.0
20130310:0910,91.36,118.77,22.45,2.6,5.45,0.0
20130310:1010,69.48,94.56,28.74,3.13,5.59,0.0
20130310:1110,70.95,96.42,32.91,3.66,5.66,0.0
20130310:1210,40.28,61.19,34.39,4.19,5.93,0.0
20130310:1310,48.29,70.46,32.96,3.66,6.07,0.0
20130310:1410,25.83,43.57,28.84,3.66,6.0,0.0
20130310:1510,34.26,53.77,22.59,3.13,5.86,0.0
20130310:1610,39.8,60.26,14.82,2.6,5.31,0.0
20130310:1710,15.29,30.28,6.09,2.07,5.1,0.0
20130310:1810,0.0,0.0,0.0,1.54,5.59,0.0
20130310:1910,0.0,0.0,0.0,1.01,5.31,0.0
20130310:2010,0.0,0.0,0.0,0.48,5.24,0.0
20130310:2110,0.0,0.0,0.0,0.48,5.17,0.0
20130310:2210,0.0,0.0,0.0,-0.04,5.24,0.0
20130310:2310,0.0,0.0,0.0,-0.04,5.31,0.0
20130311:0010,0.0,0.0,0.0,-0.04,5.59,0.0
20130311:0110,0.0,0.0,0.0,-0.04,5.72,0.0
20130311:0210,0.0,0.0,0.0,-0.04,5.79,0.0
20130311:0310,0.0,0.0,0.0,-0.57,5.79,0.0
20130311:0410,0.0,0.0,0.0,-0.57,6.0,0.0
20130311:0510,0.0,0.0,0.0,-0.57,6.21,0.0
20130311:0610,0.0,0.0,0.0,-0.57,6.34,0.0
20130311:0710,3.77,12.98,6.28,-0.57,6.0,0.0
20130311:0810,26.32,43.57,15.02,-0.04,6.07,0.0
20130311:0910,52.33,74.17,22.83,0.48,7.93,0.0
20130311:1010,120.22,149.3,29.13,1.01,8.0,0.0
20130311:1110,89.58,115.89,33.3,1.01,8.48,0.0
20130311:1210,167.66,200.39,34.78,1.01,8.55,0.0
20130311:1310,150.33,181.79,33.33,1.01,8.34,0.0
20130311:1410,53.02,75.1,29.19,1.01,8.41,0.0
20130311:1510,132.6,162.37,22.9,1.01,8.28,0.0
20130311:1610,98.11,125.2,15.11,0.48,8.21,0.0
20130311:1710,19.09,35.35,6.37,-0.04,7.17,0.0
20130311:1810,0.0,0.0,0.0,-0.57,7.52,0.0
20130311:1910,0.0,0.0,0.0,-1.1,7.24,0.0
20130311:2010,0.0,0.0,0.0,-1.1,7.17,0.0
20130311:2110,0.0,0.0,0.0,-1.63,7.17,0.0
20130311:2210,0.0,0.0,0.0,-1.63,7.31,0.0
20130311:2310,0.0,0.0,0.0,-1.63,7.38,0.0
20130312:0010,0.0,0.0,0.0,-1.63,7.31,0.0
20130312:0110,0.0,0.0,0.0,-1.63,7.24,0.0
20130312:0210,0.0,0.0,0.0,-1.63,7.31,0.0
20130312:0310,0.0,0.0,0.0,-1.1,7.31,0.0
20130312:0410,0.0,0.0,0.0,-1.1,7.24,0.0
20130312:0510,0.0,0.0,0.0,-1.63,7.03,0.0
20130312:0610,0.0,0.0,0.0,-1.63,7.1,0.0
20130312:0710,22.85,40.28,6.63,-1.1,7.1,0.0
20130312:0810,128.73,158.2,15.39,-0.57,6.21,0.0
20130312:0910,280.68,318.91,23.21,-0.04,6.62,0.0
20130312:1010,550.03,609.59,29.52,1.01,9.24,0.0
20130312:1110,672.53,749.15,33.7,1.01,8.55,0.0
20130312:1210,786.47,883.82,35.18,1.54,8.34,0.0
20130312:1310,641.46,718.9,33.71,2.07,8.0,0.0
20130312:1410,473.82,532.27,29.53,2.6,7.52,0.0
20130312:1510,466.02,524.68,23.22,2.6,6.97,0.0
20130312:1610,267.56,313.97,15.4,2.6,5.79,0.0
20130312:1710,0.0,0.0,0.0,2.07,4.62,0.0
20130312:1810,0.0,0.0,0.0,1.01,3.59,0.0
20130312:1910,0.0,0.0,0.0,0.48,2.97,0.0
20130312:2010,0.0,0.0,0.0,-0.57,2.69,0.0
20130312:2110,0.0,0.0,0.0,-0.04,2.69,0.0
20130312:2210,0.0,0.0,0.0,-0.04,2.62,0.0
20130312:2310,0.0,0.0,0.0,0.48,2.76,0.0
20130313:0010,0.0,0.0,0.0,1.01,3.31,0.0
20130313:0110,0.0,0.0,0.0,1.01,3.86,0.0
20130313:0210,0.0,0.0,0.0,1.01,4.07,0.0
20130313:0310,0.0,0.0,0.0,0.48,3.93,0.0
20130313:0410,0.0,0.0,0.0,-0.57,3.79,0.0
20130313:0510,0.0,0.0,0.0,-0.57,3.66,0.0
20130313:0610,0.0,0.0,0.0,-1.1,3.45,0.0
20130313:0710,71.49,106.01,6.98,-0.57,3.45,0.0
20130313:0810,308.54,359.12,15.75,0.48,3.31,0.0
20130313:0910,477.14,540.14,23.58,2.07,4.83,0.0
20130313:1010,478.91,543.31,29.92,3.13,5.38,0.0
20130313:1110,261.36,305.75,34.1,4.19,5.24,0.0
20130313:1210,225.93,267.95,35.57,4.72,5.24,0.0
20130313:1310,94.98,124.23,34.08,5.25,4.83,0.0
20130313:1410,226.55,269.62,29.88,5.78,4.55,0.0
20130313:1510,368.99,427.36,23.53,5.78,4.34,0.0
20130313:1610,319.84,379.05,15.69,5.25,4.14,0.0
20130313:1710,7.12,18.54,6.91,4.19,2.97,0.0
20130313:1810,0.0,0.0,0.0,2.6,2.9,0.0
20130313:1910,0.0,0.0,0.0,1.54,2.62,0.0
20130313:2010,0.0,0.0,0.0,1.01,2.41,0.0
20130313:2110,0.0,0.0,0.0,-0.04,2.41,0.0
20130313:2210,0.0,0.0,0.0,-0.57,2.41,0.0
20130313:2310,0.0,0.0,0.0,-1.63,2.48,0.0
20130314:0010,0.0,0.0,0.0,-2.16,2.41,0.0
20130314:0110,0.0,0.0,0.0,-2.69,2.41,0.0
20130314:0210,0.0,0.0,0.0,-2.69,2.48,0.0
20130314:0310,0.0,0.0,0.0,-3.22,2.34,0.0
20130314:0410,0.0,0.0,0.0,-3.22,2.48,0.0
20130314:0510,0.0,0.0,0.0,-3.22,2.48,0.0
20130314:0610,0.0,0.0,0.0,-3.75,2.48,0.0
20130314:0710,94.38,135.03,7.34,-3.22,2.14,0.0
20130314:0810,329.38,382.61,16.12,-0.57,2.28,0.0
20130314:0910,519.05,591.58,23.96,1.01,2.97,0.0
20130314:1010,498.78,573.13,30.31,2.6,2.76,0.0
20130314:1110,292.86,341.8,34.5,3.66,3.03,0.0
20130314:1210,329.44,383.82,35.97,4.19,2.9,0.0
20130314:1310,493.46,573.22,34.46,5.25,3.17,0.0
20130314:1410,215.26,257.49,30.22,5.25,3.31,0.0
20130314:1510,47.7,70.46,23.84,5.78,3.1,0.0
20130314:1610,47.7,70.46,15.97,5.78,3.1,0.0
20130314:1710,34.38,56.92,7.19,5.25,2.0,0.0
20130314:1810,0.0,0.0,0.0,4.19,2.0,0.0
20130314:1910,0.0,0.0,0.0,2.6,2.28,0.0
20130314:2010,0.0,0.0,0.0,1.54,2.55,0.0
20130314:2110,0.0,0.0,0.0,1.01,2.76,0.0
20130314:2210,0.0,0.0,0.0,0.48,2.83,0.0
20130314:2310,0.0,0.0,0.0,-0.04,2.76,0.0
20130315:0010,0.0,0.0,0.0,-0.04,2.83,0.0
20130315:0110,0.0,0.0,0.0,-0.04,2.97,0.0
20130315:0210,0.0,0.0,0.0,0.48,3.17,0.0
20130315:0310,0.0,0.0,0.0,1.01,3.79,0.0
20130315:0410,0.0,0.0,0.0,1.01,4.07,0.0
20130315:0510,0.0,0.0,0.0,1.01,4.14,0.0
20130315:0610,0.0,0.0,0.0,1.54,3.93,0.0
20130315:0710,30.14,49.99,7.7,2.6,4.48,0.0
20130315:0810,92.27,120.28,16.48,3.13,4.41,0.0
20130315:0910,271.42,315.57,24.34,4.19,5.52,0.0
20130315:1010,129.84,163.15,30.7,5.78,6.28,0.0
20130315:1110,149.51,186.32,34.91,7.37,5.72,0.0
20130315:1210,292.77,345.36,36.36,7.9,5.93,0.0
20130315:1310,146.83,183.54,34.83,7.9,6.69,0.0
20130315:1410,202.53,244.65,30.56,7.9,6.97,0.0
20130315:1510,106.65,138.16,24.15,7.37,6.83,0.0
20130315:1610,119.32,152.42,16.26,6.84,6.69,0.0
20130315:1710,20.29,37.27,7.46,6.31,6.41,0.0
20130315:1810,0.0,0.0,0.0,5.78,6.07,0.0
20130315:1910,0.0,0.0,0.0,5.78,6.28,0.0
20130315:2010,0.0,0.0,0.0,5.78,6.14,0.0
20130315:2110,0.0,0.0,0.0,5.78,6.28,0.0
20130315:2210,0.0,0.0,0.0,6.31,6.34,0.0
20130315:2310,0.0,0.0,0.0,6.31,6.62,0.0
20130316:0010,0.0,0.0,0.0,6.31,6.83,0.0
20130316:0110,0.0,0.0,0.0,6.31,7.1,0.0
20130316:0210,0.0,0.0,0.0,6.31,7.24,0.0
20130316:0310,0.0,0.0,0.0,6.31,7.38,0.0
20130316:0410,0.0,0.0,0.0,6.31,7.45,0.0
20130316:0510,0.0,0.0,0.0,6.31,7.66,0.0
20130316:0610,0.0,0.0,0.0,5.78,7.72,0.0
20130316:0710,22.49,39.98,8.06,5.78,7.93,0.0
20130316:0810,61.41,86.22,16.85,5.78,8.07,0.0
20130316:0910,74.42,101.05,24.72,5.78,8.34,0.0
20130316:1010,54.86,78.8,31.1,6.31,8.69,0.0
20130316:1110,55.8,79.73,35.31,5.78,8.41,0.0
20130316:1210,38.42,59.33,36.76,5.78,6.41,0.0
20130316:1310,46.21,68.61,35.2,5.78,5.66,0.0
20130316:1410,57.0,81.59,30.9,6.84,4.9,0.0
20130316:1510,190.8,231.5,24.46,7.37,4.97,0.0
20130316:1610,174.41,214.85,16.55,7.37,5.72,0.0
20130316:1710,97.07,144.23,7.73,6.31,5.86,0.0
20130316:1810,0.0,0.0,0.0,5.78,5.24,0.0
20130316:1910,0.0,0.0,0.0,4.72,5.52,0.0
20130316:2010,0.0,0.0,0.0,5.25,5.45,0.0
20130316:2110,0.0,0.0,0.0,5.25,6.07,0.0
20130316:2210,0.0,0.0,0.0,5.25,5.93,0.0
20130316:2310,0.0,0.0,0.0,4.72,5.31,0.0
20130317:0010,0.0,0.0,0.0,4.72,4.69,0.0
20130317:0110,0.0,0.0,0.0,4.19,4.14,0.0
20130317:0210,0.0,0.0,0.0,3.66,3.52,0.0
20130317:0310,0.0,0.0,0.0,3.13,2.83,0.0
20130317:0410,0.0,0.0,0.0,2.6,1.93,0.0
20130317:0510,0.0,0.0,0.0,2.6,1.31,0.0
20130317:0610,0.0,0.0,0.0,2.6,1.59,0.0
20130317:0710,71.98,105.03,8.41,3.13,2.69,0.0
20130317:0810,24.99,42.65,17.22,4.19,2.83,0.0
20130317:0910,142.54,177.08,25.11,5.25,3.72,0.0
20130317:1010,216.04,258.99,31.49,6.31,4.41,0.0
20130317:1110,91.8,121.45,35.71,6.84,4.76,0.0
20130317:1210,212.63,255.76,37.15,6.31,4.34,0.0
20130317:1310,120.88,153.9,35.57,6.31,4.41,0.0
20130317:1410,230.29,275.98,31.25,6.84,3.38,0.0
20130317:1510,25.37,43.57,24.77,6.84,2.55,0.0
20130317:1610,56.77,81.55,16.83,6.84,1.72,0.0
20130317:1710,1.16,8.34,8.0,5.78,0.9,0.0
20130317:1810,0.0,0.0,0.0,4.72,0.69,0.0
20130317:1910,0.0,0.0,0.0,3.66,1.93,0.0
20130317:2010,0.0,0.0,0.0,3.13,2.14,0.0
20130317:2110,0.0,0.0,0.0,2.6,2.41,0.0
20130317:2210,0.0,0.0,0.0,1.54,2.28,0.0
20130317:2310,0.0,0.0,0.0,1.54,2.14,0.0
20130318:0010,0.0,0.0,0.0,1.01,1.72,0.0
20130318:0110,0.0,0.0,0.0,1.01,1.86,0.0
20130318:0210,0.0,0.0,0.0,-0.04,1.86,0.0
20130318:0310,0.0,0.0,0.0,-0.57,1.86,0.0
20130318:0410,0.0,0.0,0.0,-1.1,1.79,0.0
20130318:0510,0.0,0.0,0.0,-1.1,1.93,0.0
20130318:0610,0.0,0.0,0.0,-0.57,1.72,0.0
20130318:0710,91.31,127.84,8.77,-1.63,1.45,0.0
20130318:0810,121.73,153.24,17.59,2.07,0.97,0.0
20130318:0910,159.47,196.44,25.49,4.72,1.31,0.0
20130318:1010,111.97,144.63,31.89,6.31,1.45,0.0
20130318:1110,163.6,203.79,36.11,7.37,1.45,0.0
20130318:1210,31.86,51.92,37.55,7.9,1.59,0.0
20130318:1310,29.55,49.14,35.95,8.43,1.66,0.0
20130318:1410,61.09,87.15,31.59,8.43,1.59,0.0
20130318:1510,23.11,40.79,25.08,7.37,1.38,0.0
20130318:1610,10.75,24.1,17.12,6.84,1.1,0.0
20130318:1710,6.44,17.62,8.27,5.78,0.83,0.0
20130318:1810,0.0,0.0,0.0,5.25,1.03,0.0
20130318:1910,0.0,0.0,0.0,3.66,1.59,0.0
20130318:2010,0.0,0.0,0.0,2.6,1.72,0.0
20130318:2110,0.0,0.0,0.0,1.54,1.17,0.0
20130318:2210,0.0,0.0,0.0,1.01,1.1,0.0
20130318:2310,0.0,0.0,0.0,0.48,1.45,0.0
20130319:0010,0.0,0.0,0.0,-0.04,1.1,0.0
20130319:0110,0.0,0.0,0.0,0.48,0.9,0.0
20130319:0210,0.0,0.0,0.0,0.48,0.97,0.0
20130319:0310,0.0,0.0,0.0,0.48,1.1,0.0
20130319:0410,0.0,0.0,0.0,1.01,0.97,0.0
20130319:0510,0.0,0.0,0.0,0.48,1.03,0.0
20130319:0610,0.0,0.0,0.0,1.01,1.52,0.0
20130319:0710,28.8,47.23,9.13,1.54,0.9,0.0
20130319:0810,45.85,67.68,17.96,3.13,1.31,0.0
20130319:0910,88.62,116.82,25.87,3.66,1.52,0.0
20130319:1010,119.18,152.05,32.29,5.25,1.66,0.0
20130319:1110,90.84,120.52,36.52,6.31,1.93,0.0
20130319:1210,63.19,89.0,37.94,6.84,2.0,0.0
20130319:1310,176.17,217.63,36.32,7.37,2.0,0.0
20130319:1410,97.44,128.87,31.93,7.9,1.93,0.0
20130319:1510,176.18,217.59,25.39,7.9,1.79,0.0
20130319:1610,243.28,294.61,17.4,6.84,2.34,0.0
20130319:1710,101.82,149.6,8.54,5.78,2.07,0.0
20130319:1810,0.0,0.0,0.0,4.72,2.28,0.0
20130319:1910,0.0,0.0,0.0,3.66,2.28,0.0
20130319:2010,0.0,0.0,0.0,2.6,2.34,0.0
20130319:2110,0.0,0.0,0.0,1.54,2.34,0.0
20130319:2210,0.0,0.0,0.0,1.01,2.28,0.0
20130319:2310,0.0,0.0,0.0,0.48,2.21,0.0
20130320:0010,0.0,0.0,0.0,-0.04,2.21,0.0
20130320:0110,0.0,0.0,0.0,-0.04,2.14,0.0
20130320:0210,0.0,0.0,0.0,-0.04,2.28,0.0
20130320:0310,0.0,0.0,0.0,0.48,2.34,0.0
20130320:0410,0.0,0.0,0.0,1.01,2.21,0.0
20130320:0510,0.0,0.0,0.0,1.01,2.28,0.0
20130320:0610,0.0,0.0,0.0,1.01,2.41,0.0
20130320:0710,54.42,80.07,9.49,2.6,2.62,0.0
20130320:0810,106.02,135.72,18.33,3.13,3.1,0.0
20130320:0910,142.32,176.65,26.25,4.72,3.38,0.0
20130320:1010,132.39,165.85,32.68,4.72,3.45,0.0
20130320:1110,64.59,89.93,36.92,5.25,3.31,0.0
20130320:1210,82.05,110.33,38.34,6.31,3.17,0.0
20130320:1310,48.21,71.39,36.69,6.84,2.76,0.0
20130320:1410,133.71,168.63,32.26,6.31,2.83,0.0
20130320:1510,43.53,65.82,25.7,6.84,2.55,0.0
20130320:1610,53.86,77.88,17.68,6.31,2.76,0.0
20130320:1710,23.07,40.67,8.8,5.25,2.76,0.0
20130320:1810,0.0,0.0,0.0,4.19,2.34,0.0
20130320:1910,0.0,0.0,0.0,3.13,1.79,0.0
20130320:2010,0.0,0.0,0.0,2.07,1.79,0.0
20130320:2110,0.0,0.0,0.0,2.07,1.93,0.0
20130320:2210,0.0,0.0,0.0,1.54,1.79,0.0
20130320:2310,0.0,0.0,0.0,1.54,1.52,0.0
20130321:0010,0.0,0.0,0.0,1.54,1.72,0.0
20130321:0110,0.0,0.0,0.0,1.54,1.93,0.0
20130321:0210,0.0,0.0,0.0,1.01,1.86,0.0
20130321:0310,0.0,0.0,0.0,0.48,1.86,0.0
20130321:0410,0.0,0.0,0.0,-0.04,2.07,0.0
20130321:0510,0.0,0.0,0.0,-0.04,2.28,0.0
20130321:0610,0.0,0.0,0.0,-0.57,2.55,0.0
20130321:0710,34.1,53.48,9.85,-0.04,2.28,0.0
20130321:0810,149.38,182.99,18.7,2.07,2.9,0.0
20130321:0910,354.56,408.32,26.64,3.66,3.86,0.0
20130321:1010,320.11,372.01,33.08,4.72,4.14,0.0
20130321:1110,310.86,364.03,37.32,5.78,4.21,0.0
20130321:1210,342.34,400.19,38.73,6.31,4.34,0.0
20130321:1310,242.96,289.24,37.06,6.31,4.48,0.0
20130321:1410,194.44,234.73,32.6,5.78,4.62,0.0
20130321:1510,138.5,172.79,26.01,5.78,4.9,0.0
20130321:1610,43.06,64.9,17.97,5.78,5.1,0.0
20130321:1710,56.73,84.7,9.07,4.72,4.76,0.0
20130321:1810,0.0,0.0,0.0,3.66,5.1,0.0
20130321:1910,0.0,0.0,0.0,3.13,5.17,0.0
20130321:2010,0.0,0.0,0.0,3.13,5.1,0.0
20130321:2110,0.0,0.0,0.0,3.13,5.31,0.0
20130321:2210,0.0,0.0,0.0,3.13,5.38,0.0
20130321:2310,0.0,0.0,0.0,3.13,5.45,0.0
20130322:0010,0.0,0.0,0.0,2.6,5.66,0.0
20130322:0110,0.0,0.0,0.0,2.07,5.45,0.0
20130322:0210,0.0,0.0,0.0,1.54,5.45,0.0
20130322:0310,0.0,0.0,0.0,1.54,5.59,0.0
20130322:0410,0.0,0.0,0.0,1.01,5.72,0.0
20130322:0510,0.0,0.0,0.0,1.01,5.66,0.0
20130322:0610,0.0,0.0,0.0,1.01,5.59,0.0
20130322:0710,15.19,29.67,10.22,1.54,5.72,0.0
20130322:0810,43.18,63.97,19.07,1.54,5.72,0.0
20130322:0910,84.69,111.25,27.02,2.6,7.66,0.0
20130322:1010,150.54,184.26,33.48,3.66,7.03,0.0
20130322:1110,214.39,254.14,37.72,4.19,7.38,0.0
20130322:1210,331.15,381.91,39.13,4.72,7.38,0.0
20130322:1310,167.08,203.73,37.43,5.25,6.97,0.0
20130322:1410,284.98,331.69,32.94,5.25,7.1,0.0
20130322:1510,55.22,78.8,26.31,4.72,6.21,0.0
20130322:1610,57.64,81.59,18.25,4.72,6.28,0.0
20130322:1710,14.25,28.74,9.34,4.72,6.9,0.0
20130322:1810,0.0,0.0,0.0,4.19,6.55,0.0
20130322:1910,0.0,0.0,0.0,3.13,6.07,0.0
20130322:2010,0.0,0.0,0.0,3.13,5.86,0.0
20130322:2110,0.0,0.0,0.0,2.6,6.21,0.0
20130322:2210,0.0,0.0,0.0,2.6,6.14,0.0
20130322:2310,0.0,0.0,0.0,2.07,6.21,0.0
20130323:0010,0.0,0.0,0.0,2.07,5.93,0.0
20130323:0110,0.0,0.0,0.0,2.07,5.93,0.0
20130323:0210,0.0,0.0,0.0,1.54,6.0,0.0
20130323:0310,0.0,0.0,0.0,1.54,5.59,0.0
20130323:0410,0.0,0.0,0.0,1.01,5.72,0.0
20130323:0510,0.0,0.0,0.0,1.01,5.72,0.0
20130323:0610,0.0,0.0,0.0,1.01,5.45,0.0
20130323:0710,37.0,57.03,10.58,1.01,5.03,0.0
20130323:0810,97.94,125.36,19.44,1.01,4.83,0.0
20130323:0910,130.66,160.91,27.4,1.01,5.45,0.0
20130323:1010,28.45,46.36,33.87,1.01,5.24,0.0
20130323:1110,100.73,128.87,38.13,2.07,5.86,0.0
20130323:1210,60.0,83.44,39.52,2.07,5.79,0.0
20130323:1310,57.56,80.66,37.8,2.07,6.14,0.0
20130323:1410,27.54,45.43,33.27,2.07,5.45,0.0
20130323:1510,25.29,42.65,26.61,2.07,5.59,0.0
20130323:1610,26.86,44.5,18.52,1.54,5.24,0.0
20130323:1710,13.11,26.89,9.6,1.54,4.83,0.0
20130323:1810,0.0,0.0,0.0,1.01,4.9,0.0
20130323:1910,0.0,0.0,0.0,1.01,4.34,0.0
20130323:2010,0.0,0.0,0.0,1.01,4.48,0.0
20130323:2110,0.0,0.0,0.0,1.01,4.62,0.0
20130323:2210,0.0,0.0,0.0,1.01,4.83,0.0
20130323:2310,0.0,0.0,0.0,1.01,4.69,0.0
20130324:0010,0.0,0.0,0.0,1.01,5.03,0.0
20130324:0110,0.0,0.0,0.0,1.01,5.03,0.0
20130324:0210,0.0,0.0,0.0,0.48,5.03,0.0
20130324:0310,0.0,0.0,0.0,0.48,5.03,0.0
20130324:0410,0.0,0.0,0.0,0.48,5.03,0.0
20130324:0510,0.0,0.0,0.0,-0.04,5.17,0.0
20130324:0610,0.0,0.0,0.0,-0.04,5.38,0.0
20130324:0710,29.43,47.28,10.94,-0.57,4.14,0.0
20130324:0810,36.44,55.63,19.8,-0.57,4.21,0.0
20130324:0910,58.13,80.66,27.79,-0.04,5.59,0.0
20130324:1010,34.8,53.77,34.27,-0.04,5.86,0.0
20130324:1110,48.35,69.53,38.53,-0.04,5.72,0.0
20130324:1210,35.5,54.7,39.91,0.48,6.0,0.0
20130324:1310,45.71,66.75,38.17,1.01,6.28,0.0
20130324:1410,43.42,63.97,33.61,0.48,6.28,0.0
20130324:1510,52.3,74.17,26.92,0.48,6.55,0.0
20130324:1610,113.79,142.01,18.8,-0.04,6.62,0.0
20130324:1710,90.98,126.87,9.86,-0.04,5.66,0.0
20130324:1810,0.0,0.0,0.0,-0.04,5.31,0.0
20130324:1910,0.0,0.0,0.0,-0.04,4.69,0.0
20130324:2010,0.0,0.0,0.0,-0.04,4.62,0.0
20130324:2110,0.0,0.0,0.0,0.48,4.69,0.0
20130324:2210,0.0,0.0,0.0,0.48,4.83,0.0
20130324:2310,0.0,0.0,0.0,0.48,4.9,0.0
20130325:0010,0.0,0.0,0.0,-0.04,5.03,0.0
20130325:0110,0.0,0.0,0.0,-0.04,5.03,0.0
20130325:0210,0.0,0.0,0.0,-0.04,5.03,0.0
20130325:0310,0.0,0.0,0.0,-0.04,4.9,0.0
20130325:0410,0.0,0.0,0.0,-0.04,4.83,0.0
20130325:0510,0.0,0.0,0.0,-0.04,4.62,0.0
20130325:0610,0.0,0.0,0.0,-0.04,4.76,0.0
20130325:0710,46.25,67.75,11.3,-0.04,4.07,0.0
20130325:0810,74.45,98.97,20.17,-0.04,4.48,0.0
20130325:0910,86.33,112.18,28.17,0.48,6.62,0.0
20130325:1010,74.4,99.2,34.66,1.01,6.62,0.0
20130325:1110,77.73,102.91,38.93,1.01,6.48,0.0
20130325:1210,53.78,76.02,40.31,1.01,6.28,0.0
20130325:1310,53.79,76.02,38.54,1.01,6.41,0.0
20130325:1410,52.98,75.1,33.94,1.01,6.55,0.0
20130325:1510,55.42,77.88,27.22,1.01,6.48,0.0
20130325:1610,94.4,121.39,19.08,1.01,6.14,0.0
20130325:1710,46.9,69.61,10.13,1.01,5.45,0.0
20130325:1810,0.0,0.0,0.0,1.01,4.97,0.0
20130325:1910,0.0,0.0,0.0,1.01,4.69,0.0
20130325:2010,0.0,0.0,0.0,1.01,4.55,0.0
20130325:2110,0.0,0.0,0.0,1.01,4.55,0.0
20130325:2210,0.0,0.0,0.0,1.01,4.55,0.0
20130325:2310,0.0,0.0,0.0,1.01,4.55,0.0
20130326:0010,0.0,0.0,0.0,0.48,4.41,0.0
20130326:0110,0.0,0.0,0.0,0.48,4.34,0.0
20130326:0210,0.0,0.0,0.0,-0.04,4.28,0.0
20130326:0310,0.0,0.0,0.0,-0.57,4.21,0.0
20130326:0410,0.0,0.0,0.0,-0.57,4.28,0.0
20130326:0510,0.0,0.0,0.0,-0.57,4.34,0.0
20130326:0610,0.0,0.0,0.0,-0.57,4.28,0.0
20130326:0710,56.69,80.35,11.66,-0.04,4.41,0.0
20130326:0810,123.96,153.65,20.54,0.48,3.93,0.0
20130326:0910,113.79,142.57,28.55,1.01,5.79,0.0
20130326:1010,97.01,124.23,35.06,1.01,5.93,0.0
20130326:1110,86.87,113.11,39.33,1.01,5.45,0.0
20130326:1210,96.14,123.31,40.7,1.01,5.59,0.0
20130326:1310,147.99,179.86,38.9,1.01,5.59,0.0
20130326:1410,123.22,152.97,34.27,1.01,5.31,0.0
20130326:1510,97.79,125.16,27.52,1.01,5.17,0.0
20130326:1610,66.84,90.86,19.36,1.01,4.76,0.0
20130326:1710,53.01,77.11,10.39,1.01,4.41,0.0
20130326:1810,0.0,0.0,0.0,0.48,3.79,0.0
20130326:1910,0.0,0.0,0.0,0.48,3.31,0.0
20130326:2010,0.0,0.0,0.0,0.48,3.31,0.0
20130326:2110,0.0,0.0,0.0,0.48,3.31,0.0
20130326:2210,0.0,0.0,0.0,0.48,3.38,0.0
20130326:2310,0.0,0.0,0.0,0.48,3.31,0.0
20130327:0010,0.0,0.0,0.0,0.48,3.31,0.0
20130327:0110,0.0,0.0,0.0,-0.04,3.17,0.0
20130327:0210,0.0,0.0,0.0,-0.04,3.24,0.0
20130327:0310,0.0,0.0,0.0,-1.1,3.24,0.0
20130327:0410,0.0,0.0,0.0,-1.1,3.31,0.0
20130327:0510,0.0,0.0,0.0,-1.63,3.31,0.0
20130327:0610,1.02,7.87,2.73,-1.63,3.31,0.0
20130327:0710,117.23,154.21,12.02,-0.57,3.24,0.0
20130327:0810,320.74,370.03,20.91,1.01,3.86,0.0
20130327:0910,392.11,443.86,28.93,1.54,5.31,0.0
20130327:1010,290.01,335.18,35.45,2.6,5.03,0.0
20130327:1110,179.59,215.67,39.73,2.6,5.03,0.0
20130327:1210,335.23,386.24,41.09,3.13,5.03,0.0
20130327:1310,263.51,307.73,39.27,3.13,4.76,0.0
20130327:1410,170.4,206.05,34.6,3.13,4.76,0.0
20130327:1510,197.5,234.64,27.81,2.6,4.55,0.0
20130327:1610,248.8,293.22,19.63,2.6,4.21,0.0
20130327:1710,51.39,75.29,10.65,2.07,3.86,0.0
20130327:1810,0.0,0.0,0.0,1.01,3.1,0.0
20130327:1910,0.0,0.0,0.0,0.48,2.83,0.0
20130327:2010,0.0,0.0,0.0,-0.04,2.83,0.0
20130327:2110,0.0,0.0,0.0,-0.04,2.9,0.0
20130327:2210,0.0,0.0,0.0,-0.04,2.76,0.0
20130327:2310,0.0,0.0,0.0,-0.57,2.83,0.0
20130328:0010,0.0,0.0,0.0,-1.1,2.97,0.0
20130328:0110,0.0,0.0,0.0,-1.63,2.9,0.0
20130328:0210,0.0,0.0,0.0,-1.63,2.76,0.0
20130328:0310,0.0,0.0,0.0,-1.63,2.76,0.0
20130328:0410,0.0,0.0,0.0,-1.63,2.76,0.0
20130328:0510,0.0,0.0,0.0,-1.63,2.83,0.0
20130328:0610,3.25,13.08,3.09,-1.63,2.9,0.0
20130328:0710,162.86,213.2,12.37,-0.04,2.9,0.0
20130328:0810,321.53,371.17,21.28,1.01,3.59,0.0
20130328:0910,454.04,514.64,29.31,2.07,4.83,0.0
20130328:1010,125.38,156.68,35.84,3.13,5.31,0.0
20130328:1110,80.8,107.54,40.13,3.66,5.1,0.0
20130328:1210,207.75,247.63,41.48,3.66,4.76,0.0
20130328:1310,122.48,153.9,39.63,3.66,4.9,0.0
20130328:1410,154.16,188.72,34.93,3.66,4.83,0.0
20130328:1510,178.56,215.13,28.11,3.66,4.62,0.0
20130328:1610,157.18,192.57,19.9,3.66,4.21,0.0
20130328:1710,74.61,105.44,10.91,3.13,3.52,0.0
20130328:1810,0.0,0.0,0.0,2.07,2.76,0.0
20130328:1910,0.0,0.0,0.0,1.01,2.48,0.0
20130328:2010,0.0,0.0,0.0,1.01,2.34,0.0
20130328:2110,0.0,0.0,0.0,-0.04,2.55,0.0
20130328:2210,0.0,0.0,0.0,-1.1,2.76,0.0
20130328:2310,0.0,0.0,0.0,-2.16,2.76,0.0
20130329:0010,0.0,0.0,0.0,-2.69,2.41,0.0
20130329:0110,0.0,0.0,0.0,-3.22,2.07,0.0
20130329:0210,0.0,0.0,0.0,-3.75,2.21,0.0
20130329:0310,0.0,0.0,0.0,-4.28,2.28,0.0
20130329:0410,0.0,0.0,0.0,-4.28,2.28,0.0
20130329:0510,0.0,0.0,0.0,-3.75,2.41,0.0
20130329:0610,2.24,10.2,3.44,-3.75,2.41,0.0
20130329:0710,77.36,104.02,12.73,-1.63,2.28,0.0
20130329:0810,412.25,475.22,21.64,1.01,3.03,0.0
20130329:0910,600.72,683.76,29.69,2.6,4.76,0.0
20130329:1010,711.4,818.53,36.24,3.13,4.69,0.0
20130329:1110,309.19,358.96,40.53,3.66,4.48,0.0
20130329:1210,377.84,435.55,41.87,3.66,4.34,0.0
20130329:1310,189.21,227.5,39.99,3.66,4.28,0.0
20130329:1410,96.47,125.16,35.26,3.66,4.21,0.0
20130329:1510,223.82,264.55,28.41,3.66,4.28,0.0
20130329:1610,131.14,163.69,20.17,3.66,4.34,0.0
20130329:1710,70.59,99.87,11.17,3.13,3.93,0.0
20130329:1810,0.0,0.0,0.0,2.07,3.38,0.0
20130329:1910,0.0,0.0,0.0,1.01,3.17,0.0
20130329:2010,0.0,0.0,0.0,0.48,3.03,0.0
20130329:2110,0.0,0.0,0.0,-0.57,2.76,0.0
20130329:2210,0.0,0.0,0.0,-1.63,2.55,0.0
20130329:2310,0.0,0.0,0.0,-1.63,2.55,0.0
20130330:0010,0.0,0.0,0.0,-2.16,2.69,0.0
20130330:0110,0.0,0.0,0.0,-2.16,2.76,0.0
20130330:0210,0.0,0.0,0.0,-2.16,2.83,0.0
20130330:0310,0.0,0.0,0.0,-2.16,2.9,0.0
20130330:0410,0.0,0.0,0.0,-2.16,2.9,0.0
20130330:0510,0.0,0.0,0.0,-2.16,2.97,0.0
20130330:0610,2.22,10.2,3.8,-2.16,3.03,0.0
20130330:0710,62.34,86.45,13.09,-0.04,3.17,0.0
20130330:0810,152.98,185.83,22.01,1.54,4.41,0.0
20130330:0910,348.64,398.27,30.06,2.07,4.62,0.0
20130330:1010,144.64,178.0,36.63,3.13,4.62,0.0
20130330:1110,154.01,189.13,40.93,4.19,4.69,0.0
20130330:1210,281.49,329.92,42.26,4.72,4.83,0.0
20130330:1310,117.36,149.26,40.35,5.25,4.62,0.0
20130330:1410,402.7,465.94,35.59,5.25,4.21,0.0
20130330:1510,113.81,145.29,28.7,5.25,4.48,0.0
20130330:1610,119.74,151.69,20.44,4.72,4.48,0.0
20130330:1710,122.12,170.47,11.43,4.19,3.93,0.0
20130330:1810,0.0,0.0,0.0,3.13,2.97,0.0
20130330:1910,0.0,0.0,0.0,2.07,2.28,0.0
20130330:2010,0.0,0.0,0.0,1.01,2.14,0.0
20130330:2110,0.0,0.0,0.0,-0.04,2.14,0.0
20130330:2210,0.0,0.0,0.0,-1.1,2.14,0.0
20130330:2310,0.0,0.0,0.0,-2.16,2.14,0.0
20130331:0010,0.0,0.0,0.0,-2.69,2.21,0.0
20130331:0110,0.0,0.0,0.0,-3.22,2.21,0.0
20130331:0210,0.0,0.0,0.0,-3.22,2.14,0.0
20130331:0310,0.0,0.0,0.0,-3.75,2.07,0.0
20130331:0410,0.0,0.0,0.0,-4.28,2.07,0.0
20130331:0510,0.0,0.0,0.0,-4.28,2.14,0.0
20130331:0610,9.25,24.28,4.15,-4.28,2.14,0.0
20130331:0710,183.36,236.24,13.44,-1.63,2.0,0.0
20130331:0810,429.31,495.59,22.37,1.01,2.69,0.0
20130331:0910,627.1,717.85,30.44,2.6,4.07,0.0
20130331:1010,83.98,111.25,37.02,3.66,3.72,0.0
20130331:1110,174.42,212.08,41.32,4.19,3.52,0.0
20130331:1210,321.87,375.52,42.64,4.19,3.45,0.0
20130331:1310,124.93,157.61,40.71,4.72,3.45,0.0
20130331:1410,89.29,117.74,35.91,4.72,3.45,0.0
20130331:1510,243.65,287.46,28.99,4.19,3.52,0.0
20130331:1610,183.17,222.07,20.71,4.19,3.66,0.0
20130331:1710,106.0,146.71,11.68,3.66,3.59,0.0
20130331:1810,0.0,0.0,0.0,2.6,3.03,0.0
20130331:1910,0.0,0.0,0.0,1.01,2.9,0.0
20130331:2010,0.0,0.0,0.0,0.48,2.83,0.0
20130331:2110,0.0,0.0,0.0,-0.04,2.83,0.0
20130331:2210,0.0,0.0,0.0,-0.04,2.97,0.0
20130331:2310,0.0,0.0,0.0,-0.04,3.03,0.0
20130401:0010,0.0,0.0,0.0,-0.04,3.17,0.0
20130401:0110,0.0,0.0,0.0,-0.04,3.17,0.0
20130401:0210,0.0,0.0,0.0,-0.04,3.17,0.0
20130401:0310,0.0,0.0,0.0,-0.04,3.17,0.0
20130401:0410,0.0,0.0,0.0,-0.04,3.24,0.0
20130401:0510,0.0,0.0,0.0,-0.04,3.24,0.0
20130401:0610,6.09,17.16,4.5,-0.04,3.31,0.0
20130401:0710,53.38,75.97,13.8,1.01,3.1,0.0
20130401:0810,65.69,89.93,22.73,2.07,4.97,0.0
20130401:0910,65.41,89.93,30.81,3.13,6.14,0.0
20130401:1010,71.97,97.35,37.4,3.13,6.07,0.0
20130401:1110,66.89,91.78,41.72,3.66,6.41,0.0
20130401:1210,67.7,92.71,43.03,3.66,6.34,0.0
20130401:1310,488.81,557.55,41.07,4.19,6.34,0.0
20130401:1410,447.93,510.36,36.23,4.19,6.48,0.0
20130401:1510,450.62,512.67,29.28,4.19,6.62,0.0
20130401:1610,341.77,397.1,20.98,3.66,6.62,0.0
20130401:1710,134.07,186.02,11.94,3.66,6.14,0.0
20130401:1810,2.29,10.49,2.62,2.6,5.17,0.0
20130401:1910,0.0,0.0,0.0,1.54,4.83,0.0
20130401:2010,0.0,0.0,0.0,1.01,4.76,0.0
20130401:2110,0.0,0.0,0.0,0.48,4.55,0.0
20130401:2210,0.0,0.0,0.0,0.48,4.34,0.0
20130401:2310,0.0,0.0,0.0,-0.04,4.34,0.0
20130402:0010,0.0,0.0,0.0,-0.04,4.34,0.0
20130402:0110,0.0,0.0,0.0,-0.04,4.41,0.0
20130402:0210,0.0,0.0,0.0,-0.04,4.34,0.0
20130402:0310,0.0,0.0,0.0,-0.04,4.34,0.0
20130402:0410,0.0,0.0,0.0,-0.04,4.28,0.0
20130402:0510,0.0,0.0,0.0,-0.57,4.14,0.0
20130402:0610,11.55,31.43,4.85,-0.57,4.07,0.0
20130402:0710,177.71,227.62,14.15,0.48,3.59,0.0
20130402:0810,405.92,465.25,23.09,2.07,4.97,0.0
20130402:0910,601.35,686.01,31.19,4.19,5.72,0.0
20130402:1010,750.79,864.2,37.79,5.25,6.55,0.0
20130402:1110,815.44,948.8,42.11,5.78,6.34,0.0
20130402:1210,849.81,994.78,43.41,6.31,6.34,0.0
20130402:1310,797.59,932.15,41.43,6.84,6.21,0.0
20130402:1410,730.33,845.13,36.55,6.31,6.21,0.0
20130402:1510,580.66,667.74,29.57,6.31,6.07,0.0
20130402:1610,365.75,429.25,21.25,5.78,5.93,0.0
20130402:1710,134.08,186.64,12.19,4.72,5.52,0.0
20130402:1810,2.75,11.37,2.88,3.66,4.48,0.0
20130402:1910,0.0,0.0,0.0,2.6,4.21,0.0
20130402:2010,0.0,0.0,0.0,1.54,4.14,0.0
20130402:2110,0.0,0.0,0.0,1.01,4.07,0.0
20130402:2210,0.0,0.0,0.0,0.48,3.93,0.0
20130402:2310,0.0,0.0,0.0,-0.04,3.86,0.0
20130403:0010,0.0,0.0,0.0,-0.57,3.86,0.0
20130403:0110,0.0,0.0,0.0,-0.57,3.72,0.0
20130403:0210,0.0,0.0,0.0,-1.1,3.72,0.0
20130403:0310,0.0,0.0,0.0,-1.1,3.72,0.0
20130403:0410,0.0,0.0,0.0,-0.57,3.72,0.0
20130403:0510,0.0,0.0,0.0,-0.57,3.79,0.0
20130403:0610,14.14,34.73,5.2,-0.57,3.93,0.0
20130403:0710,157.9,201.79,14.5,1.01,3.66,0.0
20130403:0810,153.5,186.29,23.45,2.07,6.48,0.0
20130403:0910,97.2,125.16,31.56,2.6,6.83,0.0
20130403:1010,90.28,117.74,38.18,3.13,7.1,0.0
20130403:1110,72.67,98.27,42.5,3.66,7.24,0.0
20130403:1210,148.14,181.71,43.79,3.66,7.24,0.0
20130403:1310,86.51,114.03,41.78,4.19,7.1,0.0
20130403:1410,73.48,99.2,36.87,3.66,6.97,0.0
20130403:1510,76.6,102.91,29.86,4.19,7.38,0.0
20130403:1610,56.34,79.73,21.51,3.66,7.03,0.0
20130403:1710,38.15,58.72,12.44,3.66,6.41,0.0
20130403:1810,1.83,9.62,3.13,3.13,5.66,0.0
20130403:1910,0.0,0.0,0.0,2.07,5.1,0.0
20130403:2010,0.0,0.0,0.0,1.54,5.03,0.0
20130403:2110,0.0,0.0,0.0,1.01,4.97,0.0
20130403:2210,0.0,0.0,0.0,1.01,4.76,0.0
20130403:2310,0.0,0.0,0.0,1.01,4.69,0.0
20130404:0010,0.0,0.0,0.0,1.01,4.48,0.0
20130404:0110,0.0,0.0,0.0,0.48,4.41,0.0
20130404:0210,0.0,0.0,0.0,0.48,4.28,0.0
20130404:0310,0.0,0.0,0.0,0.48,4.14,0.0
20130404:0410,0.0,0.0,0.0,-0.04,4.07,0.0
20130404:0510,0.0,0.0,0.0,-0.04,4.07,0.0
20130404:0610,11.83,25.44,5.55,0.48,4.28,0.0
20130404:0710,34.6,53.77,14.85,1.01,4.28,0.0
20130404:0810,36.01,55.63,23.81,2.07,6.69,0.0
20130404:0910,88.84,115.89,31.93,2.6,7.1,0.0
20130404:1010,83.0,109.4,38.56,2.6,7.24,0.0
20130404:1110,55.01,77.88,42.89,2.6,6.97,0.0
20130404:1210,67.91,92.71,44.17,3.13,7.31,0.0
20130404:1310,126.47,157.61,42.13,3.13,7.17,0.0
20130404:1410,56.34,79.73,37.19,3.66,7.17,0.0
20130404:1510,55.54,78.8,30.14,3.66,7.24,0.0
20130404:1610,61.35,85.29,21.78,3.13,6.76,0.0
20130404:1710,38.25,58.7,12.7,3.13,7.38,0.0
20130404:1810,3.77,13.12,3.38,2.6,5.72,0.0
20130404:1910,0.0,0.0,0.0,2.07,5.45,0.0
20130404:2010,0.0,0.0,0.0,1.54,5.38,0.0
20130404:2110,0.0,0.0,0.0,1.01,5.31,0.0
20130404:2210,0.0,0.0,0.0,1.01,5.17,0.0
20130404:2310,0.0,0.0,0.0,1.01,5.1,0.0
20130405:0010,0.0,0.0,0.0,1.01,5.17,0.0
20130405:0110,0.0,0.0,0.0,1.01,5.31,0.0
20130405:0210,0.0,0.0,0.0,1.01,5.45,0.0
20130405:0310,0.0,0.0,0.0,1.01,5.45,0.0
20130405:0410,0.0,0.0,0.0,1.54,5.45,0.0
20130405:0510,0.0,0.0,0.0,1.54,5.45,0.0
20130405:0610,17.39,34.91,5.89,1.54,5.45,0.0
20130405:0710,66.55,91.39,15.19,2.07,4.83,0.0
20130405:0810,56.64,79.73,24.16,2.6,7.24,0.0
20130405:0910,143.47,176.43,32.3,3.66,7.72,0.0
20130405:1010,72.5,98.27,38.94,4.19,7.59,0.0
20130405:1110,116.36,147.41,43.28,4.72,7.79,0.0
20130405:1210,197.6,236.81,44.55,4.72,7.17,0.0
20130405:1310,335.03,387.33,42.48,5.25,7.72,0.0
20130405:1410,202.76,243.24,37.51,5.78,7.17,0.0
20130405:1510,198.44,238.79,30.43,6.31,6.76,0.0
20130405:1610,91.61,120.6,22.04,5.78,6.07,0.0
20130405:1710,41.68,63.31,12.95,5.25,5.1,0.0
20130405:1810,4.24,13.99,3.63,4.72,4.69,0.0
20130405:1910,0.0,0.0,0.0,3.66,4.48,0.0
20130405:2010,0.0,0.0,0.0,2.6,4.34,0.0
20130405:2110,0.0,0.0,0.0,1.54,4.21,0.0
20130405:2210,0.0,0.0,0.0,1.01,4.07,0.0
20130405:2310,0.0,0.0,0.0,1.01,3.79,0.0
20130406:0010,0.0,0.0,0.0,1.01,3.59,0.0
20130406:0110,0.0,0.0,0.0,0.48,3.38,0.0
20130406:0210,0.0,0.0,0.0,0.48,3.38,0.0
20130406:0310,0.0,0.0,0.0,0.48,3.31,0.0
20130406:0410,0.0,0.0,0.0,0.48,3.31,0.0
20130406:0510,0.0,0.0,0.0,0.48,3.17,0.0
20130406:0610,22.86,50.49,6.23,0.48,3.1,0.0
20130406:0710,197.85,251.29,15.54,1.01,2.76,0.0
20130406:0810,419.77,483.84,24.51,2.6,3.86,0.0
20130406:0910,530.16,608.01,32.66,4.19,4.55,0.0
20130406:1010,356.9,415.44,39.32,5.78,4.55,0.0
20130406:1110,265.87,315.28,43.67,6.31,4.48,0.0
20130406:1210,391.22,458.39,44.93,6.84,3.93,0.0
20130406:1310,651.36,768.54,42.83,6.84,3.66,0.0
20130406:1410,586.02,689.79,37.82,7.37,3.45,0.0
20130406:1510,524.22,617.69,30.71,7.9,3.1,0.0
20130406:1610,356.53,428.41,22.3,7.9,2.55,0.0
20130406:1710,133.25,186.67,13.2,7.37,1.86,0.0
20130406:1810,4.64,14.89,3.88,6.84,1.59,0.0
20130406:1910,0.0,0.0,0.0,4.72,1.86,0.0
20130406:2010,0.0,0.0,0.0,2.6,2.21,0.0
20130406:2110,0.0,0.0,0.0,1.01,2.34,0.0
20130406:2210,0.0,0.0,0.0,-0.04,2.14,0.0
20130406:2310,0.0,0.0,0.0,-1.1,2.0,0.0
20130407:0010,0.0,0.0,0.0,-1.63,1.93,0.0
20130407:0110,0.0,0.0,0.0,-1.63,1.86,0.0
20130407:0210,0.0,0.0,0.0,-1.63,1.72,0.0
20130407:0310,0.0,0.0,0.0,-1.63,1.59,0.0
20130407:0410,0.0,0.0,0.0,-2.16,1.24,0.0
20130407:0510,0.0,0.0,0.0,-0.57,1.03,0.0
20130407:0610,25.53,51.82,6.58,-1.1,0.97,0.0
20130407:0710,168.42,212.95,15.88,-0.04,0.76,0.0
20130407:0810,319.44,376.36,24.86,3.13,1.1,0.0
20130407:0910,397.58,465.87,33.02,4.72,1.66,0.0
20130407:1010,540.93,637.71,39.7,5.78,2.21,0.0
20130407:1110,646.4,772.0,44.05,6.84,2.48,0.0
20130407:1210,826.69,1014.02,45.3,7.37,2.41,0.0
20130407:1310,736.42,895.41,43.18,8.43,2.48,0.0
20130407:1410,443.9,525.14,38.13,8.43,2.83,0.0
20130407:1510,269.07,323.05,30.99,8.96,2.97,0.0
20130407:1610,192.72,237.54,22.56,8.43,2.69,0.0
20130407:1710,100.37,138.85,13.45,7.37,2.21,0.0
20130407:1810,6.53,17.82,4.13,6.31,2.07,0.0
20130407:1910,0.0,0.0,0.0,4.72,2.41,0.0
20130407:2010,0.0,0.0,0.0,3.13,2.76,0.0
20130407:2110,0.0,0.0,0.0,2.6,3.03,0.0
20130407:2210,0.0,0.0,0.0,2.07,3.1,0.0
20130407:2310,0.0,0.0,0.0,2.07,3.24,0.0
20130408:0010,0.0,0.0,0.0,2.07,3.52,0.0
20130408:0110,0.0,0.0,0.0,2.6,3.72,0.0
20130408:0210,0.0,0.0,0.0,2.6,3.86,0.0
20130408:0310,0.0,0.0,0.0,3.13,3.86,0.0
20130408:0410,0.0,0.0,0.0,2.6,3.79,0.0
20130408:0510,0.0,0.0,0.0,2.6,3.79,0.0
20130408:0610,17.5,33.57,6.91,2.6,3.86,0.0
20130408:0710,83.22,111.05,16.22,3.13,3.45,0.0
20130408:0810,144.49,179.02,25.21,4.72,4.07,0.0
20130408:0910,322.12,375.53,33.38,5.25,4.14,0.0
20130408:1010,398.2,465.16,40.07,6.84,4.14,0.0
20130408:1110,609.42,715.09,44.43,7.37,4.41,0.0
20130408:1210,753.28,898.15,45.68,8.43,4.48,0.0
20130408:1310,661.21,780.07,43.52,8.43,4.76,0.0
20130408:1410,587.45,693.69,38.44,8.96,4.07,0.0
20130408:1510,382.19,448.38,31.27,8.43,4.62,0.0
20130408:1610,200.6,244.73,22.81,7.9,4.76,0.0
20130408:1710,66.92,94.52,13.69,6.84,4.34,0.0
20130408:1810,6.3,17.4,4.37,5.78,3.72,0.0
20130408:1910,0.0,0.0,0.0,4.72,3.45,0.0
20130408:2010,0.0,0.0,0.0,3.13,3.31,0.0
20130408:2110,0.0,0.0,0.0,2.6,3.24,0.0
20130408:2210,0.0,0.0,0.0,1.54,3.17,0.0
20130408:2310,0.0,0.0,0.0,1.54,3.17,0.0
20130409:0010,0.0,0.0,0.0,1.54,3.03,0.0
20130409:0110,0.0,0.0,0.0,1.01,2.97,0.0
20130409:0210,0.0,0.0,0.0,1.54,2.97,0.0
20130409:0310,0.0,0.0,0.0,1.54,3.1,0.0
20130409:0410,0.0,0.0,0.0,1.54,3.31,0.0
20130409:0510,0.0,0.0,0.0,2.07,3.45,0.0
20130409:0610,9.71,22.25,7.25,2.6,3.66,0.0
20130409:0710,43.37,64.9,16.56,4.19,4.07,0.0
20130409:0810,113.89,145.14,25.56,4.72,4.07,0.0
20130409:0910,149.2,184.68,33.74,5.25,4.21,0.0
20130409:1010,98.06,127.94,40.45,5.78,4.97,0.0
20130409:1110,148.33,184.49,44.81,6.31,4.69,0.0
20130409:1210,321.99,378.93,46.05,6.84,4.62,0.0
20130409:1310,125.27,159.46,43.87,7.37,4.69,0.0
20130409:1410,117.81,151.12,38.75,7.37,4.48,0.0
20130409:1510,112.54,145.56,31.55,7.9,4.21,0.0
20130409:1610,112.65,145.48,23.07,7.37,3.72,0.0
20130409:1710,29.74,49.14,13.94,7.37,2.97,0.0
20130409:1810,0.34,6.49,4.62,6.84,2.34,0.0
20130409:1910,0.0,0.0,0.0,5.78,2.62,0.0
20130409:2010,0.0,0.0,0.0,5.25,2.34,0.0
20130409:2110,0.0,0.0,0.0,4.72,2.07,0.0
20130409:2210,0.0,0.0,0.0,4.19,2.07,0.0
20130409:2310,0.0,0.0,0.0,4.19,2.07,0.0
20130410:0010,0.0,0.0,0.0,3.66,2.21,0.0
20130410:0110,0.0,0.0,0.0,3.13,2.48,0.0
20130410:0210,0.0,0.0,0.0,2.6,2.62,0.0
20130410:0310,0.0,0.0,0.0,2.07,2.62,0.0
20130410:0410,0.0,0.0,0.0,1.54,2.41,0.0
20130410:0510,0.0,0.0,0.0,1.54,2.41,0.0
20130410:0610,18.87,34.86,7.58,1.54,2.41,0.0
20130410:0710,18.6,34.3,16.89,2.6,1.86,0.0
20130410:0810,109.14,139.99,25.9,3.66,1.03,0.0
20130410:0910,518.37,622.87,34.1,4.72,0.14,0.0
20130410:1010,694.84,850.98,40.82,6.84,1.1,0.0
20130410:1110,749.86,922.62,45.19,8.96,2.07,0.0
20130410:1210,599.25,725.46,46.42,10.55,2.62,0.0
20130410:1310,522.65,627.36,44.21,11.09,3.17,0.0
20130410:1410,287.38,347.04,39.05,11.09,3.59,0.0
20130410:1510,225.49,275.15,31.82,10.55,3.79,0.0
20130410:1610,141.18,179.7,23.33,10.02,3.59,0.0
20130410:1710,43.75,66.92,14.18,9.49,3.1,0.0
20130410:1810,0.0,3.71,4.86,8.43,2.9,0.0
20130410:1910,0.0,0.0,0.0,7.37,3.66,0.0
20130410:2010,0.0,0.0,0.0,6.84,3.86,0.0
20130410:2110,0.0,0.0,0.0,5.78,4.14,0.0
20130410:2210,0.0,0.0,0.0,5.78,4.48,0.0
20130410:2310,0.0,0.0,0.0,5.78,4.83,0.0
20130411:0010,0.0,0.0,0.0,5.78,4.97,0.0
20130411:0110,0.0,0.0,0.0,5.78,4.9,0.0
20130411:0210,0.0,0.0,0.0,5.78,4.69,0.0
20130411:0310,0.0,0.0,0.0,5.78,4.55,0.0
20130411:0410,0.0,0.0,0.0,5.78,4.34,0.0
20130411:0510,0.0,0.0,0.0,5.25,3.31,0.0
20130411:0610,16.95,32.45,7.91,5.25,3.17,0.0
20130411:0710,50.96,74.17,17.23,5.25,2.62,0.0
20130411:0810,52.5,76.02,26.24,5.25,1.86,0.0
20130411:0910,61.94,87.15,34.45,5.78,2.28,0.0
20130411:1010,71.31,98.27,41.18,6.31,1.38,0.0
20130411:1110,75.81,103.84,45.57,6.84,0.55,0.0
20130411:1210,142.89,180.79,46.78,7.37,0.83,0.0
20130411:1310,249.46,303.31,44.55,8.43,1.38,0.0
20130411:1410,128.9,165.95,39.36,9.49,1.59,0.0
20130411:1510,303.36,366.79,32.09,10.02,1.52,0.0
20130411:1610,147.86,188.25,23.58,10.55,2.34,0.0
20130411:1710,35.91,57.48,14.43,10.55,2.07,0.0
20130411:1810,11.6,25.73,5.11,9.49,1.93,0.0
20130411:1910,0.0,0.0,0.0,8.43,2.41,0.0
20130411:2010,0.0,0.0,0.0,7.37,2.83,0.0
20130411:2110,0.0,0.0,0.0,7.37,3.1,0.0
20130411:2210,0.0,0.0,0.0,7.37,3.17,0.0
20130411:2310,0.0,0.0,0.0,6.84,3.1,0.0
20130412:0010,0.0,0.0,0.0,6.84,3.17,0.0
20130412:0110,0.0,0.0,0.0,6.31,3.24,0.0
20130412:0210,0.0,0.0,0.0,6.31,3.24,0.0
20130412:0310,0.0,0.0,0.0,6.31,3.45,0.0
20130412:0410,0.0,0.0,0.0,6.31,3.79,0.0
20130412:0510,0.0,0.0,0.0,6.84,4.21,0.0
20130412:0610,33.42,57.92,8.24,7.37,4.48,0.0
20130412:0710,35.01,55.63,17.56,7.37,3.17,0.0
20130412:0810,210.21,255.28,26.58,7.9,3.66,0.0
20130412:0910,184.36,226.5,34.8,8.43,4.34,0.0
20130412:1010,178.48,220.86,41.55,8.96,3.86,0.0
20130412:1110,264.96,320.01,45.94,10.55,4.9,0.0
20130412:1210,102.63,136.28,47.14,11.61,5.24,0.0
20130412:1310,136.19,174.3,44.88,11.09,5.31,0.0
20130412:1410,110.17,144.63,39.66,11.09,5.17,0.0
20130412:1510,149.53,188.4,32.36,10.02,5.59,0.0
20130412:1610,183.42,227.84,23.83,10.55,4.9,0.0
20130412:1710,119.44,164.99,14.67,10.55,4.34,0.0
20130412:1810,11.61,25.79,5.35,10.02,3.79,0.0
20130412:1910,0.0,0.0,0.0,9.49,3.38,0.0
20130412:2010,0.0,0.0,0.0,8.43,3.38,0.0
20130412:2110,0.0,0.0,0.0,7.37,3.38,0.0
20130412:2210,0.0,0.0,0.0,6.31,3.38,0.0
20130412:2310,0.0,0.0,0.0,5.78,3.38,0.0
20130413:0010,0.0,0.0,0.0,5.25,3.03,0.0
20130413:0110,0.0,0.0,0.0,4.72,2.9,0.0
20130413:0210,0.0,0.0,0.0,4.19,2.76,0.0
20130413:0310,0.0,0.0,0.0,3.13,2.55,0.0
20130413:0410,0.0,0.0,0.0,2.6,2.34,0.0
20130413:0510,0.0,0.0,0.0,2.6,2.34,0.0
20130413:0610,38.65,68.73,8.57,3.13,2.21,0.0
20130413:0710,130.76,168.32,17.88,6.31,3.1,0.0
20130413:0810,346.37,410.13,26.91,8.43,4.21,0.0
20130413:0910,511.52,601.04,35.15,10.02,5.24,0.0
20130413:1010,259.17,313.27,41.91,11.09,5.72,0.0
20130413:1110,180.61,224.93,46.31,11.61,6.41,0.0
20130413:1210,181.5,225.86,47.51,11.61,6.69,0.0
20130413:1310,117.67,152.97,45.21,11.09,6.76,0.0
20130413:1410,99.97,132.58,39.96,10.55,5.79,0.0
20130413:1510,80.81,110.33,32.63,10.02,5.66,0.0
20130413:1610,56.93,82.51,24.08,10.02,5.72,0.0
20130413:1710,6.27,17.62,14.91,10.55,5.86,0.0
20130413:1810,0.0,4.64,5.59,10.55,5.86,0.0
20130413:1910,0.0,0.0,0.0,10.55,6.21,0.0
20130413:2010,0.0,0.0,0.0,10.55,5.86,0.0
20130413:2110,0.0,0.0,0.0,10.55,5.66,0.0
20130413:2210,0.0,0.0,0.0,10.55,5.59,0.0
20130413:2310,0.0,0.0,0.0,11.09,5.59,0.0
20130414:0010,0.0,0.0,0.0,11.09,5.66,0.0
20130414:0110,0.0,0.0,0.0,11.09,5.86,0.0
20130414:0210,0.0,0.0,0.0,11.09,6.14,0.0
20130414:0310,0.0,0.0,0.0,11.09,6.14,0.0
20130414:0410,0.0,0.0,0.0,10.55,5.93,0.0
20130414:0510,0.0,0.0,0.0,10.55,5.66,0.0
20130414:0610,38.36,66.02,8.89,10.55,5.66,0.0
20130414:0710,104.88,140.14,18.21,11.61,6.14,0.0
20130414:0810,283.94,343.21,27.24,12.15,5.45,0.0
20130414:0910,595.37,709.88,35.49,13.74,6.14,0.0
20130414:1010,663.38,798.84,42.27,15.33,6.76,0.0
20130414:1110,684.21,828.61,46.68,15.86,6.83,0.0
20130414:1210,817.81,1005.98,47.86,17.45,7.1,0.0
20130414:1310,789.37,970.01,45.55,17.98,7.1,0.0
20130414:1410,674.03,822.02,40.25,17.98,6.69,0.0
20130414:1510,475.36,575.46,32.9,17.45,6.55,0.0
20130414:1610,125.53,165.74,24.33,16.39,6.14,0.0
20130414:1710,105.09,147.44,15.15,15.33,5.31,0.0
20130414:1810,6.13,17.62,5.84,14.27,5.03,0.0
20130414:1910,0.0,0.0,0.0,13.74,4.34,0.0
20130414:2010,0.0,0.0,0.0,12.68,4.55,0.0
20130414:2110,0.0,0.0,0.0,11.61,4.62,0.0
20130414:2210,0.0,0.0,0.0,11.61,4.76,0.0
20130414:2310,0.0,0.0,0.0,11.09,4.69,0.0
20130415:0010,0.0,0.0,0.0,11.09,4.62,0.0
20130415:0110,0.0,0.0,0.0,11.09,4.69,0.0
20130415:0210,0.0,0.0,0.0,10.55,4.83,0.0
20130415:0310,0.0,0.0,0.0,10.02,4.69,0.0
20130415:0410,0.0,0.0,0.0,9.49,4.62,0.0
20130415:0510,0.0,0.0,0.0,8.96,4.55,0.0
20130415:0610,41.52,70.3,9.21,8.96,4.48,0.0
20130415:0710,184.76,237.37,18.53,10.55,5.1,0.0
20130415:0810,407.57,483.74,27.57,11.61,6.62,0.0
20130415:0910,446.64,529.01,35.83,12.68,6.69,0.0
20130415:1010,307.34,371.69,42.62,13.74,6.41,0.0
20130415:1110,338.07,408.39,47.04,13.74,5.66,0.0
20130415:1210,345.55,417.67,48.22,13.74,5.31,0.0
20130415:1310,334.35,404.11,45.87,13.74,5.52,0.0
20130415:1410,216.44,267.57,40.55,13.21,5.52,0.0
20130415:1510,321.12,387.66,33.17,14.27,6.28,0.0
20130415:1610,186.25,234.01,24.57,13.74,5.59,0.0
20130415:1710,130.65,182.02,15.39,13.21,4.83,0.0
20130415:1810,14.28,31.06,6.07,12.15,4.41,0.0
20130415:1910,0.0,0.0,0.0,11.09,4.0,0.0
20130415:2010,0.0,0.0,0.0,10.02,3.79,0.0
20130415:2110,0.0,0.0,0.0,8.96,3.52,0.0
20130415:2210,0.0,0.0,0.0,8.43,3.38,0.0
20130415:2310,0.0,0.0,0.0,7.9,3.66,0.0
20130416:0010,0.0,0.0,0.0,8.43,4.28,0.0
20130416:0110,0.0,0.0,0.0,8.43,4.48,0.0
20130416:0210,0.0,0.0,0.0,8.43,4.97,0.0
20130416:0310,0.0,0.0,0.0,9.49,5.66,0.0
20130416:0410,0.0,0.0,0.0,10.02,6.14,0.0
20130416:0510,0.0,0.0,0.0,10.02,6.28,0.0
20130416:0610,21.36,38.94,9.53,10.55,6.14,0.0
20130416:0710,115.99,152.91,18.84,11.09,5.66,0.0
20130416:0810,237.13,288.19,27.89,11.61,6.97,0.0
20130416:0910,355.28,423.31,36.17,12.68,7.03,0.0
20130416:1010,353.8,423.13,42.98,13.21,7.38,0.0
20130416:1110,214.67,265.57,47.4,13.74,7.66,0.0
20130416:1210,304.23,368.69,48.57,14.27,7.59,0.0
20130416:1310,565.86,675.27,46.2,14.27,7.31,0.0
20130416:1410,600.1,715.8,40.84,14.27,7.03,0.0
20130416:1510,501.73,598.04,33.43,14.27,6.62,0.0
20130416:1610,351.99,428.01,24.82,13.74,6.14,0.0
20130416:1710,138.49,193.85,15.62,13.74,5.38,0.0
20130416:1810,15.44,32.89,6.31,12.68,4.41,0.0
20130416:1910,0.0,0.0,0.0,11.61,4.07,0.0
20130416:2010,0.0,0.0,0.0,10.02,3.66,0.0
20130416:2110,0.0,0.0,0.0,8.96,3.31,0.0
20130416:2210,0.0,0.0,0.0,8.43,2.97,0.0
20130416:2310,0.0,0.0,0.0,7.9,2.76,0.0
20130417:0010,0.0,0.0,0.0,7.9,2.62,0.0
20130417:0110,0.0,0.0,0.0,7.37,2.41,0.0
20130417:0210,0.0,0.0,0.0,7.9,2.21,0.0
20130417:0310,0.0,0.0,0.0,8.43,2.41,0.0
20130417:0410,0.0,0.0,0.0,8.96,2.76,0.0
20130417:0510,0.0,0.0,0.0,9.49,3.24,0.0
20130417:0610,19.3,36.16,9.84,10.02,3.79,0.0
20130417:0710,57.49,83.44,19.16,10.55,3.86,0.0
20130417:0810,40.31,63.04,28.21,11.61,4.9,0.0
20130417:0910,75.4,104.76,36.5,11.61,5.59,0.0
20130417:1010,277.87,334.86,43.32,11.61,6.41,0.0
20130417:1110,308.81,371.98,47.76,12.68,6.62,0.0
20130417:1210,421.66,501.82,48.92,13.21,7.72,0.0
20130417:1310,740.65,892.44,46.52,14.27,6.83,0.0
20130417:1410,311.99,379.16,41.13,15.33,6.9,0.0
20130417:1510,267.09,327.87,33.69,15.86,6.69,0.0
20130417:1610,323.56,398.05,25.06,15.86,6.07,0.0
20130417:1710,117.94,164.18,15.86,15.33,6.55,0.0
20130417:1810,14.38,32.41,6.55,15.33,6.9,0.0
20130417:1910,0.0,0.0,0.0,14.8,6.62,0.0
20130417:2010,0.0,0.0,0.0,13.21,6.97,0.0
20130417:2110,0.0,0.0,0.0,11.61,7.1,0.0
20130417:2210,0.0,0.0,0.0,11.09,6.9,0.0
20130417:2310,0.0,0.0,0.0,10.55,6.76,0.0
20130418:0010,0.0,0.0,0.0,9.49,6.83,0.0
20130418:0110,0.0,0.0,0.0,9.49,7.1,0.0
20130418:0210,0.0,0.0,0.0,8.96,7.24,0.0
20130418:0310,0.0,0.0,0.0,8.43,7.38,0.0
20130418:0410,0.0,0.0,0.0,8.43,7.52,0.0
20130418:0510,0.0,0.0,0.0,8.43,7.72,0.0
20130418:0610,47.95,90.53,10.15,8.43,7.86,0.0
20130418:0710,186.55,236.51,19.47,9.49,6.69,0.0
20130418:0810,236.4,284.84,28.53,10.55,10.34,0.0
20130418:0910,221.92,269.55,36.83,11.09,9.59,0.0
20130418:1010,176.15,219.31,43.67,11.61,8.69,0.0
20130418:1110,428.12,505.02,48.12,12.15,9.1,0.0
20130418:1210,231.71,283.36,49.27,12.68,8.62,0.0
20130418:1310,525.03,617.86,46.84,12.15,8.48,0.0
20130418:1410,51.75,76.95,41.41,12.15,8.21,0.0
20130418:1510,475.87,557.98,33.95,11.61,8.07,0.0
20130418:1610,389.63,467.15,25.3,11.61,7.17,0.0
20130418:1710,156.96,219.48,16.09,11.61,6.48,0.0
20130418:1810,13.82,31.64,6.79,11.09,6.07,0.0
20130418:1910,0.0,0.0,0.0,10.02,5.59,0.0
20130418:2010,0.0,0.0,0.0,8.43,5.59,0.0
20130418:2110,0.0,0.0,0.0,7.9,5.45,0.0
20130418:2210,0.0,0.0,0.0,6.84,5.17,0.0
20130418:2310,0.0,0.0,0.0,6.31,4.97,0.0
20130419:0010,0.0,0.0,0.0,6.31,4.76,0.0
20130419:0110,0.0,0.0,0.0,5.78,4.62,0.0
20130419:0210,0.0,0.0,0.0,5.78,4.41,0.0
20130419:0310,0.0,0.0,0.0,5.78,4.21,0.0
20130419:0410,0.0,0.0,0.0,5.78,3.93,0.0
20130419:0510,0.0,0.0,0.0,6.31,3.66,0.0
20130419:0610,27.8,46.89,10.45,6.84,3.59,0.0
20130419:0710,87.59,117.5,19.77,7.9,4.69,0.0
20130419:0810,300.11,356.3,28.84,8.96,5.79,0.0
20130419:0910,237.09,286.34,37.16,9.49,5.24,0.0
20130419:1010,431.48,511.34,44.01,10.55,4.76,0.0
20130419:1110,324.86,391.4,48.47,11.61,4.14,0.0
20130419:1210,285.04,345.86,49.62,11.61,3.86,0.0
20130419:1310,168.22,212.31,47.16,12.15,3.72,0.0
20130419:1410,109.35,144.63,41.7,12.15,3.52,0.0
20130419:1510,240.61,295.19,34.2,12.15,3.17,0.0
20130419:1610,222.39,273.99,25.54,11.09,3.45,0.0
20130419:1710,106.02,144.08,16.33,10.02,3.31,0.0
20130419:1810,21.32,39.3,7.02,9.49,2.41,0.0
20130419:1910,0.0,0.0,0.0,8.43,1.66,0.0
20130419:2010,0.0,0.0,0.0,7.37,1.86,0.0
20130419:2110,0.0,0.0,0.0,6.31,2.07,0.0
20130419:2210,0.0,0.0,0.0,5.25,2.07,0.0
20130419:2310,0.0,0.0,0.0,4.72,1.93,0.0
20130420:0010,0.0,0.0,0.0,3.13,1.72,0.0
20130420:0110,0.0,0.0,0.0,2.6,1.66,0.0
20130420:0210,0.0,0.0,0.0,1.54,1.59,0.0
20130420:0310,0.0,0.0,0.0,1.01,1.59,0.0
20130420:0410,0.0,0.0,0.0,1.01,1.59,0.0
20130420:0510,0.0,0.0,0.0,0.48,1.72,0.0
20130420:0610,52.14,97.47,10.75,1.01,1.31,0.0
20130420:0710,250.47,315.04,20.07,4.19,1.31,0.0
20130420:0810,468.48,553.37,29.15,5.78,2.07,0.0
20130420:0910,642.6,763.95,37.48,6.84,2.48,0.0
20130420:1010,774.9,940.59,44.35,7.9,2.62,0.0
20130420:1110,834.74,1027.99,48.82,8.96,2.76,0.0
20130420:1210,877.31,1096.08,49.96,10.02,2.62,0.0
20130420:1310,834.88,1036.63,47.48,10.55,2.69,0.0
20130420:1410,732.34,895.32,41.98,11.09,2.83,0.0
20130420:1510,588.48,708.62,34.46,11.09,2.83,0.0
20130420:1610,389.96,473.45,25.78,10.55,2.83,0.0
20130420:1710,165.04,231.68,16.56,9.49,2.9,0.0
20130420:1810,13.33,31.83,7.25,8.43,2.55,0.0
20130420:1910,0.0,0.0,0.0,7.37,2.07,0.0
20130420:2010,0.0,0.0,0.0,5.78,2.07,0.0
20130420:2110,0.0,0.0,0.0,4.19,2.07,0.0
20130420:2210,0.0,0.0,0.0,2.6,2.0,0.0
20130420:2310,0.0,0.0,0.0,1.54,1.72,0.0
20130421:0010,0.0,0.0,0.0,1.54,1.59,0.0
20130421:0110,0.0,0.0,0.0,2.6,0.97,0.0
20130421:0210,0.0,0.0,0.0,2.6,0.69,0.0
20130421:0310,0.0,0.0,0.0,2.07,0.62,0.0
20130421:0410,0.0,0.0,0.0,1.54,0.76,0.0
20130421:0510,0.0,0.0,0.0,1.01,0.9,0.0
20130421:0610,54.26,100.83,11.05,1.01,0.83,0.0
20130421:0710,253.58,318.1,20.37,3.13,0.69,0.0
20130421:0810,459.35,546.32,29.46,5.78,1.31,0.0
20130421:0910,631.42,760.62,37.8,7.9,1.79,0.0
20130421:1010,747.18,924.22,44.68,10.02,1.93,0.0
20130421:1110,791.58,993.45,49.16,11.61,2.14,0.0
20130421:1210,857.56,1079.84,50.29,12.15,2.69,0.0
20130421:1310,633.88,769.48,47.79,12.15,3.45,0.0
20130421:1410,501.72,601.94,42.26,12.15,3.72,0.0
20130421:1510,366.07,439.0,34.71,12.15,4.07,0.0
20130421:1610,229.76,282.67,26.01,11.61,4.07,0.0
20130421:1710,126.02,171.41,16.79,11.61,3.86,0.0
20130421:1810,22.25,40.54,7.49,11.09,3.38,0.0
20130421:1910,0.0,0.0,0.0,10.02,3.17,0.0
20130421:2010,0.0,0.0,0.0,7.9,3.24,0.0
20130421:2110,0.0,0.0,0.0,6.84,3.17,0.0
20130421:2210,0.0,0.0,0.0,5.78,2.76,0.0
20130421:2310,0.0,0.0,0.0,5.25,2.55,0.0
20130422:0010,0.0,0.0,0.0,5.25,2.41,0.0
20130422:0110,0.0,0.0,0.0,5.25,2.34,0.0
20130422:0210,0.0,0.0,0.0,4.72,2.28,0.0
20130422:0310,0.0,0.0,0.0,5.25,2.07,0.0
20130422:0410,0.0,0.0,0.0,5.78,1.86,0.0
20130422:0510,0.0,0.0,0.0,5.78,1.59,0.0
20130422:0610,56.09,86.18,11.35,5.78,1.86,0.0
20130422:0710,140.61,179.88,20.67,7.9,2.21,0.0
20130422:0810,252.04,305.01,29.76,8.96,2.55,0.0
20130422:0910,469.0,559.21,38.11,10.55,3.24,0.0
20130422:1010,671.51,812.1,45.01,11.61,3.72,0.0
20130422:1110,542.26,650.84,49.5,12.15,4.28,0.0
20130422:1210,300.9,364.94,50.63,12.68,4.76,0.0
20130422:1310,479.54,573.46,48.1,12.68,5.1,0.0
20130422:1410,120.59,157.61,42.54,12.68,5.1,0.0
20130422:1510,91.67,124.23,34.96,12.68,5.03,0.0
20130422:1610,96.88,130.06,26.25,12.15,4.41,0.0
20130422:1710,12.41,26.89,17.01,11.61,4.62,0.0
20130422:1810,8.01,20.4,7.72,11.61,4.48,0.0
20130422:1910,0.0,0.0,0.0,11.09,4.62,0.0
20130422:2010,0.0,0.0,0.0,10.55,4.76,0.0
20130422:2110,0.0,0.0,0.0,10.02,4.55,0.0
20130422:2210,0.0,0.0,0.0,10.02,4.34,0.0
20130422:2310,0.0,0.0,0.0,10.02,4.21,0.0
20130423:0010,0.0,0.0,0.0,10.02,3.66,0.0
20130423:0110,0.0,0.0,0.0,10.02,3.24,0.0
20130423:0210,0.0,0.0,0.0,10.02,3.1,0.0
20130423:0310,0.0,0.0,0.0,10.02,2.83,0.0
20130423:0410,0.0,0.0,0.0,10.02,2.62,0.0
20130423:0510,0.0,0.0,0.0,10.02,2.55,0.0
20130423:0610,57.65,105.53,11.64,10.02,2.55,0.0
20130423:0710,250.3,321.12,20.96,11.09,2.9,0.0
20130423:0810,463.04,559.0,30.05,11.61,2.76,0.0
20130423:0910,630.94,765.89,38.42,11.61,2.69,0.0
20130423:1010,762.79,946.27,45.34,13.21,2.97,0.0
20130423:1110,816.35,1024.62,49.84,14.27,3.24,0.0
20130423:1210,864.34,1094.84,50.96,15.86,3.66,0.0
20130423:1310,818.21,1032.64,48.4,16.92,3.79,0.0
20130423:1410,709.8,887.38,42.81,17.98,3.79,0.0
20130423:1510,561.35,694.51,35.21,18.51,3.79,0.0
20130423:1610,374.56,469.69,26.48,18.51,3.79,0.0
20130423:1710,158.81,229.38,17.24,17.98,2.83,0.0
20130423:1810,21.11,42.94,7.95,16.92,2.14,0.0
20130423:1910,0.0,0.0,0.0,15.33,2.28,0.0
20130423:2010,0.0,0.0,0.0,13.21,2.28,0.0
20130423:2110,0.0,0.0,0.0,11.61,2.41,0.0
20130423:2210,0.0,0.0,0.0,11.09,2.41,0.0
20130423:2310,0.0,0.0,0.0,10.02,2.34,0.0
20130424:0010,0.0,0.0,0.0,9.49,2.0,0.0
20130424:0110,0.0,0.0,0.0,8.96,1.79,0.0
20130424:0210,0.0,0.0,0.0,7.9,1.86,0.0
20130424:0310,0.0,0.0,0.0,6.84,2.0,0.0
20130424:0410,0.0,0.0,0.0,6.84,2.14,0.0
20130424:0510,2.23,10.49,2.79,6.31,2.34,0.0
20130424:0610,60.92,108.05,11.92,7.37,2.48,0.0
20130424:0710,257.88,329.31,21.24,10.02,2.76,0.0
20130424:0810,435.99,523.5,30.35,11.61,3.52,0.0
20130424:0910,623.15,747.74,38.73,13.21,4.9,0.0
20130424:1010,721.76,878.52,45.66,14.8,5.31,0.0
20130424:1110,490.04,593.84,50.17,15.33,5.1,0.0
20130424:1210,803.35,998.37,51.29,16.39,5.03,0.0
20130424:1310,775.98,962.09,48.71,16.39,4.83,0.0
20130424:1410,244.12,305.0,43.08,16.92,4.55,0.0
20130424:1510,214.06,269.73,35.46,16.92,4.28,0.0
20130424:1610,144.59,188.99,26.71,16.92,3.86,0.0
20130424:1710,75.28,107.41,17.46,15.86,2.76,0.0
20130424:1810,18.66,36.14,8.17,15.33,2.07,0.0
20130424:1910,0.0,0.0,0.0,14.8,2.14,0.0
20130424:2010,0.0,0.0,0.0,13.74,1.86,0.0
20130424:2110,0.0,0.0,0.0,13.21,1.66,0.0
20130424:2210,0.0,0.0,0.0,12.15,1.38,0.0
20130424:2310,0.0,0.0,0.0,11.61,1.03,0.0
20130425:0010,0.0,0.0,0.0,11.61,1.59,0.0
20130425:0110,0.0,0.0,0.0,11.61,1.79,0.0
20130425:0210,0.0,0.0,0.0,11.09,1.72,0.0
20130425:0310,0.0,0.0,0.0,10.55,1.72,0.0
20130425:0410,0.0,0.0,0.0,9.49,1.93,0.0
20130425:0510,1.73,9.62,3.08,9.49,2.0,0.0
20130425:0610,62.74,109.94,12.2,10.02,2.83,0.0
20130425:0710,194.2,247.76,21.52,11.61,2.97,0.0
20130425:0810,450.88,543.22,30.64,12.15,3.38,0.0
20130425:0910,620.16,755.19,39.03,14.27,3.66,0.0
20130425:1010,747.08,925.54,45.98,15.86,4.14,0.0
20130425:1110,821.43,1034.48,50.5,17.98,4.62,0.0
20130425:1210,784.67,987.03,51.61,19.04,5.03,0.0
20130425:1310,752.12,941.15,49.0,19.04,5.1,0.0
20130425:1410,549.44,675.38,43.35,19.04,5.52,0.0
20130425:1510,529.0,651.09,35.7,19.04,4.83,0.0
20130425:1610,366.85,460.49,26.94,19.04,4.07,0.0
20130425:1710,164.82,239.5,17.69,17.98,3.52,0.0
20130425:1810,20.98,43.88,8.4,16.92,2.9,0.0
20130425:1910,0.0,0.0,0.0,15.33,2.9,0.0
20130425:2010,0.0,0.0,0.0,13.74,2.76,0.0
20130425:2110,0.0,0.0,0.0,12.15,2.55,0.0
20130425:2210,0.0,0.0,0.0,11.61,2.34,0.0
20130425:2310,0.0,0.0,0.0,11.61,2.28,0.0
20130426:0010,0.0,0.0,0.0,11.09,2.83,0.0
20130426:0110,0.0,0.0,0.0,10.55,3.59,0.0
20130426:0210,0.0,0.0,0.0,8.96,4.07,0.0
20130426:0310,0.0,0.0,0.0,7.9,4.0,0.0
20130426:0410,0.0,0.0,0.0,7.37,3.79,0.0
20130426:0510,0.0,1.75,3.36,6.84,3.66,0.0
20130426:0610,7.61,19.47,12.48,6.84,3.31,0.0
20130426:0710,16.8,32.45,21.8,6.84,2.28,0.0
20130426:0810,54.48,78.8,30.92,6.84,2.28,0.0
20130426:0910,247.26,296.99,39.32,7.37,3.03,0.0
20130426:1010,528.23,625.13,46.29,8.43,3.45,0.0
20130426:1110,113.77,148.34,50.83,10.02,3.79,0.0
20130426:1210,595.4,714.69,51.93,11.09,4.0,0.0
20130426:1310,650.09,783.92,49.3,11.61,4.07,0.0
20130426:1410,392.62,469.38,43.61,11.61,4.28,0.0
20130426:1510,442.23,525.07,35.94,11.09,4.48,0.0
20130426:1610,26.37,45.43,27.16,10.55,4.48,0.0
20130426:1710,156.36,211.99,17.91,10.02,4.21,0.0
20130426:1810,31.48,53.44,8.63,9.49,3.24,0.0
20130426:1910,0.0,0.0,0.0,8.96,3.03,0.0
20130426:2010,0.0,0.0,0.0,7.9,2.76,0.0
20130426:2110,0.0,0.0,0.0,6.31,2.55,0.0
20130426:2210,0.0,0.0,0.0,5.25,2.62,0.0
20130426:2310,0.0,0.0,0.0,4.19,2.69,0.0
20130427:0010,0.0,0.0,0.0,3.66,2.76,0.0
20130427:0110,0.0,0.0,0.0,3.13,2.62,0.0
20130427:0210,0.0,0.0,0.0,2.6,2.48,0.0
20130427:0310,0.0,0.0,0.0,2.07,2.41,0.0
20130427:0410,0.0,0.0,0.0,2.07,2.34,0.0
20130427:0510,0.0,4.37,3.64,2.6,2.55,0.0
20130427:0610,47.31,70.12,12.76,3.66,3.52,0.0
20130427:0710,151.9,188.71,22.07,4.19,4.14,0.0
20130427:0810,272.3,320.89,31.2,5.25,4.34,0.0
20130427:0910,288.68,340.59,39.62,6.31,4.34,0.0
20130427:1010,107.07,139.07,46.6,7.37,4.21,0.0
20130427:1110,205.83,251.72,51.15,8.96,4.28,0.0
20130427:1210,737.81,886.86,52.25,10.02,4.48,0.0
20130427:1310,686.11,820.61,49.59,10.55,4.76,0.0
20130427:1410,690.93,822.71,43.88,10.55,4.97,0.0
20130427:1510,213.84,261.03,36.18,10.02,5.03,0.0
20130427:1610,265.64,319.7,27.39,8.96,4.97,0.0
20130427:1710,173.4,237.88,18.13,8.43,4.62,0.0
20130427:1810,31.76,54.08,8.85,7.9,4.0,0.0
20130427:1910,0.0,0.0,0.0,6.84,3.1,0.0
20130427:2010,0.0,0.0,0.0,5.78,2.55,0.0
20130427:2110,0.0,0.0,0.0,4.72,2.28,0.0
20130427:2210,0.0,0.0,0.0,3.66,2.14,0.0
20130427:2310,0.0,0.0,0.0,2.6,2.07,0.0
20130428:0010,0.0,0.0,0.0,1.54,2.0,0.0
20130428:0110,0.0,0.0,0.0,1.01,1.59,0.0
20130428:0210,0.0,0.0,0.0,1.01,1.59,0.0
20130428:0310,0.0,0.0,0.0,1.01,1.52,0.0
20130428:0410,0.0,0.0,0.0,1.01,1.31,0.0
20130428:0510,7.15,18.36,3.91,0.48,1.31,0.0
20130428:0610,67.4,120.14,13.02,1.01,0.76,0.0
20130428:0710,274.52,341.35,22.34,3.66,1.17,0.0
20130428:0810,489.4,579.61,31.47,6.31,2.07,0.0
20130428:0910,653.93,781.39,39.9,7.9,2.62,0.0
20130428:1010,617.94,739.21,46.91,8.96,3.1,0.0
20130428:1110,543.33,648.59,51.47,10.02,3.66,0.0
20130428:1210,536.1,640.09,52.56,11.09,4.41,0.0
20130428:1310,352.7,422.1,49.88,11.09,4.62,0.0
20130428:1410,416.99,494.39,44.14,10.55,4.83,0.0
20130428:1510,232.58,282.6,36.41,10.55,5.31,0.0
20130428:1610,203.5,249.32,27.61,9.49,5.24,0.0
20130428:1710,83.36,113.63,18.35,8.96,4.55,0.0
20130428:1810,31.23,51.66,9.07,7.9,4.14,0.0
20130428:1910,0.0,0.0,0.0,8.96,4.69,0.0
20130428:2010,0.0,0.0,0.0,8.43,5.03,0.0
20130428:2110,0.0,0.0,0.0,7.9,5.24,0.0
20130428:2210,0.0,0.0,0.0,7.9,5.31,0.0
20130428:2310,0.0,0.0,0.0,7.9,5.45,0.0
20130429:0010,0.0,0.0,0.0,7.9,5.52,0.0
20130429:0110,0.0,0.0,0.0,7.9,4.83,0.0
20130429:0210,0.0,0.0,0.0,7.9,4.28,0.0
20130429:0310,0.0,0.0,0.0,7.37,4.14,0.0
20130429:0410,0.0,0.0,0.0,6.84,3.45,0.0
20130429:0510,4.71,14.87,4.18,6.31,3.38,0.0
20130429:0610,67.94,122.2,13.29,6.31,3.03,0.0
20130429:0710,270.44,336.82,22.61,7.37,4.07,0.0
20130429:0810,490.98,577.65,31.74,8.43,4.41,0.0
20130429:0910,655.36,773.11,40.19,9.49,4.97,0.0
20130429:1010,655.11,779.82,47.21,10.55,4.97,0.0
20130429:1110,546.22,650.58,51.78,11.09,4.83,0.0
20130429:1210,342.67,411.49,52.87,11.61,4.83,0.0
20130429:1310,464.66,554.38,50.17,11.61,4.69,0.0
20130429:1410,362.24,433.85,44.39,11.61,4.41,0.0
20130429:1510,323.79,389.72,36.65,12.15,4.41,0.0
20130429:1610,334.77,406.79,27.83,12.15,4.14,0.0
20130429:1710,169.37,234.29,18.56,11.61,3.52,0.0
20130429:1810,25.37,49.91,9.29,11.61,2.76,0.0
20130429:1910,0.0,0.0,0.0,10.55,2.48,0.0
20130429:2010,0.0,0.0,0.0,8.96,2.41,0.0
20130429:2110,0.0,0.0,0.0,7.37,2.48,0.0
20130429:2210,0.0,0.0,0.0,6.31,2.41,0.0
20130429:2310,0.0,0.0,0.0,5.25,2.41,0.0
20130430:0010,0.0,0.0,0.0,4.72,2.48,0.0
20130430:0110,0.0,0.0,0.0,4.19,2.62,0.0
20130430:0210,0.0,0.0,0.0,3.66,2.62,0.0
20130430:0310,0.0,0.0,0.0,3.13,2.48,0.0
20130430:0410,0.0,0.0,0.0,2.6,2.55,0.0
20130430:0510,8.86,20.99,4.45,2.07,2.55,0.0
20130430:0610,69.45,125.05,13.55,3.66,2.14,0.0
20130430:0710,268.11,334.28,22.87,6.84,2.55,0.0
20130430:0810,468.37,555.37,32.01,8.43,3.1,0.0
20130430:0910,608.36,725.58,40.46,9.49,3.31,0.0
20130430:1010,774.1,944.38,47.5,10.55,3.31,0.0
20130430:1110,837.28,1033.21,52.09,11.61,3.66,0.0
20130430:1210,815.3,1004.91,53.18,12.15,3.86,0.0
20130430:1310,656.32,796.81,50.45,12.68,4.0,0.0
20130430:1410,401.06,481.51,44.65,12.68,4.41,0.0
20130430:1510,424.98,508.21,36.88,12.15,4.21,0.0
20130430:1610,381.87,462.04,28.05,11.61,4.28,0.0
20130430:1710,173.31,239.81,18.77,11.61,4.28,0.0
20130430:1810,27.08,51.92,9.51,10.55,3.79,0.0
20130430:1910,0.0,0.0,0.0,9.49,3.52,0.0
20130430:2010,0.0,0.0,0.0,7.37,3.38,0.0
20130430:2110,0.0,0.0,0.0,6.31,3.24,0.0
20130430:2210,0.0,0.0,0.0,5.78,2.9,0.0
20130430:2310,0.0,0.0,0.0,4.72,2.83,0.0
20130501:0010,0.0,0.0,0.0,4.19,2.76,0.0
20130501:0110,0.0,0.0,0.0,3.13,2.62,0.0
20130501:0210,0.0,0.0,0.0,3.13,2.55,0.0
20130501:0310,0.0,0.0,0.0,2.6,2.48,0.0
20130501:0410,0.0,0.0,0.0,2.6,2.41,0.0
20130501:0510,4.31,13.99,4.71,2.07,2.34,0.0
20130501:0610,45.11,67.25,13.8,4.19,2.14,0.0
20130501:0710,125.61,160.33,23.12,6.31,2.48,0.0
20130501:0810,353.69,420.71,32.27,7.9,2.48,0.0
20130501:0910,645.03,774.46,40.74,9.49,2.83,0.0
20130501:1010,749.95,925.22,47.79,11.09,2.48,0.0
20130501:1110,813.12,1011.98,52.4,11.61,2.83,0.0
20130501:1210,838.57,1052.68,53.48,12.68,2.9,0.0
20130501:1310,790.49,985.18,50.73,13.21,3.03,0.0
20130501:1410,700.4,862.6,44.9,13.74,3.1,0.0
20130501:1510,569.51,691.63,37.11,13.74,3.24,0.0
20130501:1610,388.36,475.43,28.26,13.74,3.93,0.0
20130501:1710,173.66,244.21,18.99,13.21,3.79,0.0
20130501:1810,22.54,48.17,9.72,12.15,2.97,0.0
20130501:1910,0.0,0.0,0.0,11.09,2.55,0.0
20130501:2010,0.0,0.0,0.0,9.49,2.69,0.0
20130501:2110,0.0,0.0,0.0,7.9,2.48,0.0
20130501:2210,0.0,0.0,0.0,6.31,2.21,0.0
20130501:2310,0.0,0.0,0.0,5.25,2.14,0.0
20130502:0010,0.0,0.0,0.0,4.19,2.48,0.0
20130502:0110,0.0,0.0,0.0,3.66,2.62,0.0
20130502:0210,0.0,0.0,0.0,3.13,2.69,0.0
20130502:0310,0.0,0.0,0.0,2.6,2.55,0.0
20130502:0410,0.0,0.0,0.0,2.6,2.62,0.0
20130502:0510,11.29,24.48,4.96,2.6,2.76,0.0
20130502:0610,74.86,128.2,14.05,4.19,2.55,0.0
20130502:0710,278.11,347.58,23.37,7.37,2.83,0.0
20130502:0810,482.56,575.92,32.52,9.49,2.9,0.0
20130502:0910,655.33,785.78,41.0,11.61,4.14,0.0
20130502:1010,0.0,0.0,0.0,12.15,4.07,0.0
20130502:1110,831.87,1025.75,52.7,13.21,4.34,0.0
20130502:1210,848.06,1052.79,53.78,13.74,4.21,0.0
20130502:1310,793.15,985.41,51.01,14.27,3.72,0.0
20130502:1410,697.1,858.44,45.15,14.8,3.59,0.0
20130502:1510,540.57,658.17,37.33,14.8,3.45,0.0
20130502:1610,363.73,447.87,28.48,14.27,3.24,0.0
20130502:1710,171.3,238.51,19.2,13.21,2.83,0.0
20130502:1810,25.57,51.73,9.94,12.15,2.07,0.0
20130502:1910,0.0,0.0,0.0,11.61,2.07,0.0
20130502:2010,0.0,0.0,0.0,9.49,2.07,0.0
20130502:2110,0.0,0.0,0.0,7.9,1.93,0.0
20130502:2210,0.0,0.0,0.0,6.31,1.72,0.0
20130502:2310,0.0,0.0,0.0,5.78,1.45,0.0
20130503:0010,0.0,0.0,0.0,6.84,1.1,0.0
20130503:0110,0.0,0.0,0.0,6.31,0.21,0.0
20130503:0210,0.0,0.0,0.0,5.78,0.62,0.0
20130503:0310,0.0,0.0,0.0,4.19,1.31,0.0
20130503:0410,0.0,0.0,0.0,2.6,1.66,0.0
20130503:0510,13.22,27.11,5.22,2.07,1.31,0.0
20130503:0610,78.03,130.08,14.3,4.72,1.1,0.0
20130503:0710,272.59,345.3,23.61,8.43,0.9,0.0
20130503:0810,467.26,570.53,32.77,11.61,1.45,0.0
20130503:0910,630.47,782.14,41.27,13.21,1.66,0.0
20130503:1010,731.96,927.25,48.36,14.8,1.93,0.0
20130503:1110,806.51,1033.17,52.99,15.86,2.41,0.0
20130503:1210,828.97,1060.09,54.07,16.92,3.1,0.0
20130503:1310,787.23,992.89,51.28,16.92,3.59,0.0
20130503:1410,699.41,870.11,45.39,17.45,3.93,0.0
20130503:1510,569.25,698.73,37.56,17.45,4.21,0.0
20130503:1610,373.1,463.51,28.69,17.45,4.55,0.0
20130503:1710,173.24,244.67,19.41,15.86,4.62,0.0
20130503:1810,24.9,52.09,10.15,14.27,4.21,0.0
20130503:1910,0.0,0.0,0.0,13.21,3.79,0.0
20130503:2010,0.0,0.0,0.0,11.61,3.79,0.0
20130503:2110,0.0,0.0,0.0,10.55,3.45,0.0
20130503:2210,0.0,0.0,0.0,9.49,3.72,0.0
20130503:2310,0.0,0.0,0.0,8.96,3.66,0.0
20130504:0010,0.0,0.0,0.0,7.9,3.59,0.0
20130504:0110,0.0,0.0,0.0,7.37,3.52,0.0
20130504:0210,0.0,0.0,0.0,7.37,3.31,0.0
20130504:0310,0.0,0.0,0.0,7.37,3.66,0.0
20130504:0410,0.0,0.0,0.0,7.9,3.66,0.0
20130504:0510,12.82,27.11,5.46,7.9,3.45,0.0
20130504:0610,83.03,125.44,14.54,8.43,3.17,0.0
20130504:0710,88.08,118.71,23.85,10.02,6.0,0.0
20130504:0810,274.86,330.65,33.02,11.09,6.34,0.0
20130504:0910,148.68,189.13,41.52,12.15,6.34,0.0
20130504:1010,87.37,118.67,48.63,11.61,5.38,0.0
20130504:1110,83.94,114.96,53.28,12.15,5.38,0.0
20130504:1210,750.68,908.78,54.36,12.68,5.38,0.0
20130504:1310,489.61,587.99,51.55,13.74,5.45,0.0
20130504:1410,575.96,692.28,45.64,14.27,5.59,0.0
20130504:1510,570.25,682.28,37.78,14.27,5.93,0.0
20130504:1610,186.92,234.58,28.9,13.74,5.86,0.0
20130504:1710,178.02,248.29,19.61,13.21,5.45,0.0
20130504:1810,29.69,50.07,10.36,12.15,4.34,0.0
20130504:1910,0.0,0.0,0.0,12.15,3.93,0.0
20130504:2010,0.0,0.0,0.0,11.61,3.93,0.0
20130504:2110,0.0,0.0,0.0,11.09,3.79,0.0
20130504:2210,0.0,0.0,0.0,10.02,3.45,0.0
20130504:2310,0.0,0.0,0.0,8.96,3.24,0.0
20130505:0010,0.0,0.0,0.0,7.9,2.9,0.0
20130505:0110,0.0,0.0,0.0,6.84,2.62,0.0
20130505:0210,0.0,0.0,0.0,5.78,2.34,0.0
20130505:0310,0.0,0.0,0.0,5.25,2.07,0.0
20130505:0410,0.0,0.0,0.0,5.25,1.86,0.0
20130505:0510,14.27,28.86,5.7,5.25,1.72,0.0
20130505:0610,80.35,134.51,14.77,6.84,1.59,0.0
20130505:0710,277.92,351.32,24.09,10.02,2.34,0.0
20130505:0810,421.3,508.59,33.26,11.09,2.28,0.0
20130505:0910,614.49,750.22,41.78,11.61,2.14,0.0
20130505:1010,623.75,768.49,48.9,12.68,2.21,0.0
20130505:1110,419.4,514.6,53.57,14.27,2.34,0.0
20130505:1210,222.85,280.38,54.65,15.33,2.41,0.0
20130505:1310,349.6,433.61,51.82,16.39,2.41,0.0
20130505:1410,119.19,159.46,45.87,16.92,2.55,0.0
20130505:1510,243.15,305.0,38.0,16.39,2.48,0.0
20130505:1610,143.49,187.92,29.1,16.39,2.21,0.0
20130505:1710,70.2,100.93,19.82,15.86,1.66,0.0
20130505:1810,9.02,22.25,10.57,15.33,1.03,0.0
20130505:1910,0.0,0.0,0.0,14.8,1.93,0.0
20130505:2010,0.0,0.0,0.0,12.68,2.28,0.0
20130505:2110,0.0,0.0,0.0,11.61,2.41,0.0
20130505:2210,0.0,0.0,0.0,10.02,2.34,0.0
20130505:2310,0.0,0.0,0.0,9.49,2.14,0.0
20130506:0010,0.0,0.0,0.0,8.96,1.93,0.0
20130506:0110,0.0,0.0,0.0,7.9,1.72,0.0
20130506:0210,0.0,0.0,0.0,7.37,1.59,0.0
20130506:0310,0.0,0.0,0.0,7.37,1.31,0.0
20130506:0410,0.0,0.0,0.0,7.9,0.55,0.0
20130506:0510,12.79,27.11,5.94,7.9,0.34,0.0
20130506:0610,79.24,113.75,15.0,8.43,0.28,0.0
20130506:0710,224.83,287.55,24.31,11.61,0.21,0.0
20130506:0810,465.99,580.01,33.49,13.21,0.55,0.0
20130506:0910,586.51,741.37,42.02,14.8,0.76,0.0
20130506:1010,190.3,244.62,49.17,16.39,0.83,0.0
20130506:1110,364.19,458.64,53.85,17.45,1.1,0.0
20130506:1210,420.24,530.55,54.93,17.98,1.24,0.0
20130506:1310,428.2,541.37,52.08,18.51,1.31,0.0
20130506:1410,354.39,446.12,46.11,18.51,1.52,0.0
20130506:1510,342.74,430.26,38.21,18.51,1.72,0.0
20130506:1610,229.67,293.78,29.31,18.51,1.79,0.0
20130506:1710,134.84,185.1,20.02,17.98,1.72,0.0
20130506:1810,38.91,63.84,10.77,17.45,1.52,0.0
20130506:1910,0.0,0.0,0.0,15.86,2.14,0.0
20130506:2010,0.0,0.0,0.0,13.21,2.28,0.0
20130506:2110,0.0,0.0,0.0,11.61,2.07,0.0
20130506:2210,0.0,0.0,0.0,10.55,1.86,0.0
20130506:2310,0.0,0.0,0.0,8.96,1.59,0.0
20130507:0010,0.0,0.0,0.0,8.43,1.45,0.0
20130507:0110,0.0,0.0,0.0,8.96,0.9,0.0
20130507:0210,0.0,0.0,0.0,8.43,0.83,0.0
20130507:0310,0.0,0.0,0.0,7.37,1.24,0.0
20130507:0410,0.0,0.0,0.0,6.84,1.1,0.0
20130507:0510,16.11,31.48,6.17,6.31,1.24,0.0
20130507:0610,83.06,138.76,15.22,7.9,0.9,0.0
20130507:0710,277.32,355.57,24.54,12.15,1.38,0.0
20130507:0810,470.3,580.96,33.72,14.27,1.59,0.0
20130507:0910,624.6,782.78,42.26,16.39,2.07,0.0
20130507:1010,730.11,931.7,49.43,17.45,2.34,0.0
20130507:1110,793.68,1028.68,54.12,18.51,2.48,0.0
20130507:1210,571.77,724.21,55.2,19.04,2.41,0.0
20130507:1310,414.0,519.38,52.33,19.57,2.76,0.0
20130507:1410,76.09,109.4,46.34,19.57,2.69,0.0
20130507:1510,127.61,171.51,38.43,19.57,2.21,0.0
20130507:1610,104.5,143.85,29.51,19.57,2.0,0.0
20130507:1710,165.41,232.99,20.22,19.04,2.28,0.0
20130507:1810,35.07,64.9,10.98,17.98,2.41,0.0
20130507:1910,0.0,0.0,0.0,16.39,2.41,0.0
20130507:2010,0.0,0.0,0.0,14.27,2.48,0.0
20130507:2110,0.0,0.0,0.0,12.15,2.48,0.0
20130507:2210,0.0,0.0,0.0,11.61,2.41,0.0
20130507:2310,0.0,0.0,0.0,10.55,2.55,0.0
20130508:0010,0.0,0.0,0.0,10.02,2.55,0.0
20130508:0110,0.0,0.0,0.0,9.49,2.62,0.0
20130508:0210,0.0,0.0,0.0,9.49,2.69,0.0
20130508:0310,0.0,0.0,0.0,9.49,2.76,0.0
20130508:0410,0.0,0.0,0.0,10.02,2.97,0.0
20130508:0510,0.0,5.25,6.39,10.02,2.76,0.0
20130508:0610,21.98,39.87,15.44,11.09,2.69,0.0
20130508:0710,50.95,76.02,24.76,11.61,3.24,0.0
20130508:0810,138.8,178.45,33.94,12.15,3.72,0.0
20130508:0910,256.89,313.97,42.5,12.68,4.55,0.0
20130508:1010,125.84,164.1,49.68,13.21,4.69,0.0
20130508:1110,454.43,548.24,54.39,14.27,5.24,0.0
20130508:1210,242.69,302.05,55.48,16.39,6.21,0.0
20130508:1310,91.68,126.09,52.59,16.39,5.93,0.0
20130508:1410,484.43,587.08,46.57,16.39,5.86,0.0
20130508:1510,514.13,622.11,38.64,16.39,5.72,0.0
20130508:1610,210.75,265.39,29.71,16.39,5.38,0.0
20130508:1710,113.95,154.59,20.41,16.39,5.72,0.0
20130508:1810,16.74,33.38,11.18,15.33,4.97,0.0
20130508:1910,0.0,0.0,0.0,13.21,4.83,0.0
20130508:2010,0.0,0.0,0.0,12.68,4.48,0.0
20130508:2110,0.0,0.0,0.0,12.15,4.62,0.0
20130508:2210,0.0,0.0,0.0,11.61,4.28,0.0
20130508:2310,0.0,0.0,0.0,10.55,3.72,0.0
20130509:0010,0.0,0.0,0.0,9.49,3.38,0.0
20130509:0110,0.0,0.0,0.0,8.96,3.45,0.0
20130509:0210,0.0,0.0,0.0,7.9,3.38,0.0
20130509:0310,0.0,0.0,0.0,7.37,3.66,0.0
20130509:0410,0.0,0.0,0.0,6.84,3.86,0.0
20130509:0510,18.06,34.1,6.61,6.84,3.93,0.0
20130509:0610,85.44,142.91,15.66,7.9,3.59,0.0
20130509:0710,220.0,272.92,24.97,10.02,5.66,0.0
20130509:0810,334.07,397.53,34.16,11.09,6.9,0.0
20130509:0910,517.99,609.65,42.73,11.61,7.17,0.0
20130509:1010,732.12,867.15,49.93,11.61,7.31,0.0
20130509:1110,236.91,289.08,54.66,12.15,7.79,0.0
20130509:1210,787.09,940.58,55.74,13.21,8.28,0.0
20130509:1310,539.76,638.4,52.84,13.21,8.97,0.0
20130509:1410,382.7,454.97,46.8,13.21,9.38,0.0
20130509:1510,403.06,477.29,38.84,13.21,9.59,0.0
20130509:1610,236.53,288.26,29.91,12.15,9.59,0.0
20130509:1710,89.74,121.63,20.61,11.61,10.14,0.0
20130509:1810,45.87,71.21,11.38,11.09,7.31,0.0
20130509:1910,0.0,1.75,2.58,10.55,8.48,0.0
20130509:2010,0.0,0.0,0.0,10.55,8.34,0.0
20130509:2110,0.0,0.0,0.0,10.55,7.93,0.0
20130509:2210,0.0,0.0,0.0,10.55,7.79,0.0
20130509:2310,0.0,0.0,0.0,10.55,6.9,0.0
20130510:0010,0.0,0.0,0.0,10.02,6.62,0.0
20130510:0110,0.0,0.0,0.0,9.49,6.21,0.0
20130510:0210,0.0,0.0,0.0,9.49,5.93,0.0
20130510:0310,0.0,0.0,0.0,8.96,5.79,0.0
20130510:0410,0.0,0.0,0.0,9.49,5.66,0.0
20130510:0510,7.92,20.11,6.83,9.49,5.31,0.0
20130510:0610,62.33,89.5,15.87,10.02,4.69,0.0
20130510:0710,80.26,110.33,25.18,11.61,6.83,0.0
20130510:0810,134.43,172.65,34.37,12.15,7.59,0.0
20130510:0910,139.05,178.0,42.95,12.15,7.1,0.0
20130510:1010,110.08,145.56,50.17,13.21,7.24,0.0
20130510:1110,91.13,124.23,54.92,14.27,7.1,0.0
20130510:1210,719.84,870.74,56.01,14.8,6.83,0.0
20130510:1310,590.97,711.93,53.08,15.33,6.83,0.0
20130510:1410,551.33,664.18,47.02,15.86,6.69,0.0
20130510:1510,283.9,347.98,39.05,15.86,6.55,0.0
20130510:1610,255.47,316.83,30.1,15.86,6.0,0.0
20130510:1710,122.7,164.68,20.8,15.33,5.1,0.0
20130510:1810,32.64,63.85,11.58,14.27,4.62,0.0
20130510:1910,2.57,11.37,2.79,13.21,4.97,0.0
20130510:2010,0.0,0.0,0.0,12.15,4.97,0.0
20130510:2110,0.0,0.0,0.0,11.61,5.1,0.0
20130510:2210,0.0,0.0,0.0,11.61,4.55,0.0
20130510:2310,0.0,0.0,0.0,11.09,4.21,0.0
20130511:0010,0.0,0.0,0.0,10.02,3.93,0.0
20130511:0110,0.0,0.0,0.0,9.49,3.45,0.0
20130511:0210,0.0,0.0,0.0,8.96,3.24,0.0
20130511:0310,0.0,0.0,0.0,8.43,3.17,0.0
20130511:0410,0.0,0.0,0.0,7.9,3.38,0.0
20130511:0510,18.67,34.98,7.04,7.37,3.72,0.0
20130511:0610,84.51,117.67,16.07,7.9,3.79,0.0
20130511:0710,152.66,192.12,25.38,8.96,5.66,0.0
20130511:0810,303.44,362.93,34.58,10.55,5.66,0.0
20130511:0910,246.29,299.37,43.17,11.61,6.14,0.0
20130511:1010,537.72,637.79,50.41,12.15,6.48,0.0
20130511:1110,510.43,608.59,55.17,13.21,6.83,0.0
20130511:1210,312.55,378.59,56.26,13.74,6.83,0.0
20130511:1310,62.09,89.93,53.32,13.74,5.59,0.0
20130511:1410,171.99,216.02,47.24,12.68,7.03,0.0
20130511:1510,257.63,312.4,39.25,12.15,6.76,0.0
20130511:1610,81.64,112.18,30.3,12.15,6.69,0.0
20130511:1710,114.99,152.08,20.99,11.61,6.69,0.0
20130511:1810,49.61,76.7,11.77,11.61,5.72,0.0
20130511:1910,3.09,12.24,2.99,10.55,5.93,0.0
20130511:2010,0.0,0.0,0.0,8.96,4.9,0.0
20130511:2110,0.0,0.0,0.0,8.43,4.34,0.0
20130511:2210,0.0,0.0,0.0,7.9,4.21,0.0
20130511:2310,0.0,0.0,0.0,7.37,4.34,0.0
20130512:0010,0.0,0.0,0.0,6.84,4.28,0.0
20130512:0110,0.0,0.0,0.0,6.31,4.0,0.0
20130512:0210,0.0,0.0,0.0,5.78,4.0,0.0
20130512:0310,0.0,0.0,0.0,5.78,4.0,0.0
20130512:0410,0.0,0.0,0.0,5.78,4.14,0.0
20130512:0510,18.83,34.98,7.24,5.78,4.07,0.0
20130512:0610,87.54,148.2,16.27,6.84,3.45,0.0
20130512:0710,288.14,355.71,25.57,8.43,5.1,0.0
20130512:0810,453.17,533.74,34.78,9.49,5.24,0.0
20130512:0910,518.97,613.05,43.38,10.55,5.17,0.0
20130512:1010,624.37,745.36,50.64,11.61,5.17,0.0
20130512:1110,683.7,821.41,55.42,11.61,5.03,0.0
20130512:1210,826.13,1002.65,56.52,11.61,5.17,0.0
20130512:1310,276.46,336.19,53.56,12.68,5.59,0.0
20130512:1410,80.57,111.25,47.45,12.68,5.66,0.0
20130512:1510,67.22,95.49,39.45,12.15,4.21,0.0
20130512:1610,167.73,211.39,30.49,11.61,3.45,0.0
20130512:1710,41.91,64.9,21.18,11.09,4.21,0.0
20130512:1810,6.83,18.54,11.96,11.09,4.55,0.0
20130512:1910,0.0,1.75,3.19,11.09,4.9,0.0
20130512:2010,0.0,0.0,0.0,11.61,4.97,0.0
20130512:2110,0.0,0.0,0.0,11.61,4.9,0.0
20130512:2210,0.0,0.0,0.0,11.61,4.9,0.0
20130512:2310,0.0,0.0,0.0,11.61,4.9,0.0
20130513:0010,0.0,0.0,0.0,11.09,4.97,0.0
20130513:0110,0.0,0.0,0.0,11.09,5.03,0.0
20130513:0210,0.0,0.0,0.0,11.09,5.03,0.0
20130513:0310,0.0,0.0,0.0,11.09,5.03,0.0
20130513:0410,0.0,0.0,0.0,10.55,4.97,0.0
20130513:0510,13.26,27.98,7.44,10.55,4.83,0.0
20130513:0610,71.83,101.52,16.46,10.55,5.03,0.0
20130513:0710,214.79,267.02,25.76,10.55,5.1,0.0
20130513:0810,334.57,399.94,34.97,11.09,5.24,0.0
20130513:0910,459.16,543.17,43.59,11.09,5.59,0.0
20130513:1010,328.43,393.72,50.86,11.61,5.79,0.0
20130513:1110,392.23,467.37,55.67,11.61,6.07,0.0
20130513:1210,191.83,238.27,56.76,12.15,6.55,0.0
20130513:1310,697.25,828.6,53.8,12.15,7.24,0.0
20130513:1410,413.22,490.03,47.67,12.15,7.31,0.0
20130513:1510,422.86,500.05,39.64,12.15,7.52,0.0
20130513:1610,61.87,89.0,30.67,12.15,7.52,0.0
20130513:1710,187.75,253.58,21.37,11.61,6.97,0.0
20130513:1810,35.5,67.72,12.15,11.09,6.34,0.0
20130513:1910,3.09,12.24,3.39,10.55,6.07,0.0
20130513:2010,0.0,0.0,0.0,9.49,5.38,0.0
20130513:2110,0.0,0.0,0.0,8.96,4.97,0.0
20130513:2210,0.0,0.0,0.0,7.9,4.55,0.0
20130513:2310,0.0,0.0,0.0,7.37,4.34,0.0
20130514:0010,0.0,0.0,0.0,6.84,4.0,0.0
20130514:0110,0.0,0.0,0.0,6.84,3.86,0.0
20130514:0210,0.0,0.0,0.0,6.31,3.72,0.0
20130514:0310,0.0,0.0,0.0,6.31,3.52,0.0
20130514:0410,0.0,0.0,0.0,6.31,3.31,0.0
20130514:0510,16.13,31.48,7.63,6.31,3.1,0.0
20130514:0610,68.07,95.5,16.65,7.37,2.97,0.0
20130514:0710,148.59,187.16,25.95,8.43,4.55,0.0
20130514:0810,292.81,350.21,35.16,9.49,4.62,0.0
20130514:0910,224.0,272.93,43.79,10.02,4.9,0.0
20130514:1010,182.97,227.14,51.08,10.55,4.97,0.0
20130514:1110,221.46,271.49,55.9,11.09,5.1,0.0
20130514:1210,376.18,448.64,57.01,11.09,5.52,0.0
20130514:1310,421.6,499.32,54.02,10.55,5.79,0.0
20130514:1410,118.92,153.9,47.88,10.02,5.45,0.0
20130514:1510,244.52,295.31,39.84,9.49,4.83,0.0
20130514:1610,57.79,83.44,30.86,9.49,3.93,0.0
20130514:1710,22.89,40.79,21.55,9.49,4.07,0.0
20130514:1810,5.73,16.69,12.34,9.49,4.21,0.0
20130514:1910,3.12,12.24,3.59,8.96,4.76,0.0
20130514:2010,0.0,0.0,0.0,9.49,5.24,0.0
20130514:2110,0.0,0.0,0.0,9.49,5.86,0.0
20130514:2210,0.0,0.0,0.0,10.02,6.76,0.0
20130514:2310,0.0,0.0,0.0,9.49,7.31,0.0
20130515:0010,0.0,0.0,0.0,7.9,8.07,0.0
20130515:0110,0.0,0.0,0.0,7.37,8.14,0.0
20130515:0210,0.0,0.0,0.0,7.37,8.41,0.0
20130515:0310,0.0,0.0,0.0,6.84,8.34,0.0
20130515:0410,0.0,0.0,0.0,6.84,7.93,0.0
20130515:0510,12.28,26.23,7.82,6.84,7.24,0.0
20130515:0610,57.31,82.06,16.83,6.84,6.69,0.0
20130515:0710,100.79,131.63,26.13,7.37,7.66,0.0
20130515:0810,80.94,109.4,35.35,7.9,7.52,0.0
20130515:0910,70.2,97.35,43.99,8.43,6.9,0.0
20130515:1010,82.1,111.25,51.3,8.96,6.69,0.0
20130515:1110,102.98,135.36,56.14,9.49,6.34,0.0
20130515:1210,112.2,146.48,57.24,10.55,6.21,0.0
20130515:1310,326.04,390.36,54.25,11.09,5.79,0.0
20130515:1410,220.68,270.9,48.08,11.61,5.38,0.0
20130515:1510,456.47,545.43,40.03,12.68,4.9,0.0
20130515:1610,411.07,499.53,31.04,12.68,4.21,0.0
20130515:1710,117.99,156.38,21.73,12.15,3.31,0.0
20130515:1810,53.54,81.66,12.52,11.61,3.03,0.0
20130515:1910,0.0,3.5,3.78,10.55,1.93,0.0
20130515:2010,0.0,0.0,0.0,9.49,1.66,0.0
20130515:2110,0.0,0.0,0.0,7.9,1.72,0.0
20130515:2210,0.0,0.0,0.0,6.84,1.66,0.0
20130515:2310,0.0,0.0,0.0,5.78,1.59,0.0
20130516:0010,0.0,0.0,0.0,5.25,1.38,0.0
20130516:0110,0.0,0.0,0.0,5.25,1.31,0.0
20130516:0210,0.0,0.0,0.0,5.78,0.9,0.0
20130516:0310,0.0,0.0,0.0,5.25,0.34,0.0
20130516:0410,0.0,0.0,0.0,4.72,0.0,0.0
20130516:0510,20.28,36.73,8.0,4.19,0.21,0.0
20130516:0610,92.28,153.34,17.0,4.72,0.21,0.0
20130516:0710,288.61,362.79,26.3,7.37,0.28,0.0
20130516:0810,484.36,589.31,35.52,8.96,0.76,0.0
20130516:0910,355.18,432.73,44.18,11.09,1.17,0.0
20130516:1010,510.21,624.73,51.5,11.61,1.52,0.0
20130516:1110,599.01,740.06,56.36,12.68,2.0,0.0
20130516:1210,130.51,170.59,57.48,13.74,2.28,0.0
20130516:1310,364.74,446.98,54.47,13.74,2.34,0.0
20130516:1410,66.54,95.49,48.28,13.74,2.28,0.0
20130516:1510,54.93,81.59,40.21,13.74,2.0,0.0
20130516:1610,75.04,105.69,31.22,13.74,1.66,0.0
20130516:1710,136.49,180.94,21.91,13.21,1.52,0.0
20130516:1810,49.49,82.07,12.7,12.68,1.52,0.0
20130516:1910,6.15,17.49,3.97,11.61,2.34,0.0
20130516:2010,0.0,0.0,0.0,10.02,2.55,0.0
20130516:2110,0.0,0.0,0.0,8.96,2.21,0.0
20130516:2210,0.0,0.0,0.0,7.9,2.34,0.0
20130516:2310,0.0,0.0,0.0,6.84,2.34,0.0
20130517:0010,0.0,0.0,0.0,6.31,2.21,0.0
20130517:0110,0.0,0.0,0.0,6.31,2.14,0.0
20130517:0210,0.0,0.0,0.0,5.78,2.14,0.0
20130517:0310,0.0,0.0,0.0,5.25,2.0,0.0
20130517:0410,0.0,0.0,0.0,4.72,2.0,0.0
20130517:0510,21.62,38.48,8.18,4.72,1.93,0.0
20130517:0610,43.51,65.82,17.17,6.84,2.14,0.0
20130517:0710,222.72,275.3,26.47,8.43,2.69,0.0
20130517:0810,191.27,235.89,35.7,9.49,3.66,0.0
20130517:0910,143.23,182.64,44.36,11.09,4.07,0.0
20130517:1010,83.24,114.03,51.71,11.61,4.0,0.0
20130517:1110,66.59,94.56,56.58,11.61,3.93,0.0
20130517:1210,136.31,175.22,57.7,11.61,3.72,0.0
20130517:1310,144.31,184.49,54.68,11.61,3.45,0.0
20130517:1410,93.61,126.09,48.48,11.61,3.72,0.0
20130517:1510,49.42,74.17,40.4,11.61,3.38,0.0
20130517:1610,69.69,98.27,31.39,11.61,3.24,0.0
20130517:1710,15.04,30.59,22.08,11.61,3.38,0.0
20130517:1810,10.51,24.1,12.88,11.09,2.76,0.0
20130517:1910,7.32,19.24,4.16,10.02,2.21,0.0
20130517:2010,0.0,0.0,0.0,9.49,2.14,0.0
20130517:2110,0.0,0.0,0.0,8.96,1.66,0.0
20130517:2210,0.0,0.0,0.0,7.9,1.24,0.0
20130517:2310,0.0,0.0,0.0,7.37,1.79,0.0
20130518:0010,0.0,0.0,0.0,6.84,2.21,0.0
20130518:0110,0.0,0.0,0.0,7.37,2.48,0.0
20130518:0210,0.0,0.0,0.0,7.37,2.21,0.0
20130518:0310,0.0,0.0,0.0,7.37,1.93,0.0
20130518:0410,0.0,0.0,0.0,7.9,1.79,0.0
20130518:0510,15.34,30.61,8.35,7.9,1.86,0.0
20130518:0610,91.31,125.67,17.34,8.43,2.14,0.0
20130518:0710,206.86,256.95,26.63,8.96,2.48,0.0
20130518:0810,260.82,316.1,35.86,10.02,3.17,0.0
20130518:0910,260.9,317.9,44.54,11.61,3.79,0.0
20130518:1010,301.87,366.41,51.9,12.15,3.86,0.0
20130518:1110,182.96,229.92,56.8,12.68,3.52,0.0
20130518:1210,208.67,259.96,57.93,12.68,3.1,0.0
20130518:1310,96.72,130.72,54.9,13.21,2.83,0.0
20130518:1410,184.13,233.02,48.67,13.74,2.41,0.0
20130518:1510,479.53,588.26,40.58,13.74,1.86,0.0
20130518:1610,116.13,153.99,31.57,13.74,1.79,0.0
20130518:1710,28.02,48.21,22.25,13.74,0.97,0.0
20130518:1810,36.69,59.4,13.06,13.74,0.55,0.0
20130518:1910,0.0,2.62,4.34,13.21,0.97,0.0
20130518:2010,0.0,0.0,0.0,12.15,1.59,0.0
20130518:2110,0.0,0.0,0.0,11.61,1.72,0.0
20130518:2210,0.0,0.0,0.0,11.61,1.93,0.0
20130518:2310,0.0,0.0,0.0,11.09,1.38,0.0
20130519:0010,0.0,0.0,0.0,9.49,1.79,0.0
20130519:0110,0.0,0.0,0.0,7.9,2.0,0.0
20130519:0210,0.0,0.0,0.0,7.37,2.14,0.0
20130519:0310,0.0,0.0,0.0,7.37,2.07,0.0
20130519:0410,0.0,0.0,0.0,7.9,1.79,0.0
20130519:0510,12.18,26.23,8.51,7.9,1.86,0.0
20130519:0610,103.36,154.15,17.49,10.02,1.79,0.0
20130519:0710,86.96,118.67,26.79,11.61,1.93,0.0
20130519:0810,233.81,289.16,36.02,12.68,2.62,0.0
20130519:0910,332.93,405.36,44.71,13.74,3.59,0.0
20130519:1010,437.34,534.18,52.09,15.33,3.72,0.0
20130519:1110,427.21,524.94,57.01,15.86,3.38,0.0
20130519:1210,367.44,453.49,58.14,16.39,3.38,0.0
20130519:1310,543.26,674.19,55.1,16.39,2.83,0.0
20130519:1410,394.15,486.66,48.86,16.39,2.76,0.0
20130519:1510,317.67,394.42,40.75,16.92,2.76,0.0
20130519:1610,264.35,332.91,31.74,16.39,1.72,0.0
20130519:1710,186.9,258.19,22.42,16.39,2.0,0.0
20130519:1810,52.52,87.25,13.23,16.39,1.93,0.0
20130519:1910,8.2,20.99,4.52,15.33,1.86,0.0
20130519:2010,0.0,0.0,0.0,13.74,1.45,0.0
20130519:2110,0.0,0.0,0.0,12.15,1.38,0.0
20130519:2210,0.0,0.0,0.0,11.61,1.38,0.0
20130519:2310,0.0,0.0,0.0,11.09,1.66,0.0
20130520:0010,0.0,0.0,0.0,10.55,2.14,0.0
20130520:0110,0.0,0.0,0.0,10.55,2.48,0.0
20130520:0210,0.0,0.0,0.0,11.09,2.69,0.0
20130520:0310,0.0,0.0,0.0,11.09,3.03,0.0
20130520:0410,0.0,0.0,0.0,11.09,3.31,0.0
20130520:0510,4.57,14.87,8.67,11.09,3.17,0.0
20130520:0610,22.69,40.79,17.65,11.09,3.17,0.0
20130520:0710,47.92,72.31,26.94,11.61,4.28,0.0
20130520:0810,93.77,126.09,36.18,11.61,5.24,0.0
20130520:0910,82.33,113.11,44.87,12.15,5.1,0.0
20130520:1010,56.16,82.51,52.27,12.68,4.97,0.0
20130520:1110,75.36,105.69,57.21,13.74,4.83,0.0
20130520:1210,70.46,100.13,58.36,14.27,4.83,0.0
20130520:1310,75.76,106.62,55.3,14.8,4.9,0.0
20130520:1410,75.36,106.62,49.05,15.86,4.9,0.0
20130520:1510,83.75,116.82,40.93,16.39,4.9,0.0
20130520:1610,49.05,75.1,31.9,16.39,4.55,0.0
20130520:1710,40.91,64.9,22.59,15.86,4.0,0.0
20130520:1810,6.09,17.62,13.4,15.33,3.66,0.0
20130520:1910,0.0,3.5,4.7,15.86,3.45,0.0
20130520:2010,0.0,0.0,0.0,15.33,3.52,0.0
20130520:2110,0.0,0.0,0.0,15.33,3.59,0.0
20130520:2210,0.0,0.0,0.0,15.33,4.0,0.0
20130520:2310,0.0,0.0,0.0,14.8,4.0,0.0
20130521:0010,0.0,0.0,0.0,14.8,3.93,0.0
20130521:0110,0.0,0.0,0.0,14.27,3.93,0.0
20130521:0210,0.0,0.0,0.0,13.74,4.07,0.0
20130521:0310,0.0,0.0,0.0,12.68,4.48,0.0
20130521:0410,0.0,0.0,0.0,11.61,4.55,0.0
20130521:0510,6.72,18.36,8.83,11.09,3.59,0.0
20130521:0610,23.41,41.72,17.79,11.09,3.66,0.0
20130521:0710,59.54,86.22,27.08,11.61,4.07,0.0
20130521:0810,41.8,64.9,36.33,11.61,4.0,0.0
20130521:0910,54.88,80.66,45.03,11.61,4.48,0.0
20130521:1010,43.98,67.68,52.45,12.15,4.55,0.0
20130521:1110,87.85,119.6,57.41,12.15,4.41,0.0
20130521:1210,78.88,109.4,58.56,12.68,4.34,0.0
20130521:1310,52.27,77.88,55.5,12.68,4.28,0.0
20130521:1410,80.06,111.25,49.23,13.74,4.48,0.0
20130521:1510,75.34,105.69,41.1,13.74,4.62,0.0
20130521:1610,166.07,211.42,32.07,14.27,4.62,0.0
20130521:1710,170.42,225.06,22.75,13.74,3.66,0.0
20130521:1810,46.46,71.51,13.57,13.74,2.76,0.0
20130521:1910,10.07,23.61,4.87,12.68,2.0,0.0
20130521:2010,0.0,0.0,0.0,12.15,1.59,0.0
20130521:2110,0.0,0.0,0.0,11.61,1.72,0.0
20130521:2210,0.0,0.0,0.0,11.61,1.79,0.0
20130521:2310,0.0,0.0,0.0,11.61,2.0,0.0
20130522:0010,0.0,0.0,0.0,11.09,2.14,0.0
20130522:0110,0.0,0.0,0.0,11.09,2.14,0.0
20130522:0210,0.0,0.0,0.0,10.55,2.14,0.0
20130522:0310,0.0,0.0,0.0,10.55,1.93,0.0
20130522:0410,0.0,0.0,0.0,10.02,1.66,0.0
20130522:0510,8.46,20.99,8.97,10.02,1.31,0.0
20130522:0610,24.16,42.65,17.93,10.55,1.52,0.0
20130522:0710,50.5,75.1,27.22,10.02,1.86,0.0
20130522:0810,51.16,76.02,36.47,10.55,2.14,0.0
20130522:0910,160.62,203.04,45.18,11.09,2.83,0.0
20130522:1010,91.13,123.31,52.62,11.61,3.17,0.0
20130522:1110,86.39,117.74,57.6,11.61,3.59,0.0
20130522:1210,79.08,109.4,58.76,12.15,4.34,0.0
20130522:1310,66.28,94.56,55.69,12.68,4.55,0.0
20130522:1410,75.54,105.69,49.41,13.21,4.62,0.0
20130522:1510,144.85,186.35,41.26,13.74,4.97,0.0
20130522:1610,93.79,127.01,32.23,13.21,4.69,0.0
20130522:1710,169.19,222.03,22.91,13.74,5.31,0.0
20130522:1810,60.42,89.5,13.73,12.15,5.66,0.0
20130522:1910,11.95,26.23,5.04,11.61,4.62,0.0
20130522:2010,0.0,0.0,0.0,11.09,4.55,0.0
20130522:2110,0.0,0.0,0.0,10.02,4.69,0.0
20130522:2210,0.0,0.0,0.0,8.96,4.76,0.0
20130522:2310,0.0,0.0,0.0,7.9,4.76,0.0
20130523:0010,0.0,0.0,0.0,7.37,4.97,0.0
20130523:0110,0.0,0.0,0.0,6.84,4.9,0.0
20130523:0210,0.0,0.0,0.0,6.31,4.62,0.0
20130523:0310,0.0,0.0,0.0,5.78,4.55,0.0
20130523:0410,0.0,0.0,0.0,5.78,4.83,0.0
20130523:0510,9.88,22.74,9.12,5.78,5.31,0.0
20130523:0610,96.71,130.06,18.07,6.31,5.79,0.0
20130523:0710,183.69,225.48,27.36,6.84,5.52,0.0
20130523:0810,264.26,315.16,36.6,7.9,5.31,0.0
20130523:0910,235.11,283.95,45.33,8.96,5.38,0.0
20130523:1010,282.12,338.7,52.78,10.02,5.52,0.0
20130523:1110,400.86,476.55,57.78,10.55,5.31,0.0
20130523:1210,234.1,285.34,58.96,10.55,5.03,0.0
20130523:1310,595.32,709.21,55.88,10.55,4.76,0.0
20130523:1410,73.32,101.98,49.58,10.55,4.41,0.0
20130523:1510,543.63,645.67,41.43,10.55,4.21,0.0
20130523:1610,388.99,467.92,32.39,10.55,4.0,0.0
20130523:1710,201.24,267.85,23.07,9.49,3.79,0.0
20130523:1810,61.23,94.19,13.89,8.96,3.31,0.0
20130523:1910,2.67,11.37,5.21,7.9,3.03,0.0
20130523:2010,0.0,0.0,0.0,6.84,2.48,0.0
20130523:2110,0.0,0.0,0.0,6.84,2.21,0.0
20130523:2210,0.0,0.0,0.0,6.31,2.21,0.0
20130523:2310,0.0,0.0,0.0,5.78,2.62,0.0
20130524:0010,0.0,0.0,0.0,5.78,3.31,0.0
20130524:0110,0.0,0.0,0.0,5.25,3.72,0.0
20130524:0210,0.0,0.0,0.0,5.25,3.72,0.0
20130524:0310,0.0,0.0,0.0,5.25,3.72,0.0
20130524:0410,0.0,0.0,0.0,5.25,3.72,0.0
20130524:0510,2.72,11.37,9.25,5.25,3.86,0.0
20130524:0610,19.02,35.23,18.2,5.78,3.93,0.0
20130524:0710,51.84,75.1,27.48,5.25,4.69,0.0
20130524:0810,345.2,402.87,36.73,6.31,5.86,0.0
20130524:0910,111.07,143.7,45.47,7.9,5.45,0.0
20130524:1010,55.14,79.73,52.94,7.9,5.45,0.0
20130524:1110,64.67,90.86,57.96,7.9,5.03,0.0
20130524:1210,103.11,135.36,59.14,8.96,5.1,0.0
20130524:1310,47.78,71.39,56.06,8.96,4.62,0.0
20130524:1410,41.23,63.97,49.75,10.55,3.03,0.0
20130524:1510,90.66,122.38,41.58,10.55,2.28,0.0
20130524:1610,167.78,209.36,32.54,10.02,5.03,0.0
20130524:1710,120.47,156.0,23.22,8.96,5.93,0.0
20130524:1810,20.18,37.08,14.05,8.43,5.66,0.0
20130524:1910,0.2,6.12,5.37,7.37,5.72,0.0
20130524:2010,0.0,0.0,0.0,6.31,5.03,0.0
20130524:2110,0.0,0.0,0.0,5.78,4.62,0.0
20130524:2210,0.0,0.0,0.0,5.78,4.34,0.0
20130524:2310,0.0,0.0,0.0,5.78,4.21,0.0
20130525:0010,0.0,0.0,0.0,5.78,4.07,0.0
20130525:0110,0.0,0.0,0.0,5.78,4.0,0.0
20130525:0210,0.0,0.0,0.0,5.78,3.72,0.0
20130525:0310,0.0,0.0,0.0,5.78,3.59,0.0
20130525:0410,0.0,0.0,0.0,5.25,3.45,0.0
20130525:0510,30.64,49.84,9.38,5.25,3.52,0.0
20130525:0610,109.57,162.87,18.32,6.31,3.24,0.0
20130525:0710,289.7,354.96,27.6,7.9,4.76,0.0
20130525:0810,494.92,584.05,36.86,8.96,4.28,0.0
20130525:0910,619.8,737.47,45.61,10.02,4.07,0.0
20130525:1010,531.89,636.96,53.09,11.09,3.86,0.0
20130525:1110,601.88,725.42,58.13,11.61,4.0,0.0
20130525:1210,587.37,710.63,59.33,12.15,3.79,0.0
20130525:1310,474.9,572.72,56.24,12.68,3.93,0.0
20130525:1410,468.89,566.05,49.92,13.21,3.86,0.0
20130525:1510,411.49,496.73,41.74,13.21,3.72,0.0
20130525:1610,343.18,420.18,32.69,13.74,3.59,0.0
20130525:1710,202.26,276.88,23.37,13.74,3.31,0.0
20130525:1810,31.87,73.34,14.2,13.74,2.28,0.0
20130525:1910,13.74,28.86,5.53,12.15,1.86,0.0
20130525:2010,0.0,0.0,0.0,11.09,1.86,0.0
20130525:2110,0.0,0.0,0.0,8.96,1.86,0.0
20130525:2210,0.0,0.0,0.0,7.37,2.0,0.0
20130525:2310,0.0,0.0,0.0,6.31,2.14,0.0
20130526:0010,0.0,0.0,0.0,5.25,2.41,0.0
20130526:0110,0.0,0.0,0.0,5.25,2.55,0.0
20130526:0210,0.0,0.0,0.0,4.72,2.62,0.0
20130526:0310,0.0,0.0,0.0,5.25,2.55,0.0
20130526:0410,0.0,0.0,0.0,4.72,2.62,0.0
20130526:0510,35.55,55.97,9.5,5.78,2.69,0.0
20130526:0610,107.75,163.95,18.44,7.37,2.69,0.0
20130526:0710,297.37,369.95,27.72,9.49,3.24,0.0
20130526:0810,476.52,571.18,36.98,11.09,3.38,0.0
20130526:0910,601.89,728.17,45.73,12.15,3.24,0.0
20130526:1010,680.82,839.6,53.24,13.74,3.1,0.0
20130526:1110,757.03,949.61,58.3,14.8,3.03,0.0
20130526:1210,811.28,1031.72,59.5,15.86,2.97,0.0
20130526:1310,786.18,999.42,56.42,16.39,2.83,0.0
20130526:1410,693.4,871.15,50.08,16.92,2.83,0.0
20130526:1510,574.05,712.59,41.89,17.45,2.97,0.0
20130526:1610,374.81,466.96,32.84,16.92,3.03,0.0
20130526:1710,199.76,277.79,23.52,16.92,2.9,0.0
20130526:1810,32.94,75.39,14.35,16.39,2.55,0.0
20130526:1910,14.12,29.73,5.69,15.33,1.86,0.0
20130526:2010,0.0,0.0,0.0,13.21,2.34,0.0
20130526:2110,0.0,0.0,0.0,11.61,2.69,0.0
20130526:2210,0.0,0.0,0.0,10.55,3.03,0.0
20130526:2310,0.0,0.0,0.0,9.49,2.83,0.0
20130527:0010,0.0,0.0,0.0,8.43,2.55,0.0
20130527:0110,0.0,0.0,0.0,6.84,2.28,0.0
20130527:0210,0.0,0.0,0.0,5.78,2.14,0.0
20130527:0310,0.0,0.0,0.0,4.72,2.28,0.0
20130527:0410,0.0,0.0,0.0,4.19,2.21,0.0
20130527:0510,24.37,41.97,9.62,4.72,2.07,0.0
20130527:0610,104.19,164.94,18.55,7.37,2.07,0.0
20130527:0710,307.01,383.39,27.83,9.49,3.03,0.0
20130527:0810,507.61,607.13,37.09,11.09,3.72,0.0
20130527:0910,673.03,806.83,45.86,12.15,4.69,0.0
20130527:1010,631.88,759.69,53.38,13.74,5.86,0.0
20130527:1110,648.08,780.98,58.46,14.27,6.41,0.0
20130527:1210,767.83,933.84,59.68,14.8,6.48,0.0
20130527:1310,818.38,999.9,56.58,15.33,6.34,0.0
20130527:1410,729.01,881.59,50.24,15.33,6.48,0.0
20130527:1510,587.23,705.52,42.04,15.33,6.28,0.0
20130527:1610,403.76,492.6,32.98,15.33,5.93,0.0
20130527:1710,205.02,280.44,23.66,14.8,5.31,0.0
20130527:1810,60.9,97.67,14.5,13.74,4.41,0.0
20130527:1910,13.06,27.98,5.84,13.21,3.17,0.0
20130527:2010,0.0,0.0,0.0,11.61,2.9,0.0
20130527:2110,0.0,0.0,0.0,11.09,2.69,0.0
20130527:2210,0.0,0.0,0.0,10.55,2.41,0.0
20130527:2310,0.0,0.0,0.0,10.02,2.28,0.0
20130528:0010,0.0,0.0,0.0,10.02,2.41,0.0
20130528:0110,0.0,0.0,0.0,10.55,2.41,0.0
20130528:0210,0.0,0.0,0.0,10.55,2.14,0.0
20130528:0310,0.0,0.0,0.0,10.55,1.86,0.0
20130528:0410,0.0,0.0,0.0,10.02,1.72,0.0
20130528:0510,2.62,11.37,9.73,10.02,1.66,0.0
20130528:0610,18.53,35.23,18.66,10.55,1.66,0.0
20130528:0710,46.39,70.46,27.93,11.09,1.79,0.0
20130528:0810,73.67,102.91,37.2,11.09,1.79,0.0
20130528:0910,73.56,102.91,45.97,11.61,2.41,0.0
20130528:1010,80.66,111.25,53.51,11.61,2.28,0.0
20130528:1110,87.06,118.67,58.61,11.61,2.62,0.0
20130528:1210,78.34,108.47,59.84,11.61,2.76,0.0
20130528:1310,84.73,115.89,56.75,11.61,3.03,0.0
20130528:1410,191.25,239.47,50.39,11.61,1.93,0.0
20130528:1510,119.66,156.68,42.19,11.61,1.79,0.0
20130528:1610,70.39,99.2,33.12,11.61,2.28,0.0
20130528:1710,90.55,122.87,23.8,11.61,2.76,0.0
20130528:1810,34.33,55.63,14.64,11.09,2.41,0.0
20130528:1910,10.76,24.48,5.98,11.09,2.48,0.0
20130528:2010,0.0,0.0,0.0,10.55,2.14,0.0
20130528:2110,0.0,0.0,0.0,10.02,1.59,0.0
20130528:2210,0.0,0.0,0.0,9.49,1.72,0.0
20130528:2310,0.0,0.0,0.0,8.96,1.52,0.0
20130529:0010,0.0,0.0,0.0,8.43,1.31,0.0
20130529:0110,0.0,0.0,0.0,7.9,1.31,0.0
20130529:0210,0.0,0.0,0.0,7.9,1.24,0.0
20130529:0310,0.0,0.0,0.0,7.37,1.1,0.0
20130529:0410,0.0,0.0,0.0,7.37,0.9,0.0
20130529:0510,37.33,58.59,9.84,7.37,0.62,0.0
20130529:0610,111.82,155.87,18.76,8.43,0.62,0.0
20130529:0710,216.33,269.95,28.03,10.02,1.72,0.0
20130529:0810,334.45,406.4,37.3,11.09,1.79,0.0
20130529:0910,172.96,218.11,46.08,11.61,2.14,0.0
20130529:1010,134.1,173.37,53.63,12.15,2.83,0.0
20130529:1110,67.95,96.42,58.75,12.15,3.38,0.0
20130529:1210,65.6,93.64,60.0,12.15,3.52,0.0
20130529:1310,88.55,120.52,56.9,12.15,3.52,0.0
20130529:1410,80.39,111.25,50.54,12.68,3.59,0.0
20130529:1510,54.42,80.66,42.33,13.21,3.93,0.0
20130529:1610,33.28,54.7,33.26,13.21,4.83,0.0
20130529:1710,26.01,45.43,23.94,13.21,4.9,0.0
20130529:1810,28.24,48.21,14.78,12.68,4.34,0.0
20130529:1910,9.55,22.74,6.13,11.61,4.0,0.0
20130529:2010,0.0,0.0,0.0,11.61,3.72,0.0
20130529:2110,0.0,0.0,0.0,11.61,3.38,0.0
20130529:2210,0.0,0.0,0.0,11.09,3.24,0.0
20130529:2310,0.0,0.0,0.0,11.09,3.31,0.0
20130530:0010,0.0,0.0,0.0,11.09,3.45,0.0
20130530:0110,0.0,0.0,0.0,11.09,3.45,0.0
20130530:0210,0.0,0.0,0.0,11.09,3.38,0.0
20130530:0310,0.0,0.0,0.0,11.09,3.17,0.0
20130530:0410,0.0,0.0,0.0,11.09,3.17,0.0
20130530:0510,29.05,48.97,9.94,11.09,3.38,0.0
20130530:0610,9.88,23.18,18.85,11.09,3.24,0.0
20130530:0710,27.73,47.28,28.12,11.09,3.31,0.0
20130530:0810,44.16,67.68,37.39,11.09,2.97,0.0
20130530:0910,64.98,92.71,46.18,11.61,3.45,0.0
20130530:1010,127.47,165.02,53.75,11.61,3.93,0.0
20130530:1110,48.41,73.24,58.89,12.68,3.86,0.0
20130530:1210,110.18,146.48,60.15,13.74,3.93,0.0
20130530:1310,77.26,108.47,57.06,14.8,4.07,0.0
20130530:1410,118.92,157.61,50.68,15.33,4.28,0.0
20130530:1510,110.22,147.41,42.46,15.33,4.48,0.0
20130530:1610,119.83,158.58,33.39,15.33,4.69,0.0
20130530:1710,67.93,97.35,24.07,14.8,4.69,0.0
20130530:1810,21.63,39.87,14.92,14.27,4.07,0.0
20130530:1910,1.69,9.62,6.27,12.68,3.31,0.0
20130530:2010,0.0,0.0,0.0,12.15,3.31,0.0
20130530:2110,0.0,0.0,0.0,11.61,3.24,0.0
20130530:2210,0.0,0.0,0.0,11.61,3.31,0.0
20130530:2310,0.0,0.0,0.0,11.09,3.31,0.0
20130531:0010,0.0,0.0,0.0,11.09,3.38,0.0
20130531:0110,0.0,0.0,0.0,10.55,3.38,0.0
20130531:0210,0.0,0.0,0.0,10.55,3.24,0.0
20130531:0310,0.0,0.0,0.0,10.55,3.1,0.0
20130531:0410,0.0,0.0,0.0,10.55,3.1,0.0
20130531:0510,34.63,55.97,10.04,11.09,3.66,0.0
20130531:0610,81.23,112.44,18.94,11.61,4.76,0.0
20130531:0710,102.4,136.2,28.21,11.61,4.21,0.0
20130531:0810,123.24,160.39,37.48,12.15,4.62,0.0
20130531:0910,157.29,200.25,46.28,13.21,4.9,0.0
20130531:1010,217.39,270.69,53.87,14.27,4.9,0.0
20130531:1110,798.61,992.25,59.03,15.86,4.69,0.0
20130531:1210,828.88,1044.29,60.3,17.45,4.48,0.0
20130531:1310,765.46,962.95,57.2,18.51,4.41,0.0
20130531:1410,567.36,704.21,50.82,19.04,4.34,0.0
20130531:1510,446.95,553.95,42.6,19.04,3.86,0.0
20130531:1610,126.78,169.71,33.52,19.04,3.38,0.0
20130531:1710,179.63,241.36,24.2,18.51,2.76,0.0
20130531:1810,30.21,51.92,15.05,18.51,2.9,0.0
20130531:1910,14.53,30.61,6.4,17.98,2.41,0.0
20130531:2010,0.0,0.0,0.0,16.92,2.69,0.0
20130531:2110,0.0,0.0,0.0,15.86,3.31,0.0
20130531:2210,0.0,0.0,0.0,14.8,3.86,0.0
20130531:2310,0.0,0.0,0.0,13.74,4.0,0.0
20130601:0010,0.0,0.0,0.0,12.68,4.0,0.0
20130601:0110,0.0,0.0,0.0,11.61,4.0,0.0
20130601:0210,0.0,0.0,0.0,11.09,4.0,0.0
20130601:0310,0.0,0.0,0.0,10.02,3.93,0.0
20130601:0410,0.0,0.0,0.0,9.49,3.86,0.0
20130601:0510,28.6,48.1,10.12,9.49,3.72,0.0
20130601:0610,101.67,138.23,19.02,10.02,4.07,0.0
20130601:0710,149.22,189.91,28.29,11.09,4.28,0.0
20130601:0810,196.29,243.53,37.56,11.61,4.28,0.0
20130601:0910,254.94,311.9,46.37,12.68,4.62,0.0
20130601:1010,261.93,321.75,53.97,13.74,4.69,0.0
20130601:1110,554.18,671.32,59.15,14.27,4.83,0.0
20130601:1210,219.14,272.9,60.44,14.27,4.76,0.0
20130601:1310,157.3,201.18,57.34,14.27,4.9,0.0
20130601:1410,128.09,167.81,50.96,14.8,4.76,0.0
20130601:1510,117.69,155.75,42.72,14.8,4.62,0.0
20130601:1610,208.86,262.43,33.65,15.33,4.28,0.0
20130601:1710,146.05,191.8,24.33,14.8,3.66,0.0
20130601:1810,56.76,84.84,15.18,14.8,2.69,0.0
20130601:1910,3.49,13.12,6.54,14.27,1.66,0.0
20130601:2010,0.0,0.0,0.0,13.21,1.38,0.0
20130601:2110,0.0,0.0,0.0,12.15,1.31,0.0
20130601:2210,0.0,0.0,0.0,11.61,1.93,0.0
20130601:2310,0.0,0.0,0.0,11.09,2.41,0.0
20130602:0010,0.0,0.0,0.0,10.55,2.55,0.0
20130602:0110,0.0,0.0,0.0,10.02,2.48,0.0
20130602:0210,0.0,0.0,0.0,9.49,2.48,0.0
20130602:0310,0.0,0.0,0.0,8.43,2.48,0.0
20130602:0410,0.0,0.0,0.0,7.9,2.48,0.0
20130602:0510,37.92,59.46,10.21,8.43,2.34,0.0
20130602:0610,104.76,165.7,19.1,9.49,2.69,0.0
20130602:0710,293.94,370.11,28.36,11.61,3.03,0.0
20130602:0810,492.72,594.11,37.64,12.15,3.24,0.0
20130602:0910,642.68,783.8,46.46,13.74,3.38,0.0
20130602:1010,447.02,545.2,54.07,14.8,3.59,0.0
20130602:1110,353.03,433.4,59.27,15.33,3.66,0.0
20130602:1210,508.77,625.13,60.58,15.33,3.31,0.0
20130602:1310,580.14,716.31,57.48,15.86,3.38,0.0
20130602:1410,599.34,738.47,51.09,15.86,3.45,0.0
20130602:1510,431.4,529.0,42.85,16.39,3.52,0.0
20130602:1610,339.47,422.25,33.77,16.92,3.31,0.0
20130602:1710,198.47,269.22,24.45,16.92,3.31,0.0
20130602:1810,54.59,97.14,15.3,16.39,2.62,0.0
20130602:1910,16.67,33.23,6.66,14.8,2.76,0.0
20130602:2010,0.0,0.0,0.0,13.21,2.48,0.0
20130602:2110,0.0,0.0,0.0,11.61,2.28,0.0
20130602:2210,0.0,0.0,0.0,10.55,1.93,0.0
20130602:2310,0.0,0.0,0.0,8.96,1.59,0.0
20130603:0010,0.0,0.0,0.0,8.96,1.31,0.0
20130603:0110,0.0,0.0,0.0,8.43,1.03,0.0
20130603:0210,0.0,0.0,0.0,7.37,1.31,0.0
20130603:0310,0.0,0.0,0.0,6.31,1.52,0.0
20130603:0410,0.0,0.0,0.0,5.78,1.66,0.0
20130603:0510,38.29,59.46,10.28,6.31,1.52,0.0
20130603:0610,104.59,165.33,19.17,9.49,1.72,0.0
20130603:0710,295.16,373.29,28.43,11.09,1.86,0.0
20130603:0810,487.76,590.06,37.71,11.61,2.48,0.0
20130603:0910,640.51,779.03,46.53,13.21,3.38,0.0
20130603:1010,731.61,897.32,54.16,14.27,4.21,0.0
20130603:1110,776.19,962.61,59.38,15.33,4.34,0.0
20130603:1210,744.01,919.3,60.7,15.86,4.83,0.0
20130603:1310,660.3,813.3,57.61,16.39,4.62,0.0
20130603:1410,602.95,738.81,51.21,16.39,4.48,0.0
20130603:1510,568.94,694.92,42.97,16.92,4.62,0.0
20130603:1610,406.67,501.12,33.89,16.39,4.48,0.0
20130603:1710,205.08,278.13,24.57,15.86,4.34,0.0
20130603:1810,48.16,92.28,15.42,14.8,3.79,0.0
20130603:1910,17.4,34.1,6.79,13.74,3.24,0.0
20130603:2010,0.0,0.0,0.0,12.15,2.97,0.0
20130603:2110,0.0,0.0,0.0,11.09,2.83,0.0
20130603:2210,0.0,0.0,0.0,10.02,2.76,0.0
20130603:2310,0.0,0.0,0.0,9.49,2.69,0.0
20130604:0010,0.0,0.0,0.0,8.43,2.62,0.0
20130604:0110,0.0,0.0,0.0,7.37,2.55,0.0
20130604:0210,0.0,0.0,0.0,6.84,2.41,0.0
20130604:0310,0.0,0.0,0.0,6.31,2.48,0.0
20130604:0410,0.0,0.0,0.0,5.78,2.62,0.0
20130604:0510,34.01,54.22,10.35,6.31,2.62,0.0
20130604:0610,104.03,165.46,19.24,8.43,3.03,0.0
20130604:0710,299.62,373.26,28.5,10.02,4.07,0.0
20130604:0810,494.34,589.93,37.78,11.61,4.48,0.0
20130604:0910,641.74,769.75,46.61,12.68,4.76,0.0
20130604:1010,762.59,930.67,54.25,14.27,4.97,0.0
20130604:1110,823.48,1019.52,59.49,15.33,4.9,0.0
20130604:1210,833.96,1039.21,60.83,16.39,4.97,0.0
20130604:1310,783.05,972.53,57.74,16.92,4.97,0.0
20130604:1410,670.3,824.88,51.33,17.45,5.03,0.0
20130604:1510,566.39,691.78,43.09,17.45,5.03,0.0
20130604:1610,404.48,499.82,34.0,17.45,4.97,0.0
20130604:1710,209.23,288.3,24.68,16.92,4.83,0.0
20130604:1810,39.42,85.93,15.54,15.86,4.48,0.0
20130604:1910,20.59,38.48,6.9,14.27,4.48,0.0
20130604:2010,0.0,0.0,0.0,12.68,4.14,0.0
20130604:2110,0.0,0.0,0.0,11.61,3.93,0.0
20130604:2210,0.0,0.0,0.0,10.55,3.52,0.0
20130604:2310,0.0,0.0,0.0,9.49,3.1,0.0
20130605:0010,0.0,0.0,0.0,8.96,2.9,0.0
20130605:0110,0.0,0.0,0.0,8.43,2.76,0.0
20130605:0210,0.0,0.0,0.0,7.9,2.69,0.0
20130605:0310,0.0,0.0,0.0,7.37,2.83,0.0
20130605:0410,0.0,0.0,0.0,6.84,2.9,0.0
20130605:0510,35.98,56.84,10.42,7.37,2.83,0.0
20130605:0610,90.22,122.32,19.3,8.96,3.52,0.0
20130605:0710,191.06,238.05,28.55,10.02,3.59,0.0
20130605:0810,428.57,514.47,37.84,11.61,3.59,0.0
20130605:0910,638.7,773.16,46.67,12.68,3.59,0.0
20130605:1010,748.61,924.51,54.33,14.27,3.66,0.0
20130605:1110,807.98,1018.27,59.59,15.86,3.45,0.0
20130605:1210,816.77,1039.12,60.94,16.92,3.31,0.0
20130605:1310,772.5,978.81,57.86,17.45,3.31,0.0
20130605:1410,687.03,860.71,51.45,17.98,3.45,0.0
20130605:1510,566.71,700.67,43.2,17.98,3.66,0.0
20130605:1610,402.13,501.11,34.11,17.98,3.72,0.0
20130605:1710,209.47,288.74,24.79,16.92,3.86,0.0
20130605:1810,41.54,88.41,15.65,15.86,3.38,0.0
20130605:1910,21.1,39.35,7.02,15.33,2.62,0.0
20130605:2010,0.0,0.0,0.0,13.21,2.48,0.0
20130605:2110,0.0,0.0,0.0,11.61,2.69,0.0
20130605:2210,0.0,0.0,0.0,11.09,3.17,0.0
20130605:2310,0.0,0.0,0.0,10.55,3.38,0.0
20130606:0010,0.0,0.0,0.0,9.49,3.17,0.0
20130606:0110,0.0,0.0,0.0,8.43,2.9,0.0
20130606:0210,0.0,0.0,0.0,7.9,2.69,0.0
20130606:0310,0.0,0.0,0.0,7.37,2.62,0.0
20130606:0410,0.0,0.0,0.0,7.37,2.69,0.0
20130606:0510,33.74,54.22,10.48,7.9,2.62,0.0
20130606:0610,102.21,138.48,19.35,9.49,3.17,0.0
20130606:0710,250.94,311.2,28.6,10.55,3.72,0.0
20130606:0810,479.39,574.52,37.89,11.61,3.79,0.0
20130606:0910,629.59,764.02,46.73,13.74,3.86,0.0
20130606:1010,747.31,924.42,54.4,15.33,4.0,0.0
20130606:1110,811.9,1018.22,59.68,16.92,4.34,0.0
20130606:1210,825.79,1045.36,61.05,17.98,4.21,0.0
20130606:1310,774.25,978.88,57.97,19.04,4.21,0.0
20130606:1410,698.31,871.61,51.56,19.57,4.76,0.0
20130606:1510,557.91,689.01,43.31,19.57,4.9,0.0
20130606:1610,399.66,497.39,34.22,19.04,5.03,0.0
20130606:1710,208.61,286.28,24.9,17.98,4.69,0.0
20130606:1810,51.27,96.8,15.75,16.92,4.34,0.0
20130606:1910,21.06,39.35,7.13,15.86,4.14,0.0
20130606:2010,0.0,0.0,0.0,13.74,3.72,0.0
20130606:2110,0.0,0.0,0.0,12.68,3.59,0.0
20130606:2210,0.0,0.0,0.0,11.61,3.72,0.0
20130606:2310,0.0,0.0,0.0,10.55,3.72,0.0
20130607:0010,0.0,0.0,0.0,10.02,3.66,0.0
20130607:0110,0.0,0.0,0.0,9.49,3.52,0.0
20130607:0210,0.0,0.0,0.0,8.96,3.45,0.0
20130607:0310,0.0,0.0,0.0,8.96,3.38,0.0
20130607:0410,0.0,0.87,2.38,8.96,3.52,0.0
20130607:0510,3.6,13.12,10.53,9.49,3.38,0.0
20130607:0610,28.54,48.21,19.4,10.55,3.86,0.0
20130607:0710,272.9,340.13,28.65,11.61,4.41,0.0
20130607:0810,217.56,269.59,37.94,13.21,4.48,0.0
20130607:0910,539.09,654.32,46.79,15.33,4.55,0.0
20130607:1010,602.68,736.54,54.47,15.86,4.69,0.0
20130607:1110,205.27,260.83,59.77,17.98,5.17,0.0
20130607:1210,131.84,175.22,61.15,19.04,5.24,0.0
20130607:1310,85.55,120.52,58.08,19.57,5.17,0.0
20130607:1410,123.35,165.95,51.66,20.1,5.17,0.0
20130607:1510,262.97,330.68,43.41,19.57,5.17,0.0
20130607:1610,397.83,493.66,34.32,18.51,5.1,0.0
20130607:1710,207.47,282.71,25.0,17.98,5.17,0.0
20130607:1810,60.87,104.54,15.86,16.92,4.55,0.0
20130607:1910,18.48,35.85,7.23,15.86,4.34,0.0
20130607:2010,0.0,0.0,0.0,14.27,4.14,0.0
20130607:2110,0.0,0.0,0.0,12.68,4.14,0.0
20130607:2210,0.0,0.0,0.0,11.61,4.14,0.0
20130607:2310,0.0,0.0,0.0,10.55,4.0,0.0
20130608:0010,0.0,0.0,0.0,10.02,3.79,0.0
20130608:0110,0.0,0.0,0.0,9.49,3.72,0.0
20130608:0210,0.0,0.0,0.0,8.96,3.79,0.0
20130608:0310,0.0,0.0,0.0,8.43,3.72,0.0
20130608:0410,0.0,1.75,2.44,8.43,3.79,0.0
20130608:0510,28.75,48.1,10.58,8.43,3.52,0.0
20130608:0610,98.55,133.29,19.44,10.02,5.24,0.0
20130608:0710,240.14,296.63,28.69,10.55,5.24,0.0
20130608:0810,383.83,458.28,37.98,11.61,5.24,0.0
20130608:0910,437.03,521.3,46.84,12.15,5.17,0.0
20130608:1010,596.17,718.27,54.53,13.74,5.24,0.0
20130608:1110,749.85,920.05,59.85,15.33,5.31,0.0
20130608:1210,737.47,906.68,61.25,15.86,5.38,0.0
20130608:1310,709.84,871.18,58.18,16.39,5.52,0.0
20130608:1410,719.05,882.65,51.77,16.92,5.31,0.0
20130608:1510,581.38,706.97,43.51,16.92,5.38,0.0
20130608:1610,413.22,506.89,34.42,16.39,5.38,0.0
20130608:1710,210.78,283.5,25.1,15.86,5.38,0.0
20130608:1810,74.78,112.58,15.96,14.8,5.24,0.0
20130608:1910,8.91,21.86,7.33,12.68,5.17,0.0
20130608:2010,0.0,0.0,0.0,11.61,5.03,0.0
20130608:2110,0.0,0.0,0.0,11.61,5.24,0.0
20130608:2210,0.0,0.0,0.0,11.09,4.97,0.0
20130608:2310,0.0,0.0,0.0,11.09,4.69,0.0
20130609:0010,0.0,0.0,0.0,10.55,4.55,0.0
20130609:0110,0.0,0.0,0.0,10.55,4.28,0.0
20130609:0210,0.0,0.0,0.0,10.55,4.48,0.0
20130609:0310,0.0,0.0,0.0,10.02,4.76,0.0
20130609:0410,0.0,2.62,2.48,10.02,4.48,0.0
20130609:0510,10.84,24.48,10.62,10.02,5.03,0.0
20130609:0610,45.12,68.61,19.48,10.55,5.45,0.0
20130609:0710,72.58,101.05,28.73,10.55,5.24,0.0
20130609:0810,89.97,121.45,38.01,11.09,5.1,0.0
20130609:0910,93.77,126.09,46.88,11.61,5.17,0.0
20130609:1010,107.14,141.85,54.59,12.15,4.83,0.0
20130609:1110,115.44,152.05,59.92,13.21,4.97,0.0
20130609:1210,154.13,197.47,61.34,14.27,5.03,0.0
20130609:1310,111.07,148.34,58.28,15.33,4.9,0.0
20130609:1410,187.45,237.59,51.86,15.86,5.1,0.0
20130609:1510,169.55,217.3,43.6,16.39,4.9,0.0
20130609:1610,116.76,155.75,34.51,16.39,4.48,0.0
20130609:1710,99.1,134.9,25.19,15.86,4.21,0.0
20130609:1810,38.15,61.19,16.05,14.8,3.86,0.0
20130609:1910,7.77,20.11,7.43,12.68,3.66,0.0
20130609:2010,0.0,0.0,0.0,12.15,3.1,0.0
20130609:2110,0.0,0.0,0.0,11.61,2.9,0.0
20130609:2210,0.0,0.0,0.0,11.61,2.69,0.0
20130609:2310,0.0,0.0,0.0,11.09,2.55,0.0
20130610:0010,0.0,0.0,0.0,11.09,2.14,0.0
20130610:0110,0.0,0.0,0.0,10.55,1.79,0.0
20130610:0210,0.0,0.0,0.0,10.55,1.59,0.0
20130610:0310,0.0,0.0,0.0,10.02,1.66,0.0
20130610:0410,0.0,1.75,2.53,10.02,1.45,0.0
20130610:0510,11.4,25.36,10.65,10.55,1.38,0.0
20130610:0610,32.92,53.77,19.51,10.55,1.86,0.0
20130610:0710,61.07,88.08,28.75,11.09,1.52,0.0
20130610:0810,71.07,100.13,38.04,11.61,1.45,0.0
20130610:0910,109.98,145.56,46.91,11.61,1.52,0.0
20130610:1010,98.81,132.58,54.63,11.61,1.52,0.0
20130610:1110,102.25,137.21,59.99,12.68,1.45,0.0
20130610:1210,223.66,279.69,61.42,13.21,1.59,0.0
20130610:1310,147.76,190.98,58.37,13.74,1.72,0.0
20130610:1410,262.17,327.07,51.95,14.8,1.79,0.0
20130610:1510,301.51,373.77,43.69,14.8,1.72,0.0
20130610:1610,166.13,213.6,34.6,14.8,1.52,0.0
20130610:1710,88.4,122.15,25.28,14.8,1.45,0.0
20130610:1810,48.52,74.32,16.14,14.8,1.38,0.0
20130610:1910,10.01,23.61,7.52,13.74,1.72,0.0
20130610:2010,0.0,0.0,0.0,12.68,1.45,0.0
20130610:2110,0.0,0.0,0.0,12.15,1.59,0.0
20130610:2210,0.0,0.0,0.0,11.61,1.79,0.0
20130610:2310,0.0,0.0,0.0,11.09,2.07,0.0
20130611:0010,0.0,0.0,0.0,10.02,2.55,0.0
20130611:0110,0.0,0.0,0.0,8.96,2.41,0.0
20130611:0210,0.0,0.0,0.0,8.43,2.34,0.0
20130611:0310,0.0,0.0,0.0,8.43,2.28,0.0
20130611:0410,0.0,1.75,2.56,8.43,2.21,0.0
20130611:0510,12.7,27.11,10.68,9.49,2.07,0.0
20130611:0610,58.78,85.29,19.53,11.09,2.07,0.0
20130611:0710,57.09,83.44,28.78,11.61,2.34,0.0
20130611:0810,281.79,344.4,38.07,12.15,2.69,0.0
20130611:0910,0.0,0.0,0.0,14.27,3.93,0.0
20130611:1010,0.0,0.0,0.0,16.92,4.83,0.0
20130611:1110,280.19,348.22,60.04,17.45,5.52,0.0
20130611:1210,211.3,266.39,61.5,16.92,5.72,0.0
20130611:1310,121.91,161.32,58.45,15.86,4.97,0.0
20130611:1410,129.92,170.59,52.04,15.86,5.31,0.0
20130611:1510,85.79,118.67,43.78,15.33,5.31,0.0
20130611:1610,131.54,172.47,34.68,15.86,5.31,0.0
20130611:1710,85.3,118.44,25.36,15.86,5.1,0.0
20130611:1810,15.36,31.52,16.22,15.86,4.41,0.0
20130611:1910,3.46,13.12,7.6,15.33,4.0,0.0
20130611:2010,0.0,0.0,0.0,14.8,4.07,0.0
20130611:2110,0.0,0.0,0.0,13.74,3.93,0.0
20130611:2210,0.0,0.0,0.0,13.21,3.72,0.0
20130611:2310,0.0,0.0,0.0,13.21,3.24,0.0
20130612:0010,0.0,0.0,0.0,13.21,3.24,0.0
20130612:0110,0.0,0.0,0.0,13.74,3.93,0.0
20130612:0210,0.0,0.0,0.0,13.74,4.62,0.0
20130612:0310,0.0,0.0,0.0,14.27,5.17,0.0
20130612:0410,0.0,1.75,2.59,14.27,5.24,0.0
20130612:0510,5.52,16.61,10.71,14.27,5.45,0.0
20130612:0610,16.84,33.38,19.55,14.27,5.1,0.0
20130612:0710,48.85,74.17,28.8,14.27,5.79,0.0
20130612:0810,55.62,82.51,38.09,14.8,6.28,0.0
20130612:0910,181.4,229.41,46.97,15.33,6.69,0.0
20130612:1010,190.24,240.12,54.71,15.86,7.17,0.0
20130612:1110,139.11,181.71,60.1,16.92,7.31,0.0
20130612:1210,113.69,152.05,61.57,16.92,7.45,0.0
20130612:1310,97.04,132.58,58.53,16.92,6.97,0.0
20130612:1410,102.0,138.14,52.12,16.39,6.62,0.0
20130612:1510,62.88,91.78,43.86,16.39,7.1,0.0
20130612:1610,32.13,53.77,34.76,15.86,6.62,0.0
20130612:1710,47.73,73.24,25.44,15.86,6.76,0.0
20130612:1810,16.08,32.45,16.3,15.33,6.07,0.0
20130612:1910,7.63,20.11,7.68,15.86,5.59,0.0
20130612:2010,0.0,0.0,0.0,15.33,6.14,0.0
20130612:2110,0.0,0.0,0.0,14.8,6.28,0.0
20130612:2210,0.0,0.0,0.0,14.8,6.14,0.0
20130612:2310,0.0,0.0,0.0,14.27,6.21,0.0
20130613:0010,0.0,0.0,0.0,13.74,6.41,0.0
20130613:0110,0.0,0.0,0.0,13.21,6.41,0.0
20130613:0210,0.0,0.0,0.0,12.68,6.48,0.0
20130613:0310,0.0,0.0,0.0,12.68,6.83,0.0
20130613:0410,2.58,11.37,2.62,12.68,6.62,0.0
20130613:0510,6.11,17.49,10.73,12.68,6.76,0.0
20130613:0610,34.88,56.55,19.57,12.68,6.28,0.0
20130613:0710,85.25,116.82,28.81,13.21,7.66,0.0
20130613:0810,107.72,142.77,38.1,13.21,7.93,0.0
20130613:0910,0.0,0.0,0.0,13.74,8.07,0.0
20130613:1010,76.66,107.54,54.74,14.8,6.76,0.0
20130613:1110,124.67,164.1,60.14,15.86,7.66,0.0
20130613:1210,165.51,211.38,61.63,15.86,7.59,0.0
20130613:1310,87.89,121.45,58.6,16.39,8.0,0.0
20130613:1410,254.86,315.96,52.19,16.92,7.79,0.0
20130613:1510,217.06,272.95,43.93,17.98,8.48,0.0
20130613:1610,201.97,255.08,34.84,17.45,8.21,0.0
20130613:1710,131.43,173.62,25.52,16.39,6.69,0.0
20130613:1810,52.27,78.96,16.38,15.86,6.34,0.0
20130613:1910,15.42,31.48,7.76,14.8,5.17,0.0
20130613:2010,0.0,0.0,0.0,13.74,4.76,0.0
20130613:2110,0.0,0.0,0.0,13.21,4.76,0.0
20130613:2210,0.0,0.0,0.0,12.15,4.76,0.0
20130613:2310,0.0,0.0,0.0,11.61,4.48,0.0
20130614:0010,0.0,0.0,0.0,11.09,4.14,0.0
20130614:0110,0.0,0.0,0.0,10.55,3.66,0.0
20130614:0210,0.0,0.0,0.0,9.49,3.17,0.0
20130614:0310,0.0,0.0,0.0,8.96,2.97,0.0
20130614:0410,2.19,10.49,2.63,8.43,2.83,0.0
20130614:0510,31.37,51.59,10.74,9.49,2.76,0.0
20130614:0610,54.94,80.66,19.58,11.09,2.9,0.0
20130614:0710,145.68,186.93,28.82,12.68,4.76,0.0
20130614:0810,99.38,133.5,38.11,13.21,4.69,0.0
20130614:0910,181.78,229.41,47.0,14.27,4.97,0.0
20130614:1010,285.81,349.85,54.76,14.27,5.17,0.0
20130614:1110,484.98,586.22,60.18,14.27,5.03,0.0
20130614:1210,539.4,653.88,61.68,14.8,5.17,0.0
20130614:1310,630.44,771.49,58.67,16.39,5.31,0.0
20130614:1410,722.44,885.7,52.26,16.92,5.52,0.0
20130614:1510,587.84,714.76,44.0,17.45,5.86,0.0
20130614:1610,420.45,516.83,34.91,17.45,5.93,0.0
20130614:1710,219.44,299.53,25.59,17.45,5.93,0.0
20130614:1810,75.36,109.42,16.45,16.39,4.48,0.0
20130614:1910,7.65,20.11,7.83,15.33,3.66,0.0
20130614:2010,0.0,0.0,0.0,14.27,3.45,0.0
20130614:2110,0.0,0.0,0.0,13.74,3.31,0.0
20130614:2210,0.0,0.0,0.0,13.21,3.45,0.0
20130614:2310,0.0,0.0,0.0,13.21,3.86,0.0
20130615:0010,0.0,0.0,0.0,13.21,4.55,0.0
20130615:0110,0.0,0.0,0.0,13.74,5.24,0.0
20130615:0210,0.0,0.0,0.0,12.68,5.79,0.0
20130615:0310,0.0,0.0,0.0,12.15,6.41,0.0
20130615:0410,2.6,11.37,2.65,11.61,5.03,0.0
20130615:0510,29.76,49.84,10.74,11.09,4.55,0.0
20130615:0610,97.2,162.66,19.58,11.09,4.41,0.0
20130615:0710,205.47,256.29,28.82,12.15,6.28,0.0
20130615:0810,301.38,363.44,38.11,12.68,6.83,0.0
20130615:0910,420.79,502.3,47.01,13.74,7.38,0.0
20130615:1010,428.22,514.02,54.78,14.8,7.66,0.0
20130615:1110,437.58,527.88,60.21,15.86,7.93,0.0
20130615:1210,339.23,412.77,61.73,15.86,7.79,0.0
20130615:1310,81.01,113.11,58.73,15.86,7.59,0.0
20130615:1410,161.58,206.74,52.33,15.86,8.07,0.0
20130615:1510,124.75,164.1,44.07,15.86,8.41,0.0
20130615:1610,422.74,512.74,34.97,15.86,7.72,0.0
20130615:1710,188.25,244.65,25.65,15.86,7.45,0.0
20130615:1810,73.33,115.9,16.52,14.8,6.07,0.0
20130615:1910,18.06,34.98,7.89,13.74,5.66,0.0
20130615:2010,0.0,0.0,0.0,13.21,5.17,0.0
20130615:2110,0.0,0.0,0.0,12.68,4.9,0.0
20130615:2210,0.0,0.0,0.0,12.15,4.83,0.0
20130615:2310,0.0,0.0,0.0,11.61,4.76,0.0
20130616:0010,0.0,0.0,0.0,11.61,4.69,0.0
20130616:0110,0.0,0.0,0.0,11.61,4.76,0.0
20130616:0210,0.0,0.0,0.0,11.61,4.62,0.0
20130616:0310,0.0,0.0,0.0,11.61,4.34,0.0
20130616:0410,0.0,1.75,2.65,11.61,3.86,0.0
20130616:0510,6.7,18.36,10.75,11.61,3.59,0.0
20130616:0610,58.71,85.29,19.58,11.61,3.31,0.0
20130616:0710,195.93,246.25,28.81,12.68,4.69,0.0
20130616:0810,284.39,346.97,38.11,13.21,4.34,0.0
20130616:0910,308.49,376.67,47.01,14.27,4.41,0.0
20130616:1010,234.77,291.86,54.79,14.8,4.41,0.0
20130616:1110,205.42,258.03,60.24,14.8,3.93,0.0
20130616:1210,126.24,165.95,61.77,14.8,3.59,0.0
20130616:1310,483.01,592.35,58.78,14.8,3.03,0.0
20130616:1410,338.46,416.21,52.39,14.27,2.34,0.0
20130616:1510,374.3,460.03,44.13,14.8,2.28,0.0
20130616:1610,402.34,499.52,35.04,15.33,2.14,0.0
20130616:1710,212.01,283.3,25.72,15.33,2.14,0.0
20130616:1810,63.39,110.23,16.58,15.33,1.79,0.0
20130616:1910,25.62,45.47,7.95,15.86,1.17,0.0
20130616:2010,0.0,0.0,0.0,14.8,1.1,0.0
20130616:2110,0.0,0.0,0.0,13.21,1.72,0.0
20130616:2210,0.0,0.0,0.0,12.15,2.14,0.0
20130616:2310,0.0,0.0,0.0,11.61,2.41,0.0
20130617:0010,0.0,0.0,0.0,11.61,2.55,0.0
20130617:0110,0.0,0.0,0.0,11.09,2.76,0.0
20130617:0210,0.0,0.0,0.0,11.09,3.03,0.0
20130617:0310,0.0,0.0,0.0,11.09,2.76,0.0
20130617:0410,0.17,6.12,2.65,11.09,2.48,0.0
20130617:0510,4.56,14.87,10.74,11.61,2.76,0.0
20130617:0610,23.99,42.65,19.57,12.15,3.17,0.0
20130617:0710,54.4,80.66,28.81,13.21,3.45,0.0
20130617:0810,198.51,248.9,38.1,14.27,4.41,0.0
20130617:0910,203.79,256.0,47.01,15.33,4.97,0.0
20130617:1010,149.42,193.77,54.79,16.39,5.17,0.0
20130617:1110,393.81,483.58,60.25,17.45,5.38,0.0
20130617:1210,394.79,487.2,61.81,18.51,5.45,0.0
20130617:1310,604.61,746.81,58.83,18.51,5.31,0.0
20130617:1410,561.09,690.51,52.44,18.51,5.24,0.0
20130617:1510,415.06,510.13,44.18,18.51,5.24,0.0
20130617:1610,321.64,400.06,35.09,18.51,5.24,0.0
20130617:1710,178.31,235.07,25.77,18.51,5.24,0.0
20130617:1810,50.3,77.12,16.63,17.45,4.48,0.0
20130617:1910,12.23,27.11,8.01,16.39,4.55,0.0
20130617:2010,0.0,0.0,0.0,15.33,4.48,0.0
20130617:2110,0.0,0.0,0.0,14.8,4.55,0.0
20130617:2210,0.0,0.0,0.0,14.27,4.55,0.0
20130617:2310,0.0,0.0,0.0,13.74,4.34,0.0
20130618:0010,0.0,0.0,0.0,13.21,4.07,0.0
20130618:0110,0.0,0.0,0.0,13.21,3.86,0.0
20130618:0210,0.0,0.0,0.0,13.21,3.59,0.0
20130618:0310,0.0,0.0,0.0,13.21,3.24,0.0
20130618:0410,2.12,10.49,2.65,12.68,2.76,0.0
20130618:0510,39.13,62.09,10.73,13.21,2.41,0.0
20130618:0610,88.35,122.96,19.56,14.27,2.55,0.0
20130618:0710,186.98,240.34,28.79,15.33,1.79,0.0
20130618:0810,290.99,365.29,38.09,16.92,1.59,0.0
20130618:0910,314.27,397.31,47.0,18.51,1.31,0.0
20130618:1010,166.69,218.8,54.79,19.04,1.03,0.0
20130618:1110,80.71,115.89,60.27,20.63,0.9,0.0
20130618:1210,114.37,157.61,61.84,22.22,1.72,0.0
20130618:1310,66.98,99.2,58.87,21.69,2.55,0.0
20130618:1410,116.68,159.46,52.49,21.16,2.34,0.0
20130618:1510,77.91,112.18,44.24,20.63,2.28,0.0
20130618:1610,53.86,82.51,35.14,20.63,2.76,0.0
20130618:1710,209.56,286.94,25.82,20.63,2.55,0.0
20130618:1810,47.87,100.69,16.68,20.1,2.07,0.0
20130618:1910,0.46,7.0,8.06,19.04,1.52,0.0
20130618:2010,0.0,0.0,0.0,17.98,1.59,0.0
20130618:2110,0.0,0.0,0.0,16.92,1.93,0.0
20130618:2210,0.0,0.0,0.0,15.86,1.86,0.0
20130618:2310,0.0,0.0,0.0,14.8,1.66,0.0
20130619:0010,0.0,0.0,0.0,14.27,1.31,0.0
20130619:0110,0.0,0.0,0.0,14.8,0.48,0.0
20130619:0210,0.0,0.0,0.0,14.27,0.9,0.0
20130619:0310,0.0,0.0,0.0,13.74,1.17,0.0
20130619:0410,0.0,3.5,2.64,13.21,1.45,0.0
20130619:0510,2.1,10.49,10.72,13.74,1.1,0.0
20130619:0610,110.8,158.82,19.54,14.8,1.03,0.0
20130619:0710,205.82,266.35,28.77,16.39,0.83,0.0
20130619:0810,325.38,409.88,38.07,17.45,1.1,0.0
20130619:0910,273.18,347.96,46.98,19.57,1.59,0.0
20130619:1010,423.47,540.82,54.78,20.63,1.38,0.0
20130619:1110,707.67,942.2,60.27,22.22,1.45,0.0
20130619:1210,772.22,1032.49,61.86,22.75,1.93,0.0
20130619:1310,703.88,923.15,58.9,23.28,2.55,0.0
20130619:1410,577.35,746.7,52.53,23.81,2.55,0.0
20130619:1510,215.84,282.6,44.28,23.81,2.34,0.0
20130619:1610,369.6,477.12,35.19,23.81,2.34,0.0
20130619:1710,52.4,81.59,25.87,23.28,2.55,0.0
20130619:1810,73.77,110.76,16.73,22.75,2.62,0.0
20130619:1910,20.4,39.35,8.1,21.69,2.48,0.0
20130619:2010,0.0,0.0,0.0,20.63,2.83,0.0
20130619:2110,0.0,0.0,0.0,19.04,3.38,0.0
20130619:2210,0.0,0.0,0.0,17.98,3.31,0.0
20130619:2310,0.0,0.0,0.0,16.92,2.9,0.0
20130620:0010,0.0,0.0,0.0,15.86,2.55,0.0
20130620:0110,0.0,0.0,0.0,15.33,2.55,0.0
20130620:0210,0.0,0.0,0.0,14.8,2.62,0.0
20130620:0310,0.0,0.0,0.0,14.27,2.21,0.0
20130620:0410,2.1,10.49,2.62,13.74,1.93,0.0
20130620:0510,41.84,65.58,10.7,13.74,2.28,0.0
20130620:0610,93.73,130.27,19.52,14.8,3.17,0.0
20130620:0710,66.76,96.42,28.75,15.86,4.0,0.0
20130620:0810,184.74,236.41,38.05,16.92,3.17,0.0
20130620:0910,196.28,251.15,46.96,17.98,3.38,0.0
20130620:1010,224.85,286.93,54.77,19.04,2.97,0.0
20130620:1110,83.11,117.74,60.27,19.04,2.14,0.0
20130620:1210,109.41,150.19,61.87,19.57,0.83,0.0
20130620:1310,82.57,117.74,58.93,20.1,1.52,0.0
20130620:1410,159.91,211.38,52.57,20.1,1.31,0.0
20130620:1510,90.95,127.94,44.32,20.1,1.45,0.0
20130620:1610,121.03,164.13,35.23,20.1,1.86,0.0
20130620:1710,121.27,164.64,25.91,19.57,2.21,0.0
20130620:1810,50.42,78.06,16.77,19.57,2.41,0.0
20130620:1910,14.49,30.61,8.14,18.51,2.76,0.0
20130620:2010,0.0,0.0,0.0,17.45,2.34,0.0
20130620:2110,0.0,0.0,0.0,15.86,2.21,0.0
20130620:2210,0.0,0.0,0.0,14.8,2.34,0.0
20130620:2310,0.0,0.0,0.0,14.27,2.34,0.0
20130621:0010,0.0,0.0,0.0,13.21,2.34,0.0
20130621:0110,0.0,0.0,0.0,13.21,2.48,0.0
20130621:0210,0.0,0.0,0.0,13.21,2.55,0.0
20130621:0310,0.0,0.0,0.0,13.21,2.55,0.0
20130621:0410,0.0,3.5,2.6,13.21,2.48,0.0
20130621:0510,2.56,11.37,10.67,13.21,2.14,0.0
20130621:0610,76.55,107.75,19.49,13.74,3.17,0.0
20130621:0710,176.29,225.78,28.72,14.8,3.24,0.0
20130621:0810,130.16,171.51,38.02,15.86,2.9,0.0
20130621:0910,122.42,163.17,46.93,16.92,2.9,0.0
20130621:1010,104.16,141.85,54.75,17.45,3.17,0.0
20130621:1110,123.59,165.02,60.26,17.98,3.86,0.0
20130621:1210,495.67,616.8,61.88,19.57,4.48,0.0
20130621:1310,182.63,235.48,58.96,19.04,4.69,0.0
20130621:1410,303.47,380.95,52.6,20.1,4.62,0.0
20130621:1510,480.14,597.42,44.36,20.63,4.48,0.0
20130621:1610,293.83,372.05,35.27,21.16,4.41,0.0
20130621:1710,213.31,290.0,25.95,20.63,4.55,0.0
20130621:1810,58.46,109.25,16.8,19.57,3.79,0.0
20130621:1910,26.63,47.22,8.17,18.51,3.59,0.0
20130621:2010,0.0,0.0,0.0,17.45,3.59,0.0
20130621:2110,0.0,0.0,0.0,16.39,3.59,0.0
20130621:2210,0.0,0.0,0.0,15.33,3.59,0.0
20130621:2310,0.0,0.0,0.0,14.27,3.38,0.0
20130622:0010,0.0,0.0,0.0,13.21,3.79,0.0
20130622:0110,0.0,0.0,0.0,12.68,4.55,0.0
20130622:0210,0.0,0.0,0.0,12.15,5.31,0.0
20130622:0310,0.0,0.0,0.0,11.61,5.45,0.0
20130622:0410,0.0,1.75,2.57,12.15,5.66,0.0
20130622:0510,29.62,49.84,10.64,12.15,6.0,0.0
20130622:0610,30.45,50.99,19.45,12.68,6.28,0.0
20130622:0710,54.66,80.66,28.69,12.68,6.34,0.0
20130622:0810,86.62,118.67,37.99,13.74,7.59,0.0
20130622:0910,371.61,446.89,46.9,14.8,8.0,0.0
20130622:1010,501.21,600.74,54.72,15.86,8.9,0.0
20130622:1110,474.49,573.97,60.24,16.92,8.21,0.0
20130622:1210,92.97,127.94,61.88,17.45,8.76,0.0
20130622:1310,81.59,114.03,58.97,16.39,7.79,0.0
20130622:1410,290.39,355.52,52.62,15.86,7.86,0.0
20130622:1510,390.69,471.15,44.39,15.86,7.93,0.0
20130622:1610,190.55,239.89,35.3,15.33,6.97,0.0
20130622:1710,71.78,101.98,25.98,15.33,7.17,0.0
20130622:1810,74.18,106.41,16.83,14.8,6.55,0.0
20130622:1910,14.84,30.61,8.2,14.27,6.07,0.0
20130622:2010,0.0,0.0,0.0,13.74,6.0,0.0
20130622:2110,0.0,0.0,0.0,13.21,5.66,0.0
20130622:2210,0.0,0.0,0.0,13.21,5.59,0.0
20130622:2310,0.0,0.0,0.0,13.21,5.59,0.0
20130623:0010,0.0,0.0,0.0,13.21,5.45,0.0
20130623:0110,0.0,0.0,0.0,13.21,5.17,0.0
20130623:0210,0.0,0.0,0.0,12.68,5.24,0.0
20130623:0310,0.0,0.0,0.0,12.68,4.97,0.0
20130623:0410,0.0,2.62,2.53,12.15,4.76,0.0
20130623:0510,16.87,33.23,10.6,12.68,4.41,0.0
20130623:0610,101.94,140.46,19.42,13.21,5.17,0.0
20130623:0710,152.25,195.56,28.65,14.27,6.48,0.0
20130623:0810,223.32,276.95,37.95,14.8,6.83,0.0
20130623:0910,256.54,317.07,46.87,15.86,6.28,0.0
20130623:1010,82.06,114.96,54.69,16.92,6.07,0.0
20130623:1110,332.91,409.98,60.22,17.45,6.07,0.0
20130623:1210,125.85,165.95,61.87,16.39,6.9,0.0
20130623:1310,83.14,115.89,58.98,16.39,7.45,0.0
20130623:1410,104.97,141.85,52.64,16.92,7.45,0.0
20130623:1510,101.79,138.14,44.41,16.92,7.17,0.0
20130623:1610,77.41,109.4,35.33,16.92,6.69,0.0
20130623:1710,140.02,183.99,26.01,16.39,5.86,0.0
20130623:1810,81.9,118.99,16.86,15.86,6.0,0.0
20130623:1910,3.01,12.24,8.22,14.27,5.86,0.0
20130623:2010,0.0,0.0,0.0,13.74,5.24,0.0
20130623:2110,0.0,0.0,0.0,12.68,4.97,0.0
20130623:2210,0.0,0.0,0.0,12.15,4.9,0.0
20130623:2310,0.0,0.0,0.0,11.61,4.9,0.0
20130624:0010,0.0,0.0,0.0,11.61,4.9,0.0
20130624:0110,0.0,0.0,0.0,11.09,4.83,0.0
20130624:0210,0.0,0.0,0.0,10.55,4.48,0.0
20130624:0310,0.0,0.0,0.0,10.55,4.48,0.0
20130624:0410,0.0,1.75,2.49,10.02,4.28,0.0
20130624:0510,9.64,22.74,10.56,10.02,4.21,0.0
20130624:0610,41.15,63.97,19.37,11.09,4.21,0.0
20130624:0710,77.81,107.54,28.6,11.61,5.93,0.0
20130624:0810,145.82,186.43,37.9,12.68,5.66,0.0
20130624:0910,0.0,0.0,0.0,13.21,5.24,0.0
20130624:1010,154.88,197.47,54.65,13.21,4.9,0.0
20130624:1110,95.91,129.79,60.19,13.74,4.48,0.0
20130624:1210,242.03,299.48,61.86,13.74,3.93,0.0
20130624:1310,252.78,312.73,58.98,14.27,3.86,0.0
20130624:1410,104.07,139.99,52.66,14.8,4.0,0.0
20130624:1510,214.65,268.87,44.43,14.8,3.52,0.0
20130624:1610,292.54,361.57,35.35,14.8,3.03,0.0
20130624:1710,188.98,245.78,26.03,14.8,2.76,0.0
20130624:1810,70.04,101.26,16.88,14.8,2.07,0.0
20130624:1910,11.69,26.23,8.24,15.33,1.72,0.0
20130624:2010,0.0,0.0,0.0,13.74,1.66,0.0
20130624:2110,0.0,0.0,0.0,12.68,1.86,0.0
20130624:2210,0.0,0.0,0.0,11.61,2.14,0.0
20130624:2310,0.0,0.0,0.0,11.61,2.21,0.0
20130625:0010,0.0,0.0,0.0,11.09,2.28,0.0
20130625:0110,0.0,0.0,0.0,10.55,2.14,0.0
20130625:0210,0.0,0.0,0.0,10.02,2.0,0.0
20130625:0310,0.0,0.0,0.0,9.49,2.28,0.0
20130625:0410,1.32,8.74,2.45,8.43,2.14,0.0
20130625:0510,41.39,63.84,10.51,8.96,1.79,0.0
20130625:0610,107.5,148.43,19.32,11.09,1.86,0.0
20130625:0710,258.77,327.77,28.55,12.15,1.93,0.0
20130625:0810,435.68,534.68,37.85,13.74,2.0,0.0
20130625:0910,535.87,665.88,46.78,15.33,1.79,0.0
20130625:1010,501.57,622.09,54.61,16.39,2.55,0.0
20130625:1110,429.12,532.76,60.16,17.45,3.03,0.0
20130625:1210,418.91,520.72,61.84,17.45,2.9,0.0
20130625:1310,247.38,312.73,58.98,17.98,2.83,0.0
20130625:1410,301.66,377.65,52.66,17.45,2.41,0.0
20130625:1510,155.71,203.21,44.44,17.45,2.28,0.0
20130625:1610,204.97,261.79,35.36,17.45,2.28,0.0
20130625:1710,153.05,202.5,26.04,17.45,2.0,0.0
20130625:1810,82.49,121.8,16.89,16.92,1.52,0.0
20130625:1910,25.55,45.47,8.25,16.39,1.38,0.0
20130625:2010,0.0,0.0,0.0,15.86,1.1,0.0
20130625:2110,0.0,0.0,0.0,14.27,1.03,0.0
20130625:2210,0.0,0.0,0.0,13.74,1.24,0.0
20130625:2310,0.0,0.0,0.0,12.68,1.59,0.0
20130626:0010,0.0,0.0,0.0,12.15,1.72,0.0
20130626:0110,0.0,0.0,0.0,11.61,1.72,0.0
20130626:0210,0.0,0.0,0.0,11.61,1.79,0.0
20130626:0310,0.0,0.0,0.0,11.61,1.86,0.0
20130626:0410,0.0,4.37,2.4,11.61,2.07,0.0
20130626:0510,14.37,29.73,10.46,12.15,1.79,0.0
20130626:0610,38.39,61.19,19.27,13.21,1.72,0.0
20130626:0710,189.0,241.45,28.5,13.74,1.59,0.0
20130626:0810,276.16,343.66,37.8,14.8,1.72,0.0
20130626:0910,300.31,374.64,46.72,16.39,2.0,0.0
20130626:1010,394.08,491.13,54.56,17.98,2.69,0.0
20130626:1110,590.8,741.81,60.12,18.51,3.17,0.0
20130626:1210,518.25,647.9,61.81,19.04,3.52,0.0
20130626:1310,286.1,360.83,58.97,19.57,3.59,0.0
20130626:1410,284.99,359.86,52.66,20.1,3.72,0.0
20130626:1510,270.02,341.35,44.45,20.1,3.79,0.0
20130626:1610,270.88,343.15,35.37,20.1,3.72,0.0
20130626:1710,115.46,157.03,26.05,19.57,3.59,0.0
20130626:1810,75.49,110.67,16.9,19.04,3.17,0.0
20130626:1910,18.84,36.73,8.26,18.51,2.69,0.0
20130626:2010,0.0,0.0,0.0,16.92,2.83,0.0
20130626:2110,0.0,0.0,0.0,15.86,2.76,0.0
20130626:2210,0.0,0.0,0.0,14.8,2.62,0.0
20130626:2310,0.0,0.0,0.0,13.74,2.28,0.0
20130627:0010,0.0,0.0,0.0,12.68,2.0,0.0
20130627:0110,0.0,0.0,0.0,12.15,1.93,0.0
20130627:0210,0.0,0.0,0.0,11.61,2.07,0.0
20130627:0310,0.0,0.0,0.0,11.61,2.07,0.0
20130627:0410,0.0,2.62,2.34,11.61,2.07,0.0
20130627:0510,24.19,42.85,10.4,11.61,2.07,0.0
20130627:0610,85.73,118.73,19.21,12.15,2.34,0.0
20130627:0710,209.73,264.78,28.44,12.15,2.0,0.0
20130627:0810,425.36,520.96,37.74,13.21,1.93,0.0
20130627:0910,538.84,663.98,46.67,14.27,2.07,0.0
20130627:1010,480.31,592.43,54.51,15.33,2.48,0.0
20130627:1110,375.83,466.19,60.07,16.92,2.9,0.0
20130627:1210,485.09,604.07,61.78,17.98,3.17,0.0
20130627:1310,654.93,825.25,58.95,18.51,3.31,0.0
20130627:1410,530.0,660.61,52.66,19.04,3.59,0.0
20130627:1510,185.64,238.99,44.45,18.51,3.52,0.0
20130627:1610,126.3,167.84,35.38,17.45,3.86,0.0
20130627:1710,28.46,49.14,26.06,15.86,2.41,0.0
20130627:1810,15.44,31.52,16.91,14.8,2.34,0.0
20130627:1910,24.59,43.72,8.26,13.74,2.14,0.0
20130627:2010,0.0,0.0,0.0,13.21,2.34,0.0
20130627:2110,0.0,0.0,0.0,13.21,2.41,0.0
20130627:2210,0.0,0.0,0.0,12.68,2.48,0.0
20130627:2310,0.0,0.0,0.0,12.68,2.34,0.0
20130628:0010,0.0,0.0,0.0,12.68,2.34,0.0
20130628:0110,0.0,0.0,0.0,12.68,2.48,0.0
20130628:0210,0.0,0.0,0.0,12.68,2.55,0.0
20130628:0310,0.0,0.0,0.0,12.68,2.62,0.0
20130628:0410,0.17,6.12,2.28,12.68,2.69,0.0
20130628:0510,22.0,40.23,10.34,13.21,2.9,0.0
20130628:0610,67.92,97.16,19.15,13.21,3.1,0.0
20130628:0710,161.66,207.59,28.38,13.74,2.76,0.0
20130628:0810,97.21,131.65,37.68,13.74,2.48,0.0
20130628:0910,151.21,194.69,46.6,14.27,3.31,0.0
20130628:1010,153.42,197.47,54.45,14.8,3.93,0.0
20130628:1110,139.61,181.71,60.02,14.8,3.03,0.0
20130628:1210,116.32,154.83,61.74,15.33,3.17,0.0
20130628:1310,143.31,187.28,58.93,16.39,3.17,0.0
20130628:1410,76.91,109.4,52.65,17.45,2.9,0.0
20130628:1510,214.0,272.81,44.45,18.51,3.24,0.0
20130628:1610,72.59,104.76,35.38,19.04,4.0,0.0
20130628:1710,42.45,67.68,26.06,19.04,3.72,0.0
20130628:1810,46.89,73.24,16.9,19.04,3.93,0.0
20130628:1910,4.88,15.74,8.25,17.98,4.21,0.0
20130628:2010,0.0,0.0,0.0,17.45,4.34,0.0
20130628:2110,0.0,0.0,0.0,16.92,4.41,0.0
20130628:2210,0.0,0.0,0.0,16.39,4.28,0.0
20130628:2310,0.0,0.0,0.0,15.86,4.07,0.0
20130629:0010,0.0,0.0,0.0,15.33,4.14,0.0
20130629:0110,0.0,0.0,0.0,14.8,4.34,0.0
20130629:0210,0.0,0.0,0.0,13.74,4.55,0.0
20130629:0310,0.0,0.0,0.0,12.68,4.76,0.0
20130629:0410,0.0,0.0,0.0,12.15,4.62,0.0
20130629:0510,32.45,53.34,10.27,11.61,4.07,0.0
20130629:0610,108.62,153.73,19.08,11.61,4.07,0.0
20130629:0710,151.71,193.66,28.31,12.15,4.69,0.0
20130629:0810,293.66,357.18,37.61,13.21,4.9,0.0
20130629:0910,525.3,635.21,46.54,14.8,4.69,0.0
20130629:1010,555.02,677.67,54.38,15.33,4.14,0.0
20130629:1110,598.25,740.21,59.95,16.39,3.66,0.0
20130629:1210,775.78,980.86,61.69,16.92,3.45,0.0
20130629:1310,684.2,863.47,58.9,17.98,3.17,0.0
20130629:1410,577.02,722.13,52.63,18.51,3.1,0.0
20130629:1510,543.07,676.04,44.44,18.51,3.1,0.0
20130629:1610,401.0,502.67,35.37,18.51,2.76,0.0
20130629:1710,216.33,291.6,26.05,19.04,2.83,0.0
20130629:1810,77.02,112.92,16.9,19.04,2.76,0.0
20130629:1910,23.3,42.85,8.24,18.51,0.62,0.0
20130629:2010,0.0,0.0,0.0,17.98,0.48,0.0
20130629:2110,0.0,0.0,0.0,16.39,1.38,0.0
20130629:2210,0.0,0.0,0.0,15.33,1.66,0.0
20130629:2310,0.0,0.0,0.0,14.8,2.21,0.0
20130630:0010,0.0,0.0,0.0,14.27,2.48,0.0
20130630:0110,0.0,0.0,0.0,13.74,2.21,0.0
20130630:0210,0.0,0.0,0.0,13.21,2.0,0.0
20130630:0310,0.0,0.0,0.0,13.21,1.79,0.0
20130630:0410,0.0,0.0,0.0,13.21,1.72,0.0
20130630:0510,38.99,62.09,10.2,13.74,1.66,0.0
20130630:0610,88.55,152.63,19.01,15.33,2.07,0.0
20130630:0710,270.06,352.93,28.24,17.45,2.69,0.0
20130630:0810,442.6,550.44,37.54,18.51,3.31,0.0
20130630:0910,604.95,754.83,46.46,20.1,4.14,0.0
20130630:1010,622.07,780.71,54.31,21.16,4.76,0.0
20130630:1110,697.6,883.7,59.89,21.69,4.9,0.0
20130630:1210,791.24,1012.85,61.64,22.22,4.97,0.0
20130630:1310,769.33,983.92,58.86,22.75,4.97,0.0
20130630:1410,697.01,882.43,52.61,22.75,5.03,0.0
20130630:1510,516.26,647.96,44.42,23.28,5.24,0.0
20130630:1610,348.52,442.08,35.36,23.28,5.24,0.0
20130630:1710,221.6,303.95,26.04,22.22,5.1,0.0
20130630:1810,59.32,112.79,16.88,22.22,4.62,0.0
20130630:1910,22.45,41.97,8.22,20.63,4.48,0.0
20130630:2010,0.0,0.0,0.0,19.04,4.28,0.0
20130630:2110,0.0,0.0,0.0,16.92,4.21,0.0
20130630:2210,0.0,0.0,0.0,15.86,4.07,0.0
20130630:2310,0.0,0.0,0.0,14.8,3.86,0.0
20130701:0010,0.0,0.0,0.0,13.74,3.03,0.0
20130701:0110,0.0,0.0,0.0,12.68,3.17,0.0
20130701:0210,0.0,0.0,0.0,12.15,3.1,0.0
20130701:0310,0.0,0.0,0.0,12.15,3.03,0.0
20130701:0410,0.0,0.0,0.0,12.15,3.03,0.0
20130701:0510,25.41,44.6,10.12,12.68,2.69,0.0
20130701:0610,94.35,152.86,18.93,13.21,3.66,0.0
20130701:0710,227.02,287.71,28.16,13.74,3.38,0.0
20130701:0810,316.66,388.53,37.46,14.8,3.59,0.0
20130701:0910,396.2,484.65,46.39,15.86,3.79,0.0
20130701:1010,443.28,544.51,54.23,16.92,4.07,0.0
20130701:1110,636.17,794.64,59.82,18.51,4.07,0.0
20130701:1210,541.79,675.25,61.58,19.57,4.41,0.0
20130701:1310,382.92,478.19,58.82,20.63,4.97,0.0
20130701:1410,245.02,312.03,52.58,21.16,5.1,0.0
20130701:1510,408.57,508.49,44.4,20.63,4.69,0.0
20130701:1610,357.73,448.23,35.34,20.1,4.34,0.0
20130701:1710,201.29,268.16,26.02,19.57,3.86,0.0
20130701:1810,65.6,116.2,16.86,19.57,3.24,0.0
20130701:1910,26.02,46.35,8.2,17.98,2.28,0.0
20130701:2010,0.0,0.0,0.0,16.92,1.72,0.0
20130701:2110,0.0,0.0,0.0,15.86,1.66,0.0
20130701:2210,0.0,0.0,0.0,14.27,1.86,0.0
20130701:2310,0.0,0.0,0.0,13.21,1.93,0.0
20130702:0010,0.0,0.0,0.0,12.68,1.86,0.0
20130702:0110,0.0,0.0,0.0,12.15,1.86,0.0
20130702:0210,0.0,0.0,0.0,11.61,1.79,0.0
20130702:0310,0.0,0.0,0.0,11.09,1.59,0.0
20130702:0410,0.0,0.0,0.0,10.55,1.59,0.0
20130702:0510,8.41,20.99,10.04,11.09,1.38,0.0
20130702:0610,102.32,143.3,18.85,12.15,1.52,0.0
20130702:0710,177.77,228.43,28.08,13.74,1.17,0.0
20130702:0810,105.08,141.85,37.38,15.33,2.34,0.0
20130702:0910,136.18,178.0,46.31,15.33,3.38,0.0
20130702:1010,123.28,163.17,54.15,15.86,3.86,0.0
20130702:1110,105.68,142.77,59.74,16.39,4.28,0.0
20130702:1210,125.64,166.88,61.51,17.45,4.62,0.0
20130702:1310,90.31,125.16,58.77,17.45,4.69,0.0
20130702:1410,139.06,182.64,52.54,17.45,4.69,0.0
20130702:1510,121.26,161.32,44.38,16.92,4.83,0.0
20130702:1610,123.79,164.14,35.32,16.92,5.52,0.0
20130702:1710,50.69,76.95,26.0,15.86,4.28,0.0
20130702:1810,23.6,42.65,16.84,15.33,4.0,0.0
20130702:1910,23.81,42.85,8.17,14.8,3.86,0.0
20130702:2010,0.0,0.0,0.0,14.27,4.14,0.0
20130702:2110,0.0,0.0,0.0,13.74,4.48,0.0
20130702:2210,0.0,0.0,0.0,13.74,4.9,0.0
20130702:2310,0.0,0.0,0.0,13.74,4.97,0.0
20130703:0010,0.0,0.0,0.0,13.74,4.9,0.0
20130703:0110,0.0,0.0,0.0,13.74,4.62,0.0
20130703:0210,0.0,0.0,0.0,13.21,4.07,0.0
20130703:0310,0.0,0.0,0.0,13.21,3.52,0.0
20130703:0410,0.0,0.0,0.0,13.74,3.1,0.0
20130703:0510,37.65,60.34,9.96,13.74,3.31,0.0
20130703:0610,54.11,80.66,18.77,14.27,3.31,0.0
20130703:0710,160.82,207.34,28.0,15.33,4.76,0.0
20130703:0810,117.84,156.68,37.3,15.86,4.41,0.0
20130703:0910,188.71,239.82,46.22,16.39,4.55,0.0
20130703:1010,119.59,159.46,54.06,16.92,4.34,0.0
20130703:1110,290.25,362.91,59.65,18.51,4.48,0.0
20130703:1210,165.62,215.09,61.43,18.51,4.07,0.0
20130703:1310,237.92,301.02,58.71,18.51,3.93,0.0
20130703:1410,60.55,89.93,52.5,18.51,3.86,0.0
20130703:1510,99.84,137.21,44.35,18.51,3.79,0.0
20130703:1610,163.49,212.75,35.29,18.51,3.52,0.0
20130703:1710,150.05,199.0,25.97,18.51,3.17,0.0
20130703:1810,68.66,118.04,16.81,18.51,2.41,0.0
20130703:1910,26.69,47.22,8.13,17.98,2.41,0.0
20130703:2010,0.0,0.0,0.0,17.45,2.21,0.0
20130703:2110,0.0,0.0,0.0,16.39,2.28,0.0
20130703:2210,0.0,0.0,0.0,16.39,2.55,0.0
20130703:2310,0.0,0.0,0.0,15.33,2.9,0.0
20130704:0010,0.0,0.0,0.0,14.27,2.83,0.0
20130704:0110,0.0,0.0,0.0,13.21,2.69,0.0
20130704:0210,0.0,0.0,0.0,12.15,2.48,0.0
20130704:0310,0.0,0.0,0.0,11.61,2.55,0.0
20130704:0410,0.0,0.0,0.0,11.61,2.69,0.0
20130704:0510,24.8,43.72,9.86,12.15,2.55,0.0
20130704:0610,86.38,120.88,18.68,13.74,2.97,0.0
20130704:0710,163.51,210.8,27.91,15.33,4.14,0.0
20130704:0810,185.97,236.54,37.21,16.39,4.55,0.0
20130704:0910,332.34,409.04,46.13,16.92,4.62,0.0
20130704:1010,594.88,734.63,53.97,17.98,4.55,0.0
20130704:1110,426.4,527.65,59.56,19.04,4.97,0.0
20130704:1210,435.2,539.98,61.35,19.57,4.97,0.0
20130704:1310,417.97,521.14,58.64,20.63,4.97,0.0
20130704:1410,176.99,230.85,52.46,21.16,4.97,0.0
20130704:1510,507.81,633.45,44.31,21.69,4.9,0.0
20130704:1610,353.53,445.84,35.26,21.69,4.62,0.0
20130704:1710,215.97,294.05,25.94,21.69,4.28,0.0
20130704:1810,78.62,123.34,16.77,21.16,3.72,0.0
20130704:1910,18.06,35.85,8.09,20.1,3.31,0.0
20130704:2010,0.0,0.0,0.0,19.04,3.17,0.0
20130704:2110,0.0,0.0,0.0,17.45,2.97,0.0
20130704:2210,0.0,0.0,0.0,15.86,2.76,0.0
20130704:2310,0.0,0.0,0.0,15.33,2.48,0.0
20130705:0010,0.0,0.0,0.0,14.27,2.41,0.0
20130705:0110,0.0,0.0,0.0,13.74,2.21,0.0
20130705:0210,0.0,0.0,0.0,13.21,2.14,0.0
20130705:0310,0.0,0.0,0.0,12.68,2.0,0.0
20130705:0410,0.0,0.0,0.0,12.15,1.86,0.0
20130705:0510,35.79,57.71,9.77,12.15,1.59,0.0
20130705:0610,99.28,140.92,18.58,14.27,1.38,0.0
20130705:0710,222.68,288.67,27.81,16.39,1.45,0.0
20130705:0810,424.76,531.68,37.11,17.45,1.79,0.0
20130705:0910,583.01,742.43,46.03,19.04,1.59,0.0
20130705:1010,685.1,900.76,53.87,20.63,1.24,0.0
20130705:1110,708.98,949.93,59.46,21.16,0.9,0.0
20130705:1210,722.84,981.68,61.26,22.22,0.76,0.0
20130705:1310,707.94,948.67,58.57,22.22,1.1,0.0
20130705:1410,612.51,800.92,52.4,22.75,1.59,0.0
20130705:1510,555.71,718.31,44.26,23.28,1.86,0.0
20130705:1610,401.28,517.69,35.22,23.28,2.0,0.0
20130705:1710,218.81,305.11,25.9,23.28,2.07,0.0
20130705:1810,72.68,121.17,16.73,22.22,2.28,0.0
20130705:1910,24.87,45.47,8.04,21.69,2.41,0.0
20130705:2010,0.0,0.0,0.0,19.57,2.41,0.0
20130705:2110,0.0,0.0,0.0,17.98,2.21,0.0
20130705:2210,0.0,0.0,0.0,16.39,1.79,0.0
20130705:2310,0.0,0.0,0.0,14.8,1.38,0.0
20130706:0010,0.0,0.0,0.0,14.27,0.97,0.0
20130706:0110,0.0,0.0,0.0,13.21,1.17,0.0
20130706:0210,0.0,0.0,0.0,12.15,1.52,0.0
20130706:0310,0.0,0.0,0.0,11.61,1.86,0.0
20130706:0410,0.0,0.0,0.0,11.61,1.72,0.0
20130706:0510,32.38,53.34,9.67,11.61,1.45,0.0
20130706:0610,84.12,146.14,18.48,14.27,1.17,0.0
20130706:0710,264.19,348.44,27.72,16.39,1.03,0.0
20130706:0810,446.37,565.24,37.02,17.98,1.03,0.0
20130706:0910,583.32,754.44,45.93,20.1,0.97,0.0
20130706:1010,676.42,889.56,53.77,21.16,1.31,0.0
20130706:1110,745.77,992.49,59.36,22.22,1.72,0.0
20130706:1210,772.21,1044.42,61.17,23.28,1.52,0.0
20130706:1310,737.61,1002.64,58.5,23.81,1.1,0.0
20130706:1410,663.33,894.38,52.34,24.34,0.83,0.0
20130706:1510,546.71,722.56,44.21,24.87,0.9,0.0
20130706:1610,393.71,515.94,35.17,24.87,1.17,0.0
20130706:1710,216.79,304.12,25.86,24.34,1.66,0.0
20130706:1810,67.86,118.49,16.68,23.28,1.86,0.0
20130706:1910,25.43,46.35,7.99,22.22,1.66,0.0
20130706:2010,0.0,0.0,0.0,21.16,2.07,0.0
20130706:2110,0.0,0.0,0.0,19.04,2.0,0.0
20130706:2210,0.0,0.0,0.0,17.98,2.0,0.0
20130706:2310,0.0,0.0,0.0,16.92,1.86,0.0
20130707:0010,0.0,0.0,0.0,15.86,1.72,0.0
20130707:0110,0.0,0.0,0.0,15.33,1.66,0.0
20130707:0210,0.0,0.0,0.0,14.8,1.52,0.0
20130707:0310,0.0,0.0,0.0,13.74,1.52,0.0
20130707:0410,0.0,0.0,0.0,13.21,1.72,0.0
20130707:0510,33.41,55.09,9.56,13.74,1.38,0.0
20130707:0610,83.45,145.39,18.38,16.92,1.31,0.0
20130707:0710,259.7,345.99,27.61,19.04,1.45,0.0
20130707:0810,439.67,561.12,36.91,21.69,2.0,0.0
20130707:0910,585.77,749.73,45.83,22.75,2.69,0.0
20130707:1010,694.99,905.25,53.66,23.81,2.9,0.0
20130707:1110,759.95,1004.94,59.25,24.87,3.03,0.0
20130707:1210,784.96,1044.43,61.07,25.4,3.1,0.0
20130707:1310,738.07,973.98,58.41,25.93,3.38,0.0
20130707:1410,674.23,880.16,52.27,25.93,3.38,0.0
20130707:1510,559.56,723.63,44.16,25.93,3.03,0.0
20130707:1610,401.82,518.51,35.12,25.4,3.38,0.0
20130707:1710,219.94,308.22,25.81,24.87,3.38,0.0
20130707:1810,64.99,116.51,16.63,23.28,3.24,0.0
20130707:1910,25.46,46.35,7.93,22.22,2.83,0.0
20130707:2010,0.0,0.0,0.0,20.63,2.55,0.0
20130707:2110,0.0,0.0,0.0,19.04,2.48,0.0
20130707:2210,0.0,0.0,0.0,17.98,2.48,0.0
20130707:2310,0.0,0.0,0.0,16.92,2.69,0.0
20130708:0010,0.0,0.0,0.0,15.86,2.62,0.0
20130708:0110,0.0,0.0,0.0,14.8,2.62,0.0
20130708:0210,0.0,0.0,0.0,14.27,2.62,0.0
20130708:0310,0.0,0.0,0.0,13.74,2.62,0.0
20130708:0410,0.0,0.0,0.0,13.21,2.69,0.0
20130708:0510,31.47,52.47,9.46,13.21,2.76,0.0
20130708:0610,81.42,143.15,18.27,14.8,2.97,0.0
20130708:0710,267.32,349.76,27.51,16.92,3.66,0.0
20130708:0810,457.35,566.31,36.81,18.51,4.0,0.0
20130708:0910,608.06,757.36,45.72,20.1,4.28,0.0
20130708:1010,718.32,910.07,53.55,21.69,4.55,0.0
20130708:1110,801.75,1027.21,59.13,22.22,4.76,0.0
20130708:1210,824.34,1061.79,60.96,23.28,5.1,0.0
20130708:1310,779.12,1002.83,58.32,23.81,4.9,0.0
20130708:1410,694.91,885.06,52.2,23.81,4.9,0.0
20130708:1510,579.92,731.23,44.1,23.81,4.9,0.0
20130708:1610,417.65,528.99,35.07,23.28,4.9,0.0
20130708:1710,223.28,307.27,25.75,22.22,4.76,0.0
20130708:1810,67.47,117.36,16.57,21.69,4.41,0.0
20130708:1910,25.76,46.35,7.87,20.1,4.14,0.0
20130708:2010,0.0,0.0,0.0,18.51,4.0,0.0
20130708:2110,0.0,0.0,0.0,16.92,3.79,0.0
20130708:2210,0.0,0.0,0.0,15.86,3.66,0.0
20130708:2310,0.0,0.0,0.0,14.8,3.38,0.0
20130709:0010,0.0,0.0,0.0,14.27,3.1,0.0
20130709:0110,0.0,0.0,0.0,13.21,2.97,0.0
20130709:0210,0.0,0.0,0.0,12.68,2.97,0.0
20130709:0310,0.0,0.0,0.0,12.15,2.97,0.0
20130709:0410,0.0,0.0,0.0,12.15,2.97,0.0
20130709:0510,30.95,51.59,9.34,12.15,2.83,0.0
20130709:0610,81.77,142.23,18.16,13.21,3.31,0.0
20130709:0710,267.66,346.38,27.4,14.8,3.72,0.0
20130709:0810,455.92,559.56,36.7,16.39,3.79,0.0
20130709:0910,0.0,0.0,0.0,18.51,3.79,0.0
20130709:1010,714.75,904.06,53.43,20.1,3.86,0.0
20130709:1110,791.93,1021.24,59.01,21.69,3.86,0.0
20130709:1210,804.86,1044.68,60.85,22.22,3.79,0.0
20130709:1310,760.72,985.6,58.23,22.75,3.66,0.0
20130709:1410,683.56,875.51,52.12,23.28,3.93,0.0
20130709:1510,562.51,716.16,44.03,23.81,3.59,0.0
20130709:1610,406.61,518.55,35.0,23.28,3.59,0.0
20130709:1710,218.4,301.91,25.69,23.28,3.45,0.0
20130709:1810,71.63,120.01,16.5,22.22,2.9,0.0
20130709:1910,24.3,44.6,7.8,21.16,2.41,0.0
20130709:2010,0.0,0.0,0.0,19.57,2.34,0.0
20130709:2110,0.0,0.0,0.0,17.45,2.34,0.0
20130709:2210,0.0,0.0,0.0,15.86,2.21,0.0
20130709:2310,0.0,0.0,0.0,14.8,2.07,0.0
20130710:0010,0.0,0.0,0.0,13.74,2.07,0.0
20130710:0110,0.0,0.0,0.0,13.21,2.21,0.0
20130710:0210,0.0,0.0,0.0,12.15,2.41,0.0
20130710:0310,0.0,0.0,0.0,12.15,2.62,0.0
20130710:0410,0.0,0.0,0.0,11.61,2.76,0.0
20130710:0510,27.51,47.22,9.23,12.15,2.69,0.0
20130710:0610,78.15,140.32,18.05,13.74,2.97,0.0
20130710:0710,268.3,349.13,27.29,15.33,3.52,0.0
20130710:0810,455.07,561.13,36.58,17.45,3.86,0.0
20130710:0910,606.38,751.67,45.49,19.04,4.21,0.0
20130710:1010,717.37,902.98,53.31,21.16,4.97,0.0
20130710:1110,629.44,791.17,58.89,22.22,5.66,0.0
20130710:1210,603.63,758.94,60.72,22.22,5.52,0.0
20130710:1310,348.2,438.32,58.12,22.22,5.45,0.0
20130710:1410,251.84,321.5,52.04,22.22,5.38,0.0
20130710:1510,355.93,448.2,43.95,22.75,5.03,0.0
20130710:1610,311.95,395.0,34.94,22.22,5.03,0.0
20130710:1710,176.63,235.31,25.62,21.16,4.97,0.0
20130710:1810,78.8,119.83,16.43,19.57,4.76,0.0
20130710:1910,24.81,44.6,7.72,17.45,4.62,0.0
20130710:2010,0.0,0.0,0.0,15.86,4.34,0.0
20130710:2110,0.0,0.0,0.0,14.27,4.48,0.0
20130710:2210,0.0,0.0,0.0,13.21,4.21,0.0
20130710:2310,0.0,0.0,0.0,12.68,3.86,0.0
20130711:0010,0.0,0.0,0.0,12.15,3.31,0.0
20130711:0110,0.0,0.0,0.0,11.61,3.24,0.0
20130711:0210,0.0,0.0,0.0,11.61,2.83,0.0
20130711:0310,0.0,0.0,0.0,11.61,3.31,0.0
20130711:0410,0.0,0.0,0.0,11.61,3.31,0.0
20130711:0510,16.32,32.35,9.1,11.61,3.52,0.0
20130711:0610,71.87,101.49,17.93,11.61,3.72,0.0
20130711:0710,154.94,197.7,27.17,11.61,3.52,0.0
20130711:0810,288.92,352.34,36.47,12.68,3.59,0.0
20130711:0910,538.6,650.41,45.37,13.21,3.66,0.0
20130711:1010,718.25,887.0,53.18,14.8,3.59,0.0
20130711:1110,799.39,1009.32,58.75,16.39,3.38,0.0
20130711:1210,815.67,1038.96,60.6,17.45,3.38,0.0
20130711:1310,771.25,979.74,58.01,18.51,3.52,0.0
20130711:1410,689.61,869.94,51.94,19.57,3.59,0.0
20130711:1510,565.85,707.64,43.87,20.1,3.52,0.0
20130711:1610,406.3,510.56,34.86,20.1,3.45,0.0
20130711:1710,221.29,300.69,25.55,20.1,3.72,0.0
20130711:1810,69.6,117.78,16.36,19.04,3.45,0.0
20130711:1910,24.71,44.6,7.64,17.98,2.83,0.0
20130711:2010,0.0,0.0,0.0,16.39,2.69,0.0
20130711:2110,0.0,0.0,0.0,14.8,2.62,0.0
20130711:2210,0.0,0.0,0.0,13.74,2.55,0.0
20130711:2310,0.0,0.0,0.0,12.68,2.48,0.0
20130712:0010,0.0,0.0,0.0,11.61,2.28,0.0
20130712:0110,0.0,0.0,0.0,11.61,2.14,0.0
20130712:0210,0.0,0.0,0.0,11.09,1.93,0.0
20130712:0310,0.0,0.0,0.0,11.09,1.72,0.0
20130712:0410,0.0,0.0,0.0,11.09,1.72,0.0
20130712:0510,26.21,45.47,8.98,11.61,1.72,0.0
20130712:0610,92.24,129.4,17.81,12.15,2.34,0.0
20130712:0710,83.44,114.96,27.05,12.68,2.55,0.0
20130712:0810,134.61,175.32,36.34,13.74,2.34,0.0
20130712:0910,220.28,277.01,45.24,15.33,2.48,0.0
20130712:1010,338.7,421.49,53.05,16.92,2.41,0.0
20130712:1110,714.73,913.02,58.62,19.04,2.9,0.0
20130712:1210,783.36,1020.11,60.46,20.1,2.62,0.0
20130712:1310,735.64,961.97,57.89,21.69,2.41,0.0
20130712:1410,654.74,854.08,51.84,22.22,1.86,0.0
20130712:1510,529.92,680.29,43.79,22.75,2.07,0.0
20130712:1610,359.13,464.94,34.78,23.28,1.45,0.0
20130712:1710,208.27,287.77,25.47,23.28,1.38,0.0
20130712:1810,75.59,119.95,16.27,23.28,1.31,0.0
20130712:1910,11.82,27.11,7.55,22.22,0.9,0.0
20130712:2010,0.0,0.0,0.0,21.16,1.03,0.0
20130712:2110,0.0,0.0,0.0,19.04,1.38,0.0
20130712:2210,0.0,0.0,0.0,17.45,1.66,0.0
20130712:2310,0.0,0.0,0.0,16.39,1.93,0.0
20130713:0010,0.0,0.0,0.0,15.86,1.79,0.0
20130713:0110,0.0,0.0,0.0,14.8,1.79,0.0
20130713:0210,0.0,0.0,0.0,14.8,1.79,0.0
20130713:0310,0.0,0.0,0.0,14.8,1.79,0.0
20130713:0410,0.0,0.0,0.0,14.27,1.93,0.0
20130713:0510,30.5,51.59,8.85,14.8,1.59,0.0
20130713:0610,91.16,141.62,17.68,16.92,1.45,0.0
20130713:0710,239.05,317.51,26.92,18.51,0.83,0.0
20130713:0810,415.05,531.88,36.22,20.63,1.03,0.0
20130713:0910,567.24,737.1,45.11,22.22,1.24,0.0
20130713:1010,673.82,896.34,52.91,24.34,1.59,0.0
20130713:1110,696.86,925.53,58.47,25.93,2.62,0.0
20130713:1210,685.96,912.38,60.32,26.99,2.9,0.0
20130713:1310,655.64,871.06,57.77,27.52,2.83,0.0
20130713:1410,613.01,813.13,51.74,28.05,2.55,0.0
20130713:1510,502.41,659.15,43.7,28.05,2.41,0.0
20130713:1610,358.98,473.68,34.7,28.05,2.0,0.0
20130713:1710,188.24,262.09,25.38,27.52,1.93,0.0
20130713:1810,72.54,119.96,16.19,26.46,2.07,0.0
20130713:1910,22.54,42.85,7.45,24.87,1.38,0.0
20130713:2010,0.0,0.0,0.0,23.28,1.86,0.0
20130713:2110,0.0,0.0,0.0,21.69,2.21,0.0
20130713:2210,0.0,0.0,0.0,20.63,2.0,0.0
20130713:2310,0.0,0.0,0.0,19.57,1.79,0.0
20130714:0010,0.0,0.0,0.0,18.51,1.79,0.0
20130714:0110,0.0,0.0,0.0,17.45,1.86,0.0
20130714:0210,0.0,0.0,0.0,16.92,1.72,0.0
20130714:0310,0.0,0.0,0.0,16.39,1.86,0.0
20130714:0410,0.0,0.0,0.0,16.39,1.52,0.0
20130714:0510,24.89,44.6,8.72,16.39,1.1,0.0
20130714:0610,90.94,134.0,17.55,17.98,0.97,0.0
20130714:0710,221.78,294.24,26.8,19.57,1.1,0.0
20130714:0810,375.02,480.51,36.09,21.69,1.45,0.0
20130714:0910,517.09,666.29,44.98,22.75,1.72,0.0
20130714:1010,646.86,848.15,52.77,23.81,2.07,0.0
20130714:1110,718.47,953.27,58.32,24.87,2.48,0.0
20130714:1210,770.97,1032.71,60.18,25.93,2.76,0.0
20130714:1310,721.1,956.13,57.64,26.46,3.1,0.0
20130714:1410,630.67,823.83,51.63,26.99,3.52,0.0
20130714:1510,467.06,602.95,43.6,26.99,3.52,0.0
20130714:1610,315.22,410.67,34.6,26.99,3.45,0.0
20130714:1710,209.22,292.02,25.29,26.46,3.24,0.0
20130714:1810,74.12,118.41,16.09,25.93,3.38,0.0
20130714:1910,21.91,41.97,7.35,24.87,1.59,0.0
20130714:2010,0.0,0.0,0.0,23.81,1.72,0.0
20130714:2110,0.0,0.0,0.0,22.22,1.66,0.0
20130714:2210,0.0,0.0,0.0,20.63,1.66,0.0
20130714:2310,0.0,0.0,0.0,19.57,1.79,0.0
20130715:0010,0.0,0.0,0.0,18.51,2.28,0.0
20130715:0110,0.0,0.0,0.0,17.98,2.62,0.0
20130715:0210,0.0,0.0,0.0,17.45,2.69,0.0
20130715:0310,0.0,0.0,0.0,16.92,2.76,0.0
20130715:0410,0.0,0.0,0.0,15.86,2.62,0.0
20130715:0510,26.38,46.35,8.58,15.33,2.28,0.0
20130715:0610,73.46,134.82,17.42,16.39,2.14,0.0
20130715:0710,256.46,341.7,26.67,18.51,2.14,0.0
20130715:0810,436.78,553.14,35.96,20.1,2.0,0.0
20130715:0910,579.8,744.5,44.84,21.69,1.93,0.0
20130715:1010,665.33,874.29,52.62,22.75,1.72,0.0
20130715:1110,683.13,912.35,58.17,24.34,1.66,0.0
20130715:1210,693.37,931.51,60.02,25.4,1.79,0.0
20130715:1310,620.15,832.65,57.5,25.93,1.31,0.0
20130715:1410,628.33,848.81,51.51,26.46,1.03,0.0
20130715:1510,521.33,695.01,43.49,26.99,0.9,0.0
20130715:1610,372.85,495.08,34.51,26.99,0.83,0.0
20130715:1710,204.2,288.72,25.19,26.99,0.83,0.0
20130715:1810,72.23,118.35,15.99,26.46,0.76,0.0
20130715:1910,16.9,34.98,7.24,25.4,0.48,0.0
20130715:2010,0.0,0.0,0.0,23.81,0.76,0.0
20130715:2110,0.0,0.0,0.0,21.69,1.38,0.0
20130715:2210,0.0,0.0,0.0,20.63,1.79,0.0
20130715:2310,0.0,0.0,0.0,19.04,1.86,0.0
20130716:0010,0.0,0.0,0.0,18.51,2.0,0.0
20130716:0110,0.0,0.0,0.0,17.98,1.86,0.0
20130716:0210,0.0,0.0,0.0,17.45,1.24,0.0
20130716:0310,0.0,0.0,0.0,17.45,0.76,0.0
20130716:0410,0.0,0.0,0.0,17.45,0.55,0.0
20130716:0510,15.17,31.48,8.44,17.45,0.69,0.0
20130716:0610,70.27,103.04,17.28,17.98,0.69,0.0
20130716:0710,196.69,260.73,26.53,19.04,0.41,0.0
20130716:0810,367.62,475.79,35.82,21.16,0.28,0.0
20130716:0910,510.17,673.96,44.7,22.75,0.14,0.0
20130716:1010,609.56,830.27,52.47,24.87,0.21,0.0
20130716:1110,666.34,918.24,58.01,25.93,0.55,0.0
20130716:1210,660.4,911.71,59.87,27.52,0.83,0.0
20130716:1310,591.7,806.76,57.36,28.05,0.9,0.0
20130716:1410,496.21,667.18,51.39,28.05,0.76,0.0
20130716:1510,359.18,479.08,43.38,28.58,0.62,0.0
20130716:1610,279.0,374.48,34.4,28.58,0.48,0.0
20130716:1710,157.92,221.75,25.09,28.58,0.55,0.0
20130716:1810,20.76,40.79,15.89,27.52,1.17,0.0
20130716:1910,8.81,22.74,7.13,25.4,1.93,0.0
20130716:2010,0.0,0.0,0.0,23.81,2.34,0.0
20130716:2110,0.0,0.0,0.0,22.22,2.55,0.0
20130716:2210,0.0,0.0,0.0,21.69,2.48,0.0
20130716:2310,0.0,0.0,0.0,20.63,2.34,0.0
20130717:0010,0.0,0.0,0.0,20.1,2.21,0.0
20130717:0110,0.0,0.0,0.0,19.04,2.07,0.0
20130717:0210,0.0,0.0,0.0,18.51,1.86,0.0
20130717:0310,0.0,0.0,0.0,17.45,1.59,0.0
20130717:0410,0.0,0.0,0.0,16.92,1.17,0.0
20130717:0510,25.39,45.47,8.29,17.45,0.55,0.0
20130717:0610,82.66,136.73,17.14,18.51,0.21,0.0
20130717:0710,239.69,324.97,26.39,20.63,0.28,0.0
20130717:0810,411.13,533.78,35.68,22.22,0.62,0.0
20130717:0910,552.63,729.01,44.56,23.81,0.76,0.0
20130717:1010,641.93,872.83,52.32,25.4,0.62,0.0
20130717:1110,705.13,978.79,57.84,26.46,0.69,0.0
20130717:1210,714.05,994.82,59.7,27.52,0.9,0.0
20130717:1310,485.28,652.18,57.21,28.05,0.83,0.0
20130717:1410,525.2,706.19,51.26,28.05,0.97,0.0
20130717:1510,374.96,495.84,43.27,28.05,1.17,0.0
20130717:1610,343.62,455.41,34.29,28.05,1.45,0.0
20130717:1710,207.11,292.12,24.98,26.99,1.86,0.0
20130717:1810,63.68,113.73,15.77,25.93,2.21,0.0
20130717:1910,20.67,40.23,7.01,24.87,2.41,0.0
20130717:2010,0.0,0.0,0.0,22.75,2.69,0.0
20130717:2110,0.0,0.0,0.0,21.69,2.55,0.0
20130717:2210,0.0,0.0,0.0,20.63,2.28,0.0
20130717:2310,0.0,0.0,0.0,19.57,2.07,0.0
20130718:0010,0.0,0.0,0.0,18.51,2.07,0.0
20130718:0110,0.0,0.0,0.0,17.45,2.14,0.0
20130718:0210,0.0,0.0,0.0,16.92,2.07,0.0
20130718:0310,0.0,0.0,0.0,16.39,2.0,0.0
20130718:0410,0.0,0.0,0.0,15.86,1.93,0.0
20130718:0510,26.97,47.22,8.15,15.86,1.72,0.0
20130718:0610,78.05,134.0,17.0,17.45,1.93,0.0
20130718:0710,247.05,329.07,26.25,19.04,2.21,0.0
20130718:0810,427.91,541.86,35.54,21.16,2.62,0.0
20130718:0910,581.55,737.7,44.41,22.22,3.24,0.0
20130718:1010,692.47,895.07,52.16,23.28,3.24,0.0
20130718:1110,767.24,1008.34,57.67,24.87,3.52,0.0
20130718:1210,776.69,1026.43,59.53,25.93,3.72,0.0
20130718:1310,749.0,986.27,57.05,26.46,3.86,0.0
20130718:1410,673.22,875.9,51.12,26.46,3.93,0.0
20130718:1510,558.78,716.03,43.14,26.46,4.41,0.0
20130718:1610,404.43,520.36,34.18,25.93,4.28,0.0
20130718:1710,219.12,306.46,24.87,24.87,4.34,0.0
20130718:1810,57.42,108.84,15.66,23.28,4.14,0.0
20130718:1910,19.72,38.48,6.89,22.22,3.52,0.0
20130718:2010,0.0,0.0,0.0,20.63,3.17,0.0
20130718:2110,0.0,0.0,0.0,19.04,2.97,0.0
20130718:2210,0.0,0.0,0.0,17.98,2.83,0.0
20130718:2310,0.0,0.0,0.0,16.92,2.69,0.0
20130719:0010,0.0,0.0,0.0,16.39,2.55,0.0
20130719:0110,0.0,0.0,0.0,15.33,2.48,0.0
20130719:0210,0.0,0.0,0.0,14.8,2.55,0.0
20130719:0310,0.0,0.0,0.0,14.8,2.76,0.0
20130719:0410,0.0,0.0,0.0,14.27,2.9,0.0
20130719:0510,23.14,41.97,8.0,14.8,2.97,0.0
20130719:0610,71.7,130.82,16.86,16.39,3.1,0.0
20130719:0710,252.28,332.89,26.11,17.98,4.0,0.0
20130719:0810,443.42,552.88,35.39,20.1,4.21,0.0
20130719:0910,595.61,745.29,44.26,21.69,4.62,0.0
20130719:1010,714.49,904.76,52.0,22.75,5.17,0.0
20130719:1110,794.65,1020.61,57.5,23.81,5.31,0.0
20130719:1210,808.94,1045.49,59.35,24.87,5.52,0.0
20130719:1310,768.55,992.34,56.89,25.4,5.38,0.0
20130719:1410,690.44,881.62,50.98,25.4,5.59,0.0
20130719:1510,571.97,724.61,43.01,25.4,5.38,0.0
20130719:1610,415.88,529.96,34.05,24.87,5.17,0.0
20130719:1710,222.21,310.97,24.75,24.34,4.9,0.0
20130719:1810,52.8,105.63,15.53,23.28,4.48,0.0
20130719:1910,17.24,34.98,6.76,22.22,3.52,0.0
20130719:2010,0.0,0.0,0.0,21.16,3.79,0.0
20130719:2110,0.0,0.0,0.0,19.57,3.52,0.0
20130719:2210,0.0,0.0,0.0,18.51,3.45,0.0
20130719:2310,0.0,0.0,0.0,17.45,3.31,0.0
20130720:0010,0.0,0.0,0.0,16.92,3.24,0.0
20130720:0110,0.0,0.0,0.0,15.86,3.24,0.0
20130720:0210,0.0,0.0,0.0,15.86,3.03,0.0
20130720:0310,0.0,0.0,0.0,15.33,2.83,0.0
20130720:0410,0.0,0.0,0.0,15.33,2.83,0.0
20130720:0510,25.73,45.47,7.84,15.33,2.97,0.0
20130720:0610,86.74,128.63,16.71,16.39,3.59,0.0
20130720:0710,206.68,268.07,25.96,17.45,4.69,0.0
20130720:0810,218.9,277.37,35.25,18.51,4.83,0.0
20130720:0910,156.74,205.13,44.1,19.57,5.1,0.0
20130720:1010,156.14,204.89,51.83,20.1,5.24,0.0
20130720:1110,112.99,153.9,57.32,20.63,5.66,0.0
20130720:1210,154.97,204.89,59.17,21.69,5.38,0.0
20130720:1310,265.34,337.93,56.72,22.22,5.38,0.0
20130720:1410,363.46,455.96,50.83,22.22,5.59,0.0
20130720:1510,335.54,421.64,42.88,22.22,5.38,0.0
20130720:1610,307.2,388.66,33.93,22.22,5.38,0.0
20130720:1710,127.42,173.6,24.62,22.22,5.17,0.0
20130720:1810,67.53,101.96,15.4,21.16,4.76,0.0
20130720:1910,13.21,28.86,6.62,19.57,4.41,0.0
20130720:2010,0.0,0.0,0.0,18.51,4.21,0.0
20130720:2110,0.0,0.0,0.0,17.98,4.28,0.0
20130720:2210,0.0,0.0,0.0,16.92,4.21,0.0
20130720:2310,0.0,0.0,0.0,16.92,4.0,0.0
20130721:0010,0.0,0.0,0.0,16.39,3.86,0.0
20130721:0110,0.0,0.0,0.0,16.39,3.31,0.0
20130721:0210,0.0,0.0,0.0,16.39,2.41,0.0
20130721:0310,0.0,0.0,0.0,16.39,2.48,0.0
20130721:0410,0.0,0.0,0.0,16.39,2.9,0.0
20130721:0510,9.87,23.61,7.68,16.39,2.97,0.0
20130721:0610,32.64,54.7,16.55,16.92,4.21,0.0
20130721:0710,63.9,93.64,25.81,17.45,3.52,0.0
20130721:0810,76.6,109.4,35.09,18.51,3.72,0.0
20130721:0910,98.51,136.28,43.94,19.57,3.59,0.0
20130721:1010,141.21,188.2,51.66,20.63,3.31,0.0
20130721:1110,381.21,483.11,57.13,21.69,2.97,0.0
20130721:1210,767.65,1013.34,58.98,22.75,2.55,0.0
20130721:1310,739.09,981.08,56.55,24.34,2.41,0.0
20130721:1410,662.56,870.72,50.67,25.4,2.55,0.0
20130721:1510,544.07,706.43,42.74,25.93,2.55,0.0
20130721:1610,388.53,505.23,33.79,25.93,2.55,0.0
20130721:1710,209.9,293.69,24.49,25.4,2.69,0.0
20130721:1810,63.67,111.17,15.27,24.34,2.9,0.0
20130721:1910,18.47,36.73,6.48,22.22,3.17,0.0
20130721:2010,0.0,0.0,0.0,21.16,3.1,0.0
20130721:2110,0.0,0.0,0.0,19.57,2.83,0.0
20130721:2210,0.0,0.0,0.0,18.51,2.62,0.0
20130721:2310,0.0,0.0,0.0,17.98,2.48,0.0
20130722:0010,0.0,0.0,0.0,17.45,2.28,0.0
20130722:0110,0.0,0.0,0.0,17.45,2.28,0.0
20130722:0210,0.0,0.0,0.0,16.92,2.34,0.0
20130722:0310,0.0,0.0,0.0,16.92,2.28,0.0
20130722:0410,0.0,0.0,0.0,16.39,2.21,0.0
20130722:0510,3.42,13.12,7.52,16.92,2.21,0.0
20130722:0610,83.85,127.72,16.4,18.51,2.14,0.0
20130722:0710,203.14,269.95,25.66,20.63,2.28,0.0
20130722:0810,317.47,405.61,34.94,22.22,2.41,0.0
20130722:0910,473.94,608.55,43.78,24.34,2.55,0.0
20130722:1010,637.24,839.04,51.48,26.46,2.69,0.0
20130722:1110,704.88,944.96,56.94,28.05,2.83,0.0
20130722:1210,720.22,974.19,58.79,29.64,3.03,0.0
20130722:1310,728.94,986.24,56.37,30.7,3.38,0.0
20130722:1410,621.41,828.28,50.51,30.7,3.38,0.0
20130722:1510,519.92,684.4,42.59,30.17,3.24,0.0
20130722:1610,374.02,495.71,33.65,30.17,2.83,0.0
20130722:1710,150.28,211.02,24.35,29.64,2.83,0.0
20130722:1810,63.8,111.43,15.13,29.11,2.28,0.0
20130722:1910,17.33,35.85,6.33,27.52,2.21,0.0
20130722:2010,0.0,0.0,0.0,25.93,2.14,0.0
20130722:2110,0.0,0.0,0.0,24.34,1.72,0.0
20130722:2210,0.0,0.0,0.0,23.28,1.45,0.0
20130722:2310,0.0,0.0,0.0,22.22,1.52,0.0
20130723:0010,0.0,0.0,0.0,21.16,1.38,0.0
20130723:0110,0.0,0.0,0.0,20.63,1.17,0.0
20130723:0210,0.0,0.0,0.0,20.63,0.34,0.0
20130723:0310,0.0,0.0,0.0,20.1,0.97,0.0
20130723:0410,0.0,0.0,0.0,19.04,0.97,0.0
20130723:0510,18.77,36.73,7.36,19.04,1.24,0.0
20130723:0610,80.53,128.96,16.24,20.1,0.28,0.0
20130723:0710,46.13,73.24,25.5,21.69,1.31,0.0
20130723:0810,213.9,280.1,34.78,23.28,1.79,0.0
20130723:0910,504.66,653.64,43.61,24.34,1.86,0.0
20130723:1010,374.02,486.78,51.3,26.46,2.28,0.0
20130723:1110,175.4,237.34,56.75,27.52,2.14,0.0
20130723:1210,487.79,645.64,58.59,28.05,2.0,0.0
20130723:1310,208.86,279.21,56.18,27.52,2.21,0.0
20130723:1410,568.03,737.61,50.34,24.87,2.55,0.0
20130723:1510,201.98,268.24,42.44,24.34,0.69,0.0
20130723:1610,88.04,127.01,33.51,24.34,0.41,0.0
20130723:1710,29.79,52.85,24.21,25.4,1.59,0.0
20130723:1810,5.18,16.69,14.98,25.4,2.34,0.0
20130723:1910,0.0,5.25,6.17,22.75,2.55,0.0
20130723:2010,0.0,0.0,0.0,22.22,2.62,0.0
20130723:2110,0.0,0.0,0.0,21.16,2.48,0.0
20130723:2210,0.0,0.0,0.0,20.1,2.41,0.0
20130723:2310,0.0,0.0,0.0,19.04,2.55,0.0
20130724:0010,0.0,0.0,0.0,17.98,2.55,0.0
20130724:0110,0.0,0.0,0.0,17.45,2.28,0.0
20130724:0210,0.0,0.0,0.0,16.92,1.93,0.0
20130724:0310,0.0,0.0,0.0,16.39,2.28,0.0
20130724:0410,0.0,0.0,0.0,15.86,2.62,0.0
20130724:0510,19.75,37.6,7.19,15.86,2.55,0.0
20130724:0610,63.97,123.44,16.08,16.92,2.28,0.0
20130724:0710,114.66,155.14,25.34,17.98,2.76,0.0
20130724:0810,142.51,188.62,34.62,19.04,2.76,0.0
20130724:0910,402.75,504.91,43.44,20.1,2.83,0.0
20130724:1010,599.83,763.39,51.12,21.69,3.17,0.0
20130724:1110,753.28,977.4,56.55,22.75,3.52,0.0
20130724:1210,751.87,980.56,58.38,23.81,3.66,0.0
20130724:1310,688.63,893.89,55.99,24.87,3.86,0.0
20130724:1410,380.97,487.29,50.17,25.4,4.21,0.0
20130724:1510,275.09,354.36,42.28,24.87,4.21,0.0
20130724:1610,324.88,417.08,33.36,24.87,4.28,0.0
20130724:1710,217.75,305.33,24.06,24.34,4.21,0.0
20130724:1810,59.73,106.72,14.83,23.28,3.79,0.0
20130724:1910,14.79,31.48,6.01,22.22,2.9,0.0
20130724:2010,0.0,0.0,0.0,21.16,2.62,0.0
20130724:2110,0.0,0.0,0.0,19.57,2.62,0.0
20130724:2210,0.0,0.0,0.0,18.51,2.48,0.0
20130724:2310,0.0,0.0,0.0,17.45,2.34,0.0
20130725:0010,0.0,0.0,0.0,16.92,2.14,0.0
20130725:0110,0.0,0.0,0.0,15.86,1.86,0.0
20130725:0210,0.0,0.0,0.0,15.86,1.59,0.0
20130725:0310,0.0,0.0,0.0,15.33,1.66,0.0
20130725:0410,0.0,0.0,0.0,15.33,1.79,0.0
20130725:0510,19.74,37.6,7.02,15.86,2.0,0.0
20130725:0610,71.0,124.91,15.91,16.92,2.28,0.0
20130725:0710,232.38,308.22,25.18,19.04,3.1,0.0
20130725:0810,316.45,398.22,34.45,20.63,4.0,0.0
20130725:0910,355.31,446.19,43.27,21.69,4.34,0.0
20130725:1010,238.52,305.14,50.93,21.69,4.83,0.0
20130725:1110,412.19,518.78,56.34,22.22,4.48,0.0
20130725:1210,423.71,533.22,58.17,22.22,4.55,0.0
20130725:1310,435.39,549.56,55.79,23.28,4.83,0.0
20130725:1410,388.98,491.98,49.99,23.81,4.9,0.0
20130725:1510,564.3,713.42,42.11,24.34,4.83,0.0
20130725:1610,410.96,523.75,33.2,24.34,4.62,0.0
20130725:1710,213.37,295.86,23.9,23.28,4.55,0.0
20130725:1810,52.58,101.7,14.67,22.22,4.21,0.0
20130725:1910,15.49,32.35,5.85,21.16,3.59,0.0
20130725:2010,0.0,0.0,0.0,19.57,3.31,0.0
20130725:2110,0.0,0.0,0.0,17.98,2.9,0.0
20130725:2210,0.0,0.0,0.0,16.92,2.55,0.0
20130725:2310,0.0,0.0,0.0,15.86,2.28,0.0
20130726:0010,0.0,0.0,0.0,15.33,2.28,0.0
20130726:0110,0.0,0.0,0.0,14.8,2.21,0.0
20130726:0210,0.0,0.0,0.0,14.8,2.07,0.0
20130726:0310,0.0,0.0,0.0,14.27,1.86,0.0
20130726:0410,0.0,0.0,0.0,13.74,1.79,0.0
20130726:0510,19.37,36.73,6.84,13.21,1.59,0.0
20130726:0610,79.05,117.25,15.75,15.33,1.24,0.0
20130726:0710,228.31,303.6,25.02,16.92,0.55,0.0
20130726:0810,284.39,363.07,34.29,18.51,0.41,0.0
20130726:0910,455.34,581.67,43.09,20.1,0.97,0.0
20130726:1010,103.11,143.7,50.74,21.69,1.31,0.0
20130726:1110,658.65,875.27,56.13,22.22,1.1,0.0
20130726:1210,554.09,723.55,57.95,22.22,1.24,0.0
20130726:1310,186.38,246.97,55.58,23.28,1.38,0.0
20130726:1410,470.45,609.63,49.8,23.81,1.59,0.0
20130726:1510,443.76,572.66,41.94,24.34,1.86,0.0
20130726:1610,297.31,386.07,33.04,24.34,1.93,0.0
20130726:1710,175.8,241.82,23.74,24.34,1.93,0.0
20130726:1810,65.56,107.5,14.5,23.81,1.93,0.0
20130726:1910,13.55,29.73,5.68,22.75,1.66,0.0
20130726:2010,0.0,0.0,0.0,21.69,2.21,0.0
20130726:2110,0.0,0.0,0.0,20.1,2.34,0.0
20130726:2210,0.0,0.0,0.0,19.04,2.41,0.0
20130726:2310,0.0,0.0,0.0,17.98,2.07,0.0
20130727:0010,0.0,0.0,0.0,17.45,1.66,0.0
20130727:0110,0.0,0.0,0.0,16.39,1.38,0.0
20130727:0210,0.0,0.0,0.0,15.86,1.52,0.0
20130727:0310,0.0,0.0,0.0,15.33,1.79,0.0
20130727:0410,0.0,0.0,0.0,14.27,1.31,0.0
20130727:0510,2.09,10.49,6.67,14.27,1.17,0.0
20130727:0610,43.76,68.61,15.58,15.86,1.1,0.0
20130727:0710,91.45,127.79,24.85,17.98,0.55,0.0
20130727:0810,253.63,325.01,34.12,19.57,1.03,0.0
20130727:0910,384.03,487.74,42.91,21.16,1.79,0.0
20130727:1010,611.9,796.16,50.54,22.22,1.72,0.0
20130727:1110,728.94,969.14,55.92,23.28,1.93,0.0
20130727:1210,728.41,972.9,57.73,24.34,2.07,0.0
20130727:1310,697.89,924.67,55.37,25.4,2.55,0.0
20130727:1410,277.46,361.49,49.61,25.93,2.83,0.0
20130727:1510,93.13,133.5,41.76,25.4,1.79,0.0
20130727:1610,87.14,125.16,32.87,23.81,2.0,0.0
20130727:1710,43.89,70.46,23.58,22.22,2.48,0.0
20130727:1810,5.31,16.69,14.33,21.69,2.28,0.0
20130727:1910,0.45,7.0,5.5,20.63,0.21,0.0
20130727:2010,0.0,0.0,0.0,19.57,0.83,0.0
20130727:2110,0.0,0.0,0.0,19.04,1.59,0.0
20130727:2210,0.0,0.0,0.0,18.51,3.24,0.0
20130727:2310,0.0,0.0,0.0,17.98,4.48,0.0
20130728:0010,0.0,0.0,0.0,17.45,4.9,0.0
20130728:0110,0.0,0.0,0.0,16.39,5.45,0.0
20130728:0210,0.0,0.0,0.0,15.86,5.24,0.0
20130728:0310,0.0,0.0,0.0,15.33,5.17,0.0
20130728:0410,0.0,0.0,0.0,14.8,5.52,0.0
20130728:0510,18.59,35.85,6.49,14.8,5.24,0.0
20130728:0610,68.67,121.06,15.4,15.33,4.14,0.0
20130728:0710,205.2,265.44,24.68,16.39,5.93,0.0
20130728:0810,416.38,510.72,33.94,17.98,5.72,0.0
20130728:0910,449.53,551.43,42.73,19.04,5.72,0.0
20130728:1010,478.43,590.19,50.34,20.1,6.0,0.0
20130728:1110,551.2,682.32,55.7,21.16,6.9,0.0
20130728:1210,640.13,797.89,57.5,21.69,6.76,0.0
20130728:1310,379.55,473.06,55.15,21.69,6.76,0.0
20130728:1410,247.56,314.45,49.41,21.69,6.9,0.0
20130728:1510,210.53,270.94,41.58,22.22,6.76,0.0
20130728:1610,347.67,436.19,32.69,21.69,6.07,0.0
20130728:1710,197.37,268.05,23.4,21.69,5.17,0.0
20130728:1810,45.56,95.1,14.16,21.16,4.28,0.0
20130728:1910,11.98,27.11,5.32,20.1,4.07,0.0
20130728:2010,0.0,0.0,0.0,19.04,3.86,0.0
20130728:2110,0.0,0.0,0.0,19.04,4.34,0.0
20130728:2210,0.0,0.0,0.0,17.98,4.21,0.0
20130728:2310,0.0,0.0,0.0,17.45,4.14,0.0
20130729:0010,0.0,0.0,0.0,16.92,4.34,0.0
20130729:0110,0.0,0.0,0.0,16.92,4.62,0.0
20130729:0210,0.0,0.0,0.0,16.39,4.69,0.0
20130729:0310,0.0,0.0,0.0,15.86,4.69,0.0
20130729:0410,0.0,0.0,0.0,15.86,4.69,0.0
20130729:0510,14.71,30.61,6.31,15.86,4.62,0.0
20130729:0610,75.73,120.3,15.23,16.39,5.66,0.0
20130729:0710,210.99,274.69,24.51,17.45,6.07,0.0
20130729:0810,230.45,290.3,33.77,18.51,5.86,0.0
20130729:0910,350.32,432.5,42.55,19.57,6.48,0.0
20130729:1010,435.55,538.82,50.14,20.63,6.14,0.0
20130729:1110,666.57,834.23,55.48,21.16,5.72,0.0
20130729:1210,357.46,439.63,57.27,17.98,6.21,0.0
20130729:1310,418.96,516.42,54.93,18.51,5.03,0.0
20130729:1410,428.92,524.62,49.2,18.51,6.55,0.0
20130729:1510,480.55,588.42,41.39,19.04,5.93,0.0
20130729:1610,367.06,455.28,32.51,19.57,6.14,0.0
20130729:1710,184.38,246.77,23.23,20.1,6.34,0.0
20130729:1810,40.75,90.97,13.98,19.04,5.03,0.0
20130729:1910,12.68,27.98,5.13,18.51,4.34,0.0
20130729:2010,0.0,0.0,0.0,17.45,4.48,0.0
20130729:2110,0.0,0.0,0.0,16.92,4.21,0.0
20130729:2210,0.0,0.0,0.0,16.39,3.86,0.0
20130729:2310,0.0,0.0,0.0,15.86,3.72,0.0
20130730:0010,0.0,0.0,0.0,15.33,3.45,0.0
20130730:0110,0.0,0.0,0.0,15.33,3.45,0.0
20130730:0210,0.0,0.0,0.0,14.8,3.52,0.0
20130730:0310,0.0,0.0,0.0,14.8,3.52,0.0
20130730:0410,0.0,0.0,0.0,14.27,3.31,0.0
20130730:0510,6.05,17.49,6.12,14.27,3.17,0.0
20130730:0610,14.09,29.67,15.05,15.33,3.17,0.0
20130730:0710,41.57,65.82,24.33,16.39,4.83,0.0
20130730:0810,63.39,92.71,33.59,16.92,4.83,0.0
20130730:0910,80.38,113.11,42.36,16.92,4.55,0.0
20130730:1010,118.11,156.68,49.93,15.86,6.21,0.0
20130730:1110,150.96,195.62,55.25,16.39,4.97,0.0
20130730:1210,133.09,175.22,57.03,16.92,4.69,0.0
20130730:1310,67.84,98.27,54.7,17.45,5.17,0.0
20130730:1410,84.43,118.67,48.99,18.51,4.9,0.0
20130730:1510,458.92,564.77,41.2,18.51,4.41,0.0
20130730:1610,208.29,265.62,32.33,18.51,3.79,0.0
20130730:1710,166.32,221.45,23.04,18.51,4.07,0.0
20130730:1810,56.08,86.16,13.79,18.51,3.86,0.0
20130730:1910,12.05,27.11,4.93,19.04,3.1,0.0
20130730:2010,0.0,0.0,0.0,18.51,3.03,0.0
20130730:2110,0.0,0.0,0.0,17.45,3.1,0.0
20130730:2210,0.0,0.0,0.0,16.92,3.38,0.0
20130730:2310,0.0,0.0,0.0,16.39,3.38,0.0
20130731:0010,0.0,0.0,0.0,16.39,3.31,0.0
20130731:0110,0.0,0.0,0.0,15.86,3.03,0.0
20130731:0210,0.0,0.0,0.0,15.86,3.24,0.0
20130731:0310,0.0,0.0,0.0,15.33,3.24,0.0
20130731:0410,0.0,0.0,0.0,15.33,3.24,0.0
20130731:0510,15.37,31.48,5.94,15.33,3.1,0.0
20130731:0610,73.25,117.41,14.87,15.86,2.97,0.0
20130731:0710,39.94,63.97,24.16,16.92,3.45,0.0
20130731:0810,74.69,106.62,33.41,17.45,3.79,0.0
20130731:0910,165.31,213.81,42.17,17.98,4.9,0.0
20130731:1010,252.4,316.64,49.72,18.51,5.38,0.0
20130731:1110,281.39,353.22,55.02,20.1,5.93,0.0
20130731:1210,157.81,207.67,56.79,21.16,5.79,0.0
20130731:1310,451.45,560.41,54.46,21.16,6.14,0.0
20130731:1410,316.04,397.48,48.77,22.22,6.28,0.0
20130731:1510,158.29,209.15,41.0,22.22,5.79,0.0
20130731:1610,184.4,240.37,32.14,22.22,5.66,0.0
20130731:1710,137.19,186.68,22.85,22.22,5.45,0.0
20130731:1810,54.46,85.21,13.6,21.69,4.76,0.0
20130731:1910,6.87,19.24,4.73,20.63,4.14,0.0
20130731:2010,0.0,0.0,0.0,19.57,3.72,0.0
20130731:2110,0.0,0.0,0.0,18.51,3.52,0.0
20130731:2210,0.0,0.0,0.0,17.98,3.17,0.0
20130731:2310,0.0,0.0,0.0,17.45,2.9,0.0
20130801:0010,0.0,0.0,0.0,16.92,2.62,0.0
20130801:0110,0.0,0.0,0.0,16.39,2.34,0.0
20130801:0210,0.0,0.0,0.0,15.86,2.07,0.0
20130801:0310,0.0,0.0,0.0,15.33,1.93,0.0
20130801:0410,0.0,0.0,0.0,15.33,1.86,0.0
20130801:0510,14.16,29.73,5.75,14.8,1.79,0.0
20130801:0610,59.4,113.99,14.69,16.92,1.86,0.0
20130801:0710,239.71,323.28,23.98,19.57,2.76,0.0
20130801:0810,437.72,554.04,33.23,22.22,3.45,0.0
20130801:0910,603.05,765.72,41.97,23.81,4.07,0.0
20130801:1010,720.75,929.79,49.51,25.4,4.62,0.0
20130801:1110,795.44,1038.63,54.78,26.46,5.03,0.0
20130801:1210,814.55,1071.59,56.54,27.52,5.17,0.0
20130801:1310,760.55,999.86,54.22,28.58,5.17,0.0
20130801:1410,704.12,920.29,48.55,29.11,5.1,0.0
20130801:1510,576.35,747.13,40.79,29.64,5.03,0.0
20130801:1610,322.86,423.65,31.94,29.64,4.62,0.0
20130801:1710,183.03,260.16,22.66,29.64,3.72,0.0
20130801:1810,42.77,91.09,13.4,28.58,3.79,0.0
20130801:1910,9.28,23.61,4.53,26.99,4.34,0.0
20130801:2010,0.0,0.0,0.0,24.87,3.66,0.0
20130801:2110,0.0,0.0,0.0,22.75,3.03,0.0
20130801:2210,0.0,0.0,0.0,22.22,2.97,0.0
20130801:2310,0.0,0.0,0.0,21.16,3.1,0.0
20130802:0010,0.0,0.0,0.0,20.1,3.1,0.0
20130802:0110,0.0,0.0,0.0,18.51,2.97,0.0
20130802:0210,0.0,0.0,0.0,17.45,2.76,0.0
20130802:0310,0.0,0.0,0.0,16.39,2.69,0.0
20130802:0410,0.0,0.0,0.0,15.33,2.55,0.0
20130802:0510,8.21,20.99,5.55,15.33,3.03,0.0
20130802:0610,5.51,16.69,14.51,15.86,2.28,0.0
20130802:0710,173.95,229.06,23.8,17.98,3.38,0.0
20130802:0810,62.8,92.71,33.04,18.51,3.45,0.0
20130802:0910,76.72,110.33,41.77,20.1,3.38,0.0
20130802:1010,54.65,83.44,49.29,20.63,3.45,0.0
20130802:1110,340.65,429.94,54.54,21.69,4.07,0.0
20130802:1210,288.48,366.58,56.29,22.22,4.69,0.0
20130802:1310,622.78,786.16,53.98,22.22,4.83,0.0
20130802:1410,592.11,744.38,48.32,22.75,5.17,0.0
20130802:1510,541.16,677.78,40.58,22.75,4.97,0.0
20130802:1610,397.19,500.29,31.73,22.22,5.1,0.0
20130802:1710,195.33,268.29,22.46,22.22,5.03,0.0
20130802:1810,51.42,93.95,13.19,21.69,4.41,0.0
20130802:1910,8.54,21.86,4.32,20.1,4.0,0.0
20130802:2010,0.0,0.0,0.0,19.04,3.86,0.0
20130802:2110,0.0,0.0,0.0,17.98,3.72,0.0
20130802:2210,0.0,0.0,0.0,17.45,3.66,0.0
20130802:2310,0.0,0.0,0.0,16.92,3.72,0.0
20130803:0010,0.0,0.0,0.0,15.86,3.52,0.0
20130803:0110,0.0,0.0,0.0,15.86,3.93,0.0
20130803:0210,0.0,0.0,0.0,15.33,4.34,0.0
20130803:0310,0.0,0.0,0.0,15.33,4.48,0.0
20130803:0410,0.0,0.0,0.0,14.8,4.48,0.0
20130803:0510,13.56,28.86,5.36,14.8,4.28,0.0
20130803:0610,69.09,114.13,14.32,15.33,4.34,0.0
20130803:0710,185.76,240.94,23.61,15.86,5.31,0.0
20130803:0810,338.55,417.18,32.85,17.45,5.03,0.0
20130803:0910,543.07,664.85,41.57,18.51,5.38,0.0
20130803:1010,622.84,770.34,49.07,19.57,5.52,0.0
20130803:1110,689.86,860.54,54.3,20.63,6.0,0.0
20130803:1210,615.37,766.79,56.03,21.16,6.07,0.0
20130803:1310,701.67,878.38,53.73,21.16,5.93,0.0
20130803:1410,609.93,760.62,48.09,21.69,5.72,0.0
20130803:1510,563.09,699.8,40.36,21.69,5.45,0.0
20130803:1610,362.97,455.66,31.53,21.16,4.97,0.0
20130803:1710,208.02,288.73,22.25,21.16,4.76,0.0
20130803:1810,35.73,83.27,12.98,20.63,3.79,0.0
20130803:1910,8.03,20.99,4.1,19.04,3.72,0.0
20130803:2010,0.0,0.0,0.0,17.98,3.52,0.0
20130803:2110,0.0,0.0,0.0,16.92,3.45,0.0
20130803:2210,0.0,0.0,0.0,15.86,3.24,0.0
20130803:2310,0.0,0.0,0.0,15.33,3.17,0.0
20130804:0010,0.0,0.0,0.0,14.8,3.03,0.0
20130804:0110,0.0,0.0,0.0,14.27,2.9,0.0
20130804:0210,0.0,0.0,0.0,13.74,2.97,0.0
20130804:0310,0.0,0.0,0.0,13.74,2.97,0.0
20130804:0410,0.0,0.0,0.0,13.74,2.9,0.0
20130804:0510,12.41,27.11,5.16,13.74,2.83,0.0
20130804:0610,68.22,112.37,14.13,14.27,2.55,0.0
20130804:0710,147.9,194.71,23.43,16.92,4.9,0.0
20130804:0810,399.9,492.54,32.66,17.98,4.83,0.0
20130804:0910,559.34,688.04,41.37,19.04,5.03,0.0
20130804:1010,558.18,690.96,48.85,20.63,5.86,0.0
20130804:1110,614.06,763.92,54.05,21.16,6.21,0.0
20130804:1210,647.34,808.08,55.77,21.69,6.48,0.0
20130804:1310,660.73,824.89,53.47,21.69,6.41,0.0
20130804:1410,638.1,793.62,47.85,21.69,6.34,0.0
20130804:1510,578.51,715.5,40.13,21.69,6.34,0.0
20130804:1610,378.83,474.6,31.31,21.69,6.07,0.0
20130804:1710,167.3,226.49,22.04,21.16,5.24,0.0
20130804:1810,56.02,88.81,12.77,20.1,3.93,0.0
20130804:1910,6.4,18.36,3.88,19.04,3.17,0.0
20130804:2010,0.0,0.0,0.0,18.51,2.9,0.0
20130804:2110,0.0,0.0,0.0,17.45,2.62,0.0
20130804:2210,0.0,0.0,0.0,16.92,2.55,0.0
20130804:2310,0.0,0.0,0.0,16.92,2.69,0.0
20130805:0010,0.0,0.0,0.0,16.92,2.76,0.0
20130805:0110,0.0,0.0,0.0,16.39,2.62,0.0
20130805:0210,0.0,0.0,0.0,16.39,2.48,0.0
20130805:0310,0.0,0.0,0.0,16.39,2.55,0.0
20130805:0410,0.0,0.0,0.0,16.39,2.55,0.0
20130805:0510,7.62,20.11,4.96,15.86,2.48,0.0
20130805:0610,58.24,88.37,13.94,16.39,2.55,0.0
20130805:0710,120.08,161.93,23.24,17.98,3.31,0.0
20130805:0810,211.67,269.96,32.47,19.04,3.93,0.0
20130805:0910,231.83,294.37,41.17,19.57,4.07,0.0
20130805:1010,411.23,510.4,48.62,20.1,4.83,0.0
20130805:1110,175.66,229.0,53.8,21.16,5.66,0.0
20130805:1210,180.7,234.56,55.5,20.63,5.38,0.0
20130805:1310,795.97,1004.08,53.21,19.57,4.83,0.0
20130805:1410,672.63,836.17,47.61,19.57,5.03,0.0
20130805:1510,46.33,73.24,39.91,21.69,5.93,0.0
20130805:1610,20.92,39.87,31.09,20.63,4.62,0.0
20130805:1710,119.32,162.64,21.82,19.57,4.21,0.0
20130805:1810,55.11,89.85,12.55,19.57,4.0,0.0
20130805:1910,1.21,8.74,3.65,17.98,3.17,0.0
20130805:2010,0.0,0.0,0.0,17.45,3.03,0.0
20130805:2110,0.0,0.0,0.0,16.92,3.17,0.0
20130805:2210,0.0,0.0,0.0,16.39,3.79,0.0
20130805:2310,0.0,0.0,0.0,15.86,3.79,0.0
20130806:0010,0.0,0.0,0.0,14.8,3.38,0.0
20130806:0110,0.0,0.0,0.0,13.74,3.24,0.0
20130806:0210,0.0,0.0,0.0,12.68,3.24,0.0
20130806:0310,0.0,0.0,0.0,12.15,3.1,0.0
20130806:0410,0.0,0.0,0.0,11.61,2.9,0.0
20130806:0510,9.55,22.74,4.76,11.61,2.62,0.0
20130806:0610,54.64,107.33,13.75,12.15,1.86,0.0
20130806:0710,236.56,311.8,23.05,13.74,1.59,0.0
20130806:0810,438.53,546.62,32.28,15.86,1.52,0.0
20130806:0910,554.23,698.18,40.96,17.45,1.52,0.0
20130806:1010,387.61,488.1,48.39,18.51,1.45,0.0
20130806:1110,518.65,661.79,53.54,19.57,1.52,0.0
20130806:1210,560.88,722.06,55.23,20.1,1.45,0.0
20130806:1310,601.72,782.0,52.94,20.63,1.31,0.0
20130806:1410,584.35,757.42,47.36,20.63,1.17,0.0
20130806:1510,338.24,431.08,39.67,20.63,1.1,0.0
20130806:1610,122.37,166.5,30.87,20.63,1.03,0.0
20130806:1710,101.59,142.12,21.6,20.63,0.97,0.0
20130806:1810,47.84,76.55,12.33,20.1,0.69,0.0
20130806:1910,4.84,15.74,3.42,19.04,1.66,0.0
20130806:2010,0.0,0.0,0.0,17.98,2.14,0.0
20130806:2110,0.0,0.0,0.0,17.45,2.34,0.0
20130806:2210,0.0,0.0,0.0,16.39,2.21,0.0
20130806:2310,0.0,0.0,0.0,15.33,2.48,0.0
20130807:0010,0.0,0.0,0.0,14.8,2.41,0.0
20130807:0110,0.0,0.0,0.0,14.27,2.41,0.0
20130807:0210,0.0,0.0,0.0,13.74,2.28,0.0
20130807:0310,0.0,0.0,0.0,13.74,2.14,0.0
20130807:0410,0.0,0.0,0.0,13.21,2.14,0.0
20130807:0510,9.46,22.74,4.56,13.21,2.34,0.0
20130807:0610,50.69,77.45,13.56,14.27,2.41,0.0
20130807:0710,183.02,239.49,22.86,15.86,2.9,0.0
20130807:0810,279.08,347.58,32.08,16.92,3.38,0.0
20130807:0910,400.57,494.33,40.75,17.98,3.59,0.0
20130807:1010,655.67,820.76,48.16,19.57,4.14,0.0
20130807:1110,634.42,796.33,53.28,20.1,4.28,0.0
20130807:1210,648.74,819.8,54.95,21.16,4.34,0.0
20130807:1310,554.99,699.96,52.67,21.69,4.0,0.0
20130807:1410,264.59,337.18,47.1,21.69,3.86,0.0
20130807:1510,278.73,352.9,39.43,21.16,3.79,0.0
20130807:1610,363.26,457.68,30.64,20.63,3.66,0.0
20130807:1710,130.89,178.66,21.37,20.63,3.79,0.0
20130807:1810,46.65,74.5,12.1,19.57,3.24,0.0
20130807:1910,3.87,13.99,3.18,18.51,2.34,0.0
20130807:2010,0.0,0.0,0.0,16.92,2.0,0.0
20130807:2110,0.0,0.0,0.0,15.33,1.79,0.0
20130807:2210,0.0,0.0,0.0,13.74,1.86,0.0
20130807:2310,0.0,0.0,0.0,12.68,1.93,0.0
20130808:0010,0.0,0.0,0.0,11.61,2.07,0.0
20130808:0110,0.0,0.0,0.0,11.61,1.86,0.0
20130808:0210,0.0,0.0,0.0,11.09,1.79,0.0
20130808:0310,0.0,0.0,0.0,10.55,1.66,0.0
20130808:0410,0.0,0.0,0.0,10.02,1.66,0.0
20130808:0510,9.07,21.86,4.36,9.49,1.59,0.0
20130808:0610,61.88,106.23,13.36,11.09,1.03,0.0
20130808:0710,226.94,301.57,22.66,14.27,0.34,0.0
20130808:0810,420.57,531.56,31.88,16.39,0.48,0.0
20130808:0910,565.0,734.4,40.53,18.51,0.14,0.0
20130808:1010,383.08,490.73,47.92,19.57,0.34,0.0
20130808:1110,728.79,968.34,53.02,20.63,1.24,0.0
20130808:1210,754.15,1004.4,54.67,21.16,1.52,0.0
20130808:1310,600.23,786.24,52.39,21.69,1.17,0.0
20130808:1410,561.76,725.3,46.84,22.22,1.79,0.0
20130808:1510,329.57,419.17,39.18,22.22,2.48,0.0
20130808:1610,225.58,290.61,30.4,21.69,3.52,0.0
20130808:1710,141.77,193.68,21.14,21.16,3.66,0.0
20130808:1810,49.99,84.29,11.86,20.63,3.59,0.0
20130808:1910,2.9,12.24,2.94,19.57,3.66,0.0
20130808:2010,0.0,0.0,0.0,18.51,3.59,0.0
20130808:2110,0.0,0.0,0.0,17.45,3.59,0.0
20130808:2210,0.0,0.0,0.0,16.39,3.59,0.0
20130808:2310,0.0,0.0,0.0,15.33,3.59,0.0
20130809:0010,0.0,0.0,0.0,15.33,3.66,0.0
20130809:0110,0.0,0.0,0.0,14.8,3.72,0.0
20130809:0210,0.0,0.0,0.0,15.33,3.79,0.0
20130809:0310,0.0,0.0,0.0,14.8,3.66,0.0
20130809:0410,0.0,0.0,0.0,15.33,3.72,0.0
20130809:0510,7.67,20.11,4.15,14.8,3.52,0.0
20130809:0610,62.32,96.03,13.16,15.33,3.59,0.0
20130809:0710,99.0,135.38,22.46,16.39,3.93,0.0
20130809:0810,235.0,295.49,31.68,17.45,3.93,0.0
20130809:0910,352.15,437.15,40.31,19.04,3.93,0.0
20130809:1010,375.24,468.89,47.68,20.63,4.21,0.0
20130809:1110,131.87,177.08,52.75,21.16,4.48,0.0
20130809:1210,104.57,144.63,54.39,21.69,4.76,0.0
20130809:1310,633.15,799.06,52.11,22.22,4.9,0.0
20130809:1410,511.39,640.78,46.57,22.22,4.76,0.0
20130809:1510,311.69,393.12,38.93,22.22,4.76,0.0
20130809:1610,243.27,311.06,30.16,21.69,4.62,0.0
20130809:1710,149.58,204.28,20.9,21.16,4.34,0.0
20130809:1810,47.49,77.84,11.62,20.63,3.38,0.0
20130809:1910,0.0,3.5,2.69,19.57,2.97,0.0
20130809:2010,0.0,0.0,0.0,19.04,2.69,0.0
20130809:2110,0.0,0.0,0.0,17.45,2.69,0.0
20130809:2210,0.0,0.0,0.0,16.92,2.83,0.0
20130809:2310,0.0,0.0,0.0,15.86,2.76,0.0
20130810:0010,0.0,0.0,0.0,15.86,2.55,0.0
20130810:0110,0.0,0.0,0.0,14.8,2.28,0.0
20130810:0210,0.0,0.0,0.0,14.8,2.14,0.0
20130810:0310,0.0,0.0,0.0,14.27,2.28,0.0
20130810:0410,0.0,0.0,0.0,13.21,2.28,0.0
20130810:0510,5.59,16.61,3.94,12.15,2.21,0.0
20130810:0610,59.24,90.01,12.96,12.68,2.0,0.0
20130810:0710,128.54,170.96,22.27,15.33,2.28,0.0
20130810:0810,244.73,306.68,31.47,15.86,2.21,0.0
20130810:0910,366.0,453.45,40.1,17.45,2.69,0.0
20130810:1010,393.31,487.97,47.43,18.51,3.45,0.0
20130810:1110,280.4,352.5,52.48,19.04,3.72,0.0
20130810:1210,214.26,273.0,54.1,18.51,3.66,0.0
20130810:1310,355.36,442.66,51.82,19.04,3.79,0.0
20130810:1410,311.64,389.31,46.3,19.04,3.79,0.0
20130810:1510,275.76,347.11,38.68,19.57,3.45,0.0
20130810:1610,294.03,370.91,29.91,19.57,3.31,0.0
20130810:1710,113.85,156.67,20.66,19.57,3.03,0.0
20130810:1810,30.11,52.12,11.37,19.04,2.34,0.0
20130810:1910,1.2,8.74,2.44,18.51,2.21,0.0
20130810:2010,0.0,0.0,0.0,17.98,1.79,0.0
20130810:2110,0.0,0.0,0.0,16.92,1.93,0.0
20130810:2210,0.0,0.0,0.0,15.86,2.14,0.0
20130810:2310,0.0,0.0,0.0,15.33,2.21,0.0
20130811:0010,0.0,0.0,0.0,15.86,2.34,0.0
20130811:0110,0.0,0.0,0.0,15.86,2.41,0.0
20130811:0210,0.0,0.0,0.0,15.86,2.55,0.0
20130811:0310,0.0,0.0,0.0,15.86,2.76,0.0
20130811:0410,0.0,0.0,0.0,15.33,2.76,0.0
20130811:0510,5.48,16.61,3.73,15.33,2.97,0.0
20130811:0610,51.66,79.87,12.76,15.33,2.97,0.0
20130811:0710,159.64,210.12,22.07,16.39,3.72,0.0
20130811:0810,211.33,267.32,31.27,16.92,3.45,0.0
20130811:0910,458.24,565.29,39.87,18.51,3.86,0.0
20130811:1010,168.97,220.13,47.19,19.57,3.86,0.0
20130811:1110,458.7,572.39,52.2,20.63,4.34,0.0
20130811:1210,559.55,702.27,53.8,21.16,4.41,0.0
20130811:1310,600.52,755.27,51.53,21.69,4.69,0.0
20130811:1410,650.01,819.36,46.02,22.22,4.76,0.0
20130811:1510,507.61,634.53,38.42,22.22,4.69,0.0
20130811:1610,386.14,486.83,29.66,21.69,4.62,0.0
20130811:1710,182.5,253.32,20.41,21.16,4.48,0.0
20130811:1810,35.49,73.68,11.12,20.63,3.66,0.0
20130811:1910,1.6,9.62,2.18,19.04,3.1,0.0
20130811:2010,0.0,0.0,0.0,17.98,2.83,0.0
20130811:2110,0.0,0.0,0.0,16.92,2.76,0.0
20130811:2210,0.0,0.0,0.0,15.86,2.62,0.0
20130811:2310,0.0,0.0,0.0,14.8,2.55,0.0
20130812:0010,0.0,0.0,0.0,14.27,2.48,0.0
20130812:0110,0.0,0.0,0.0,13.74,2.41,0.0
20130812:0210,0.0,0.0,0.0,12.68,2.34,0.0
20130812:0310,0.0,0.0,0.0,12.15,2.14,0.0
20130812:0410,0.0,0.0,0.0,11.61,2.14,0.0
20130812:0510,3.54,13.12,3.52,12.15,2.07,0.0
20130812:0610,41.74,65.66,12.56,12.68,1.93,0.0
20130812:0710,79.56,111.28,21.87,14.27,2.14,0.0
20130812:0810,211.0,265.77,31.06,15.33,2.55,0.0
20130812:0910,540.22,666.61,39.65,16.92,3.03,0.0
20130812:1010,272.44,340.98,46.94,17.98,3.66,0.0
20130812:1110,379.3,470.88,51.92,19.04,4.21,0.0
20130812:1210,622.58,778.13,53.51,19.57,4.41,0.0
20130812:1310,256.23,324.19,51.23,20.1,4.62,0.0
20130812:1410,260.74,329.17,45.74,20.1,4.69,0.0
20130812:1510,257.37,324.63,38.15,20.1,4.69,0.0
20130812:1610,197.23,253.17,29.4,19.57,4.76,0.0
20130812:1710,55.13,83.44,20.16,19.04,4.34,0.0
20130812:1810,31.64,53.95,10.87,18.51,3.79,0.0
20130812:1910,0.0,0.0,0.0,17.45,3.52,0.0
20130812:2010,0.0,0.0,0.0,16.92,3.38,0.0
20130812:2110,0.0,0.0,0.0,15.86,3.45,0.0
20130812:2210,0.0,0.0,0.0,14.8,3.31,0.0
20130812:2310,0.0,0.0,0.0,14.27,3.52,0.0
20130813:0010,0.0,0.0,0.0,13.21,3.24,0.0
20130813:0110,0.0,0.0,0.0,12.68,3.1,0.0
20130813:0210,0.0,0.0,0.0,12.15,2.9,0.0
20130813:0310,0.0,0.0,0.0,11.61,2.9,0.0
20130813:0410,0.0,0.0,0.0,11.09,2.83,0.0
20130813:0510,0.0,3.5,3.3,11.09,2.9,0.0
20130813:0610,58.84,92.55,12.35,11.61,2.34,0.0
20130813:0710,111.61,148.83,21.66,13.21,3.17,0.0
20130813:0810,208.06,260.87,30.85,14.8,3.59,0.0
20130813:0910,555.68,679.3,39.42,15.86,3.59,0.0
20130813:1010,595.37,736.72,46.69,17.45,3.72,0.0
20130813:1110,554.91,686.65,51.64,18.51,4.41,0.0
20130813:1210,677.77,848.94,53.2,19.04,4.34,0.0
20130813:1310,277.93,349.62,50.93,19.57,4.28,0.0
20130813:1410,71.1,102.91,45.46,19.04,4.55,0.0
20130813:1510,104.5,142.77,37.88,18.51,3.72,0.0
20130813:1610,293.47,366.26,29.14,17.45,3.59,0.0
20130813:1710,109.52,149.7,19.9,16.92,3.1,0.0
20130813:1810,37.62,62.11,10.61,16.39,2.69,0.0
20130813:1910,0.0,0.0,0.0,16.39,2.14,0.0
20130813:2010,0.0,0.0,0.0,15.86,2.07,0.0
20130813:2110,0.0,0.0,0.0,15.33,2.07,0.0
20130813:2210,0.0,0.0,0.0,14.8,2.21,0.0
20130813:2310,0.0,0.0,0.0,13.74,2.14,0.0
20130814:0010,0.0,0.0,0.0,12.68,2.14,0.0
20130814:0110,0.0,0.0,0.0,12.15,2.07,0.0
20130814:0210,0.0,0.0,0.0,11.61,1.93,0.0
20130814:0310,0.0,0.0,0.0,11.09,1.79,0.0
20130814:0410,0.0,0.0,0.0,10.55,1.52,0.0
20130814:0510,4.07,13.99,3.09,10.55,1.45,0.0
20130814:0610,52.17,98.11,12.14,11.61,0.83,0.0
20130814:0710,215.86,285.63,21.46,13.74,0.69,0.0
20130814:0810,425.23,535.14,30.64,15.86,0.62,0.0
20130814:0910,581.87,738.8,39.19,17.98,1.31,0.0
20130814:1010,569.38,722.38,46.43,19.57,2.14,0.0
20130814:1110,182.7,237.8,51.35,20.1,2.69,0.0
20130814:1210,450.82,564.83,52.9,20.1,3.31,0.0
20130814:1310,523.35,656.14,50.63,20.63,3.79,0.0
20130814:1410,350.75,439.51,45.16,20.63,3.79,0.0
20130814:1510,364.37,455.03,37.6,20.63,3.93,0.0
20130814:1610,181.29,235.83,28.88,20.63,3.86,0.0
20130814:1710,115.71,159.88,19.64,20.1,3.66,0.0
20130814:1810,33.52,57.01,10.34,19.57,3.17,0.0
20130814:1910,0.0,0.0,0.0,18.51,3.38,0.0
20130814:2010,0.0,0.0,0.0,17.98,3.24,0.0
20130814:2110,0.0,0.0,0.0,17.45,3.17,0.0
20130814:2210,0.0,0.0,0.0,16.92,3.03,0.0
20130814:2310,0.0,0.0,0.0,16.92,2.9,0.0
20130815:0010,0.0,0.0,0.0,16.92,2.83,0.0
20130815:0110,0.0,0.0,0.0,16.92,2.76,0.0
20130815:0210,0.0,0.0,0.0,16.92,2.62,0.0
20130815:0310,0.0,0.0,0.0,16.39,2.55,0.0
20130815:0410,0.0,0.0,0.0,16.39,2.69,0.0
20130815:0510,1.23,8.74,2.87,16.39,2.97,0.0
20130815:0610,51.33,81.35,11.94,16.39,2.9,0.0
20130815:0710,118.4,159.71,21.25,17.45,4.83,0.0
20130815:0810,254.15,319.28,30.42,18.51,4.21,0.0
20130815:0910,198.9,254.24,38.96,19.04,4.83,0.0
20130815:1010,353.5,439.83,46.17,20.1,4.9,0.0
20130815:1110,579.78,724.43,51.06,21.69,5.52,0.0
20130815:1210,396.76,496.26,52.59,22.22,5.86,0.0
20130815:1310,414.11,516.8,50.32,22.22,6.07,0.0
20130815:1410,181.1,236.79,44.87,22.75,6.28,0.0
20130815:1510,229.79,293.84,37.32,22.22,6.07,0.0
20130815:1610,267.84,340.8,28.61,22.22,5.72,0.0
20130815:1710,168.63,236.24,19.37,22.22,5.24,0.0
20130815:1810,24.91,61.25,10.08,21.16,4.41,0.0
20130815:1910,0.0,0.0,0.0,20.63,3.66,0.0
20130815:2010,0.0,0.0,0.0,19.04,3.52,0.0
20130815:2110,0.0,0.0,0.0,17.98,3.52,0.0
20130815:2210,0.0,0.0,0.0,17.45,3.45,0.0
20130815:2310,0.0,0.0,0.0,16.39,3.52,0.0
20130816:0010,0.0,0.0,0.0,15.86,3.59,0.0
20130816:0110,0.0,0.0,0.0,15.33,3.59,0.0
20130816:0210,0.0,0.0,0.0,15.33,3.66,0.0
20130816:0310,0.0,0.0,0.0,15.33,3.79,0.0
20130816:0410,0.0,0.0,0.0,15.33,3.72,0.0
20130816:0510,0.0,2.62,2.65,15.86,3.72,0.0
20130816:0610,49.91,79.21,11.73,15.86,3.72,0.0
20130816:0710,34.91,57.48,21.04,16.39,3.93,0.0
20130816:0810,60.15,89.0,30.21,17.45,4.55,0.0
20130816:0910,233.97,294.2,38.73,17.98,4.55,0.0
20130816:1010,156.65,203.96,45.91,17.98,4.14,0.0
20130816:1110,203.55,260.1,50.77,19.04,4.83,0.0
20130816:1210,254.97,321.84,52.27,19.57,4.76,0.0
20130816:1310,163.38,213.23,50.0,19.57,4.55,0.0
20130816:1410,110.24,150.19,44.57,19.57,4.14,0.0
20130816:1510,454.03,564.62,37.04,20.1,3.72,0.0
20130816:1610,225.62,290.0,28.33,21.16,3.59,0.0
20130816:1710,157.65,220.46,19.1,21.69,3.45,0.0
20130816:1810,34.35,66.33,9.8,21.69,2.97,0.0
20130816:1910,0.0,0.0,0.0,20.1,2.21,0.0
20130816:2010,0.0,0.0,0.0,18.51,2.28,0.0
20130816:2110,0.0,0.0,0.0,17.45,2.41,0.0
20130816:2210,0.0,0.0,0.0,16.92,2.21,0.0
20130816:2310,0.0,0.0,0.0,16.39,2.28,0.0
20130817:0010,0.0,0.0,0.0,15.86,2.28,0.0
20130817:0110,0.0,0.0,0.0,14.8,2.34,0.0
20130817:0210,0.0,0.0,0.0,14.27,2.34,0.0
20130817:0310,0.0,0.0,0.0,13.74,2.34,0.0
20130817:0410,0.0,0.0,0.0,12.68,2.21,0.0
20130817:0510,0.51,7.0,2.43,12.15,2.14,0.0
20130817:0610,41.26,65.59,11.51,12.68,2.07,0.0
20130817:0710,212.99,280.21,20.83,14.27,2.55,0.0
20130817:0810,145.39,189.71,29.99,16.39,2.9,0.0
20130817:0910,329.84,407.89,38.49,17.98,4.0,0.0
20130817:1010,155.34,203.04,45.65,19.04,5.1,0.0
20130817:1110,216.42,275.97,50.47,20.1,6.0,0.0
20130817:1210,325.64,406.01,51.96,20.63,6.55,0.0
20130817:1310,240.48,304.05,49.69,20.1,6.55,0.0
20130817:1410,79.52,113.11,44.26,19.57,7.17,0.0
20130817:1510,82.26,115.89,36.74,18.51,7.1,0.0
20130817:1610,45.84,71.39,28.05,17.45,6.34,0.0
20130817:1710,52.01,78.8,18.82,16.92,6.9,0.0
20130817:1810,4.4,14.83,9.52,16.39,6.34,0.0
20130817:1910,0.0,0.0,0.0,16.92,6.62,0.0
20130817:2010,0.0,0.0,0.0,16.92,6.62,0.0
20130817:2110,0.0,0.0,0.0,16.92,6.48,0.0
20130817:2210,0.0,0.0,0.0,17.45,6.34,0.0
20130817:2310,0.0,0.0,0.0,17.45,6.14,0.0
20130818:0010,0.0,0.0,0.0,17.45,5.59,0.0
20130818:0110,0.0,0.0,0.0,17.45,5.1,0.0
20130818:0210,0.0,0.0,0.0,17.45,4.62,0.0
20130818:0310,0.0,0.0,0.0,16.92,4.41,0.0
20130818:0410,0.0,0.0,0.0,16.39,4.0,0.0
20130818:0510,0.0,0.0,0.0,15.86,4.0,0.0
20130818:0610,52.41,89.19,11.3,15.86,3.66,0.0
20130818:0710,209.07,277.06,20.62,16.92,4.48,0.0
20130818:0810,0.0,0.0,0.0,17.98,4.69,0.0
20130818:0910,0.0,0.0,0.0,18.51,4.55,0.0
20130818:1010,0.0,0.0,0.0,19.57,4.48,0.0
20130818:1110,0.0,0.0,0.0,20.63,4.69,0.0
20130818:1210,184.36,239.68,51.63,21.16,4.83,0.0
20130818:1310,513.91,642.84,49.36,21.69,4.83,0.0
20130818:1410,175.39,229.43,43.95,21.69,4.76,0.0
20130818:1510,391.5,489.92,36.45,22.22,4.69,0.0
20130818:1610,187.88,245.1,27.76,22.22,4.62,0.0
20130818:1710,163.93,231.7,18.54,21.69,3.93,0.0
20130818:1810,33.32,62.22,9.24,21.16,3.24,0.0
20130818:1910,0.0,0.0,0.0,19.04,3.1,0.0
20130818:2010,0.0,0.0,0.0,17.98,2.97,0.0
20130818:2110,0.0,0.0,0.0,17.45,3.03,0.0
20130818:2210,0.0,0.0,0.0,16.39,3.31,0.0
20130818:2310,0.0,0.0,0.0,15.33,3.45,0.0
20130819:0010,0.0,0.0,0.0,14.8,2.97,0.0
20130819:0110,0.0,0.0,0.0,13.74,2.76,0.0
20130819:0210,0.0,0.0,0.0,13.21,2.69,0.0
20130819:0310,0.0,0.0,0.0,12.68,2.62,0.0
20130819:0410,0.0,0.0,0.0,12.68,2.48,0.0
20130819:0510,0.0,0.0,0.0,12.15,2.34,0.0
20130819:0610,47.18,91.19,11.09,12.15,2.07,0.0
20130819:0710,223.75,295.97,20.41,14.27,2.62,0.0
20130819:0810,369.17,454.6,29.55,15.86,2.97,0.0
20130819:0910,582.81,720.88,38.01,17.45,3.24,0.0
20130819:1010,494.2,611.8,45.11,18.51,3.66,0.0
20130819:1110,592.23,739.83,49.87,19.57,4.07,0.0
20130819:1210,260.24,330.25,51.31,20.63,4.14,0.0
20130819:1310,409.02,510.55,49.04,20.63,4.21,0.0
20130819:1410,521.18,651.34,43.64,20.63,3.86,0.0
20130819:1510,465.05,579.96,36.15,20.63,3.66,0.0
20130819:1610,262.03,333.66,27.48,20.63,3.52,0.0
20130819:1710,152.2,213.64,18.25,20.63,2.9,0.0
20130819:1810,32.02,59.85,8.95,20.1,2.07,0.0
20130819:1910,0.0,0.0,0.0,19.04,2.28,0.0
20130819:2010,0.0,0.0,0.0,17.98,2.07,0.0
20130819:2110,0.0,0.0,0.0,17.45,1.93,0.0
20130819:2210,0.0,0.0,0.0,15.86,1.59,0.0
20130819:2310,0.0,0.0,0.0,15.33,1.45,0.0
20130820:0010,0.0,0.0,0.0,14.27,1.79,0.0
20130820:0110,0.0,0.0,0.0,13.74,1.79,0.0
20130820:0210,0.0,0.0,0.0,13.74,1.72,0.0
20130820:0310,0.0,0.0,0.0,13.74,1.66,0.0
20130820:0410,0.0,0.0,0.0,13.21,1.66,0.0
20130820:0510,0.0,0.0,0.0,12.68,1.38,0.0
20130820:0610,49.13,79.68,10.87,13.21,1.1,0.0
20130820:0710,166.36,220.53,20.19,14.8,0.83,0.0
20130820:0810,408.0,513.33,29.32,16.39,0.76,0.0
20130820:0910,574.81,734.19,37.77,17.98,0.9,0.0
20130820:1010,686.67,891.72,44.84,19.57,1.52,0.0
20130820:1110,659.75,857.98,49.57,20.63,1.72,0.0
20130820:1210,619.51,803.09,50.98,21.16,1.79,0.0
20130820:1310,601.12,774.95,48.71,21.69,2.14,0.0
20130820:1410,631.19,814.02,43.32,22.22,2.34,0.0
20130820:1510,528.62,673.99,35.85,22.22,2.28,0.0
20130820:1610,363.49,467.37,27.18,22.22,2.07,0.0
20130820:1710,167.32,241.52,17.97,21.69,1.79,0.0
20130820:1810,24.37,53.45,8.66,21.16,1.59,0.0
20130820:1910,0.0,0.0,0.0,20.1,2.34,0.0
20130820:2010,0.0,0.0,0.0,17.98,2.41,0.0
20130820:2110,0.0,0.0,0.0,16.92,2.41,0.0
20130820:2210,0.0,0.0,0.0,15.86,2.21,0.0
20130820:2310,0.0,0.0,0.0,14.8,1.86,0.0
20130821:0010,0.0,0.0,0.0,13.74,1.59,0.0
20130821:0110,0.0,0.0,0.0,12.68,1.45,0.0
20130821:0210,0.0,0.0,0.0,12.15,1.45,0.0
20130821:0310,0.0,0.0,0.0,11.61,1.59,0.0
20130821:0410,0.0,0.0,0.0,11.61,1.52,0.0
20130821:0510,0.0,0.0,0.0,11.61,1.31,0.0
20130821:0610,44.07,88.01,10.66,11.61,1.03,0.0
20130821:0710,200.93,266.15,19.98,14.27,1.1,0.0
20130821:0810,404.39,504.9,29.1,16.39,1.45,0.0
20130821:0910,437.54,546.69,37.53,18.51,2.0,0.0
20130821:1010,695.64,891.69,44.56,20.1,2.55,0.0
20130821:1110,747.5,972.26,49.26,21.69,2.83,0.0
20130821:1210,751.09,978.23,50.65,22.22,3.03,0.0
20130821:1310,734.27,955.53,48.37,23.28,3.24,0.0
20130821:1410,661.8,853.56,43.0,23.81,3.24,0.0
20130821:1510,239.93,310.14,35.54,23.81,3.38,0.0
20130821:1610,351.42,452.39,26.88,23.81,3.1,0.0
20130821:1710,148.42,212.59,17.67,23.28,2.9,0.0
20130821:1810,28.95,55.1,8.37,22.22,2.14,0.0
20130821:1910,0.0,0.0,0.0,21.16,2.34,0.0
20130821:2010,0.0,0.0,0.0,19.57,2.34,0.0
20130821:2110,0.0,0.0,0.0,18.51,2.14,0.0
20130821:2210,0.0,0.0,0.0,17.98,1.93,0.0
20130821:2310,0.0,0.0,0.0,16.92,1.72,0.0
20130822:0010,0.0,0.0,0.0,16.92,1.31,0.0
20130822:0110,0.0,0.0,0.0,16.39,1.24,0.0
20130822:0210,0.0,0.0,0.0,16.39,1.24,0.0
20130822:0310,0.0,0.0,0.0,16.39,1.1,0.0
20130822:0410,0.0,0.0,0.0,15.86,0.76,0.0
20130822:0510,0.0,0.0,0.0,15.86,0.97,0.0
20130822:0610,43.11,71.06,10.44,15.86,0.83,0.0
20130822:0710,16.61,33.38,19.76,16.39,1.17,0.0
20130822:0810,56.87,85.29,28.87,17.45,1.17,0.0
20130822:0910,102.65,140.92,37.28,17.98,1.17,0.0
20130822:1010,34.26,57.48,44.28,19.57,1.1,0.0
20130822:1110,141.66,190.06,48.95,21.16,1.52,0.0
20130822:1210,187.72,246.73,50.31,22.22,2.0,0.0
20130822:1310,85.61,122.38,48.03,22.22,2.28,0.0
20130822:1410,207.09,269.77,42.67,22.22,2.28,0.0
20130822:1510,281.62,359.87,35.23,22.22,2.34,0.0
20130822:1610,221.62,288.25,26.58,22.22,2.14,0.0
20130822:1710,111.7,158.35,17.37,21.69,2.41,0.0
20130822:1810,11.75,26.89,8.07,21.16,2.41,0.0
20130822:1910,0.0,0.0,0.0,19.57,2.14,0.0
20130822:2010,0.0,0.0,0.0,18.51,2.55,0.0
20130822:2110,0.0,0.0,0.0,17.45,2.62,0.0
20130822:2210,0.0,0.0,0.0,16.39,2.69,0.0
20130822:2310,0.0,0.0,0.0,15.86,2.76,0.0
20130823:0010,0.0,0.0,0.0,15.86,2.97,0.0
20130823:0110,0.0,0.0,0.0,15.86,3.17,0.0
20130823:0210,0.0,0.0,0.0,15.86,3.1,0.0
20130823:0310,0.0,0.0,0.0,15.33,2.97,0.0
20130823:0410,0.0,0.0,0.0,15.33,2.9,0.0
20130823:0510,0.0,0.0,0.0,15.33,2.83,0.0
20130823:0610,45.14,76.93,10.22,15.33,2.9,0.0
20130823:0710,201.07,268.17,19.54,17.45,3.86,0.0
20130823:0810,401.32,498.63,28.64,19.04,3.93,0.0
20130823:0910,566.56,707.15,37.03,21.16,4.28,0.0
20130823:1010,582.93,736.09,44.0,22.22,4.0,0.0
20130823:1110,491.49,623.39,48.63,23.81,4.14,0.0
20130823:1210,534.08,682.31,49.98,24.87,4.21,0.0
20130823:1310,561.46,720.49,47.69,25.4,4.07,0.0
20130823:1410,203.58,268.0,42.34,25.4,3.86,0.0
20130823:1510,72.52,107.54,34.91,25.4,3.79,0.0
20130823:1610,52.15,81.59,26.28,24.34,3.17,0.0
20130823:1710,18.62,37.08,17.07,23.28,2.62,0.0
20130823:1810,23.77,44.67,7.76,22.22,2.55,0.0
20130823:1910,0.0,0.0,0.0,21.16,2.83,0.0
20130823:2010,0.0,0.0,0.0,20.1,2.69,0.0
20130823:2110,0.0,0.0,0.0,19.57,2.34,0.0
20130823:2210,0.0,0.0,0.0,19.04,1.66,0.0
20130823:2310,0.0,0.0,0.0,18.51,1.24,0.0
20130824:0010,0.0,0.0,0.0,17.98,1.24,0.0
20130824:0110,0.0,0.0,0.0,17.45,1.52,0.0
20130824:0210,0.0,0.0,0.0,16.92,1.1,0.0
20130824:0310,0.0,0.0,0.0,16.39,0.62,0.0
20130824:0410,0.0,0.0,0.0,16.39,1.1,0.0
20130824:0510,0.0,0.0,0.0,16.39,1.17,0.0
20130824:0610,4.94,15.76,10.0,16.39,0.9,0.0
20130824:0710,13.95,29.67,19.32,16.92,1.72,0.0
20130824:0810,42.84,67.68,28.41,16.92,2.0,0.0
20130824:0910,87.21,121.45,36.78,16.92,2.97,0.0
20130824:1010,135.45,178.93,43.72,17.45,2.97,0.0
20130824:1110,236.62,298.17,48.31,17.45,3.38,0.0
20130824:1210,97.71,134.43,49.63,17.98,3.45,0.0
20130824:1310,50.02,76.95,47.35,18.51,4.41,0.0
20130824:1410,99.36,136.28,42.01,17.98,4.07,0.0
20130824:1510,63.96,93.64,34.59,17.45,4.41,0.0
20130824:1610,32.57,54.7,25.97,17.45,4.83,0.0
20130824:1710,51.13,77.92,16.77,16.92,5.17,0.0
20130824:1810,22.43,41.83,7.46,16.39,5.03,0.0
20130824:1910,0.0,0.0,0.0,16.39,4.62,0.0
20130824:2010,0.0,0.0,0.0,15.86,4.83,0.0
20130824:2110,0.0,0.0,0.0,15.33,4.76,0.0
20130824:2210,0.0,0.0,0.0,14.8,4.41,0.0
20130824:2310,0.0,0.0,0.0,14.27,4.28,0.0
20130825:0010,0.0,0.0,0.0,13.74,4.21,0.0
20130825:0110,0.0,0.0,0.0,13.74,4.14,0.0
20130825:0210,0.0,0.0,0.0,13.21,4.07,0.0
20130825:0310,0.0,0.0,0.0,13.21,4.21,0.0
20130825:0410,0.0,0.0,0.0,13.21,4.28,0.0
20130825:0510,0.0,0.0,0.0,13.21,3.79,0.0
20130825:0610,17.61,34.3,9.78,13.21,3.86,0.0
20130825:0710,53.96,80.66,19.1,14.8,3.31,0.0
20130825:0810,102.61,138.5,28.18,15.33,4.48,0.0
20130825:0910,160.48,206.79,36.52,16.39,4.34,0.0
20130825:1010,470.02,577.06,43.43,17.98,4.41,0.0
20130825:1110,282.73,354.37,47.99,19.57,4.9,0.0
20130825:1210,686.64,860.56,49.29,20.63,5.24,0.0
20130825:1310,620.69,778.37,47.0,21.69,5.1,0.0
20130825:1410,656.39,821.21,41.67,21.69,5.31,0.0
20130825:1510,331.08,414.36,34.27,21.69,5.1,0.0
20130825:1610,362.17,457.43,25.65,21.16,4.69,0.0
20130825:1710,118.05,168.05,16.46,21.16,3.72,0.0
20130825:1810,19.58,42.5,7.15,20.1,3.03,0.0
20130825:1910,0.0,0.0,0.0,19.04,2.34,0.0
20130825:2010,0.0,0.0,0.0,17.45,2.28,0.0
20130825:2110,0.0,0.0,0.0,16.92,2.34,0.0
20130825:2210,0.0,0.0,0.0,15.86,2.48,0.0
20130825:2310,0.0,0.0,0.0,15.33,2.55,0.0
20130826:0010,0.0,0.0,0.0,15.33,2.62,0.0
20130826:0110,0.0,0.0,0.0,14.8,2.62,0.0
20130826:0210,0.0,0.0,0.0,14.27,2.76,0.0
20130826:0310,0.0,0.0,0.0,14.27,2.83,0.0
20130826:0410,0.0,0.0,0.0,13.74,2.83,0.0
20130826:0510,0.0,0.0,0.0,13.74,2.9,0.0
20130826:0610,29.19,50.62,9.55,14.27,3.72,0.0
20130826:0710,132.5,177.45,18.87,16.39,4.41,0.0
20130826:0810,326.21,402.94,27.94,17.45,4.41,0.0
20130826:0910,556.94,689.37,36.27,19.57,4.28,0.0
20130826:1010,661.76,837.47,43.15,21.16,3.79,0.0
20130826:1110,760.18,979.67,47.67,21.69,3.59,0.0
20130826:1210,611.47,777.25,48.94,22.22,3.79,0.0
20130826:1310,440.64,554.63,46.65,22.22,3.86,0.0
20130826:1410,660.88,841.62,41.33,22.22,3.59,0.0
20130826:1510,544.3,688.58,33.94,22.22,3.1,0.0
20130826:1610,359.31,459.93,25.34,22.22,3.1,0.0
20130826:1710,150.3,221.45,16.14,22.22,2.28,0.0
20130826:1810,16.58,38.24,6.83,21.16,2.0,0.0
20130826:1910,0.0,0.0,0.0,19.57,2.28,0.0
20130826:2010,0.0,0.0,0.0,17.98,2.21,0.0
20130826:2110,0.0,0.0,0.0,16.39,2.07,0.0
20130826:2210,0.0,0.0,0.0,14.8,2.0,0.0
20130826:2310,0.0,0.0,0.0,13.74,2.0,0.0
20130827:0010,0.0,0.0,0.0,12.68,2.0,0.0
20130827:0110,0.0,0.0,0.0,12.15,2.0,0.0
20130827:0210,0.0,0.0,0.0,11.61,2.0,0.0
20130827:0310,0.0,0.0,0.0,11.09,2.07,0.0
20130827:0410,0.0,0.0,0.0,11.09,2.0,0.0
20130827:0510,0.0,0.0,0.0,11.61,1.93,0.0
20130827:0610,41.6,72.06,9.33,12.15,2.07,0.0
20130827:0710,101.61,137.34,18.65,12.68,2.62,0.0
20130827:0810,182.0,229.8,27.71,13.74,2.9,0.0
20130827:0910,208.66,262.95,36.01,15.86,3.03,0.0
20130827:1010,659.96,829.22,42.86,17.45,2.69,0.0
20130827:1110,706.3,904.16,47.34,19.04,2.55,0.0
20130827:1210,532.5,674.15,48.59,20.1,2.41,0.0
20130827:1310,518.77,656.78,46.29,20.63,2.48,0.0
20130827:1410,517.86,655.44,40.98,21.16,2.55,0.0
20130827:1510,496.66,625.91,33.61,21.16,2.69,0.0
20130827:1610,316.21,403.69,25.01,21.16,2.83,0.0
20130827:1710,126.7,182.27,15.83,20.63,2.97,0.0
20130827:1810,14.86,34.81,6.52,19.57,2.48,0.0
20130827:1910,0.0,0.0,0.0,18.51,2.28,0.0
20130827:2010,0.0,0.0,0.0,16.92,2.34,0.0
20130827:2110,0.0,0.0,0.0,15.33,2.34,0.0
20130827:2210,0.0,0.0,0.0,14.27,2.28,0.0
20130827:2310,0.0,0.0,0.0,13.21,2.07,0.0
20130828:0010,0.0,0.0,0.0,12.15,1.93,0.0
20130828:0110,0.0,0.0,0.0,11.61,2.07,0.0
20130828:0210,0.0,0.0,0.0,10.55,2.0,0.0
20130828:0310,0.0,0.0,0.0,10.02,2.07,0.0
20130828:0410,0.0,0.0,0.0,10.02,2.0,0.0
20130828:0510,0.0,0.0,0.0,11.09,2.14,0.0
20130828:0610,25.8,45.54,9.11,11.61,2.0,0.0
20130828:0710,97.71,132.46,18.42,12.15,2.14,0.0
20130828:0810,264.03,324.86,27.47,13.21,2.55,0.0
20130828:0910,556.48,691.44,35.75,15.33,1.66,0.0
20130828:1010,680.53,872.36,42.56,16.92,1.38,0.0
20130828:1110,737.01,977.61,47.02,19.04,0.97,0.0
20130828:1210,743.76,1003.65,48.24,20.63,0.76,0.0
20130828:1310,702.09,935.69,45.93,21.16,0.97,0.0
20130828:1410,651.37,859.29,40.63,21.69,0.97,0.0
20130828:1510,490.91,632.56,33.27,21.69,0.97,0.0
20130828:1610,282.76,367.32,24.69,21.69,0.83,0.0
20130828:1710,133.39,196.08,15.51,21.16,0.41,0.0
20130828:1810,17.94,36.92,6.19,20.63,0.48,0.0
20130828:1910,0.0,0.0,0.0,19.57,1.1,0.0
20130828:2010,0.0,0.0,0.0,17.98,1.24,0.0
20130828:2110,0.0,0.0,0.0,17.45,1.31,0.0
20130828:2210,0.0,0.0,0.0,16.92,1.24,0.0
20130828:2310,0.0,0.0,0.0,16.39,1.1,0.0
20130829:0010,0.0,0.0,0.0,15.86,1.1,0.0
20130829:0110,0.0,0.0,0.0,15.33,1.38,0.0
20130829:0210,0.0,0.0,0.0,14.27,1.59,0.0
20130829:0310,0.0,0.0,0.0,13.74,1.79,0.0
20130829:0410,0.0,0.0,0.0,13.74,1.66,0.0
20130829:0510,0.0,0.0,0.0,13.74,1.79,0.0
20130829:0610,22.47,41.33,8.88,14.27,1.86,0.0
20130829:0710,170.24,226.84,18.19,15.33,1.79,0.0
20130829:0810,400.13,498.54,27.23,16.92,1.93,0.0
20130829:0910,568.15,711.3,35.49,17.98,2.21,0.0
20130829:1010,686.42,871.23,42.27,19.04,2.76,0.0
20130829:1110,725.85,926.46,46.69,20.63,3.59,0.0
20130829:1210,713.71,911.53,47.88,21.69,4.0,0.0
20130829:1310,490.73,618.35,45.57,22.22,3.79,0.0
20130829:1410,506.84,637.97,40.28,22.22,3.72,0.0
20130829:1510,453.71,570.33,32.93,22.22,3.52,0.0
20130829:1610,269.29,345.59,24.36,21.69,3.17,0.0
20130829:1710,108.0,157.09,15.19,21.69,2.55,0.0
20130829:1810,13.64,31.39,5.87,21.16,2.07,0.0
20130829:1910,0.0,0.0,0.0,19.57,2.28,0.0
20130829:2010,0.0,0.0,0.0,17.98,2.28,0.0
20130829:2110,0.0,0.0,0.0,16.92,2.34,0.0
20130829:2210,0.0,0.0,0.0,16.92,2.41,0.0
20130829:2310,0.0,0.0,0.0,15.86,2.48,0.0
20130830:0010,0.0,0.0,0.0,15.33,2.41,0.0
20130830:0110,0.0,0.0,0.0,15.33,2.28,0.0
20130830:0210,0.0,0.0,0.0,14.8,2.14,0.0
20130830:0310,0.0,0.0,0.0,14.27,1.93,0.0
20130830:0410,0.0,0.0,0.0,14.27,1.86,0.0
20130830:0510,0.0,0.0,0.0,14.27,1.86,0.0
20130830:0610,32.15,55.7,8.65,13.74,2.0,0.0
20130830:0710,208.33,278.81,17.97,16.39,3.31,0.0
20130830:0810,386.97,478.4,26.99,17.45,3.45,0.0
20130830:0910,537.52,664.55,35.22,18.51,3.59,0.0
20130830:1010,353.34,438.65,41.97,19.04,3.86,0.0
20130830:1110,475.66,590.53,46.35,20.1,4.48,0.0
20130830:1210,631.03,791.44,47.52,21.16,4.9,0.0
20130830:1310,678.73,858.0,45.21,22.22,4.9,0.0
20130830:1410,632.8,795.14,39.93,22.22,4.83,0.0
20130830:1510,516.04,644.75,32.59,22.22,4.62,0.0
20130830:1610,293.3,374.7,24.03,22.22,4.48,0.0
20130830:1710,78.58,116.13,14.86,22.22,3.86,0.0
20130830:1810,11.51,26.6,5.54,21.69,3.52,0.0
20130830:1910,0.0,0.0,0.0,20.1,3.59,0.0
20130830:2010,0.0,0.0,0.0,19.04,4.07,0.0
20130830:2110,0.0,0.0,0.0,18.51,3.72,0.0
20130830:2210,0.0,0.0,0.0,17.98,3.31,0.0
20130830:2310,0.0,0.0,0.0,17.45,3.17,0.0
20130831:0010,0.0,0.0,0.0,16.92,3.03,0.0
20130831:0110,0.0,0.0,0.0,16.92,2.97,0.0
20130831:0210,0.0,0.0,0.0,16.92,3.03,0.0
20130831:0310,0.0,0.0,0.0,16.92,3.24,0.0
20130831:0410,0.0,0.0,0.0,16.39,3.66,0.0
20130831:0510,0.0,0.0,0.0,14.8,4.07,0.0
20130831:0610,33.14,58.58,8.42,13.74,4.41,0.0
20130831:0710,177.51,232.79,17.73,13.21,4.41,0.0
20130831:0810,416.72,502.15,26.75,13.21,4.41,0.0
20130831:0910,586.82,708.96,34.95,14.27,4.14,0.0
20130831:1010,701.58,862.44,41.67,15.33,4.0,0.0
20130831:1110,762.58,952.4,46.02,16.39,3.86,0.0
20130831:1210,769.58,969.63,47.16,17.45,3.72,0.0
20130831:1310,728.78,915.35,44.84,17.98,3.72,0.0
20130831:1410,680.86,852.2,39.57,18.51,3.52,0.0
20130831:1510,542.42,673.18,32.25,19.04,3.45,0.0
20130831:1610,340.53,429.58,23.7,19.04,3.45,0.0
20130831:1710,131.05,191.26,14.53,18.51,3.59,0.0
20130831:1810,11.29,25.91,5.21,17.45,2.9,0.0
20130831:1910,0.0,0.0,0.0,16.39,3.17,0.0
20130831:2010,0.0,0.0,0.0,15.33,3.24,0.0
20130831:2110,0.0,0.0,0.0,13.74,2.76,0.0
20130831:2210,0.0,0.0,0.0,12.68,2.48,0.0
20130831:2310,0.0,0.0,0.0,12.15,2.48,0.0
20130901:0010,0.0,0.0,0.0,11.61,2.48,0.0
20130901:0110,0.0,0.0,0.0,11.09,2.48,0.0
20130901:0210,0.0,0.0,0.0,10.55,2.41,0.0
20130901:0310,0.0,0.0,0.0,10.02,2.28,0.0
20130901:0410,0.0,0.0,0.0,10.02,2.21,0.0
20130901:0510,0.0,0.0,0.0,9.49,2.14,0.0
20130901:0610,30.18,52.81,8.19,9.49,2.07,0.0
20130901:0710,134.93,178.34,17.5,11.61,1.93,0.0
20130901:0810,276.81,339.07,26.5,12.68,2.48,0.0
20130901:0910,295.29,361.82,34.69,14.27,2.83,0.0
20130901:1010,500.2,610.87,41.37,15.33,3.24,0.0
20130901:1110,732.65,915.88,45.68,16.39,3.52,0.0
20130901:1210,670.99,836.22,46.8,17.45,3.79,0.0
20130901:1310,632.64,786.66,44.47,18.51,4.14,0.0
20130901:1410,202.44,259.3,39.21,19.57,4.21,0.0
20130901:1510,269.2,338.52,31.9,20.1,4.14,0.0
20130901:1610,151.27,199.66,23.36,20.1,4.07,0.0
20130901:1710,38.67,63.04,14.2,19.57,3.52,0.0
20130901:1810,10.32,24.48,4.88,18.51,3.31,0.0
20130901:1910,0.0,0.0,0.0,17.45,3.38,0.0
20130901:2010,0.0,0.0,0.0,16.39,3.66,0.0
20130901:2110,0.0,0.0,0.0,15.33,3.66,0.0
20130901:2210,0.0,0.0,0.0,14.8,3.38,0.0
20130901:2310,0.0,0.0,0.0,13.74,3.1,0.0
20130902:0010,0.0,0.0,0.0,12.68,2.76,0.0
20130902:0110,0.0,0.0,0.0,11.61,2.76,0.0
20130902:0210,0.0,0.0,0.0,11.61,2.76,0.0
20130902:0310,0.0,0.0,0.0,11.09,2.76,0.0
20130902:0410,0.0,0.0,0.0,11.09,2.69,0.0
20130902:0510,0.0,0.0,0.0,10.55,2.62,0.0
20130902:0610,34.37,67.42,7.96,11.09,2.55,0.0
20130902:0710,159.5,209.69,17.27,12.15,2.69,0.0
20130902:0810,345.73,421.7,26.26,14.27,3.45,0.0
20130902:0910,580.34,709.89,34.42,15.86,3.52,0.0
20130902:1010,691.22,864.92,41.06,17.98,3.52,0.0
20130902:1110,783.87,995.79,45.34,20.1,4.28,0.0
20130902:1210,815.79,1052.18,46.43,21.69,4.07,0.0
20130902:1310,755.21,969.5,44.1,22.22,4.0,0.0
20130902:1410,664.58,845.55,38.85,22.22,3.66,0.0
20130902:1510,525.88,661.58,31.55,22.22,3.66,0.0
20130902:1610,343.22,440.09,23.02,22.22,3.52,0.0
20130902:1710,131.69,200.94,13.86,22.22,2.55,0.0
20130902:1810,10.13,24.48,4.55,21.69,2.21,0.0
20130902:1910,0.0,0.0,0.0,20.1,2.55,0.0
20130902:2010,0.0,0.0,0.0,19.04,2.62,0.0
20130902:2110,0.0,0.0,0.0,17.98,2.76,0.0
20130902:2210,0.0,0.0,0.0,16.92,2.69,0.0
20130902:2310,0.0,0.0,0.0,16.39,2.48,0.0
20130903:0010,0.0,0.0,0.0,15.33,2.14,0.0
20130903:0110,0.0,0.0,0.0,14.8,1.86,0.0
20130903:0210,0.0,0.0,0.0,13.74,1.66,0.0
20130903:0310,0.0,0.0,0.0,13.74,1.38,0.0
20130903:0410,0.0,0.0,0.0,13.21,1.17,0.0
20130903:0510,0.0,0.0,0.0,13.21,1.17,0.0
20130903:0610,32.35,69.98,7.73,13.21,1.1,0.0
20130903:0710,172.28,231.01,17.04,14.8,0.62,0.0
20130903:0810,140.91,186.44,26.01,17.45,0.62,0.0
20130903:0910,211.32,272.43,34.14,19.04,0.69,0.0
20130903:1010,291.61,374.07,40.76,20.63,0.62,0.0
20130903:1110,462.47,598.59,44.99,22.22,0.9,0.0
20130903:1210,370.24,477.81,46.06,22.75,0.97,0.0
20130903:1310,249.92,326.04,43.72,22.75,0.55,0.0
20130903:1410,130.84,178.93,38.48,22.75,0.34,0.0
20130903:1510,477.16,625.09,31.2,22.75,0.21,0.0
20130903:1610,271.52,356.28,22.68,22.75,0.62,0.0
20130903:1710,114.17,173.23,13.52,22.22,0.76,0.0
20130903:1810,8.97,22.74,4.21,22.22,1.17,0.0
20130903:1910,0.0,0.0,0.0,21.16,1.59,0.0
20130903:2010,0.0,0.0,0.0,19.04,1.59,0.0
20130903:2110,0.0,0.0,0.0,17.98,1.66,0.0
20130903:2210,0.0,0.0,0.0,16.39,1.45,0.0
20130903:2310,0.0,0.0,0.0,15.33,1.1,0.0
20130904:0010,0.0,0.0,0.0,14.8,1.1,0.0
20130904:0110,0.0,0.0,0.0,14.8,0.97,0.0
20130904:0210,0.0,0.0,0.0,14.8,0.62,0.0
20130904:0310,0.0,0.0,0.0,14.27,0.55,0.0
20130904:0410,0.0,0.0,0.0,12.68,1.1,0.0
20130904:0510,0.0,0.0,0.0,12.68,1.24,0.0
20130904:0610,31.82,65.77,7.5,13.21,1.03,0.0
20130904:0710,195.22,261.18,16.8,14.27,1.1,0.0
20130904:0810,393.98,492.65,25.76,15.86,0.97,0.0
20130904:0910,564.79,713.04,33.87,17.98,1.52,0.0
20130904:1010,665.99,861.6,40.45,20.63,1.86,0.0
20130904:1110,600.1,772.94,44.65,22.22,2.34,0.0
20130904:1210,712.36,932.16,45.69,23.81,2.9,0.0
20130904:1310,737.15,970.8,43.35,24.34,2.76,0.0
20130904:1410,645.3,839.53,38.11,24.87,2.76,0.0
20130904:1510,506.11,648.75,30.84,24.87,2.9,0.0
20130904:1610,321.18,419.31,22.33,24.87,2.83,0.0
20130904:1710,120.43,185.9,13.18,23.81,2.48,0.0
20130904:1810,7.88,20.99,3.87,22.22,2.28,0.0
20130904:1910,0.0,0.0,0.0,20.63,2.34,0.0
20130904:2010,0.0,0.0,0.0,19.04,2.21,0.0
20130904:2110,0.0,0.0,0.0,17.45,2.14,0.0
20130904:2210,0.0,0.0,0.0,16.39,2.14,0.0
20130904:2310,0.0,0.0,0.0,15.86,2.07,0.0
20130905:0010,0.0,0.0,0.0,15.33,1.93,0.0
20130905:0110,0.0,0.0,0.0,14.8,1.79,0.0
20130905:0210,0.0,0.0,0.0,14.8,1.79,0.0
20130905:0310,0.0,0.0,0.0,14.27,1.72,0.0
20130905:0410,0.0,0.0,0.0,14.27,1.66,0.0
20130905:0510,0.0,0.0,0.0,14.8,1.38,0.0
20130905:0610,27.87,53.7,7.27,15.86,0.69,0.0
20130905:0710,134.63,183.36,16.57,16.39,0.48,0.0
20130905:0810,338.01,430.42,25.51,18.51,0.34,0.0
20130905:0910,553.11,715.84,33.59,20.63,0.76,0.0
20130905:1010,667.61,879.01,40.14,22.22,1.38,0.0
20130905:1110,732.31,984.08,44.3,23.81,1.52,0.0
20130905:1210,761.75,1046.79,45.32,25.4,1.24,0.0
20130905:1310,704.7,968.76,42.97,25.93,0.83,0.0
20130905:1410,601.48,812.64,37.74,26.46,0.69,0.0
20130905:1510,413.29,543.7,30.48,26.46,0.76,0.0
20130905:1610,129.01,179.52,21.98,26.46,0.83,0.0
20130905:1710,105.27,164.18,12.84,25.93,1.03,0.0
20130905:1810,6.17,18.36,3.52,24.87,1.24,0.0
20130905:1910,0.0,0.0,0.0,22.75,1.59,0.0
20130905:2010,0.0,0.0,0.0,21.16,2.28,0.0
20130905:2110,0.0,0.0,0.0,20.1,3.03,0.0
20130905:2210,0.0,0.0,0.0,19.04,3.31,0.0
20130905:2310,0.0,0.0,0.0,17.98,2.97,0.0
20130906:0010,0.0,0.0,0.0,16.92,2.83,0.0
20130906:0110,0.0,0.0,0.0,15.86,2.55,0.0
20130906:0210,0.0,0.0,0.0,15.33,2.14,0.0
20130906:0310,0.0,0.0,0.0,14.8,2.21,0.0
20130906:0410,0.0,0.0,0.0,13.74,1.86,0.0
20130906:0510,0.0,0.0,0.0,13.74,1.17,0.0
20130906:0610,29.21,63.06,7.03,14.27,0.62,0.0
20130906:0710,101.82,140.19,16.33,14.8,1.1,0.0
20130906:0810,51.46,77.88,25.26,15.33,1.93,0.0
20130906:0910,100.62,137.21,33.32,16.39,2.34,0.0
20130906:1010,80.28,113.11,39.83,16.92,3.52,0.0
20130906:1110,76.57,108.47,43.95,16.39,3.17,0.0
20130906:1210,90.0,124.23,44.94,15.86,2.83,0.0
20130906:1310,41.61,65.82,42.59,15.86,2.76,0.0
20130906:1410,71.94,102.91,37.37,16.39,3.38,0.0
20130906:1510,332.65,407.65,30.12,16.39,3.79,0.0
20130906:1610,257.72,323.49,21.63,16.39,3.93,0.0
20130906:1710,111.82,166.54,12.5,15.86,4.0,0.0
20130906:1810,4.96,15.74,3.18,15.33,2.28,0.0
20130906:1910,0.0,0.0,0.0,14.8,2.14,0.0
20130906:2010,0.0,0.0,0.0,13.74,2.48,0.0
20130906:2110,0.0,0.0,0.0,12.68,2.9,0.0
20130906:2210,0.0,0.0,0.0,12.15,2.97,0.0
20130906:2310,0.0,0.0,0.0,11.61,2.9,0.0
20130907:0010,0.0,0.0,0.0,11.61,3.03,0.0
20130907:0110,0.0,0.0,0.0,11.61,2.97,0.0
20130907:0210,0.0,0.0,0.0,11.61,2.62,0.0
20130907:0310,0.0,0.0,0.0,11.09,2.48,0.0
20130907:0410,0.0,0.0,0.0,10.55,2.34,0.0
20130907:0510,0.0,0.0,0.0,10.55,2.34,0.0
20130907:0610,18.25,35.73,6.8,11.09,2.34,0.0
20130907:0710,44.03,67.68,16.09,11.61,2.55,0.0
20130907:0810,147.2,188.96,25.01,13.74,4.34,0.0
20130907:0910,566.32,681.42,33.04,14.27,4.55,0.0
20130907:1010,215.77,268.98,39.51,14.8,4.62,0.0
20130907:1110,234.92,292.4,43.6,15.86,5.1,0.0
20130907:1210,744.8,917.77,44.57,16.39,5.1,0.0
20130907:1310,561.9,686.01,42.2,17.45,5.31,0.0
20130907:1410,421.26,512.63,36.99,17.45,5.45,0.0
20130907:1510,239.23,297.63,29.76,16.92,5.24,0.0
20130907:1610,205.85,260.79,21.28,16.39,5.03,0.0
20130907:1710,114.71,172.84,12.15,15.86,4.55,0.0
20130907:1810,3.96,13.99,2.83,14.8,3.72,0.0
20130907:1910,0.0,0.0,0.0,13.21,2.48,0.0
20130907:2010,0.0,0.0,0.0,12.68,2.41,0.0
20130907:2110,0.0,0.0,0.0,11.61,2.28,0.0
20130907:2210,0.0,0.0,0.0,11.09,2.28,0.0
20130907:2310,0.0,0.0,0.0,10.55,2.21,0.0
20130908:0010,0.0,0.0,0.0,9.49,2.48,0.0
20130908:0110,0.0,0.0,0.0,8.96,2.41,0.0
20130908:0210,0.0,0.0,0.0,8.96,2.21,0.0
20130908:0310,0.0,0.0,0.0,8.43,1.86,0.0
20130908:0410,0.0,0.0,0.0,8.43,1.59,0.0
20130908:0510,0.0,0.0,0.0,7.9,1.59,0.0
20130908:0610,27.61,63.6,6.56,7.9,1.66,0.0
20130908:0710,206.59,271.34,15.85,10.02,1.59,0.0
20130908:0810,414.29,504.71,24.75,12.15,1.86,0.0
20130908:0910,482.23,585.78,32.76,14.27,2.83,0.0
20130908:1010,350.33,426.98,39.19,14.8,3.38,0.0
20130908:1110,585.23,719.63,43.25,15.86,3.45,0.0
20130908:1210,306.8,378.68,44.19,16.39,3.66,0.0
20130908:1310,726.82,905.7,41.82,16.92,3.86,0.0
20130908:1410,154.33,198.75,36.62,15.33,4.28,0.0
20130908:1510,155.18,198.1,29.4,13.74,4.28,0.0
20130908:1610,136.32,176.92,20.93,13.21,3.24,0.0
20130908:1710,116.18,176.04,11.8,13.21,2.83,0.0
20130908:1810,0.0,1.75,2.48,12.68,2.76,0.0
20130908:1910,0.0,0.0,0.0,12.15,2.48,0.0
20130908:2010,0.0,0.0,0.0,11.61,2.34,0.0
20130908:2110,0.0,0.0,0.0,11.09,2.21,0.0
20130908:2210,0.0,0.0,0.0,10.02,2.28,0.0
20130908:2310,0.0,0.0,0.0,9.49,2.34,0.0
20130909:0010,0.0,0.0,0.0,8.96,2.28,0.0
20130909:0110,0.0,0.0,0.0,8.96,2.21,0.0
20130909:0210,0.0,0.0,0.0,8.43,2.0,0.0
20130909:0310,0.0,0.0,0.0,8.43,1.86,0.0
20130909:0410,0.0,0.0,0.0,9.49,1.93,0.0
20130909:0510,0.0,0.0,0.0,10.02,1.86,0.0
20130909:0610,20.12,39.85,6.33,10.02,1.72,0.0
20130909:0710,135.42,179.4,15.61,10.55,1.79,0.0
20130909:0810,113.14,149.38,24.49,12.15,1.79,0.0
20130909:0910,64.5,92.71,32.47,12.68,1.79,0.0
20130909:1010,54.16,80.66,38.88,13.74,1.86,0.0
20130909:1110,107.51,143.7,42.89,13.74,2.48,0.0
20130909:1210,39.78,63.04,43.81,13.74,1.93,0.0
20130909:1310,60.76,89.0,41.43,14.8,1.86,0.0
20130909:1410,83.46,115.89,36.24,14.27,1.79,0.0
20130909:1510,156.35,200.75,29.03,13.74,1.52,0.0
20130909:1610,70.81,100.63,20.57,13.74,2.0,0.0
20130909:1710,9.75,23.18,11.45,13.21,1.79,0.0
20130909:1810,2.12,10.49,2.13,12.68,1.86,0.0
20130909:1910,0.0,0.0,0.0,11.61,2.21,0.0
20130909:2010,0.0,0.0,0.0,11.09,2.48,0.0
20130909:2110,0.0,0.0,0.0,11.09,2.97,0.0
20130909:2210,0.0,0.0,0.0,11.09,3.38,0.0
20130909:2310,0.0,0.0,0.0,10.55,3.45,0.0
20130910:0010,0.0,0.0,0.0,10.02,3.45,0.0
20130910:0110,0.0,0.0,0.0,10.02,3.45,0.0
20130910:0210,0.0,0.0,0.0,9.49,3.59,0.0
20130910:0310,0.0,0.0,0.0,9.49,4.0,0.0
20130910:0410,0.0,0.0,0.0,10.02,4.0,0.0
20130910:0510,0.0,0.0,0.0,10.02,4.0,0.0
20130910:0610,18.82,38.19,6.09,10.02,4.07,0.0
20130910:0710,155.99,204.45,15.37,10.55,3.93,0.0
20130910:0810,165.13,207.58,24.24,11.61,4.34,0.0
20130910:0910,591.0,702.78,32.19,12.68,5.31,0.0
20130910:1010,415.57,499.96,38.56,14.27,4.76,0.0
20130910:1110,543.96,656.74,42.54,15.33,5.38,0.0
20130910:1210,314.61,383.82,43.43,15.86,6.14,0.0
20130910:1310,434.19,523.43,41.04,15.86,6.21,0.0
20130910:1410,246.46,304.46,35.86,15.86,5.93,0.0
20130910:1510,176.76,223.94,28.66,15.33,5.03,0.0
20130910:1610,120.49,159.3,20.21,14.8,4.62,0.0
20130910:1710,51.73,79.48,11.1,13.74,4.69,0.0
20130910:1810,0.0,0.0,0.0,13.21,4.55,0.0
20130910:1910,0.0,0.0,0.0,12.68,4.14,0.0
20130910:2010,0.0,0.0,0.0,12.15,4.14,0.0
20130910:2110,0.0,0.0,0.0,12.15,4.41,0.0
20130910:2210,0.0,0.0,0.0,12.15,4.69,0.0
20130910:2310,0.0,0.0,0.0,12.15,4.9,0.0
20130911:0010,0.0,0.0,0.0,12.15,5.03,0.0
20130911:0110,0.0,0.0,0.0,12.15,5.17,0.0
20130911:0210,0.0,0.0,0.0,12.15,5.17,0.0
20130911:0310,0.0,0.0,0.0,12.15,4.9,0.0
20130911:0410,0.0,0.0,0.0,11.61,4.62,0.0
20130911:0510,0.0,0.0,0.0,11.61,4.62,0.0
20130911:0610,5.09,15.76,5.85,11.61,4.48,0.0
20130911:0710,63.11,90.9,15.12,11.61,3.66,0.0
20130911:0810,118.27,154.51,23.98,12.15,4.9,0.0
20130911:0910,266.42,324.0,31.9,13.74,5.79,0.0
20130911:1010,163.19,207.87,38.23,14.27,4.76,0.0
20130911:1110,161.39,206.5,42.18,14.8,4.41,0.0
20130911:1210,154.37,199.33,43.04,15.86,4.41,0.0
20130911:1310,95.67,130.72,40.65,15.86,4.07,0.0
20130911:1410,86.0,119.6,35.47,16.39,3.93,0.0
20130911:1510,59.01,87.15,28.29,15.86,3.17,0.0
20130911:1610,56.87,84.37,19.85,15.33,3.17,0.0
20130911:1710,65.8,100.07,10.74,14.27,2.97,0.0
20130911:1810,0.0,0.0,0.0,13.74,2.55,0.0
20130911:1910,0.0,0.0,0.0,13.21,2.34,0.0
20130911:2010,0.0,0.0,0.0,12.68,1.79,0.0
20130911:2110,0.0,0.0,0.0,12.15,1.59,0.0
20130911:2210,0.0,0.0,0.0,11.61,1.52,0.0
20130911:2310,0.0,0.0,0.0,11.61,1.66,0.0
20130912:0010,0.0,0.0,0.0,11.61,1.59,0.0
20130912:0110,0.0,0.0,0.0,11.61,1.38,0.0
20130912:0210,0.0,0.0,0.0,11.61,1.24,0.0
20130912:0310,0.0,0.0,0.0,11.61,1.1,0.0
20130912:0410,0.0,0.0,0.0,11.61,1.1,0.0
20130912:0510,0.0,0.0,0.0,11.61,1.17,0.0
20130912:0610,16.51,35.53,5.61,11.61,1.17,0.0
20130912:0710,71.99,102.35,14.88,12.15,1.03,0.0
20130912:0810,92.04,125.45,23.72,12.68,0.69,0.0
20130912:0910,87.55,120.52,31.61,13.21,0.48,0.0
20130912:1010,108.86,145.56,37.91,13.21,0.69,0.0
20130912:1110,381.14,468.8,41.82,14.27,1.52,0.0
20130912:1210,171.67,220.21,42.66,15.33,2.0,0.0
20130912:1310,147.45,191.67,40.26,15.33,2.14,0.0
20130912:1410,64.9,94.56,35.09,16.39,2.21,0.0
20130912:1510,442.58,548.48,27.92,16.92,1.93,0.0
20130912:1610,99.71,137.01,19.49,16.92,1.03,0.0
20130912:1710,38.62,63.54,10.39,16.92,0.48,0.0
20130912:1810,0.0,0.0,0.0,16.39,1.66,0.0
20130912:1910,0.0,0.0,0.0,15.86,2.21,0.0
20130912:2010,0.0,0.0,0.0,15.86,2.55,0.0
20130912:2110,0.0,0.0,0.0,15.33,2.83,0.0
20130912:2210,0.0,0.0,0.0,15.33,2.69,0.0
20130912:2310,0.0,0.0,0.0,15.33,2.48,0.0
20130913:0010,0.0,0.0,0.0,15.33,2.55,0.0
20130913:0110,0.0,0.0,0.0,15.33,2.55,0.0
20130913:0210,0.0,0.0,0.0,15.86,2.55,0.0
20130913:0310,0.0,0.0,0.0,15.86,2.62,0.0
20130913:0410,0.0,0.0,0.0,15.86,2.55,0.0
20130913:0510,0.0,0.0,0.0,15.86,2.48,0.0
20130913:0610,1.48,9.27,5.37,15.86,2.41,0.0
20130913:0710,16.67,33.38,14.63,15.86,2.34,0.0
20130913:0810,73.37,104.76,23.45,16.39,2.21,0.0
20130913:0910,101.86,139.07,31.32,16.92,2.07,0.0
20130913:1010,67.76,98.27,37.58,16.92,1.86,0.0
20130913:1110,164.28,213.73,41.46,17.45,1.66,0.0
20130913:1210,221.97,282.34,42.27,17.45,1.66,0.0
20130913:1310,78.32,111.25,39.87,17.45,1.86,0.0
20130913:1410,54.07,81.59,34.7,16.92,2.0,0.0
20130913:1510,179.9,230.26,27.54,16.39,1.93,0.0
20130913:1610,13.35,28.74,19.13,16.39,1.79,0.0
20130913:1710,51.81,82.13,10.03,15.86,1.31,0.0
20130913:1810,0.0,0.0,0.0,15.33,0.76,0.0
20130913:1910,0.0,0.0,0.0,15.33,0.97,0.0
20130913:2010,0.0,0.0,0.0,15.33,0.83,0.0
20130913:2110,0.0,0.0,0.0,15.33,0.48,0.0
20130913:2210,0.0,0.0,0.0,14.8,1.24,0.0
20130913:2310,0.0,0.0,0.0,13.74,3.52,0.0
20130914:0010,0.0,0.0,0.0,12.68,4.69,0.0
20130914:0110,0.0,0.0,0.0,11.61,4.69,0.0
20130914:0210,0.0,0.0,0.0,11.09,4.41,0.0
20130914:0310,0.0,0.0,0.0,10.55,4.28,0.0
20130914:0410,0.0,0.0,0.0,10.02,4.34,0.0
20130914:0510,0.0,0.0,0.0,10.02,4.0,0.0
20130914:0610,14.02,31.62,5.13,10.02,3.79,0.0
20130914:0710,138.86,183.56,14.38,10.02,3.1,0.0
20130914:0810,45.86,69.53,23.19,10.55,4.41,0.0
20130914:0910,115.23,150.87,31.03,11.61,4.21,0.0
20130914:1010,85.63,116.82,37.26,11.61,3.93,0.0
20130914:1110,74.49,103.84,41.09,11.61,3.93,0.0
20130914:1210,75.81,105.69,41.88,12.15,3.24,0.0
20130914:1310,129.16,167.81,39.47,12.68,3.66,0.0
20130914:1410,39.96,63.04,34.32,13.21,3.93,0.0
20130914:1510,207.58,258.01,27.17,13.74,3.86,0.0
20130914:1610,129.54,169.61,18.76,13.74,3.66,0.0
20130914:1710,44.45,71.07,9.67,13.74,2.83,0.0
20130914:1810,0.0,0.0,0.0,13.21,2.14,0.0
20130914:1910,0.0,0.0,0.0,11.61,1.79,0.0
20130914:2010,0.0,0.0,0.0,11.09,1.79,0.0
20130914:2110,0.0,0.0,0.0,10.02,1.79,0.0
20130914:2210,0.0,0.0,0.0,9.49,1.45,0.0
20130914:2310,0.0,0.0,0.0,8.43,1.45,0.0
20130915:0010,0.0,0.0,0.0,7.9,1.59,0.0
20130915:0110,0.0,0.0,0.0,7.37,1.66,0.0
20130915:0210,0.0,0.0,0.0,6.31,1.86,0.0
20130915:0310,0.0,0.0,0.0,5.78,1.86,0.0
20130915:0410,0.0,0.0,0.0,5.78,2.07,0.0
20130915:0510,0.0,0.0,0.0,5.25,2.21,0.0
20130915:0610,16.4,42.23,4.89,5.78,2.14,0.0
20130915:0710,194.69,253.3,14.14,7.9,2.41,0.0
20130915:0810,391.31,469.39,22.92,11.09,3.38,0.0
20130915:0910,574.5,683.45,30.74,12.68,5.1,0.0
20130915:1010,412.82,493.5,36.93,13.74,5.59,0.0
20130915:1110,219.26,271.62,40.73,14.27,6.14,0.0
20130915:1210,90.31,123.31,41.5,14.27,6.69,0.0
20130915:1310,156.39,199.13,39.08,13.74,6.76,0.0
20130915:1410,50.54,76.02,33.93,13.74,6.83,0.0
20130915:1510,32.49,53.77,26.79,13.74,7.59,0.0
20130915:1610,44.45,68.61,18.4,13.74,7.59,0.0
20130915:1710,38.17,62.52,9.31,14.27,7.31,0.0
20130915:1810,0.0,0.0,0.0,14.27,6.83,0.0
20130915:1910,0.0,0.0,0.0,14.8,6.76,0.0
20130915:2010,0.0,0.0,0.0,15.33,6.62,0.0
20130915:2110,0.0,0.0,0.0,14.8,5.59,0.0
20130915:2210,0.0,0.0,0.0,13.21,4.97,0.0
20130915:2310,0.0,0.0,0.0,11.61,4.76,0.0
20130916:0010,0.0,0.0,0.0,11.09,4.48,0.0
20130916:0110,0.0,0.0,0.0,10.55,4.62,0.0
20130916:0210,0.0,0.0,0.0,9.49,4.69,0.0
20130916:0310,0.0,0.0,0.0,8.96,4.69,0.0
20130916:0410,0.0,0.0,0.0,8.96,4.55,0.0
20130916:0510,0.0,0.0,0.0,8.43,4.48,0.0
20130916:0610,15.23,41.46,4.65,8.43,4.41,0.0
20130916:0710,192.12,250.17,13.89,8.96,4.48,0.0
20130916:0810,405.77,482.6,22.66,10.55,4.55,0.0
20130916:0910,583.84,686.64,30.44,11.61,6.34,0.0
20130916:1010,520.55,614.82,36.6,12.68,6.83,0.0
20130916:1110,53.73,79.73,40.36,13.21,6.07,0.0
20130916:1210,523.16,624.8,41.11,13.74,5.86,0.0
20130916:1310,425.63,509.4,38.68,14.27,6.0,0.0
20130916:1410,353.66,422.44,33.54,13.21,6.21,0.0
20130916:1510,495.78,589.63,26.42,13.74,6.28,0.0
20130916:1610,186.37,235.26,18.03,13.21,5.93,0.0
20130916:1710,74.3,117.96,8.95,12.68,5.03,0.0
20130916:1810,0.0,0.0,0.0,11.61,4.48,0.0
20130916:1910,0.0,0.0,0.0,11.09,4.0,0.0
20130916:2010,0.0,0.0,0.0,10.55,4.14,0.0
20130916:2110,0.0,0.0,0.0,10.02,4.14,0.0
20130916:2210,0.0,0.0,0.0,9.49,4.21,0.0
20130916:2310,0.0,0.0,0.0,8.96,4.0,0.0
20130917:0010,0.0,0.0,0.0,8.43,3.79,0.0
20130917:0110,0.0,0.0,0.0,8.43,3.93,0.0
20130917:0210,0.0,0.0,0.0,7.9,3.72,0.0
20130917:0310,0.0,0.0,0.0,7.9,3.79,0.0
20130917:0410,0.0,0.0,0.0,7.9,3.59,0.0
20130917:0510,0.0,0.0,0.0,7.9,3.52,0.0
20130917:0610,3.05,12.05,4.4,7.37,3.52,0.0
20130917:0710,55.28,80.7,13.64,8.96,3.24,0.0
20130917:0810,236.52,287.96,22.39,10.55,3.52,0.0
20130917:0910,152.74,193.52,30.15,11.61,4.28,0.0
20130917:1010,189.74,236.02,36.27,12.15,4.83,0.0
20130917:1110,85.89,117.74,40.0,13.21,5.38,0.0
20130917:1210,84.43,115.89,40.71,12.68,4.34,0.0
20130917:1310,88.6,120.52,38.29,11.61,2.28,0.0
20130917:1410,208.81,258.81,33.15,11.61,2.0,0.0
20130917:1510,141.19,180.9,26.04,11.61,2.48,0.0
20130917:1610,49.25,74.17,17.66,12.15,2.62,0.0
20130917:1710,68.8,110.56,8.59,12.15,2.28,0.0
20130917:1810,0.0,0.0,0.0,13.21,2.97,0.0
20130917:1910,0.0,0.0,0.0,13.21,3.66,0.0
20130917:2010,0.0,0.0,0.0,13.74,3.79,0.0
20130917:2110,0.0,0.0,0.0,13.74,3.45,0.0
20130917:2210,0.0,0.0,0.0,13.21,3.1,0.0
20130917:2310,0.0,0.0,0.0,12.68,2.9,0.0
20130918:0010,0.0,0.0,0.0,12.15,2.76,0.0
20130918:0110,0.0,0.0,0.0,12.15,2.76,0.0
20130918:0210,0.0,0.0,0.0,11.61,2.55,0.0
20130918:0310,0.0,0.0,0.0,11.61,2.48,0.0
20130918:0410,0.0,0.0,0.0,11.09,2.34,0.0
20130918:0510,0.0,0.0,0.0,11.09,2.14,0.0
20130918:0610,12.14,34.12,4.16,10.55,2.0,0.0
20130918:0710,136.17,181.82,13.39,10.55,2.0,0.0
20130918:0810,317.41,383.22,22.12,10.55,2.34,0.0
20130918:0910,518.14,618.66,29.85,11.61,3.45,0.0
20130918:1010,466.72,558.85,35.93,12.68,3.86,0.0
20130918:1110,455.21,545.83,39.63,13.21,4.34,0.0
20130918:1210,492.02,590.21,40.32,13.74,4.83,0.0
20130918:1310,359.1,433.35,37.89,14.27,4.83,0.0
20130918:1410,321.68,389.83,32.76,14.8,4.97,0.0
20130918:1510,398.47,478.95,25.66,14.27,4.83,0.0
20130918:1610,98.07,132.99,17.29,14.27,4.55,0.0
20130918:1710,69.82,114.69,8.23,13.74,3.66,0.0
20130918:1810,0.0,0.0,0.0,13.21,3.17,0.0
20130918:1910,0.0,0.0,0.0,12.15,3.38,0.0
20130918:2010,0.0,0.0,0.0,11.61,3.24,0.0
20130918:2110,0.0,0.0,0.0,11.09,3.1,0.0
20130918:2210,0.0,0.0,0.0,10.02,2.9,0.0
20130918:2310,0.0,0.0,0.0,8.96,2.83,0.0
20130919:0010,0.0,0.0,0.0,8.43,2.9,0.0
20130919:0110,0.0,0.0,0.0,7.9,2.83,0.0
20130919:0210,0.0,0.0,0.0,7.9,2.76,0.0
20130919:0310,0.0,0.0,0.0,7.9,2.48,0.0
20130919:0410,0.0,0.0,0.0,7.9,2.28,0.0
20130919:0510,0.0,0.0,0.0,7.9,2.21,0.0
20130919:0610,1.59,9.27,3.91,7.37,2.28,0.0
20130919:0710,65.79,93.75,13.13,8.96,2.28,0.0
20130919:0810,86.23,117.36,21.85,11.09,2.9,0.0
20130919:0910,211.42,261.19,29.55,12.68,3.79,0.0
20130919:1010,509.47,607.5,35.6,13.74,5.66,0.0
20130919:1110,171.7,217.46,39.26,14.8,7.17,0.0
20130919:1210,226.52,280.32,39.93,14.8,6.48,0.0
20130919:1310,91.06,124.23,37.49,14.27,6.14,0.0
20130919:1410,45.82,70.46,32.37,14.27,6.07,0.0
20130919:1510,101.66,136.86,25.28,14.8,5.66,0.0
20130919:1610,108.78,146.34,16.93,15.33,4.76,0.0
20130919:1710,40.35,68.63,7.86,15.86,4.0,0.0
20130919:1810,0.0,0.0,0.0,15.33,3.38,0.0
20130919:1910,0.0,0.0,0.0,14.8,3.17,0.0
20130919:2010,0.0,0.0,0.0,14.8,3.31,0.0
20130919:2110,0.0,0.0,0.0,14.27,3.52,0.0
20130919:2210,0.0,0.0,0.0,13.74,3.45,0.0
20130919:2310,0.0,0.0,0.0,12.68,3.59,0.0
20130920:0010,0.0,0.0,0.0,12.68,3.38,0.0
20130920:0110,0.0,0.0,0.0,11.61,2.9,0.0
20130920:0210,0.0,0.0,0.0,11.61,3.03,0.0
20130920:0310,0.0,0.0,0.0,11.09,2.97,0.0
20130920:0410,0.0,0.0,0.0,10.55,2.9,0.0
20130920:0510,0.0,0.0,0.0,10.02,2.76,0.0
20130920:0610,6.85,19.92,3.67,9.49,2.69,0.0
20130920:0710,66.22,94.77,12.88,10.02,2.48,0.0
20130920:0810,120.57,157.11,21.58,11.61,3.1,0.0
20130920:0910,188.1,235.35,29.25,13.21,3.52,0.0
20130920:1010,344.47,418.56,35.26,14.27,3.24,0.0
20130920:1110,239.35,297.7,38.89,14.8,2.76,0.0
20130920:1210,547.53,675.82,39.54,15.86,2.62,0.0
20130920:1310,704.82,884.99,37.09,15.86,2.48,0.0
20130920:1410,593.73,736.47,31.98,16.39,2.48,0.0
20130920:1510,445.97,551.83,24.9,16.92,2.14,0.0
20130920:1610,253.14,325.51,16.56,16.92,1.86,0.0
20130920:1710,58.7,100.44,7.5,16.39,0.97,0.0
20130920:1810,0.0,0.0,0.0,15.33,0.34,0.0
20130920:1910,0.0,0.0,0.0,15.33,0.14,0.0
20130920:2010,0.0,0.0,0.0,14.27,0.34,0.0
20130920:2110,0.0,0.0,0.0,12.15,1.59,0.0
20130920:2210,0.0,0.0,0.0,11.61,1.66,0.0
20130920:2310,0.0,0.0,0.0,11.09,1.79,0.0
20130921:0010,0.0,0.0,0.0,10.55,2.0,0.0
20130921:0110,0.0,0.0,0.0,10.55,2.14,0.0
20130921:0210,0.0,0.0,0.0,9.49,1.66,0.0
20130921:0310,0.0,0.0,0.0,8.96,1.59,0.0
20130921:0410,0.0,0.0,0.0,8.96,1.72,0.0
20130921:0510,0.0,0.0,0.0,8.96,1.66,0.0
20130921:0610,6.63,20.42,3.42,8.96,1.72,0.0
20130921:0710,0.0,0.0,0.0,10.55,1.86,0.0
20130921:0810,143.7,184.45,21.3,12.15,1.93,0.0
20130921:0910,240.46,296.68,28.95,13.74,2.62,0.0
20130921:1010,185.44,234.59,34.93,14.8,3.17,0.0
20130921:1110,200.39,252.22,38.52,15.33,3.86,0.0
20130921:1210,146.88,190.85,39.14,15.86,3.45,0.0
20130921:1310,87.56,121.45,36.69,16.39,3.93,0.0
20130921:1410,100.87,137.21,31.58,16.39,3.72,0.0
20130921:1510,66.53,96.42,24.52,16.39,3.24,0.0
20130921:1610,85.21,119.41,16.19,16.92,3.1,0.0
20130921:1710,23.34,43.81,7.14,16.92,2.83,0.0
20130921:1810,0.0,0.0,0.0,16.92,2.55,0.0
20130921:1910,0.0,0.0,0.0,16.39,2.55,0.0
20130921:2010,0.0,0.0,0.0,16.39,2.55,0.0
20130921:2110,0.0,0.0,0.0,16.39,2.69,0.0
20130921:2210,0.0,0.0,0.0,15.86,2.62,0.0
20130921:2310,0.0,0.0,0.0,15.86,2.55,0.0
20130922:0010,0.0,0.0,0.0,15.33,2.21,0.0
20130922:0110,0.0,0.0,0.0,15.33,1.86,0.0
20130922:0210,0.0,0.0,0.0,14.8,1.59,0.0
20130922:0310,0.0,0.0,0.0,14.8,1.66,0.0
20130922:0410,0.0,0.0,0.0,14.8,1.79,0.0
20130922:0510,0.0,0.0,0.0,14.8,1.72,0.0
20130922:0610,3.69,14.34,3.17,14.8,1.86,0.0
20130922:0710,53.31,80.96,12.37,15.86,1.93,0.0
20130922:0810,72.52,103.69,21.03,16.39,2.41,0.0
20130922:0910,53.31,80.66,28.65,16.92,2.0,0.0
20130922:1010,61.49,90.86,34.59,17.45,1.93,0.0
20130922:1110,70.46,101.98,38.15,17.98,1.93,0.0
20130922:1210,74.9,107.54,38.75,18.51,2.28,0.0
20130922:1310,75.49,108.47,36.29,19.04,2.41,0.0
20130922:1410,48.31,75.1,31.19,19.04,2.55,0.0
20130922:1510,80.07,114.03,24.14,19.04,2.34,0.0
20130922:1610,81.25,115.93,15.82,19.04,1.93,0.0
20130922:1710,28.36,52.71,6.78,19.04,1.24,0.0
20130922:1810,0.0,0.0,0.0,18.51,0.83,0.0
20130922:1910,0.0,0.0,0.0,17.45,1.24,0.0
20130922:2010,0.0,0.0,0.0,17.45,1.31,0.0
20130922:2110,0.0,0.0,0.0,16.39,1.45,0.0
20130922:2210,0.0,0.0,0.0,15.86,1.31,0.0
20130922:2310,0.0,0.0,0.0,15.33,1.31,0.0
20130923:0010,0.0,0.0,0.0,14.8,1.1,0.0
20130923:0110,0.0,0.0,0.0,14.8,1.31,0.0
20130923:0210,0.0,0.0,0.0,14.27,1.24,0.0
20130923:0310,0.0,0.0,0.0,14.27,1.24,0.0
20130923:0410,0.0,0.0,0.0,14.27,1.17,0.0
20130923:0510,0.0,0.0,0.0,14.27,1.31,0.0
20130923:0610,2.09,10.49,2.92,14.27,1.38,0.0
20130923:0710,50.03,76.58,12.11,14.8,0.97,0.0
20130923:0810,74.7,106.5,20.75,16.39,1.24,0.0
20130923:0910,57.07,85.29,28.34,16.92,1.66,0.0
20130923:1010,71.35,102.91,34.25,17.45,1.45,0.0
20130923:1110,81.84,115.89,37.77,17.98,1.17,0.0
20130923:1210,108.49,148.34,38.36,18.51,0.97,0.0
20130923:1310,159.72,210.13,35.89,19.04,1.03,0.0
20130923:1410,294.22,371.27,30.8,19.04,1.17,0.0
20130923:1510,399.4,505.2,23.76,20.1,1.31,0.0
20130923:1610,244.12,321.05,15.45,20.1,1.38,0.0
20130923:1710,48.45,88.51,6.41,19.57,1.31,0.0
20130923:1810,0.0,0.0,0.0,18.51,1.79,0.0
20130923:1910,0.0,0.0,0.0,16.92,1.86,0.0
20130923:2010,0.0,0.0,0.0,15.86,2.07,0.0
20130923:2110,0.0,0.0,0.0,15.33,2.21,0.0
20130923:2210,0.0,0.0,0.0,14.27,2.21,0.0
20130923:2310,0.0,0.0,0.0,13.74,2.14,0.0
20130924:0010,0.0,0.0,0.0,13.74,1.86,0.0
20130924:0110,0.0,0.0,0.0,12.68,1.86,0.0
20130924:0210,0.0,0.0,0.0,11.61,1.86,0.0
20130924:0310,0.0,0.0,0.0,11.61,1.79,0.0
20130924:0410,0.0,0.0,0.0,11.09,1.86,0.0
20130924:0510,0.0,0.0,0.0,10.55,1.72,0.0
20130924:0610,0.0,2.62,2.67,11.09,1.52,0.0
20130924:0710,63.99,93.33,11.85,12.15,1.38,0.0
20130924:0810,147.59,189.6,20.48,12.68,1.45,0.0
20130924:0910,193.41,243.29,28.04,13.74,1.59,0.0
20130924:1010,571.84,712.55,33.91,15.33,1.59,0.0
20130924:1110,663.74,836.83,37.4,16.92,2.28,0.0
20130924:1210,685.94,878.02,37.96,18.51,2.07,0.0
20130924:1310,643.76,826.65,35.49,19.04,1.59,0.0
20130924:1410,394.31,498.77,30.41,20.1,1.1,0.0
20130924:1510,211.45,273.23,23.38,20.1,0.62,0.0
20130924:1610,144.6,196.08,15.08,20.1,0.28,0.0
20130924:1710,47.32,88.49,6.05,19.57,0.83,0.0
20130924:1810,0.0,0.0,0.0,17.98,1.72,0.0
20130924:1910,0.0,0.0,0.0,15.86,2.14,0.0
20130924:2010,0.0,0.0,0.0,14.8,2.28,0.0
20130924:2110,0.0,0.0,0.0,13.74,2.07,0.0
20130924:2210,0.0,0.0,0.0,13.21,1.72,0.0
20130924:2310,0.0,0.0,0.0,12.68,1.52,0.0
20130925:0010,0.0,0.0,0.0,12.15,1.52,0.0
20130925:0110,0.0,0.0,0.0,12.15,1.24,0.0
20130925:0210,0.0,0.0,0.0,11.61,1.31,0.0
20130925:0310,0.0,0.0,0.0,11.61,0.97,0.0
20130925:0410,0.0,0.0,0.0,11.61,0.9,0.0
20130925:0510,0.0,0.0,0.0,12.15,0.9,0.0
20130925:0610,2.13,10.49,2.42,12.15,0.83,0.0
20130925:0710,61.15,90.01,11.6,12.68,1.52,0.0
20130925:0810,150.16,193.04,20.2,13.21,1.38,0.0
20130925:0910,81.6,114.03,27.73,14.8,1.31,0.0
20130925:1010,508.76,635.48,33.57,16.39,1.31,0.0
20130925:1110,330.32,415.54,37.03,17.98,0.9,0.0
20130925:1210,592.5,770.68,37.57,18.51,0.41,0.0
20130925:1310,408.94,520.97,35.09,19.57,0.48,0.0
20130925:1410,317.52,402.7,30.01,20.1,0.9,0.0
20130925:1510,176.42,230.29,23.0,20.1,1.17,0.0
20130925:1610,159.53,214.16,14.71,20.1,1.31,0.0
20130925:1710,16.03,34.0,5.69,19.57,1.03,0.0
20130925:1810,0.0,0.0,0.0,18.51,1.52,0.0
20130925:1910,0.0,0.0,0.0,17.45,0.55,0.0
20130925:2010,0.0,0.0,0.0,17.45,0.28,0.0
20130925:2110,0.0,0.0,0.0,15.33,0.48,0.0
20130925:2210,0.0,0.0,0.0,15.33,1.66,0.0
20130925:2310,0.0,0.0,0.0,15.33,1.79,0.0
20130926:0010,0.0,0.0,0.0,14.8,2.55,0.0
20130926:0110,0.0,0.0,0.0,14.8,2.83,0.0
20130926:0210,0.0,0.0,0.0,14.27,2.69,0.0
20130926:0310,0.0,0.0,0.0,14.27,2.62,0.0
20130926:0410,0.0,0.0,0.0,13.74,2.69,0.0
20130926:0510,0.0,0.0,0.0,13.74,2.83,0.0
20130926:0610,0.0,0.0,0.0,13.21,3.1,0.0
20130926:0710,41.98,65.86,11.34,12.68,3.31,0.0
20130926:0810,101.15,135.33,19.92,12.68,3.38,0.0
20130926:0910,383.17,460.8,27.42,13.21,3.31,0.0
20130926:1010,597.85,726.82,33.23,14.27,3.52,0.0
20130926:1110,569.41,695.59,36.65,15.33,3.52,0.0
20130926:1210,591.85,728.74,37.17,16.39,3.45,0.0
20130926:1310,633.28,784.84,34.69,16.92,3.31,0.0
20130926:1410,564.11,694.94,29.62,16.92,3.1,0.0
20130926:1510,343.22,422.83,22.62,16.92,2.9,0.0
20130926:1610,117.16,158.35,14.34,16.39,2.83,0.0
20130926:1710,27.7,54.84,5.33,15.33,2.69,0.0
20130926:1810,0.0,0.0,0.0,14.27,2.76,0.0
20130926:1910,0.0,0.0,0.0,13.74,2.55,0.0
20130926:2010,0.0,0.0,0.0,12.68,2.69,0.0
20130926:2110,0.0,0.0,0.0,12.15,2.76,0.0
20130926:2210,0.0,0.0,0.0,11.61,2.9,0.0
20130926:2310,0.0,0.0,0.0,11.61,2.83,0.0
20130927:0010,0.0,0.0,0.0,11.09,2.55,0.0
20130927:0110,0.0,0.0,0.0,10.55,2.41,0.0
20130927:0210,0.0,0.0,0.0,10.55,2.28,0.0
20130927:0310,0.0,0.0,0.0,10.02,2.07,0.0
20130927:0410,0.0,0.0,0.0,9.49,2.14,0.0
20130927:0510,0.0,0.0,0.0,9.49,2.28,0.0
20130927:0610,0.0,0.0,0.0,9.49,2.41,0.0
20130927:0710,106.87,146.88,11.08,11.09,2.28,0.0
20130927:0810,285.05,347.59,19.64,12.68,3.03,0.0
20130927:0910,350.69,422.74,27.12,13.74,3.72,0.0
20130927:1010,435.93,524.5,32.89,14.27,4.14,0.0
20130927:1110,415.63,503.67,36.28,15.33,4.07,0.0
20130927:1210,661.92,815.65,36.78,15.86,3.72,0.0
20130927:1310,660.21,812.29,34.29,15.86,3.72,0.0
20130927:1410,295.37,361.59,29.23,15.86,4.07,0.0
20130927:1510,369.57,449.09,22.24,15.86,4.41,0.0
20130927:1610,122.56,163.5,13.97,14.8,4.34,0.0
20130927:1710,18.13,38.13,4.96,13.74,3.86,0.0
20130927:1810,0.0,0.0,0.0,12.68,3.38,0.0
20130927:1910,0.0,0.0,0.0,12.15,3.31,0.0
20130927:2010,0.0,0.0,0.0,11.61,3.38,0.0
20130927:2110,0.0,0.0,0.0,11.61,3.17,0.0
20130927:2210,0.0,0.0,0.0,11.61,3.03,0.0
20130927:2310,0.0,0.0,0.0,11.61,2.83,0.0
20130928:0010,0.0,0.0,0.0,11.61,2.69,0.0
20130928:0110,0.0,0.0,0.0,11.61,2.9,0.0
20130928:0210,0.0,0.0,0.0,12.15,3.24,0.0
20130928:0310,0.0,0.0,0.0,12.15,3.1,0.0
20130928:0410,0.0,0.0,0.0,12.15,3.17,0.0
20130928:0510,0.0,0.0,0.0,12.15,3.31,0.0
20130928:0610,0.0,0.0,0.0,12.15,3.38,0.0
20130928:0710,54.41,81.72,10.81,12.68,3.31,0.0
20130928:0810,112.54,149.08,19.36,13.74,3.52,0.0
20130928:0910,277.6,339.79,26.81,15.33,4.14,0.0
20130928:1010,508.68,618.23,32.54,16.39,4.28,0.0
20130928:1110,143.37,187.24,35.9,16.92,4.55,0.0
20130928:1210,91.86,127.01,36.38,17.45,4.62,0.0
20130928:1310,57.73,86.22,33.89,17.98,4.97,0.0
20130928:1410,36.93,60.26,28.84,17.45,4.97,0.0
20130928:1510,110.65,148.59,21.86,16.92,4.9,0.0
20130928:1610,139.33,184.74,13.61,15.86,4.34,0.0
20130928:1710,27.45,57.56,4.6,15.33,4.55,0.0
20130928:1810,0.0,0.0,0.0,14.27,4.55,0.0
20130928:1910,0.0,0.0,0.0,13.74,4.9,0.0
20130928:2010,0.0,0.0,0.0,13.74,4.9,0.0
20130928:2110,0.0,0.0,0.0,13.74,4.9,0.0
20130928:2210,0.0,0.0,0.0,13.74,4.9,0.0
20130928:2310,0.0,0.0,0.0,13.21,4.76,0.0
20130929:0010,0.0,0.0,0.0,13.21,4.76,0.0
20130929:0110,0.0,0.0,0.0,12.68,4.0,0.0
20130929:0210,0.0,0.0,0.0,12.68,4.21,0.0
20130929:0310,0.0,0.0,0.0,12.68,4.41,0.0
20130929:0410,0.0,0.0,0.0,12.68,4.55,0.0
20130929:0510,0.0,0.0,0.0,12.68,4.69,0.0
20130929:0610,0.0,0.0,0.0,12.15,4.48,0.0
20130929:0710,56.51,84.21,10.55,12.15,4.07,0.0
20130929:0810,153.35,195.33,19.08,13.21,4.34,0.0
20130929:0910,251.99,307.31,26.5,14.27,6.0,0.0
20130929:1010,315.38,382.14,32.2,15.33,5.93,0.0
20130929:1110,438.84,529.21,35.53,16.39,6.14,0.0
20130929:1210,574.7,694.39,35.99,16.39,6.0,0.0
20130929:1310,292.04,358.38,33.5,16.92,5.59,0.0
20130929:1410,191.54,241.61,28.45,16.39,5.17,0.0
20130929:1510,119.31,158.32,21.49,16.39,4.76,0.0
20130929:1610,72.02,103.29,13.24,15.86,4.62,0.0
20130929:1710,12.5,29.48,4.24,14.8,4.28,0.0
20130929:1810,0.0,0.0,0.0,14.27,3.66,0.0
20130929:1910,0.0,0.0,0.0,13.74,3.24,0.0
20130929:2010,0.0,0.0,0.0,13.74,3.1,0.0
20130929:2110,0.0,0.0,0.0,13.74,3.03,0.0
20130929:2210,0.0,0.0,0.0,14.27,2.9,0.0
20130929:2310,0.0,0.0,0.0,14.8,3.03,0.0
20130930:0010,0.0,0.0,0.0,14.8,2.76,0.0
20130930:0110,0.0,0.0,0.0,14.8,3.17,0.0
20130930:0210,0.0,0.0,0.0,14.8,2.83,0.0
20130930:0310,0.0,0.0,0.0,14.27,3.24,0.0
20130930:0410,0.0,0.0,0.0,14.27,3.24,0.0
20130930:0510,0.0,0.0,0.0,14.27,3.24,0.0
20130930:0610,0.0,0.0,0.0,13.74,3.31,0.0
20130930:0710,132.7,181.72,10.29,13.21,3.31,0.0
20130930:0810,242.56,299.53,18.79,14.27,3.72,0.0
20130930:0910,70.82,101.05,26.18,15.33,4.0,0.0
20130930:1010,123.06,163.17,31.85,16.39,4.07,0.0
20130930:1110,213.77,268.94,35.15,16.92,4.34,0.0
20130930:1210,615.07,758.31,35.59,17.45,4.07,0.0
20130930:1310,327.35,402.32,33.1,17.45,4.14,0.0
20130930:1410,406.21,494.93,28.06,17.45,4.48,0.0
20130930:1510,404.9,494.5,21.11,16.92,4.21,0.0
20130930:1610,216.95,280.7,12.87,15.86,4.21,0.0
20130930:1710,27.46,61.71,3.89,14.8,3.52,0.0
20130930:1810,0.0,0.0,0.0,13.74,3.45,0.0
20130930:1910,0.0,0.0,0.0,12.68,3.17,0.0
20130930:2010,0.0,0.0,0.0,12.15,2.83,0.0
20130930:2110,0.0,0.0,0.0,11.61,2.69,0.0
20130930:2210,0.0,0.0,0.0,11.61,2.76,0.0
20130930:2310,0.0,0.0,0.0,11.61,2.76,0.0
20131001:0010,0.0,0.0,0.0,11.61,2.41,0.0
20131001:0110,0.0,0.0,0.0,11.61,2.62,0.0
20131001:0210,0.0,0.0,0.0,11.61,2.62,0.0
20131001:0310,0.0,0.0,0.0,11.61,2.69,0.0
20131001:0410,0.0,0.0,0.0,11.61,2.83,0.0
20131001:0510,0.0,0.0,0.0,11.61,3.03,0.0
20131001:0610,0.0,0.0,0.0,11.61,3.24,0.0
20131001:0710,143.8,194.98,10.02,11.61,3.1,0.0
20131001:0810,113.14,149.35,18.51,13.21,3.86,0.0
20131001:0910,361.05,434.07,25.87,14.27,4.62,0.0
20131001:1010,160.01,205.27,31.51,15.86,4.97,0.0
20131001:1110,217.22,272.17,34.78,16.92,5.52,0.0
20131001:1210,158.44,204.99,35.2,17.45,5.1,0.0
20131001:1310,92.89,127.94,32.7,16.92,4.69,0.0
20131001:1410,92.11,127.01,27.67,16.92,4.69,0.0
20131001:1510,26.21,46.36,20.73,16.92,4.62,0.0
20131001:1610,10.82,25.03,12.51,16.39,4.07,0.0
20131001:1710,1.05,8.34,3.53,15.86,4.28,0.0
20131001:1810,0.0,0.0,0.0,15.33,4.34,0.0
20131001:1910,0.0,0.0,0.0,15.33,4.07,0.0
20131001:2010,0.0,0.0,0.0,15.33,3.93,0.0
20131001:2110,0.0,0.0,0.0,14.8,3.93,0.0
20131001:2210,0.0,0.0,0.0,14.8,4.0,0.0
20131001:2310,0.0,0.0,0.0,14.8,4.07,0.0
20131002:0010,0.0,0.0,0.0,14.8,4.07,0.0
20131002:0110,0.0,0.0,0.0,14.8,4.14,0.0
20131002:0210,0.0,0.0,0.0,14.27,4.14,0.0
20131002:0310,0.0,0.0,0.0,14.27,4.14,0.0
20131002:0410,0.0,0.0,0.0,14.27,4.14,0.0
20131002:0510,0.0,0.0,0.0,13.74,4.0,0.0
20131002:0610,0.0,0.0,0.0,13.74,3.86,0.0
20131002:0710,82.66,118.3,9.76,13.21,3.31,0.0
20131002:0810,16.87,33.38,18.23,13.74,3.17,0.0
20131002:0910,30.17,50.99,25.56,14.27,3.86,0.0
20131002:1010,175.48,221.58,31.16,14.27,4.69,0.0
20131002:1110,334.61,406.83,34.4,15.33,4.34,0.0
20131002:1210,159.91,205.99,34.81,16.39,4.41,0.0
20131002:1310,216.08,271.33,32.31,16.92,4.28,0.0
20131002:1410,219.85,275.97,27.28,17.45,4.0,0.0
20131002:1510,278.02,346.84,20.36,18.51,3.31,0.0
20131002:1610,177.48,235.71,12.15,17.98,2.9,0.0
20131002:1710,7.49,21.93,3.17,17.45,2.69,0.0
20131002:1810,0.0,0.0,0.0,16.39,2.55,0.0
20131002:1910,0.0,0.0,0.0,15.86,2.69,0.0
20131002:2010,0.0,0.0,0.0,14.8,2.48,0.0
20131002:2110,0.0,0.0,0.0,14.27,2.48,0.0
20131002:2210,0.0,0.0,0.0,14.27,2.55,0.0
20131002:2310,0.0,0.0,0.0,14.27,2.62,0.0
20131003:0010,0.0,0.0,0.0,13.74,2.62,0.0
20131003:0110,0.0,0.0,0.0,13.74,2.62,0.0
20131003:0210,0.0,0.0,0.0,13.74,2.62,0.0
20131003:0310,0.0,0.0,0.0,13.74,2.62,0.0
20131003:0410,0.0,0.0,0.0,13.74,2.76,0.0
20131003:0510,0.0,0.0,0.0,13.74,2.9,0.0
20131003:0610,0.0,0.0,0.0,13.74,2.97,0.0
20131003:0710,148.5,203.5,9.49,13.74,3.24,0.0
20131003:0810,85.2,117.7,17.94,14.8,4.48,0.0
20131003:0910,108.52,145.83,25.25,16.39,4.97,0.0
20131003:1010,63.26,92.71,30.82,17.45,5.72,0.0
20131003:1110,141.34,185.51,34.03,17.98,5.03,0.0
20131003:1210,38.29,62.12,34.41,17.98,4.69,0.0
20131003:1310,130.94,173.47,31.91,17.98,4.28,0.0
20131003:1410,72.23,103.84,26.9,17.98,4.41,0.0
20131003:1510,151.86,197.27,19.99,17.98,4.55,0.0
20131003:1610,182.94,242.6,11.79,18.51,4.55,0.0
20131003:1710,0.0,5.56,2.82,18.51,4.55,0.0
20131003:1810,0.0,0.0,0.0,18.51,4.34,0.0
20131003:1910,0.0,0.0,0.0,17.45,3.17,0.0
20131003:2010,0.0,0.0,0.0,16.92,3.31,0.0
20131003:2110,0.0,0.0,0.0,16.92,3.93,0.0
20131003:2210,0.0,0.0,0.0,16.92,3.66,0.0
20131003:2310,0.0,0.0,0.0,16.39,3.31,0.0
20131004:0010,0.0,0.0,0.0,16.39,3.72,0.0
20131004:0110,0.0,0.0,0.0,16.92,3.93,0.0
20131004:0210,0.0,0.0,0.0,16.92,3.93,0.0
20131004:0310,0.0,0.0,0.0,17.45,4.34,0.0
20131004:0410,0.0,0.0,0.0,16.92,5.17,0.0
20131004:0510,0.0,0.0,0.0,16.92,5.79,0.0
20131004:0610,0.0,0.0,0.0,16.92,6.0,0.0
20131004:0710,17.94,35.23,9.23,16.92,5.59,0.0
20131004:0810,84.74,118.06,17.65,16.92,5.72,0.0
20131004:0910,47.33,73.24,24.93,17.45,5.93,0.0
20131004:1010,169.26,217.32,30.47,17.98,6.41,0.0
20131004:1110,114.57,153.9,33.66,17.98,6.48,0.0
20131004:1210,48.59,75.1,34.02,18.51,6.69,0.0
20131004:1310,187.24,239.2,31.52,19.04,6.55,0.0
20131004:1410,374.91,458.67,26.51,19.57,6.34,0.0
20131004:1510,294.63,365.82,19.61,19.57,5.52,0.0
20131004:1610,195.17,259.09,11.43,19.04,4.55,0.0
20131004:1710,8.01,25.81,2.47,17.98,3.59,0.0
20131004:1810,0.0,0.0,0.0,16.92,3.1,0.0
20131004:1910,0.0,0.0,0.0,16.39,3.1,0.0
20131004:2010,0.0,0.0,0.0,15.33,2.9,0.0
20131004:2110,0.0,0.0,0.0,14.8,2.76,0.0
20131004:2210,0.0,0.0,0.0,14.27,2.83,0.0
20131004:2310,0.0,0.0,0.0,14.27,2.69,0.0
20131005:0010,0.0,0.0,0.0,13.74,2.48,0.0
20131005:0110,0.0,0.0,0.0,13.21,2.34,0.0
20131005:0210,0.0,0.0,0.0,13.21,2.14,0.0
20131005:0310,0.0,0.0,0.0,12.68,2.07,0.0
20131005:0410,0.0,0.0,0.0,13.21,2.07,0.0
20131005:0510,0.0,0.0,0.0,13.21,2.21,0.0
20131005:0610,0.0,0.0,0.0,13.21,2.28,0.0
20131005:0710,43.9,69.47,8.96,13.74,1.72,0.0
20131005:0810,92.27,126.25,17.37,14.8,2.62,0.0
20131005:0910,82.32,114.96,24.62,15.33,2.28,0.0
20131005:1010,172.66,221.53,30.13,16.39,2.21,0.0
20131005:1110,268.23,335.52,33.28,17.45,2.14,0.0
20131005:1210,38.21,62.12,33.63,17.98,2.21,0.0
20131005:1310,37.39,61.19,31.13,18.51,2.41,0.0
20131005:1410,32.34,54.7,26.13,18.51,2.69,0.0
20131005:1510,38.13,62.12,19.24,18.51,2.69,0.0
20131005:1610,111.63,154.64,11.07,17.98,2.48,0.0
20131005:1710,0.28,6.49,2.12,16.92,1.93,0.0
20131005:1810,0.0,0.0,0.0,15.86,1.93,0.0
20131005:1910,0.0,0.0,0.0,14.8,1.45,0.0
20131005:2010,0.0,0.0,0.0,13.74,1.45,0.0
20131005:2110,0.0,0.0,0.0,13.21,1.45,0.0
20131005:2210,0.0,0.0,0.0,13.21,1.31,0.0
20131005:2310,0.0,0.0,0.0,12.68,1.38,0.0
20131006:0010,0.0,0.0,0.0,12.15,1.38,0.0
20131006:0110,0.0,0.0,0.0,11.61,1.45,0.0
20131006:0210,0.0,0.0,0.0,11.61,1.38,0.0
20131006:0310,0.0,0.0,0.0,11.61,1.45,0.0
20131006:0410,0.0,0.0,0.0,11.09,1.24,0.0
20131006:0510,0.0,0.0,0.0,11.09,1.38,0.0
20131006:0610,0.0,0.0,0.0,10.55,1.31,0.0
20131006:0710,147.88,201.25,8.69,10.02,1.31,0.0
20131006:0810,367.96,451.38,17.08,11.61,0.83,0.0
20131006:0910,549.85,680.25,24.3,13.74,1.17,0.0
20131006:1010,654.49,824.58,29.78,15.86,1.66,0.0
20131006:1110,679.28,856.21,32.91,16.92,2.34,0.0
20131006:1210,687.9,865.74,33.24,17.45,2.76,0.0
20131006:1310,615.74,770.18,30.73,17.98,2.69,0.0
20131006:1410,332.42,410.99,25.75,17.98,2.69,0.0
20131006:1510,294.59,367.44,18.87,17.98,2.41,0.0
20131006:1610,134.3,183.52,10.71,17.98,2.0,0.0
20131006:1710,0.0,0.0,0.0,16.39,1.79,0.0
20131006:1810,0.0,0.0,0.0,14.8,1.93,0.0
20131006:1910,0.0,0.0,0.0,13.74,2.14,0.0
20131006:2010,0.0,0.0,0.0,12.15,2.14,0.0
20131006:2110,0.0,0.0,0.0,11.61,2.07,0.0
20131006:2210,0.0,0.0,0.0,11.09,2.0,0.0
20131006:2310,0.0,0.0,0.0,10.55,2.07,0.0
20131007:0010,0.0,0.0,0.0,10.02,2.0,0.0
20131007:0110,0.0,0.0,0.0,9.49,2.0,0.0
20131007:0210,0.0,0.0,0.0,9.49,1.93,0.0
20131007:0310,0.0,0.0,0.0,8.96,1.93,0.0
20131007:0410,0.0,0.0,0.0,8.96,1.86,0.0
20131007:0510,0.0,0.0,0.0,8.43,1.79,0.0
20131007:0610,0.0,0.0,0.0,8.96,1.79,0.0
20131007:0710,31.82,52.89,8.42,10.02,1.86,0.0
20131007:0810,120.71,157.72,16.79,12.15,2.34,0.0
20131007:0910,216.77,267.97,23.99,13.21,2.69,0.0
20131007:1010,303.95,370.99,29.43,14.27,2.62,0.0
20131007:1110,614.2,756.08,32.54,15.33,2.97,0.0
20131007:1210,180.75,230.64,32.86,16.39,3.03,0.0
20131007:1310,135.53,178.4,30.35,16.92,2.97,0.0
20131007:1410,283.3,352.1,25.37,17.98,2.76,0.0
20131007:1510,175.68,226.03,18.51,17.98,2.48,0.0
20131007:1610,109.95,153.16,10.36,17.98,2.28,0.0
20131007:1710,0.0,0.0,0.0,16.92,1.93,0.0
20131007:1810,0.0,0.0,0.0,15.86,2.07,0.0
20131007:1910,0.0,0.0,0.0,15.33,1.93,0.0
20131007:2010,0.0,0.0,0.0,15.33,2.14,0.0
20131007:2110,0.0,0.0,0.0,14.8,2.28,0.0
20131007:2210,0.0,0.0,0.0,14.27,2.34,0.0
20131007:2310,0.0,0.0,0.0,13.74,2.28,0.0
20131008:0010,0.0,0.0,0.0,13.74,2.28,0.0
20131008:0110,0.0,0.0,0.0,13.74,2.21,0.0
20131008:0210,0.0,0.0,0.0,13.21,2.21,0.0
20131008:0310,0.0,0.0,0.0,13.21,2.14,0.0
20131008:0410,0.0,0.0,0.0,13.21,2.21,0.0
20131008:0510,0.0,0.0,0.0,13.74,2.14,0.0
20131008:0610,0.0,0.0,0.0,13.74,2.41,0.0
20131008:0710,134.38,186.91,8.15,13.74,2.34,0.0
20131008:0810,352.3,431.88,16.5,14.8,3.03,0.0
20131008:0910,534.82,650.17,23.67,15.33,3.38,0.0
20131008:1010,659.1,810.39,29.09,16.39,3.86,0.0
20131008:1110,715.43,891.9,32.16,16.92,3.52,0.0
20131008:1210,682.99,849.26,32.47,17.45,3.72,0.0
20131008:1310,66.82,97.35,29.96,17.98,3.86,0.0
20131008:1410,93.27,129.03,24.99,17.98,3.79,0.0
20131008:1510,61.53,91.1,18.14,18.51,3.72,0.0
20131008:1610,105.43,147.61,10.0,17.98,2.9,0.0
20131008:1710,0.0,0.0,0.0,17.45,2.69,0.0
20131008:1810,0.0,0.0,0.0,17.45,2.62,0.0
20131008:1910,0.0,0.0,0.0,16.92,3.17,0.0
20131008:2010,0.0,0.0,0.0,16.39,3.1,0.0
20131008:2110,0.0,0.0,0.0,15.33,2.97,0.0
20131008:2210,0.0,0.0,0.0,14.27,2.76,0.0
20131008:2310,0.0,0.0,0.0,14.27,2.62,0.0
20131009:0010,0.0,0.0,0.0,14.27,2.28,0.0
20131009:0110,0.0,0.0,0.0,14.27,2.14,0.0
20131009:0210,0.0,0.0,0.0,13.74,2.21,0.0
20131009:0310,0.0,0.0,0.0,13.74,2.14,0.0
20131009:0410,0.0,0.0,0.0,13.21,2.21,0.0
20131009:0510,0.0,0.0,0.0,13.21,2.07,0.0
20131009:0610,0.0,0.0,0.0,12.68,2.0,0.0
20131009:0710,43.24,68.8,7.89,12.68,1.79,0.0
20131009:0810,117.16,154.39,16.21,13.21,2.14,0.0
20131009:0910,120.61,158.42,23.35,13.74,2.97,0.0
20131009:1010,119.55,157.93,28.74,14.8,3.93,0.0
20131009:1110,41.04,64.9,31.79,15.33,4.76,0.0
20131009:1210,461.14,557.16,32.08,16.39,5.24,0.0
20131009:1310,347.0,420.55,29.57,15.86,4.9,0.0
20131009:1410,131.15,171.59,24.61,15.86,5.03,0.0
20131009:1510,67.72,97.01,17.78,14.8,5.03,0.0
20131009:1610,44.96,70.08,9.65,14.27,5.1,0.0
20131009:1710,0.0,0.0,0.0,13.74,5.52,0.0
20131009:1810,0.0,0.0,0.0,12.15,5.45,0.0
20131009:1910,0.0,0.0,0.0,11.61,5.86,0.0
20131009:2010,0.0,0.0,0.0,10.55,5.59,0.0
20131009:2110,0.0,0.0,0.0,9.49,5.24,0.0
20131009:2210,0.0,0.0,0.0,8.96,5.1,0.0
20131009:2310,0.0,0.0,0.0,8.43,4.97,0.0
20131010:0010,0.0,0.0,0.0,8.43,4.97,0.0
20131010:0110,0.0,0.0,0.0,8.43,5.03,0.0
20131010:0210,0.0,0.0,0.0,7.9,5.31,0.0
20131010:0310,0.0,0.0,0.0,7.9,5.59,0.0
20131010:0410,0.0,0.0,0.0,7.37,6.0,0.0
20131010:0510,0.0,0.0,0.0,7.37,6.14,0.0
20131010:0610,0.0,0.0,0.0,7.37,6.48,0.0
20131010:0710,129.09,174.65,7.62,7.37,6.48,0.0
20131010:0810,288.67,341.58,15.92,7.9,5.86,0.0
20131010:0910,273.19,322.53,23.04,8.96,7.03,0.0
20131010:1010,169.21,209.52,28.4,10.02,7.38,0.0
20131010:1110,352.52,414.72,31.42,11.09,7.93,0.0
20131010:1210,49.57,74.17,31.7,11.61,8.69,0.0
20131010:1310,81.13,111.25,29.19,11.61,8.14,0.0
20131010:1410,31.37,51.92,24.24,11.61,8.07,0.0
20131010:1510,191.6,235.58,17.42,11.61,7.86,0.0
20131010:1610,63.85,92.82,9.3,11.61,6.55,0.0
20131010:1710,0.0,0.0,0.0,11.09,6.48,0.0
20131010:1810,0.0,0.0,0.0,10.55,6.41,0.0
20131010:1910,0.0,0.0,0.0,9.49,6.69,0.0
20131010:2010,0.0,0.0,0.0,8.96,6.62,0.0
20131010:2110,0.0,0.0,0.0,8.43,6.69,0.0
20131010:2210,0.0,0.0,0.0,8.43,6.69,0.0
20131010:2310,0.0,0.0,0.0,8.43,6.76,0.0
20131011:0010,0.0,0.0,0.0,8.43,7.03,0.0
20131011:0110,0.0,0.0,0.0,8.43,7.31,0.0
20131011:0210,0.0,0.0,0.0,8.43,7.38,0.0
20131011:0310,0.0,0.0,0.0,9.49,7.72,0.0
20131011:0410,0.0,0.0,0.0,9.49,7.31,0.0
20131011:0510,0.0,0.0,0.0,9.49,6.69,0.0
20131011:0610,0.0,0.0,0.0,8.96,6.07,0.0
20131011:0710,20.65,38.02,7.34,8.96,5.93,0.0
20131011:0810,265.27,319.06,15.63,10.02,4.83,0.0
20131011:0910,517.07,610.31,22.72,11.61,5.03,0.0
20131011:1010,164.83,206.97,28.05,12.15,5.45,0.0
20131011:1110,178.53,223.12,31.05,12.68,5.66,0.0
20131011:1210,30.43,50.99,31.32,12.68,5.03,0.0
20131011:1310,31.98,52.85,28.81,12.15,4.62,0.0
20131011:1410,50.96,76.02,23.87,12.15,7.52,0.0
20131011:1510,8.57,21.32,17.06,12.68,8.34,0.0
20131011:1610,24.41,43.37,8.96,12.68,8.21,0.0
20131011:1710,0.0,0.0,0.0,12.68,7.52,0.0
20131011:1810,0.0,0.0,0.0,12.68,7.17,0.0
20131011:1910,0.0,0.0,0.0,12.15,7.1,0.0
20131011:2010,0.0,0.0,0.0,12.15,7.31,0.0
20131011:2110,0.0,0.0,0.0,12.15,7.45,0.0
20131011:2210,0.0,0.0,0.0,12.15,7.38,0.0
20131011:2310,0.0,0.0,0.0,12.15,7.31,0.0
20131012:0010,0.0,0.0,0.0,12.15,7.24,0.0
20131012:0110,0.0,0.0,0.0,12.15,7.45,0.0
20131012:0210,0.0,0.0,0.0,12.15,7.66,0.0
20131012:0310,0.0,0.0,0.0,12.68,7.45,0.0
20131012:0410,0.0,0.0,0.0,12.15,5.79,0.0
20131012:0510,0.0,0.0,0.0,11.61,4.07,0.0
20131012:0610,0.0,0.0,0.0,10.55,3.38,0.0
20131012:0710,119.47,165.35,7.07,9.49,3.31,0.0
20131012:0810,332.99,399.69,15.34,9.49,2.62,0.0
20131012:0910,538.02,640.31,22.41,10.55,3.1,0.0
20131012:1010,281.1,339.08,27.71,11.61,3.17,0.0
20131012:1110,379.56,454.08,30.68,11.61,2.97,0.0
20131012:1210,526.79,636.15,30.94,12.68,2.76,0.0
20131012:1310,514.3,623.63,28.43,12.68,2.14,0.0
20131012:1410,150.67,192.32,23.5,12.68,2.14,0.0
20131012:1510,175.93,221.66,16.71,12.68,1.72,0.0
20131012:1610,108.13,149.11,8.62,12.15,0.83,0.0
20131012:1710,0.0,0.0,0.0,11.61,0.34,0.0
20131012:1810,0.0,0.0,0.0,11.61,0.34,0.0
20131012:1910,0.0,0.0,0.0,9.49,1.72,0.0
20131012:2010,0.0,0.0,0.0,8.96,1.86,0.0
20131012:2110,0.0,0.0,0.0,8.96,1.86,0.0
20131012:2210,0.0,0.0,0.0,8.96,2.0,0.0
20131012:2310,0.0,0.0,0.0,8.43,2.07,0.0
20131013:0010,0.0,0.0,0.0,7.9,2.07,0.0
20131013:0110,0.0,0.0,0.0,7.37,2.55,0.0
20131013:0210,0.0,0.0,0.0,7.9,2.76,0.0
20131013:0310,0.0,0.0,0.0,7.9,3.03,0.0
20131013:0410,0.0,0.0,0.0,8.96,3.38,0.0
20131013:0510,0.0,0.0,0.0,9.49,3.72,0.0
20131013:0610,0.0,0.0,0.0,10.02,3.93,0.0
20131013:0710,9.94,23.18,6.8,10.02,3.31,0.0
20131013:0810,20.64,38.01,15.05,10.55,3.72,0.0
20131013:0910,24.14,42.65,22.09,11.09,5.59,0.0
20131013:1010,38.91,61.19,27.36,11.09,5.45,0.0
20131013:1110,22.72,40.79,30.32,11.09,5.86,0.0
20131013:1210,23.49,41.72,30.56,10.55,5.31,0.0
20131013:1310,93.15,125.16,28.05,11.09,4.69,0.0
20131013:1410,95.3,127.59,23.13,11.09,4.07,0.0
20131013:1510,104.09,137.82,16.35,11.61,3.86,0.0
20131013:1610,58.93,87.5,8.28,11.61,3.93,0.0
20131013:1710,0.0,0.0,0.0,11.09,3.59,0.0
20131013:1810,0.0,0.0,0.0,10.55,3.45,0.0
20131013:1910,0.0,0.0,0.0,9.49,2.9,0.0
20131013:2010,0.0,0.0,0.0,8.43,3.1,0.0
20131013:2110,0.0,0.0,0.0,7.9,3.24,0.0
20131013:2210,0.0,0.0,0.0,7.9,3.31,0.0
20131013:2310,0.0,0.0,0.0,7.37,3.52,0.0
20131014:0010,0.0,0.0,0.0,7.37,3.66,0.0
20131014:0110,0.0,0.0,0.0,7.9,3.59,0.0
20131014:0210,0.0,0.0,0.0,7.9,3.66,0.0
20131014:0310,0.0,0.0,0.0,7.9,3.52,0.0
20131014:0410,0.0,0.0,0.0,7.9,3.45,0.0
20131014:0510,0.0,0.0,0.0,7.37,3.1,0.0
20131014:0610,0.0,0.0,0.0,6.84,2.97,0.0
20131014:0710,0.33,6.49,6.53,8.43,2.9,0.0
20131014:0810,67.76,94.91,14.76,8.96,3.31,0.0
20131014:0910,75.25,103.84,21.77,9.49,3.79,0.0
20131014:1010,49.05,73.24,27.02,10.02,3.66,0.0
20131014:1110,61.23,88.08,29.95,11.09,3.59,0.0
20131014:1210,60.27,87.15,30.18,11.61,3.24,0.0
20131014:1310,85.37,116.82,27.67,12.15,3.59,0.0
20131014:1410,168.27,210.98,22.77,12.15,3.72,0.0
20131014:1510,276.28,333.66,16.0,11.61,4.14,0.0
20131014:1610,131.35,177.25,7.94,11.61,3.86,0.0
20131014:1710,0.0,0.0,0.0,10.55,3.31,0.0
20131014:1810,0.0,0.0,0.0,10.02,2.9,0.0
20131014:1910,0.0,0.0,0.0,8.43,2.55,0.0
20131014:2010,0.0,0.0,0.0,7.9,2.55,0.0
20131014:2110,0.0,0.0,0.0,7.37,2.41,0.0
20131014:2210,0.0,0.0,0.0,7.37,2.48,0.0
20131014:2310,0.0,0.0,0.0,6.84,2.62,0.0
20131015:0010,0.0,0.0,0.0,6.84,2.69,0.0
20131015:0110,0.0,0.0,0.0,7.9,2.69,0.0
20131015:0210,0.0,0.0,0.0,7.9,2.76,0.0
20131015:0310,0.0,0.0,0.0,7.9,2.83,0.0
20131015:0410,0.0,0.0,0.0,7.9,2.9,0.0
20131015:0510,0.0,0.0,0.0,7.9,3.03,0.0
20131015:0610,0.0,0.0,0.0,8.43,3.24,0.0
20131015:0710,86.68,123.84,6.26,7.9,3.24,0.0
20131015:0810,94.66,125.45,14.47,8.43,3.86,0.0
20131015:0910,118.92,153.46,21.46,9.49,3.45,0.0
20131015:1010,319.35,379.24,26.68,10.02,3.66,0.0
20131015:1110,519.82,617.58,29.59,11.09,3.72,0.0
20131015:1210,385.47,458.88,29.81,11.61,3.79,0.0
20131015:1310,160.27,201.99,27.3,11.61,3.52,0.0
20131015:1410,484.52,578.43,22.41,12.15,3.38,0.0
20131015:1510,357.93,433.9,15.66,12.68,2.69,0.0
20131015:1610,137.4,186.6,7.61,12.68,2.34,0.0
20131015:1710,0.0,0.0,0.0,12.15,2.0,0.0
20131015:1810,0.0,0.0,0.0,11.09,2.21,0.0
20131015:1910,0.0,0.0,0.0,10.55,2.14,0.0
20131015:2010,0.0,0.0,0.0,9.49,2.41,0.0
20131015:2110,0.0,0.0,0.0,8.96,2.07,0.0
20131015:2210,0.0,0.0,0.0,7.37,1.93,0.0
20131015:2310,0.0,0.0,0.0,6.84,1.52,0.0
20131016:0010,0.0,0.0,0.0,6.84,1.59,0.0
20131016:0110,0.0,0.0,0.0,6.31,1.45,0.0
20131016:0210,0.0,0.0,0.0,6.31,1.38,0.0
20131016:0310,0.0,0.0,0.0,5.25,1.45,0.0
20131016:0410,0.0,0.0,0.0,4.72,1.24,0.0
20131016:0510,0.0,0.0,0.0,5.78,1.59,0.0
20131016:0610,0.0,0.0,0.0,6.84,2.28,0.0
20131016:0710,6.37,17.62,5.99,7.9,2.62,0.0
20131016:0810,27.3,46.36,14.18,8.96,3.24,0.0
20131016:0910,21.41,38.94,21.14,10.02,4.0,0.0
20131016:1010,67.6,95.49,26.34,11.09,4.69,0.0
20131016:1110,51.95,76.95,29.23,11.09,5.52,0.0
20131016:1210,36.56,58.41,29.43,11.61,6.0,0.0
20131016:1310,54.94,80.66,26.93,11.61,6.14,0.0
20131016:1410,23.36,41.72,22.05,11.61,4.97,0.0
20131016:1510,369.68,445.54,15.31,13.21,4.34,0.0
20131016:1610,137.36,187.35,7.27,14.27,5.79,0.0
20131016:1710,0.0,0.0,0.0,13.21,5.59,0.0
20131016:1810,0.0,0.0,0.0,12.15,5.31,0.0
20131016:1910,0.0,0.0,0.0,11.61,5.24,0.0
20131016:2010,0.0,0.0,0.0,11.61,5.31,0.0
20131016:2110,0.0,0.0,0.0,11.61,5.1,0.0
20131016:2210,0.0,0.0,0.0,11.61,5.52,0.0
20131016:2310,0.0,0.0,0.0,11.61,5.31,0.0
20131017:0010,0.0,0.0,0.0,11.61,5.24,0.0
20131017:0110,0.0,0.0,0.0,11.61,5.31,0.0
20131017:0210,0.0,0.0,0.0,11.61,5.03,0.0
20131017:0310,0.0,0.0,0.0,11.61,4.83,0.0
20131017:0410,0.0,0.0,0.0,11.61,4.69,0.0
20131017:0510,0.0,0.0,0.0,11.61,4.48,0.0
20131017:0610,0.0,0.0,0.0,11.61,4.55,0.0
20131017:0710,60.27,92.56,5.72,11.61,4.0,0.0
20131017:0810,209.35,259.71,13.89,12.68,3.38,0.0
20131017:0910,369.57,442.21,20.83,13.74,4.62,0.0
20131017:1010,420.64,504.86,26.0,15.33,5.17,0.0
20131017:1110,359.28,434.59,28.86,15.86,4.97,0.0
20131017:1210,266.33,327.7,29.06,16.39,4.76,0.0
20131017:1310,432.62,525.22,26.56,16.92,4.34,0.0
20131017:1410,63.51,92.71,21.69,16.39,4.14,0.0
20131017:1510,317.56,392.16,14.97,16.92,3.52,0.0
20131017:1610,121.25,169.45,6.95,15.86,2.76,0.0
20131017:1710,0.0,0.0,0.0,14.27,2.34,0.0
20131017:1810,0.0,0.0,0.0,12.68,2.41,0.0
20131017:1910,0.0,0.0,0.0,11.61,2.41,0.0
20131017:2010,0.0,0.0,0.0,11.09,2.48,0.0
20131017:2110,0.0,0.0,0.0,10.55,2.34,0.0
20131017:2210,0.0,0.0,0.0,10.02,2.28,0.0
20131017:2310,0.0,0.0,0.0,9.49,2.0,0.0
20131018:0010,0.0,0.0,0.0,8.96,1.86,0.0
20131018:0110,0.0,0.0,0.0,8.43,1.72,0.0
20131018:0210,0.0,0.0,0.0,8.96,1.52,0.0
20131018:0310,0.0,0.0,0.0,8.96,1.59,0.0
20131018:0410,0.0,0.0,0.0,10.02,1.17,0.0
20131018:0510,0.0,0.0,0.0,10.55,1.1,0.0
20131018:0610,0.0,0.0,0.0,10.55,1.17,0.0
20131018:0710,39.75,65.56,5.44,11.61,1.38,0.0
20131018:0810,134.04,172.72,13.6,11.61,2.28,0.0
20131018:0910,313.1,377.25,20.51,12.68,2.97,0.0
20131018:1010,167.32,211.55,25.66,13.74,3.79,0.0
20131018:1110,155.95,199.69,28.51,14.8,4.07,0.0
20131018:1210,286.24,350.58,28.69,15.86,4.07,0.0
20131018:1310,352.27,427.37,26.2,15.86,4.07,0.0
20131018:1410,255.63,314.78,21.34,15.86,3.59,0.0
20131018:1510,111.44,148.8,14.63,15.86,4.0,0.0
20131018:1610,86.53,125.21,6.62,15.33,3.79,0.0
20131018:1710,0.0,0.0,0.0,14.27,3.86,0.0
20131018:1810,0.0,0.0,0.0,14.27,4.14,0.0
20131018:1910,0.0,0.0,0.0,13.74,4.76,0.0
20131018:2010,0.0,0.0,0.0,13.21,4.76,0.0
20131018:2110,0.0,0.0,0.0,12.68,4.55,0.0
20131018:2210,0.0,0.0,0.0,12.15,4.14,0.0
20131018:2310,0.0,0.0,0.0,12.15,3.59,0.0
20131019:0010,0.0,0.0,0.0,12.15,3.59,0.0
20131019:0110,0.0,0.0,0.0,12.15,3.52,0.0
20131019:0210,0.0,0.0,0.0,11.61,3.45,0.0
20131019:0310,0.0,0.0,0.0,11.61,3.31,0.0
20131019:0410,0.0,0.0,0.0,11.61,3.17,0.0
20131019:0510,0.0,0.0,0.0,11.61,3.17,0.0
20131019:0610,0.0,0.0,0.0,12.15,3.31,0.0
20131019:0710,85.35,127.11,5.17,13.21,3.17,0.0
20131019:0810,18.86,36.16,13.3,14.27,3.45,0.0
20131019:0910,18.76,36.16,20.2,15.33,3.79,0.0
20131019:1010,82.96,115.89,25.32,16.39,4.83,0.0
20131019:1110,108.48,145.86,28.15,16.39,5.1,0.0
20131019:1210,57.53,85.29,28.33,15.86,4.07,0.0
20131019:1310,66.14,95.49,25.84,15.33,3.72,0.0
20131019:1410,55.39,82.51,20.99,15.33,4.21,0.0
20131019:1510,349.97,426.5,14.3,15.33,4.55,0.0
20131019:1610,20.86,39.48,6.3,15.33,4.62,0.0
20131019:1710,0.0,0.0,0.0,14.8,4.41,0.0
20131019:1810,0.0,0.0,0.0,14.27,4.41,0.0
20131019:1910,0.0,0.0,0.0,13.74,4.55,0.0
20131019:2010,0.0,0.0,0.0,13.21,4.28,0.0
20131019:2110,0.0,0.0,0.0,12.68,3.66,0.0
20131019:2210,0.0,0.0,0.0,12.68,3.38,0.0
20131019:2310,0.0,0.0,0.0,12.68,3.66,0.0
20131020:0010,0.0,0.0,0.0,12.68,4.21,0.0
20131020:0110,0.0,0.0,0.0,13.21,4.97,0.0
20131020:0210,0.0,0.0,0.0,13.21,5.59,0.0
20131020:0310,0.0,0.0,0.0,13.21,5.31,0.0
20131020:0410,0.0,0.0,0.0,13.21,5.72,0.0
20131020:0510,0.0,0.0,0.0,12.68,5.59,0.0
20131020:0610,0.0,0.0,0.0,12.68,5.31,0.0
20131020:0710,0.0,4.64,4.9,12.68,6.34,0.0
20131020:0810,159.34,201.4,13.01,12.68,5.86,0.0
20131020:0910,448.83,532.52,19.88,13.21,5.38,0.0
20131020:1010,585.38,701.73,24.98,13.74,4.55,0.0
20131020:1110,632.59,759.88,27.79,14.27,5.24,0.0
20131020:1210,557.57,664.68,27.97,14.27,5.93,0.0
20131020:1310,233.52,287.41,25.48,15.33,5.66,0.0
20131020:1410,22.4,40.79,20.64,13.74,4.62,0.0
20131020:1510,59.4,86.64,13.97,13.74,5.72,0.0
20131020:1610,77.18,112.86,5.98,13.21,4.76,0.0
20131020:1710,0.0,0.0,0.0,12.68,4.21,0.0
20131020:1810,0.0,0.0,0.0,12.15,4.28,0.0
20131020:1910,0.0,0.0,0.0,12.15,4.69,0.0
20131020:2010,0.0,0.0,0.0,12.68,4.97,0.0
20131020:2110,0.0,0.0,0.0,12.68,4.97,0.0
20131020:2210,0.0,0.0,0.0,12.68,4.9,0.0
20131020:2310,0.0,0.0,0.0,12.68,4.83,0.0
20131021:0010,0.0,0.0,0.0,12.68,4.69,0.0
20131021:0110,0.0,0.0,0.0,12.68,4.41,0.0
20131021:0210,0.0,0.0,0.0,12.15,4.28,0.0
20131021:0310,0.0,0.0,0.0,12.68,3.93,0.0
20131021:0410,0.0,0.0,0.0,12.68,3.72,0.0
20131021:0510,0.0,0.0,0.0,12.68,3.79,0.0
20131021:0610,0.0,0.0,0.0,13.21,3.93,0.0
20131021:0710,10.26,24.37,4.63,13.74,4.41,0.0
20131021:0810,61.96,89.77,12.72,13.74,4.76,0.0
20131021:0910,20.95,38.94,19.57,14.27,5.93,0.0
20131021:1010,93.67,127.4,24.65,14.8,7.03,0.0
20131021:1110,55.66,82.51,27.44,14.8,7.66,0.0
20131021:1210,330.88,398.25,27.61,15.86,7.72,0.0
20131021:1310,208.06,259.02,25.12,16.39,7.17,0.0
20131021:1410,137.29,178.21,20.3,16.39,6.83,0.0
20131021:1510,118.62,157.11,13.64,16.39,6.21,0.0
20131021:1610,102.33,147.41,5.67,16.39,5.72,0.0
20131021:1710,0.0,0.0,0.0,16.39,5.45,0.0
20131021:1810,0.0,0.0,0.0,15.86,5.24,0.0
20131021:1910,0.0,0.0,0.0,16.39,5.52,0.0
20131021:2010,0.0,0.0,0.0,16.39,5.31,0.0
20131021:2110,0.0,0.0,0.0,16.39,5.31,0.0
20131021:2210,0.0,0.0,0.0,16.39,5.1,0.0
20131021:2310,0.0,0.0,0.0,16.39,5.17,0.0
20131022:0010,0.0,0.0,0.0,16.39,5.45,0.0
20131022:0110,0.0,0.0,0.0,16.39,5.59,0.0
20131022:0210,0.0,0.0,0.0,16.39,5.59,0.0
20131022:0310,0.0,0.0,0.0,16.92,5.52,0.0
20131022:0410,0.0,0.0,0.0,16.39,5.38,0.0
20131022:0510,0.0,0.0,0.0,16.39,5.52,0.0
20131022:0610,0.0,0.0,0.0,15.86,5.79,0.0
20131022:0710,0.0,3.71,4.36,15.33,5.31,0.0
20131022:0810,142.99,184.99,12.44,15.33,5.52,0.0
20131022:0910,14.1,29.67,19.26,15.33,5.52,0.0
20131022:1010,31.39,52.85,24.31,15.86,5.66,0.0
20131022:1110,18.72,36.16,27.09,15.86,6.62,0.0
20131022:1210,122.59,161.58,27.25,15.86,6.76,0.0
20131022:1310,154.91,198.84,24.77,16.39,6.21,0.0
20131022:1410,69.3,99.71,19.96,16.92,5.72,0.0
20131022:1510,120.08,159.32,13.32,16.92,5.38,0.0
20131022:1610,79.53,118.19,5.36,15.86,5.79,0.0
20131022:1710,0.0,0.0,0.0,15.33,5.24,0.0
20131022:1810,0.0,0.0,0.0,15.33,5.24,0.0
20131022:1910,0.0,0.0,0.0,15.33,4.97,0.0
20131022:2010,0.0,0.0,0.0,15.33,4.76,0.0
20131022:2110,0.0,0.0,0.0,14.8,4.97,0.0
20131022:2210,0.0,0.0,0.0,14.27,5.17,0.0
20131022:2310,0.0,0.0,0.0,14.27,5.72,0.0
20131023:0010,0.0,0.0,0.0,14.27,6.55,0.0
20131023:0110,0.0,0.0,0.0,14.8,6.9,0.0
20131023:0210,0.0,0.0,0.0,14.27,6.62,0.0
20131023:0310,0.0,0.0,0.0,14.8,6.62,0.0
20131023:0410,0.0,0.0,0.0,13.74,7.52,0.0
20131023:0510,0.0,0.0,0.0,13.74,6.55,0.0
20131023:0610,0.0,0.0,0.0,13.21,6.69,0.0
20131023:0710,55.98,89.53,4.09,13.21,6.07,0.0
20131023:0810,256.25,313.71,12.15,13.74,6.28,0.0
20131023:0910,188.37,233.91,18.95,14.27,7.17,0.0
20131023:1010,139.28,179.47,23.98,14.8,7.59,0.0
20131023:1110,284.7,344.64,26.74,15.33,7.45,0.0
20131023:1210,561.39,670.81,26.89,15.86,7.03,0.0
20131023:1310,642.73,770.17,24.42,15.86,6.9,0.0
20131023:1410,370.34,444.98,19.62,15.86,6.07,0.0
20131023:1510,311.47,381.51,13.0,15.86,5.1,0.0
20131023:1610,93.8,136.75,5.05,14.8,4.62,0.0
20131023:1710,0.0,0.0,0.0,13.74,4.21,0.0
20131023:1810,0.0,0.0,0.0,12.68,3.86,0.0
20131023:1910,0.0,0.0,0.0,11.61,3.45,0.0
20131023:2010,0.0,0.0,0.0,11.09,3.72,0.0
20131023:2110,0.0,0.0,0.0,10.02,3.03,0.0
20131023:2210,0.0,0.0,0.0,9.49,2.48,0.0
20131023:2310,0.0,0.0,0.0,8.43,2.48,0.0
20131024:0010,0.0,0.0,0.0,7.9,2.41,0.0
20131024:0110,0.0,0.0,0.0,7.37,2.0,0.0
20131024:0210,0.0,0.0,0.0,6.84,2.07,0.0
20131024:0310,0.0,0.0,0.0,6.31,1.93,0.0
20131024:0410,0.0,0.0,0.0,6.31,1.79,0.0
20131024:0510,0.0,0.0,0.0,6.84,1.66,0.0
20131024:0610,0.0,0.0,0.0,6.31,1.59,0.0
20131024:0710,45.64,73.72,3.82,5.78,1.86,0.0
20131024:0810,0.0,0.0,0.0,7.9,1.45,0.0
20131024:0910,445.44,538.19,18.64,11.61,1.45,0.0
20131024:1010,557.28,683.02,23.65,13.74,1.86,0.0
20131024:1110,511.83,625.35,26.4,15.33,2.62,0.0
20131024:1210,633.2,782.78,26.54,15.86,2.83,0.0
20131024:1310,478.11,582.77,24.07,16.39,3.24,0.0
20131024:1410,260.58,320.83,19.29,16.39,3.72,0.0
20131024:1510,112.04,149.38,12.68,15.33,3.24,0.0
20131024:1610,31.08,54.41,4.75,14.8,3.03,0.0
20131024:1710,0.0,0.0,0.0,13.21,2.9,0.0
20131024:1810,0.0,0.0,0.0,12.15,3.1,0.0
20131024:1910,0.0,0.0,0.0,12.15,3.45,0.0
20131024:2010,0.0,0.0,0.0,12.15,3.66,0.0
20131024:2110,0.0,0.0,0.0,12.15,4.0,0.0
20131024:2210,0.0,0.0,0.0,12.15,4.21,0.0
20131024:2310,0.0,0.0,0.0,12.68,4.28,0.0
20131025:0010,0.0,0.0,0.0,12.68,4.41,0.0
20131025:0110,0.0,0.0,0.0,12.68,4.55,0.0
20131025:0210,0.0,0.0,0.0,12.68,4.9,0.0
20131025:0310,0.0,0.0,0.0,13.21,4.97,0.0
20131025:0410,0.0,0.0,0.0,13.74,5.03,0.0
20131025:0510,0.0,0.0,0.0,13.74,4.83,0.0
20131025:0610,0.0,0.0,0.0,14.27,5.1,0.0
20131025:0710,0.0,3.71,3.55,14.27,4.76,0.0
20131025:0810,14.13,29.67,11.57,14.8,4.41,0.0
20131025:0910,119.8,158.01,18.33,15.86,4.97,0.0
20131025:1010,178.4,225.92,23.32,16.92,6.21,0.0
20131025:1110,491.3,591.67,26.05,17.45,6.62,0.0
20131025:1210,338.27,411.46,26.2,17.98,6.55,0.0
20131025:1310,255.83,314.87,23.73,17.45,6.55,0.0
20131025:1410,130.32,171.03,18.96,17.45,5.86,0.0
20131025:1510,240.55,299.06,12.37,16.92,6.28,0.0
20131025:1610,55.88,88.75,4.46,16.39,6.07,0.0
20131025:1710,0.0,0.0,0.0,16.39,6.14,0.0
20131025:1810,0.0,0.0,0.0,15.86,6.28,0.0
20131025:1910,0.0,0.0,0.0,15.33,6.21,0.0
20131025:2010,0.0,0.0,0.0,15.33,6.21,0.0
20131025:2110,0.0,0.0,0.0,15.33,6.07,0.0
20131025:2210,0.0,0.0,0.0,14.8,5.79,0.0
20131025:2310,0.0,0.0,0.0,14.8,5.59,0.0
20131026:0010,0.0,0.0,0.0,14.27,5.38,0.0
20131026:0110,0.0,0.0,0.0,13.74,5.17,0.0
20131026:0210,0.0,0.0,0.0,13.74,5.1,0.0
20131026:0310,0.0,0.0,0.0,13.74,5.31,0.0
20131026:0410,0.0,0.0,0.0,14.27,5.38,0.0
20131026:0510,0.0,0.0,0.0,13.74,5.45,0.0
20131026:0610,0.0,0.0,0.0,13.74,5.59,0.0
20131026:0710,7.94,21.13,3.28,14.8,6.9,0.0
20131026:0810,104.89,140.34,11.28,14.8,8.0,0.0
20131026:0910,170.23,214.33,18.03,15.33,7.45,0.0
20131026:1010,30.04,50.99,23.0,15.33,6.9,0.0
20131026:1110,74.72,105.69,25.71,15.86,7.38,0.0
20131026:1210,442.33,528.62,25.85,16.92,8.48,0.0
20131026:1310,145.9,188.52,23.39,16.92,7.79,0.0
20131026:1410,42.99,67.68,18.64,16.92,7.24,0.0
20131026:1510,71.46,101.92,12.06,16.39,6.9,0.0
20131026:1610,18.0,36.35,4.16,15.33,7.59,0.0
20131026:1710,0.0,0.0,0.0,14.8,6.97,0.0
20131026:1810,0.0,0.0,0.0,14.27,6.9,0.0
20131026:1910,0.0,0.0,0.0,14.27,7.03,0.0
20131026:2010,0.0,0.0,0.0,14.27,7.24,0.0
20131026:2110,0.0,0.0,0.0,14.8,7.59,0.0
20131026:2210,0.0,0.0,0.0,14.8,8.14,0.0
20131026:2310,0.0,0.0,0.0,14.27,8.48,0.0
20131027:0010,0.0,0.0,0.0,14.27,7.86,0.0
20131027:0110,0.0,0.0,0.0,13.74,6.41,0.0
20131027:0210,0.0,0.0,0.0,13.21,5.24,0.0
20131027:0310,0.0,0.0,0.0,12.68,4.76,0.0
20131027:0410,0.0,0.0,0.0,12.68,5.17,0.0
20131027:0510,0.0,0.0,0.0,11.61,5.79,0.0
20131027:0610,0.0,0.0,0.0,11.61,7.31,0.0
20131027:0710,32.12,57.54,3.01,11.61,7.17,0.0
20131027:0810,261.27,316.77,11.0,11.61,6.55,0.0
20131027:0910,435.0,511.13,17.72,12.15,6.69,0.0
20131027:1010,523.65,614.89,22.67,13.21,7.79,0.0
20131027:1110,422.51,499.43,25.37,14.27,8.21,0.0
20131027:1210,380.02,452.08,25.51,15.33,8.9,0.0
20131027:1310,445.83,527.83,23.06,15.33,8.83,0.0
20131027:1410,514.64,606.95,18.32,14.8,9.03,0.0
20131027:1510,99.38,133.39,11.76,14.27,8.9,0.0
20131027:1610,21.44,41.31,3.87,13.74,8.07,0.0
20131027:1710,0.0,0.0,0.0,13.74,7.72,0.0
20131027:1810,0.0,0.0,0.0,13.74,7.38,0.0
20131027:1910,0.0,0.0,0.0,13.21,6.41,0.0
20131027:2010,0.0,0.0,0.0,13.21,5.45,0.0
20131027:2110,0.0,0.0,0.0,12.15,4.76,0.0
20131027:2210,0.0,0.0,0.0,12.15,4.48,0.0
20131027:2310,0.0,0.0,0.0,12.68,6.07,0.0
20131028:0010,0.0,0.0,0.0,13.21,6.55,0.0
20131028:0110,0.0,0.0,0.0,13.21,6.83,0.0
20131028:0210,0.0,0.0,0.0,14.8,7.66,0.0
20131028:0310,0.0,0.0,0.0,15.33,8.41,0.0
20131028:0410,0.0,0.0,0.0,15.33,7.31,0.0
20131028:0510,0.0,0.0,0.0,15.33,6.48,0.0
20131028:0610,0.0,0.0,0.0,15.33,6.21,0.0
20131028:0710,14.87,32.79,2.74,13.74,11.03,0.0
20131028:0810,152.51,192.66,10.71,12.15,10.83,0.0
20131028:0910,307.25,363.58,17.42,11.61,7.31,0.0
20131028:1010,87.28,118.31,22.35,11.61,7.66,0.0
20131028:1110,47.77,72.31,25.04,12.68,8.69,0.0
20131028:1210,212.54,260.28,25.17,13.21,7.52,0.0
20131028:1310,62.96,90.86,22.73,13.74,8.0,0.0
20131028:1410,24.6,43.57,18.0,13.21,7.66,0.0
20131028:1510,3.45,12.98,11.46,12.68,6.62,0.0
20131028:1610,68.42,104.51,3.59,11.61,6.48,0.0
20131028:1710,0.0,0.0,0.0,11.61,5.93,0.0
20131028:1810,0.0,0.0,0.0,10.55,5.66,0.0
20131028:1910,0.0,0.0,0.0,10.02,5.1,0.0
20131028:2010,0.0,0.0,0.0,10.02,4.97,0.0
20131028:2110,0.0,0.0,0.0,9.49,4.9,0.0
20131028:2210,0.0,0.0,0.0,9.49,4.9,0.0
20131028:2310,0.0,0.0,0.0,9.49,4.9,0.0
20131029:0010,0.0,0.0,0.0,8.96,4.9,0.0
20131029:0110,0.0,0.0,0.0,8.96,4.97,0.0
20131029:0210,0.0,0.0,0.0,8.96,4.9,0.0
20131029:0310,0.0,0.0,0.0,8.43,4.69,0.0
20131029:0410,0.0,0.0,0.0,8.43,4.41,0.0
20131029:0510,0.0,0.0,0.0,7.9,4.21,0.0
20131029:0610,0.0,0.0,0.0,7.9,3.86,0.0
20131029:0710,25.15,47.48,2.47,7.37,4.0,0.0
20131029:0810,258.16,310.12,10.43,7.9,4.07,0.0
20131029:0910,450.59,528.73,17.11,9.49,4.0,0.0
20131029:1010,473.72,552.97,22.03,10.55,5.93,0.0
20131029:1110,165.01,205.86,24.71,11.09,5.38,0.0
20131029:1210,236.02,285.79,24.84,11.61,4.97,0.0
20131029:1310,461.67,543.42,22.4,11.61,5.17,0.0
20131029:1410,225.38,272.94,17.69,11.61,5.38,0.0
20131029:1510,117.08,152.63,11.16,11.61,4.69,0.0
20131029:1610,42.07,69.88,3.31,10.55,3.93,0.0
20131029:1710,0.0,0.0,0.0,9.49,3.59,0.0
20131029:1810,0.0,0.0,0.0,8.43,3.59,0.0
20131029:1910,0.0,0.0,0.0,8.43,3.59,0.0
20131029:2010,0.0,0.0,0.0,7.37,3.52,0.0
20131029:2110,0.0,0.0,0.0,6.84,3.38,0.0
20131029:2210,0.0,0.0,0.0,6.31,3.1,0.0
20131029:2310,0.0,0.0,0.0,6.31,2.97,0.0
20131030:0010,0.0,0.0,0.0,5.78,3.03,0.0
20131030:0110,0.0,0.0,0.0,5.25,2.9,0.0
20131030:0210,0.0,0.0,0.0,5.25,2.83,0.0
20131030:0310,0.0,0.0,0.0,4.72,2.69,0.0
20131030:0410,0.0,0.0,0.0,4.19,2.62,0.0
20131030:0510,0.0,0.0,0.0,4.19,2.55,0.0
20131030:0610,0.0,0.0,0.0,3.66,2.48,0.0
20131030:0710,2.12,10.2,2.21,3.66,2.41,0.0
20131030:0810,250.51,299.21,10.15,4.72,2.21,0.0
20131030:0910,434.95,511.72,16.81,7.37,2.07,0.0
20131030:1010,550.96,656.97,21.71,10.02,2.55,0.0
20131030:1110,660.62,796.96,24.38,11.61,3.24,0.0
20131030:1210,682.01,822.32,24.51,12.68,4.07,0.0
20131030:1310,90.29,122.69,22.08,13.21,5.52,0.0
20131030:1410,52.77,78.8,17.38,13.74,4.48,0.0
20131030:1510,256.37,314.23,10.87,13.21,4.41,0.0
20131030:1610,38.35,65.74,3.04,12.68,4.41,0.0
20131030:1710,0.0,0.0,0.0,11.61,4.55,0.0
20131030:1810,0.0,0.0,0.0,11.61,4.76,0.0
20131030:1910,0.0,0.0,0.0,11.61,5.03,0.0
20131030:2010,0.0,0.0,0.0,11.61,5.31,0.0
20131030:2110,0.0,0.0,0.0,12.15,5.59,0.0
20131030:2210,0.0,0.0,0.0,12.15,5.79,0.0
20131030:2310,0.0,0.0,0.0,12.68,6.07,0.0
20131031:0010,0.0,0.0,0.0,12.68,6.21,0.0
20131031:0110,0.0,0.0,0.0,12.68,6.28,0.0
20131031:0210,0.0,0.0,0.0,12.68,6.14,0.0
20131031:0310,0.0,0.0,0.0,12.68,5.86,0.0
20131031:0410,0.0,0.0,0.0,12.15,4.97,0.0
20131031:0510,0.0,0.0,0.0,12.15,4.34,0.0
20131031:0610,0.0,0.0,0.0,12.15,4.28,0.0
20131031:0710,0.0,0.0,0.0,12.15,3.72,0.0
20131031:0810,5.07,15.76,9.87,12.15,3.38,0.0
20131031:0910,24.7,43.57,16.52,12.15,3.1,0.0
20131031:1010,49.25,74.17,21.4,12.15,2.55,0.0
20131031:1110,46.83,71.39,24.05,12.68,2.69,0.0
20131031:1210,129.26,167.57,24.18,12.68,2.9,0.0
20131031:1310,83.98,115.6,21.76,13.21,3.79,0.0
20131031:1410,49.07,74.17,17.08,13.21,4.41,0.0
20131031:1510,25.35,44.5,10.59,12.68,3.93,0.0
20131031:1610,10.92,26.14,2.77,12.15,3.86,0.0
20131031:1710,0.0,0.0,0.0,11.61,3.86,0.0
20131031:1810,0.0,0.0,0.0,11.61,4.0,0.0
20131031:1910,0.0,0.0,0.0,11.61,4.34,0.0
20131031:2010,0.0,0.0,0.0,11.61,4.55,0.0
20131031:2110,0.0,0.0,0.0,11.61,4.62,0.0
20131031:2210,0.0,0.0,0.0,11.61,4.62,0.0
20131031:2310,0.0,0.0,0.0,11.61,4.41,0.0
20131101:0010,0.0,0.0,0.0,11.61,4.48,0.0
20131101:0110,0.0,0.0,0.0,12.15,5.03,0.0
20131101:0210,0.0,0.0,0.0,11.61,5.52,0.0
20131101:0310,0.0,0.0,0.0,11.61,5.31,0.0
20131101:0410,0.0,0.0,0.0,11.61,4.76,0.0
20131101:0510,0.0,0.0,0.0,11.61,3.86,0.0
20131101:0610,0.0,0.0,0.0,11.61,3.03,0.0
20131101:0710,0.0,0.0,0.0,11.09,2.69,0.0
20131101:0810,46.49,70.55,9.59,11.09,2.48,0.0
20131101:0910,57.93,84.33,16.22,11.61,2.83,0.0
20131101:1010,180.0,224.19,21.09,12.68,3.93,0.0
20131101:1110,197.94,244.97,23.73,13.21,4.62,0.0
20131101:1210,230.2,281.85,23.86,13.21,3.93,0.0
20131101:1310,146.08,186.08,21.45,12.68,3.93,0.0
20131101:1410,157.67,199.01,16.78,13.21,4.41,0.0
20131101:1510,73.58,103.11,10.31,12.68,4.07,0.0
20131101:1610,15.58,33.65,2.5,12.15,3.24,0.0
20131101:1710,0.0,0.0,0.0,11.61,2.9,0.0
20131101:1810,0.0,0.0,0.0,11.61,2.48,0.0
20131101:1910,0.0,0.0,0.0,11.61,2.0,0.0
20131101:2010,0.0,0.0,0.0,11.09,1.72,0.0
20131101:2110,0.0,0.0,0.0,11.09,1.86,0.0
20131101:2210,0.0,0.0,0.0,11.09,1.93,0.0
20131101:2310,0.0,0.0,0.0,11.09,2.0,0.0
20131102:0010,0.0,0.0,0.0,11.09,1.86,0.0
20131102:0110,0.0,0.0,0.0,11.09,1.31,0.0
20131102:0210,0.0,0.0,0.0,11.09,1.24,0.0
20131102:0310,0.0,0.0,0.0,11.09,1.03,0.0
20131102:0410,0.0,0.0,0.0,11.09,0.83,0.0
20131102:0510,0.0,0.0,0.0,10.55,1.24,0.0
20131102:0610,0.0,0.0,0.0,10.55,1.24,0.0
20131102:0710,0.0,0.0,0.0,10.55,1.17,0.0
20131102:0810,57.67,83.79,9.31,10.55,2.55,0.0
20131102:0910,210.65,256.56,15.92,11.09,4.07,0.0
20131102:1010,300.12,357.22,20.78,11.61,5.1,0.0
20131102:1110,166.82,209.03,23.41,12.68,5.79,0.0
20131102:1210,244.46,297.81,23.54,13.74,5.03,0.0
20131102:1310,268.58,323.43,21.14,14.27,8.41,0.0
20131102:1410,63.76,91.77,16.49,13.74,6.9,0.0
20131102:1510,294.49,356.55,10.03,13.21,7.45,0.0
20131102:1610,2.45,11.13,2.24,12.68,7.66,0.0
20131102:1710,0.0,0.0,0.0,11.61,7.93,0.0
20131102:1810,0.0,0.0,0.0,11.61,8.14,0.0
20131102:1910,0.0,0.0,0.0,11.09,8.34,0.0
20131102:2010,0.0,0.0,0.0,10.55,8.55,0.0
20131102:2110,0.0,0.0,0.0,10.02,8.28,0.0
20131102:2210,0.0,0.0,0.0,10.02,7.66,0.0
20131102:2310,0.0,0.0,0.0,9.49,7.38,0.0
20131103:0010,0.0,0.0,0.0,8.96,6.97,0.0
20131103:0110,0.0,0.0,0.0,8.96,6.41,0.0
20131103:0210,0.0,0.0,0.0,8.43,6.07,0.0
20131103:0310,0.0,0.0,0.0,7.9,5.93,0.0
20131103:0410,0.0,0.0,0.0,7.37,5.79,0.0
20131103:0510,0.0,0.0,0.0,7.37,5.79,0.0
20131103:0610,0.0,0.0,0.0,6.84,5.79,0.0
20131103:0710,0.0,0.0,0.0,6.84,6.07,0.0
20131103:0810,277.69,330.85,9.04,7.37,6.0,0.0
20131103:0910,477.48,553.54,15.63,7.9,5.03,0.0
20131103:1010,607.88,706.11,20.47,9.49,6.48,0.0
20131103:1110,578.44,672.18,23.1,10.55,7.52,0.0
20131103:1210,370.71,434.21,23.23,11.09,7.24,0.0
20131103:1310,377.77,442.27,20.84,11.09,6.9,0.0
20131103:1410,465.46,544.64,16.2,11.61,6.97,0.0
20131103:1510,320.81,384.07,9.76,10.55,5.86,0.0
20131103:1610,0.0,0.0,0.0,10.02,4.83,0.0
20131103:1710,0.0,0.0,0.0,8.96,4.14,0.0
20131103:1810,0.0,0.0,0.0,8.43,3.52,0.0
20131103:1910,0.0,0.0,0.0,8.43,2.83,0.0
20131103:2010,0.0,0.0,0.0,8.43,2.41,0.0
20131103:2110,0.0,0.0,0.0,7.9,2.69,0.0
20131103:2210,0.0,0.0,0.0,7.9,3.38,0.0
20131103:2310,0.0,0.0,0.0,8.43,4.34,0.0
20131104:0010,0.0,0.0,0.0,8.96,3.72,0.0
20131104:0110,0.0,0.0,0.0,9.49,1.45,0.0
20131104:0210,0.0,0.0,0.0,9.49,2.0,0.0
20131104:0310,0.0,0.0,0.0,8.43,4.41,0.0
20131104:0410,0.0,0.0,0.0,6.84,5.24,0.0
20131104:0510,0.0,0.0,0.0,5.78,6.28,0.0
20131104:0610,0.0,0.0,0.0,5.78,5.52,0.0
20131104:0710,0.0,0.0,0.0,6.31,4.97,0.0
20131104:0810,268.33,319.71,8.76,6.31,4.9,0.0
20131104:0910,473.08,546.2,15.34,6.31,4.34,0.0
20131104:1010,639.75,740.45,20.17,6.31,4.69,0.0
20131104:1110,690.4,807.25,22.79,7.37,4.62,0.0
20131104:1210,706.99,832.02,22.92,8.43,4.62,0.0
20131104:1310,621.56,726.38,20.54,8.96,5.03,0.0
20131104:1410,356.12,416.34,15.92,9.49,5.72,0.0
20131104:1510,210.46,257.06,9.5,9.49,4.76,0.0
20131104:1610,0.0,0.0,0.0,8.96,3.66,0.0
20131104:1710,0.0,0.0,0.0,7.9,3.45,0.0
20131104:1810,0.0,0.0,0.0,6.84,3.03,0.0
20131104:1910,0.0,0.0,0.0,6.31,3.03,0.0
20131104:2010,0.0,0.0,0.0,5.25,2.9,0.0
20131104:2110,0.0,0.0,0.0,4.72,2.76,0.0
20131104:2210,0.0,0.0,0.0,4.19,2.69,0.0
20131104:2310,0.0,0.0,0.0,3.66,2.55,0.0
20131105:0010,0.0,0.0,0.0,3.13,2.34,0.0
20131105:0110,0.0,0.0,0.0,2.6,2.34,0.0
20131105:0210,0.0,0.0,0.0,2.6,2.14,0.0
20131105:0310,0.0,0.0,0.0,3.66,1.93,0.0
20131105:0410,0.0,0.0,0.0,4.72,2.0,0.0
20131105:0510,0.0,0.0,0.0,4.72,2.07,0.0
20131105:0610,0.0,0.0,0.0,5.78,1.93,0.0
20131105:0710,0.0,0.0,0.0,7.9,3.59,0.0
20131105:0810,38.22,59.8,8.49,8.43,4.21,0.0
20131105:0910,25.78,44.5,15.06,9.49,4.34,0.0
20131105:1010,39.09,61.19,19.87,10.02,4.34,0.0
20131105:1110,21.41,38.94,22.48,10.02,4.55,0.0
20131105:1210,556.59,651.1,22.61,10.55,5.79,0.0
20131105:1310,155.03,194.33,20.24,11.61,6.69,0.0
20131105:1410,24.88,43.57,15.64,11.09,7.72,0.0
20131105:1510,219.45,268.12,9.23,11.09,7.1,0.0
20131105:1610,0.0,0.0,0.0,10.55,6.48,0.0
20131105:1710,0.0,0.0,0.0,9.49,5.59,0.0
20131105:1810,0.0,0.0,0.0,8.96,4.97,0.0
20131105:1910,0.0,0.0,0.0,8.96,5.17,0.0
20131105:2010,0.0,0.0,0.0,8.43,5.03,0.0
20131105:2110,0.0,0.0,0.0,8.43,4.69,0.0
20131105:2210,0.0,0.0,0.0,7.9,4.55,0.0
20131105:2310,0.0,0.0,0.0,7.9,4.21,0.0
20131106:0010,0.0,0.0,0.0,7.37,3.86,0.0
20131106:0110,0.0,0.0,0.0,7.9,3.66,0.0
20131106:0210,0.0,0.0,0.0,7.9,3.72,0.0
20131106:0310,0.0,0.0,0.0,7.37,3.72,0.0
20131106:0410,0.0,0.0,0.0,7.37,3.59,0.0
20131106:0510,0.0,0.0,0.0,7.37,3.52,0.0
20131106:0610,0.0,0.0,0.0,7.9,3.31,0.0
20131106:0710,0.0,0.0,0.0,8.96,3.03,0.0
20131106:0810,0.0,0.0,0.0,8.96,2.62,0.0
20131106:0910,0.0,0.0,0.0,9.49,2.0,0.0
20131106:1010,36.74,58.41,19.57,10.02,1.45,0.0
20131106:1110,47.27,71.39,22.18,10.55,1.52,0.0
20131106:1210,29.22,49.14,22.31,10.55,1.24,0.0
20131106:1310,35.81,57.48,19.95,11.09,2.0,0.0
20131106:1410,7.4,19.47,15.37,11.61,3.1,0.0
20131106:1510,33.44,54.77,8.98,12.68,5.45,0.0
20131106:1610,0.0,0.0,0.0,13.21,6.76,0.0
20131106:1710,0.0,0.0,0.0,13.21,6.62,0.0
20131106:1810,0.0,0.0,0.0,13.21,6.48,0.0
20131106:1910,0.0,0.0,0.0,13.21,7.17,0.0
20131106:2010,0.0,0.0,0.0,13.74,7.52,0.0
20131106:2110,0.0,0.0,0.0,13.74,7.72,0.0
20131106:2210,0.0,0.0,0.0,14.27,7.72,0.0
20131106:2310,0.0,0.0,0.0,14.27,7.31,0.0
20131107:0010,0.0,0.0,0.0,14.27,6.76,0.0
20131107:0110,0.0,0.0,0.0,13.74,5.59,0.0
20131107:0210,0.0,0.0,0.0,12.68,4.21,0.0
20131107:0310,0.0,0.0,0.0,11.61,3.45,0.0
20131107:0410,0.0,0.0,0.0,11.61,2.97,0.0
20131107:0510,0.0,0.0,0.0,10.55,2.76,0.0
20131107:0610,0.0,0.0,0.0,10.55,2.69,0.0
20131107:0710,0.0,0.0,0.0,9.49,2.14,0.0
20131107:0810,114.56,149.47,7.95,8.96,2.07,0.0
20131107:0910,476.71,567.21,14.49,9.49,2.21,0.0
20131107:1010,210.77,256.48,19.28,10.02,2.62,0.0
20131107:1110,197.84,242.89,21.88,10.55,2.69,0.0
20131107:1210,203.87,250.15,22.01,11.09,2.83,0.0
20131107:1310,292.89,350.7,19.67,11.09,2.9,0.0
20131107:1410,79.2,108.84,15.1,11.09,3.03,0.0
20131107:1510,22.75,40.79,8.73,10.55,2.48,0.0
20131107:1610,0.0,0.0,0.0,10.02,2.28,0.0
20131107:1710,0.0,0.0,0.0,8.96,2.07,0.0
20131107:1810,0.0,0.0,0.0,8.43,2.41,0.0
20131107:1910,0.0,0.0,0.0,8.43,2.62,0.0
20131107:2010,0.0,0.0,0.0,7.9,2.76,0.0
20131107:2110,0.0,0.0,0.0,7.9,2.76,0.0
20131107:2210,0.0,0.0,0.0,7.9,2.62,0.0
20131107:2310,0.0,0.0,0.0,7.37,2.55,0.0
20131108:0010,0.0,0.0,0.0,6.84,2.69,0.0
20131108:0110,0.0,0.0,0.0,6.31,2.69,0.0
20131108:0210,0.0,0.0,0.0,5.78,2.62,0.0
20131108:0310,0.0,0.0,0.0,5.78,2.48,0.0
20131108:0410,0.0,0.0,0.0,5.25,2.34,0.0
20131108:0510,0.0,0.0,0.0,4.72,2.41,0.0
20131108:0610,0.0,0.0,0.0,4.19,2.41,0.0
20131108:0710,0.0,0.0,0.0,4.72,2.21,0.0
20131108:0810,62.47,87.81,7.69,5.25,2.0,0.0
20131108:0910,117.64,150.47,14.21,7.37,1.79,0.0
20131108:1010,108.82,142.16,18.99,9.49,2.07,0.0
20131108:1110,394.78,470.39,21.58,10.55,2.14,0.0
20131108:1210,263.01,317.31,21.72,10.55,2.0,0.0
20131108:1310,449.76,536.69,19.39,11.09,2.34,0.0
20131108:1410,177.99,220.63,14.84,11.09,2.48,0.0
20131108:1510,22.1,39.87,8.49,10.02,2.55,0.0
20131108:1610,0.0,0.0,0.0,9.49,2.41,0.0
20131108:1710,0.0,0.0,0.0,8.96,3.66,0.0
20131108:1810,0.0,0.0,0.0,7.9,4.62,0.0
20131108:1910,0.0,0.0,0.0,7.37,4.07,0.0
20131108:2010,0.0,0.0,0.0,6.84,4.07,0.0
20131108:2110,0.0,0.0,0.0,6.84,4.21,0.0
20131108:2210,0.0,0.0,0.0,6.31,4.14,0.0
20131108:2310,0.0,0.0,0.0,5.78,4.34,0.0
20131109:0010,0.0,0.0,0.0,5.25,4.34,0.0
20131109:0110,0.0,0.0,0.0,5.25,4.14,0.0
20131109:0210,0.0,0.0,0.0,4.72,3.93,0.0
20131109:0310,0.0,0.0,0.0,4.72,3.66,0.0
20131109:0410,0.0,0.0,0.0,4.19,3.38,0.0
20131109:0510,0.0,0.0,0.0,3.66,3.24,0.0
20131109:0610,0.0,0.0,0.0,3.66,3.1,0.0
20131109:0710,0.0,0.0,0.0,3.13,2.76,0.0
20131109:0810,16.39,31.52,7.42,3.66,2.55,0.0
20131109:0910,92.75,121.76,13.94,5.78,2.07,0.0
20131109:1010,11.37,25.03,18.7,7.37,2.0,0.0
20131109:1110,31.86,51.92,21.29,7.9,1.45,0.0
20131109:1210,37.86,59.33,21.44,7.9,0.9,0.0
20131109:1310,47.96,71.39,19.12,7.37,0.62,0.0
20131109:1410,110.22,141.51,14.58,6.31,2.0,0.0
20131109:1510,105.19,136.76,8.25,6.31,2.34,0.0
20131109:1610,0.0,0.0,0.0,5.78,2.69,0.0
20131109:1710,0.0,0.0,0.0,5.78,3.17,0.0
20131109:1810,0.0,0.0,0.0,5.78,3.17,0.0
20131109:1910,0.0,0.0,0.0,4.72,2.69,0.0
20131109:2010,0.0,0.0,0.0,4.72,2.62,0.0
20131109:2110,0.0,0.0,0.0,4.72,2.55,0.0
20131109:2210,0.0,0.0,0.0,4.72,2.21,0.0
20131109:2310,0.0,0.0,0.0,5.25,1.93,0.0
20131110:0010,0.0,0.0,0.0,5.25,1.45,0.0
20131110:0110,0.0,0.0,0.0,5.78,1.93,0.0
20131110:0210,0.0,0.0,0.0,5.78,2.62,0.0
20131110:0310,0.0,0.0,0.0,6.31,3.1,0.0
20131110:0410,0.0,0.0,0.0,5.78,3.72,0.0
20131110:0510,0.0,0.0,0.0,4.72,4.14,0.0
20131110:0610,0.0,0.0,0.0,3.66,4.07,0.0
20131110:0710,0.0,0.0,0.0,3.66,4.07,0.0
20131110:0810,169.0,206.58,7.16,3.66,4.07,0.0
20131110:0910,437.78,502.48,13.66,4.19,3.66,0.0
20131110:1010,595.57,686.89,18.42,5.78,4.41,0.0
20131110:1110,648.28,752.56,21.01,6.84,4.76,0.0
20131110:1210,663.27,773.19,21.16,7.37,4.69,0.0
20131110:1310,555.16,646.93,18.85,8.43,4.48,0.0
20131110:1410,464.68,542.66,14.33,8.43,4.0,0.0
20131110:1510,247.37,300.01,8.01,8.43,2.9,0.0
20131110:1610,0.0,0.0,0.0,7.37,2.28,0.0
20131110:1710,0.0,0.0,0.0,5.25,2.0,0.0
20131110:1810,0.0,0.0,0.0,3.66,1.93,0.0
20131110:1910,0.0,0.0,0.0,3.13,1.59,0.0
20131110:2010,0.0,0.0,0.0,2.07,1.66,0.0
20131110:2110,0.0,0.0,0.0,1.54,1.79,0.0
20131110:2210,0.0,0.0,0.0,1.01,2.0,0.0
20131110:2310,0.0,0.0,0.0,1.01,2.07,0.0
20131111:0010,0.0,0.0,0.0,1.01,2.34,0.0
20131111:0110,0.0,0.0,0.0,2.07,2.62,0.0
20131111:0210,0.0,0.0,0.0,3.13,3.03,0.0
20131111:0310,0.0,0.0,0.0,4.19,3.38,0.0
20131111:0410,0.0,0.0,0.0,5.78,3.72,0.0
20131111:0510,0.0,0.0,0.0,7.37,4.21,0.0
20131111:0610,0.0,0.0,0.0,8.43,4.69,0.0
20131111:0710,0.0,0.0,0.0,8.96,5.17,0.0
20131111:0810,21.42,38.83,6.9,8.96,5.31,0.0
20131111:0910,81.7,110.39,13.39,8.96,5.52,0.0
20131111:1010,110.34,143.09,18.14,9.49,5.72,0.0
20131111:1110,88.94,119.48,20.72,10.02,5.79,0.0
20131111:1210,17.87,34.3,20.88,10.55,5.66,0.0
20131111:1310,22.07,39.87,18.58,10.55,5.45,0.0
20131111:1410,73.75,102.29,14.08,11.09,4.97,0.0
20131111:1510,46.12,70.03,7.79,11.09,4.41,0.0
20131111:1610,0.0,0.0,0.0,11.61,3.93,0.0
20131111:1710,0.0,0.0,0.0,11.61,3.38,0.0
20131111:1810,0.0,0.0,0.0,11.61,2.9,0.0
20131111:1910,0.0,0.0,0.0,11.61,2.9,0.0
20131111:2010,0.0,0.0,0.0,11.61,2.62,0.0
20131111:2110,0.0,0.0,0.0,11.61,2.34,0.0
20131111:2210,0.0,0.0,0.0,11.61,2.28,0.0
20131111:2310,0.0,0.0,0.0,11.61,2.21,0.0
20131112:0010,0.0,0.0,0.0,11.61,2.14,0.0
20131112:0110,0.0,0.0,0.0,11.61,2.41,0.0
20131112:0210,0.0,0.0,0.0,12.15,2.76,0.0
20131112:0310,0.0,0.0,0.0,11.61,2.9,0.0
20131112:0410,0.0,0.0,0.0,11.61,2.76,0.0
20131112:0510,0.0,0.0,0.0,11.61,2.48,0.0
20131112:0610,0.0,0.0,0.0,11.61,2.83,0.0
20131112:0710,0.0,0.0,0.0,11.61,3.17,0.0
20131112:0810,9.91,23.18,6.65,10.55,3.17,0.0
20131112:0910,8.69,21.32,13.13,10.02,2.69,0.0
20131112:1010,438.18,518.23,17.86,9.49,2.41,0.0
20131112:1110,448.57,532.74,20.45,10.02,2.28,0.0
20131112:1210,418.25,495.49,20.61,11.09,3.31,0.0
20131112:1310,113.56,147.96,18.33,11.09,3.79,0.0
20131112:1410,62.57,89.42,13.84,11.09,3.72,0.0
20131112:1510,87.0,118.07,7.56,10.55,3.52,0.0
20131112:1610,0.0,0.0,0.0,10.02,3.24,0.0
20131112:1710,0.0,0.0,0.0,8.43,3.03,0.0
20131112:1810,0.0,0.0,0.0,7.9,2.97,0.0
20131112:1910,0.0,0.0,0.0,6.84,2.62,0.0
20131112:2010,0.0,0.0,0.0,6.31,2.97,0.0
20131112:2110,0.0,0.0,0.0,5.78,2.76,0.0
20131112:2210,0.0,0.0,0.0,4.72,2.76,0.0
20131112:2310,0.0,0.0,0.0,4.19,2.69,0.0
20131113:0010,0.0,0.0,0.0,3.66,2.55,0.0
20131113:0110,0.0,0.0,0.0,3.13,2.34,0.0
20131113:0210,0.0,0.0,0.0,2.6,2.41,0.0
20131113:0310,0.0,0.0,0.0,2.07,2.28,0.0
20131113:0410,0.0,0.0,0.0,1.54,2.14,0.0
20131113:0510,0.0,0.0,0.0,1.54,2.14,0.0
20131113:0610,0.0,0.0,0.0,1.01,1.86,0.0
20131113:0710,0.0,0.0,0.0,1.01,1.72,0.0
20131113:0810,144.84,178.96,6.4,1.01,1.66,0.0
20131113:0910,388.29,451.51,12.86,3.13,1.1,0.0
20131113:1010,522.04,616.6,17.59,5.78,1.24,0.0
20131113:1110,532.6,636.07,20.18,7.37,1.1,0.0
20131113:1210,565.26,677.96,20.34,8.96,1.66,0.0
20131113:1310,467.2,554.04,18.07,9.49,2.21,0.0
20131113:1410,356.96,422.5,13.61,9.49,2.69,0.0
20131113:1510,215.58,264.56,7.35,8.96,2.69,0.0
20131113:1610,0.0,0.0,0.0,7.9,2.97,0.0
20131113:1710,0.0,0.0,0.0,6.84,3.24,0.0
20131113:1810,0.0,0.0,0.0,6.31,3.17,0.0
20131113:1910,0.0,0.0,0.0,5.78,2.83,0.0
20131113:2010,0.0,0.0,0.0,5.78,3.31,0.0
20131113:2110,0.0,0.0,0.0,5.25,3.66,0.0
20131113:2210,0.0,0.0,0.0,5.78,4.07,0.0
20131113:2310,0.0,0.0,0.0,5.78,4.34,0.0
20131114:0010,0.0,0.0,0.0,6.31,4.55,0.0
20131114:0110,0.0,0.0,0.0,6.84,4.83,0.0
20131114:0210,0.0,0.0,0.0,7.37,4.62,0.0
20131114:0310,0.0,0.0,0.0,7.37,4.21,0.0
20131114:0410,0.0,0.0,0.0,7.37,4.55,0.0
20131114:0510,0.0,0.0,0.0,7.37,4.83,0.0
20131114:0610,0.0,0.0,0.0,7.37,5.1,0.0
20131114:0710,0.0,0.0,0.0,6.84,5.24,0.0
20131114:0810,191.66,234.58,6.15,6.31,5.45,0.0
20131114:0910,394.86,455.38,12.6,6.84,5.72,0.0
20131114:1010,529.79,612.32,17.33,7.9,5.31,0.0
20131114:1110,277.44,325.72,19.91,8.96,7.59,0.0
20131114:1210,238.47,282.89,20.08,8.96,8.0,0.0
20131114:1310,295.23,346.4,17.83,9.49,6.83,0.0
20131114:1410,179.27,218.38,13.38,8.96,5.93,0.0
20131114:1510,80.34,109.44,7.14,8.96,6.07,0.0
20131114:1610,0.0,0.0,0.0,7.9,5.52,0.0
20131114:1710,0.0,0.0,0.0,7.37,4.97,0.0
20131114:1810,0.0,0.0,0.0,6.31,4.62,0.0
20131114:1910,0.0,0.0,0.0,5.78,4.62,0.0
20131114:2010,0.0,0.0,0.0,5.25,4.48,0.0
20131114:2110,0.0,0.0,0.0,5.25,4.21,0.0
20131114:2210,0.0,0.0,0.0,4.72,4.14,0.0
20131114:2310,0.0,0.0,0.0,4.19,4.07,0.0
20131115:0010,0.0,0.0,0.0,4.19,4.14,0.0
20131115:0110,0.0,0.0,0.0,4.19,4.34,0.0
20131115:0210,0.0,0.0,0.0,3.66,4.28,0.0
20131115:0310,0.0,0.0,0.0,3.66,4.07,0.0
20131115:0410,0.0,0.0,0.0,3.13,4.07,0.0
20131115:0510,0.0,0.0,0.0,3.13,4.0,0.0
20131115:0610,0.0,0.0,0.0,2.6,3.86,0.0
20131115:0710,0.0,0.0,0.0,2.6,3.93,0.0
20131115:0810,149.77,185.04,5.9,2.6,3.93,0.0
20131115:0910,401.6,461.05,12.35,3.66,3.31,0.0
20131115:1010,560.09,646.7,17.07,5.25,3.59,0.0
20131115:1110,599.62,697.71,19.65,6.84,3.93,0.0
20131115:1210,619.03,726.34,19.83,7.9,3.72,0.0
20131115:1310,557.17,651.56,17.59,8.43,3.93,0.0
20131115:1410,370.35,434.7,13.16,8.43,3.24,0.0
20131115:1510,235.26,286.49,6.94,7.9,2.34,0.0
20131115:1610,0.0,0.0,0.0,6.84,2.21,0.0
20131115:1710,0.0,0.0,0.0,5.25,2.41,0.0
20131115:1810,0.0,0.0,0.0,4.19,2.34,0.0
20131115:1910,0.0,0.0,0.0,3.66,2.14,0.0
20131115:2010,0.0,0.0,0.0,2.6,1.72,0.0
20131115:2110,0.0,0.0,0.0,3.13,1.31,0.0
20131115:2210,0.0,0.0,0.0,3.66,1.03,0.0
20131115:2310,0.0,0.0,0.0,3.13,1.1,0.0
20131116:0010,0.0,0.0,0.0,1.54,1.31,0.0
20131116:0110,0.0,0.0,0.0,1.01,1.38,0.0
20131116:0210,0.0,0.0,0.0,1.01,0.83,0.0
20131116:0310,0.0,0.0,0.0,1.01,1.31,0.0
20131116:0410,0.0,0.0,0.0,0.48,1.79,0.0
20131116:0510,0.0,0.0,0.0,-0.04,1.1,0.0
20131116:0610,0.0,0.0,0.0,-0.04,1.72,0.0
20131116:0710,0.0,0.0,0.0,0.48,1.45,0.0
20131116:0810,74.97,100.85,5.66,0.48,1.52,0.0
20131116:0910,370.14,427.61,12.1,2.07,1.31,0.0
20131116:1010,533.39,627.89,16.81,4.72,1.17,0.0
20131116:1110,576.09,684.87,19.39,6.84,1.59,0.0
20131116:1210,602.87,720.73,19.58,7.9,1.79,0.0
20131116:1310,469.28,554.65,17.35,8.43,2.0,0.0
20131116:1410,107.3,139.33,12.94,8.43,2.0,0.0
20131116:1510,169.97,212.74,6.74,8.43,1.52,0.0
20131116:1610,0.0,0.0,0.0,7.37,1.72,0.0
20131116:1710,0.0,0.0,0.0,5.78,1.86,0.0
20131116:1810,0.0,0.0,0.0,5.78,1.93,0.0
20131116:1910,0.0,0.0,0.0,5.78,1.52,0.0
20131116:2010,0.0,0.0,0.0,5.78,1.38,0.0
20131116:2110,0.0,0.0,0.0,5.25,1.45,0.0
20131116:2210,0.0,0.0,0.0,4.72,1.59,0.0
20131116:2310,0.0,0.0,0.0,4.19,1.66,0.0
20131117:0010,0.0,0.0,0.0,4.19,1.86,0.0
20131117:0110,0.0,0.0,0.0,3.66,2.0,0.0
20131117:0210,0.0,0.0,0.0,3.66,1.93,0.0
20131117:0310,0.0,0.0,0.0,3.13,1.79,0.0
20131117:0410,0.0,0.0,0.0,3.13,1.59,0.0
20131117:0510,0.0,0.0,0.0,2.6,1.66,0.0
20131117:0610,0.0,0.0,0.0,3.13,1.66,0.0
20131117:0710,0.0,0.0,0.0,3.66,1.59,0.0
20131117:0810,16.13,31.31,5.42,4.19,1.52,0.0
20131117:0910,29.94,49.14,11.85,5.78,1.45,0.0
20131117:1010,56.83,81.59,16.55,6.84,2.0,0.0
20131117:1110,55.87,80.66,19.14,7.37,1.66,0.0
20131117:1210,44.79,67.68,19.33,7.9,1.38,0.0
20131117:1310,32.52,52.85,17.12,8.43,1.45,0.0
20131117:1410,30.2,50.06,12.73,8.96,1.38,0.0
20131117:1510,26.4,45.22,6.55,8.43,1.1,0.0
20131117:1610,0.0,0.0,0.0,7.9,1.59,0.0
20131117:1710,0.0,0.0,0.0,7.9,1.72,0.0
20131117:1810,0.0,0.0,0.0,7.37,1.72,0.0
20131117:1910,0.0,0.0,0.0,7.37,1.45,0.0
20131117:2010,0.0,0.0,0.0,7.37,1.31,0.0
20131117:2110,0.0,0.0,0.0,7.37,1.03,0.0
20131117:2210,0.0,0.0,0.0,7.37,0.9,0.0
20131117:2310,0.0,0.0,0.0,7.37,0.69,0.0
20131118:0010,0.0,0.0,0.0,7.37,0.55,0.0
20131118:0110,0.0,0.0,0.0,7.37,0.48,0.0
20131118:0210,0.0,0.0,0.0,7.9,0.28,0.0
20131118:0310,0.0,0.0,0.0,7.37,0.55,0.0
20131118:0410,0.0,0.0,0.0,7.37,0.76,0.0
20131118:0510,0.0,0.0,0.0,7.37,0.9,0.0
20131118:0610,0.0,0.0,0.0,7.37,0.97,0.0
20131118:0710,0.0,0.0,0.0,7.37,1.03,0.0
20131118:0810,2.06,10.2,5.18,7.37,1.45,0.0
20131118:0910,76.37,103.88,11.6,7.37,1.86,0.0
20131118:1010,105.45,137.19,16.31,7.9,1.93,0.0
20131118:1110,53.41,77.88,18.89,7.9,2.28,0.0
20131118:1210,97.43,128.63,19.09,8.43,2.55,0.0
20131118:1310,43.07,65.82,16.9,8.96,2.55,0.0
20131118:1410,53.72,78.4,12.53,8.96,2.48,0.0
20131118:1510,20.41,37.53,6.36,8.96,1.72,0.0
20131118:1610,0.0,0.0,0.0,8.43,1.79,0.0
20131118:1710,0.0,0.0,0.0,7.9,2.0,0.0
20131118:1810,0.0,0.0,0.0,7.9,2.14,0.0
20131118:1910,0.0,0.0,0.0,8.43,2.9,0.0
20131118:2010,0.0,0.0,0.0,7.9,3.17,0.0
20131118:2110,0.0,0.0,0.0,7.9,3.31,0.0
20131118:2210,0.0,0.0,0.0,6.84,3.45,0.0
20131118:2310,0.0,0.0,0.0,6.31,3.59,0.0
20131119:0010,0.0,0.0,0.0,5.25,3.72,0.0
20131119:0110,0.0,0.0,0.0,4.19,3.86,0.0
20131119:0210,0.0,0.0,0.0,3.66,3.79,0.0
20131119:0310,0.0,0.0,0.0,2.6,3.59,0.0
20131119:0410,0.0,0.0,0.0,2.07,3.31,0.0
20131119:0510,0.0,0.0,0.0,1.54,3.24,0.0
20131119:0610,0.0,0.0,0.0,1.54,3.17,0.0
20131119:0710,0.0,0.0,0.0,1.01,3.1,0.0
20131119:0810,105.59,135.84,4.95,1.54,3.45,0.0
20131119:0910,370.89,422.69,11.36,2.6,4.21,0.0
20131119:1010,529.14,598.28,16.06,3.13,5.17,0.0
20131119:1110,202.85,239.31,18.65,3.66,5.17,0.0
20131119:1210,540.5,614.51,18.86,4.19,5.1,0.0
20131119:1310,451.56,514.92,16.68,4.72,4.76,0.0
20131119:1410,422.25,483.22,12.33,4.72,4.69,0.0
20131119:1510,161.21,198.05,6.18,4.19,3.86,0.0
20131119:1610,0.0,0.0,0.0,3.13,3.31,0.0
20131119:1710,0.0,0.0,0.0,2.07,3.1,0.0
20131119:1810,0.0,0.0,0.0,1.54,3.45,0.0
20131119:1910,0.0,0.0,0.0,1.01,3.59,0.0
20131119:2010,0.0,0.0,0.0,1.01,3.45,0.0
20131119:2110,0.0,0.0,0.0,0.48,2.97,0.0
20131119:2210,0.0,0.0,0.0,-0.04,2.69,0.0
20131119:2310,0.0,0.0,0.0,-0.57,2.55,0.0
20131120:0010,0.0,0.0,0.0,-1.63,2.34,0.0
20131120:0110,0.0,0.0,0.0,-2.16,2.76,0.0
20131120:0210,0.0,0.0,0.0,-2.16,2.69,0.0
20131120:0310,0.0,0.0,0.0,-2.16,2.97,0.0
20131120:0410,0.0,0.0,0.0,-1.63,3.38,0.0
20131120:0510,0.0,0.0,0.0,-0.57,3.79,0.0
20131120:0610,0.0,0.0,0.0,0.48,4.48,0.0
20131120:0710,0.0,0.0,0.0,1.54,5.17,0.0
20131120:0810,13.89,28.2,4.72,3.13,5.59,0.0
20131120:0910,17.11,32.45,11.13,3.66,5.93,0.0
20131120:1010,30.19,49.14,15.82,4.72,6.0,0.0
20131120:1110,118.65,149.97,18.41,5.78,5.93,0.0
20131120:1210,32.21,51.92,18.64,6.31,6.55,0.0
20131120:1310,53.19,76.95,16.47,6.31,5.79,0.0
20131120:1410,420.97,482.68,12.14,5.78,5.45,0.0
20131120:1510,191.22,232.65,6.01,5.78,4.97,0.0
20131120:1610,0.0,0.0,0.0,4.19,4.34,0.0
20131120:1710,0.0,0.0,0.0,3.66,3.72,0.0
20131120:1810,0.0,0.0,0.0,3.13,3.79,0.0
20131120:1910,0.0,0.0,0.0,2.07,3.93,0.0
20131120:2010,0.0,0.0,0.0,2.6,4.07,0.0
20131120:2110,0.0,0.0,0.0,2.6,3.93,0.0
20131120:2210,0.0,0.0,0.0,2.6,3.93,0.0
20131120:2310,0.0,0.0,0.0,2.6,3.86,0.0
20131121:0010,0.0,0.0,0.0,2.6,3.79,0.0
20131121:0110,0.0,0.0,0.0,2.6,4.0,0.0
20131121:0210,0.0,0.0,0.0,2.6,4.0,0.0
20131121:0310,0.0,0.0,0.0,2.6,4.0,0.0
20131121:0410,0.0,0.0,0.0,2.6,4.0,0.0
20131121:0510,0.0,0.0,0.0,2.6,4.69,0.0
20131121:0610,0.0,0.0,0.0,3.66,5.17,0.0
20131121:0710,0.0,0.0,0.0,4.19,6.83,0.0
20131121:0810,11.89,25.6,4.49,4.72,6.97,0.0
20131121:0910,47.6,69.78,10.9,4.72,6.76,0.0
20131121:1010,66.47,91.69,15.59,5.25,6.48,0.0
20131121:1110,57.16,81.59,18.18,6.31,5.45,0.0
20131121:1210,21.12,38.01,18.42,6.31,6.07,0.0
20131121:1310,359.77,414.03,16.27,6.84,6.07,0.0
20131121:1410,392.2,452.39,11.95,6.84,5.45,0.0
20131121:1510,189.3,231.5,5.84,6.84,5.24,0.0
20131121:1610,0.0,0.0,0.0,5.78,4.97,0.0
20131121:1710,0.0,0.0,0.0,4.72,4.69,0.0
20131121:1810,0.0,0.0,0.0,4.19,4.62,0.0
20131121:1910,0.0,0.0,0.0,4.19,4.48,0.0
20131121:2010,0.0,0.0,0.0,3.66,4.34,0.0
20131121:2110,0.0,0.0,0.0,3.66,4.28,0.0
20131121:2210,0.0,0.0,0.0,3.13,4.34,0.0
20131121:2310,0.0,0.0,0.0,3.13,4.28,0.0
20131122:0010,0.0,0.0,0.0,3.13,4.28,0.0
20131122:0110,0.0,0.0,0.0,2.6,4.21,0.0
20131122:0210,0.0,0.0,0.0,2.6,4.14,0.0
20131122:0310,0.0,0.0,0.0,2.6,4.0,0.0
20131122:0410,0.0,0.0,0.0,2.6,3.93,0.0
20131122:0510,0.0,0.0,0.0,2.6,4.0,0.0
20131122:0610,0.0,0.0,0.0,3.13,4.14,0.0
20131122:0710,0.0,0.0,0.0,3.13,4.62,0.0
20131122:0810,60.33,85.45,4.27,3.66,4.9,0.0
20131122:0910,148.52,181.47,10.67,4.72,5.03,0.0
20131122:1010,141.44,174.68,15.36,5.78,4.48,0.0
20131122:1110,71.96,98.51,17.96,6.31,5.59,0.0
20131122:1210,385.51,443.3,18.2,7.37,6.48,0.0
20131122:1310,313.29,363.68,16.07,7.37,5.72,0.0
20131122:1410,163.66,199.95,11.77,7.37,5.03,0.0
20131122:1510,176.96,217.9,5.68,6.84,4.83,0.0
20131122:1610,0.0,0.0,0.0,6.31,4.41,0.0
20131122:1710,0.0,0.0,0.0,5.78,4.28,0.0
20131122:1810,0.0,0.0,0.0,5.25,4.07,0.0
20131122:1910,0.0,0.0,0.0,5.25,4.14,0.0
20131122:2010,0.0,0.0,0.0,4.72,4.0,0.0
20131122:2110,0.0,0.0,0.0,4.72,3.93,0.0
20131122:2210,0.0,0.0,0.0,4.19,3.86,0.0
20131122:2310,0.0,0.0,0.0,3.66,3.86,0.0
20131123:0010,0.0,0.0,0.0,3.66,3.86,0.0
20131123:0110,0.0,0.0,0.0,3.66,3.79,0.0
20131123:0210,0.0,0.0,0.0,3.66,3.66,0.0
20131123:0310,0.0,0.0,0.0,3.13,3.66,0.0
20131123:0410,0.0,0.0,0.0,3.13,3.59,0.0
20131123:0510,0.0,0.0,0.0,2.6,3.52,0.0
20131123:0610,0.0,0.0,0.0,2.07,3.38,0.0
20131123:0710,0.0,0.0,0.0,2.07,3.45,0.0
20131123:0810,59.81,84.71,4.05,2.6,3.31,0.0
20131123:0910,226.47,266.37,10.45,3.66,2.97,0.0
20131123:1010,474.88,545.67,15.14,4.72,3.38,0.0
20131123:1110,587.69,680.11,17.74,5.78,3.79,0.0
20131123:1210,342.31,396.87,17.99,6.31,3.66,0.0
20131123:1310,191.61,230.16,15.88,6.31,3.59,0.0
20131123:1410,149.35,183.86,11.6,6.31,3.52,0.0
20131123:1510,40.45,62.01,5.53,5.78,3.24,0.0
20131123:1610,0.0,0.0,0.0,5.25,3.17,0.0
20131123:1710,0.0,0.0,0.0,5.25,3.1,0.0
20131123:1810,0.0,0.0,0.0,5.25,3.17,0.0
20131123:1910,0.0,0.0,0.0,5.25,3.31,0.0
20131123:2010,0.0,0.0,0.0,5.25,3.52,0.0
20131123:2110,0.0,0.0,0.0,5.78,3.59,0.0
20131123:2210,0.0,0.0,0.0,5.25,3.59,0.0
20131123:2310,0.0,0.0,0.0,4.72,3.45,0.0
20131124:0010,0.0,0.0,0.0,4.19,3.24,0.0
20131124:0110,0.0,0.0,0.0,3.66,3.17,0.0
20131124:0210,0.0,0.0,0.0,3.66,3.24,0.0
20131124:0310,0.0,0.0,0.0,3.13,3.31,0.0
20131124:0410,0.0,0.0,0.0,3.13,3.31,0.0
20131124:0510,0.0,0.0,0.0,3.66,3.31,0.0
20131124:0610,0.0,0.0,0.0,4.19,3.31,0.0
20131124:0710,0.0,0.0,0.0,4.19,3.45,0.0
20131124:0810,18.44,34.56,3.84,4.19,3.66,0.0
20131124:0910,21.27,38.01,10.23,4.72,3.38,0.0
20131124:1010,96.94,125.56,14.92,4.72,3.66,0.0
20131124:1110,133.82,166.34,17.53,5.25,4.07,0.0
20131124:1210,77.3,104.41,17.79,5.78,3.93,0.0
20131124:1310,26.2,44.5,15.69,6.31,4.21,0.0
20131124:1410,39.9,61.21,11.43,6.31,4.07,0.0
20131124:1510,55.17,79.26,5.38,5.25,4.21,0.0
20131124:1610,0.0,0.0,0.0,4.72,4.07,0.0
20131124:1710,0.0,0.0,0.0,4.19,3.79,0.0
20131124:1810,0.0,0.0,0.0,4.19,3.45,0.0
20131124:1910,0.0,0.0,0.0,4.19,3.52,0.0
20131124:2010,0.0,0.0,0.0,4.19,3.38,0.0
20131124:2110,0.0,0.0,0.0,3.66,3.24,0.0
20131124:2210,0.0,0.0,0.0,3.66,3.17,0.0
20131124:2310,0.0,0.0,0.0,3.13,3.1,0.0
20131125:0010,0.0,0.0,0.0,2.6,3.1,0.0
20131125:0110,0.0,0.0,0.0,2.6,3.24,0.0
20131125:0210,0.0,0.0,0.0,2.6,3.31,0.0
20131125:0310,0.0,0.0,0.0,2.6,3.38,0.0
20131125:0410,0.0,0.0,0.0,2.6,3.24,0.0
20131125:0510,0.0,0.0,0.0,3.13,3.17,0.0
20131125:0610,0.0,0.0,0.0,2.6,3.1,0.0
20131125:0710,0.0,0.0,0.0,3.13,3.38,0.0
20131125:0810,68.38,94.87,3.63,2.6,3.31,0.0
20131125:0910,218.7,257.8,10.02,3.66,3.1,0.0
20131125:1010,81.15,107.91,14.71,4.19,3.03,0.0
20131125:1110,169.75,205.47,17.32,5.25,3.66,0.0
20131125:1210,321.42,372.22,17.6,5.78,3.86,0.0
20131125:1310,340.69,394.59,15.51,6.31,3.86,0.0
20131125:1410,54.52,78.36,11.27,6.31,3.52,0.0
20131125:1510,39.05,60.35,5.24,5.78,3.31,0.0
20131125:1610,0.0,0.0,0.0,5.25,3.1,0.0
20131125:1710,0.0,0.0,0.0,4.19,3.17,0.0
20131125:1810,0.0,0.0,0.0,3.66,3.17,0.0
20131125:1910,0.0,0.0,0.0,3.66,3.31,0.0
20131125:2010,0.0,0.0,0.0,3.66,3.1,0.0
20131125:2110,0.0,0.0,0.0,3.13,2.9,0.0
20131125:2210,0.0,0.0,0.0,3.13,2.83,0.0
20131125:2310,0.0,0.0,0.0,2.6,2.69,0.0
20131126:0010,0.0,0.0,0.0,2.6,2.69,0.0
20131126:0110,0.0,0.0,0.0,2.07,2.9,0.0
20131126:0210,0.0,0.0,0.0,1.01,2.83,0.0
20131126:0310,0.0,0.0,0.0,1.01,2.62,0.0
20131126:0410,0.0,0.0,0.0,0.48,2.34,0.0
20131126:0510,0.0,0.0,0.0,-0.04,2.14,0.0
20131126:0610,0.0,0.0,0.0,-0.57,2.41,0.0
20131126:0710,0.0,0.0,0.0,-0.57,2.28,0.0
20131126:0810,71.63,97.59,3.42,-0.57,2.28,0.0
20131126:0910,305.53,351.38,9.81,0.48,1.59,0.0
20131126:1010,488.63,564.32,14.5,2.6,1.59,0.0
20131126:1110,446.53,514.75,17.12,3.66,2.07,0.0
20131126:1210,417.07,482.66,17.41,4.72,2.14,0.0
20131126:1310,327.5,380.73,15.34,5.25,2.28,0.0
20131126:1410,119.01,150.51,11.12,5.78,2.21,0.0
20131126:1510,13.7,28.12,5.11,5.25,1.72,0.0
20131126:1610,0.0,0.0,0.0,4.19,1.86,0.0
20131126:1710,0.0,0.0,0.0,3.13,1.93,0.0
20131126:1810,0.0,0.0,0.0,2.6,2.0,0.0
20131126:1910,0.0,0.0,0.0,3.66,2.21,0.0
20131126:2010,0.0,0.0,0.0,3.13,2.28,0.0
20131126:2110,0.0,0.0,0.0,2.6,2.28,0.0
20131126:2210,0.0,0.0,0.0,2.07,2.21,0.0
20131126:2310,0.0,0.0,0.0,2.07,2.14,0.0
20131127:0010,0.0,0.0,0.0,2.6,1.93,0.0
20131127:0110,0.0,0.0,0.0,3.13,1.86,0.0
20131127:0210,0.0,0.0,0.0,3.66,2.0,0.0
20131127:0310,0.0,0.0,0.0,4.19,2.07,0.0
20131127:0410,0.0,0.0,0.0,4.19,2.07,0.0
20131127:0510,0.0,0.0,0.0,4.72,1.93,0.0
20131127:0610,0.0,0.0,0.0,5.25,1.72,0.0
20131127:0710,0.0,0.0,0.0,5.25,1.79,0.0
20131127:0810,23.9,42.14,3.22,5.78,1.59,0.0
20131127:0910,52.05,75.57,9.61,6.31,1.38,0.0
20131127:1010,20.96,38.01,14.3,7.37,1.52,0.0
20131127:1110,58.11,83.44,16.93,7.9,1.86,0.0
20131127:1210,58.75,84.37,17.23,8.43,1.93,0.0
20131127:1310,21.5,38.94,15.18,8.96,1.86,0.0
20131127:1410,167.94,207.62,10.98,8.96,1.52,0.0
20131127:1510,15.6,31.13,4.98,8.96,1.17,0.0
20131127:1610,0.0,0.0,0.0,8.43,1.31,0.0
20131127:1710,0.0,0.0,0.0,8.43,1.45,0.0
20131127:1810,0.0,0.0,0.0,7.9,1.59,0.0
20131127:1910,0.0,0.0,0.0,7.9,1.17,0.0
20131127:2010,0.0,0.0,0.0,7.37,1.24,0.0
20131127:2110,0.0,0.0,0.0,7.37,1.31,0.0
20131127:2210,0.0,0.0,0.0,6.84,1.38,0.0
20131127:2310,0.0,0.0,0.0,6.84,1.45,0.0
20131128:0010,0.0,0.0,0.0,6.84,1.66,0.0
20131128:0110,0.0,0.0,0.0,6.84,1.79,0.0
20131128:0210,0.0,0.0,0.0,6.31,1.86,0.0
20131128:0310,0.0,0.0,0.0,6.84,1.79,0.0
20131128:0410,0.0,0.0,0.0,6.31,1.93,0.0
20131128:0510,0.0,0.0,0.0,6.31,1.72,0.0
20131128:0610,0.0,0.0,0.0,6.31,1.59,0.0
20131128:0710,0.0,0.0,0.0,6.84,1.31,0.0
20131128:0810,8.77,21.43,3.03,6.84,1.31,0.0
20131128:0910,58.97,83.68,9.41,6.84,1.59,0.0
20131128:1010,23.84,41.72,14.11,7.37,1.86,0.0
20131128:1110,31.95,51.92,16.74,7.37,1.86,0.0
20131128:1210,30.38,50.06,17.05,7.9,1.93,0.0
20131128:1310,53.93,78.41,15.02,7.9,2.07,0.0
20131128:1410,13.94,28.74,10.84,8.43,1.93,0.0
20131128:1510,6.35,17.62,4.86,8.43,1.66,0.0
20131128:1610,0.0,0.0,0.0,7.9,1.59,0.0
20131128:1710,0.0,0.0,0.0,7.9,1.52,0.0
20131128:1810,0.0,0.0,0.0,7.37,1.45,0.0
20131128:1910,0.0,0.0,0.0,7.9,1.38,0.0
20131128:2010,0.0,0.0,0.0,7.37,1.31,0.0
20131128:2110,0.0,0.0,0.0,7.37,1.17,0.0
20131128:2210,0.0,0.0,0.0,7.37,1.03,0.0
20131128:2310,0.0,0.0,0.0,6.84,1.03,0.0
20131129:0010,0.0,0.0,0.0,6.84,1.17,0.0
20131129:0110,0.0,0.0,0.0,6.84,1.45,0.0
20131129:0210,0.0,0.0,0.0,6.84,1.79,0.0
20131129:0310,0.0,0.0,0.0,6.84,2.21,0.0
20131129:0410,0.0,0.0,0.0,6.31,2.55,0.0
20131129:0510,0.0,0.0,0.0,6.31,2.48,0.0
20131129:0610,0.0,0.0,0.0,6.31,2.9,0.0
20131129:0710,0.0,0.0,0.0,6.84,3.59,0.0
20131129:0810,0.0,1.85,2.84,6.31,3.93,0.0
20131129:0910,33.34,53.48,9.22,7.37,4.34,0.0
20131129:1010,51.82,75.78,13.92,7.9,4.28,0.0
20131129:1110,124.89,158.51,16.56,8.43,4.34,0.0
20131129:1210,137.74,172.93,16.88,8.96,5.03,0.0
20131129:1310,47.02,70.46,14.87,8.96,4.97,0.0
20131129:1410,43.8,66.41,10.71,8.96,5.79,0.0
20131129:1510,115.92,150.68,4.75,8.96,5.38,0.0
20131129:1610,0.0,0.0,0.0,8.43,5.24,0.0
20131129:1710,0.0,0.0,0.0,7.37,5.38,0.0
20131129:1810,0.0,0.0,0.0,6.84,5.59,0.0
20131129:1910,0.0,0.0,0.0,6.84,5.31,0.0
20131129:2010,0.0,0.0,0.0,6.84,5.52,0.0
20131129:2110,0.0,0.0,0.0,6.31,5.59,0.0
20131129:2210,0.0,0.0,0.0,6.31,5.45,0.0
20131129:2310,0.0,0.0,0.0,5.78,5.31,0.0
20131130:0010,0.0,0.0,0.0,5.25,5.17,0.0
20131130:0110,0.0,0.0,0.0,5.25,4.97,0.0
20131130:0210,0.0,0.0,0.0,4.72,4.83,0.0
20131130:0310,0.0,0.0,0.0,4.72,4.9,0.0
20131130:0410,0.0,0.0,0.0,4.72,5.17,0.0
20131130:0510,0.0,0.0,0.0,4.72,4.83,0.0
20131130:0610,0.0,0.0,0.0,4.72,4.97,0.0
20131130:0710,0.0,0.0,0.0,4.72,4.76,0.0
20131130:0810,1.18,8.34,2.65,4.72,4.62,0.0
20131130:0910,24.14,41.72,9.03,5.25,4.48,0.0
20131130:1010,27.01,45.43,13.74,5.78,3.52,0.0
20131130:1110,112.8,143.91,16.38,6.31,4.0,0.0
20131130:1210,551.61,639.48,16.72,6.84,3.93,0.0
20131130:1310,201.17,241.21,14.72,7.37,4.07,0.0
20131130:1410,87.68,116.47,10.58,7.9,3.79,0.0
20131130:1510,32.06,52.18,4.64,7.37,3.38,0.0
20131130:1610,0.0,0.0,0.0,6.31,2.97,0.0
20131130:1710,0.0,0.0,0.0,5.25,2.69,0.0
20131130:1810,0.0,0.0,0.0,4.19,2.97,0.0
20131130:1910,0.0,0.0,0.0,4.19,2.97,0.0
20131130:2010,0.0,0.0,0.0,3.66,2.34,0.0
20131130:2110,0.0,0.0,0.0,2.07,2.0,0.0
20131130:2210,0.0,0.0,0.0,1.01,2.0,0.0
20131130:2310,0.0,0.0,0.0,1.01,1.93,0.0
20131201:0010,0.0,0.0,0.0,1.01,2.07,0.0
20131201:0110,0.0,0.0,0.0,0.48,2.14,0.0
20131201:0210,0.0,0.0,0.0,-0.04,2.21,0.0
20131201:0310,0.0,0.0,0.0,-0.04,2.28,0.0
20131201:0410,0.0,0.0,0.0,-0.04,2.34,0.0
20131201:0510,0.0,0.0,0.0,0.48,2.21,0.0
20131201:0610,0.0,0.0,0.0,1.01,2.21,0.0
20131201:0710,0.0,0.0,0.0,1.01,2.07,0.0
20131201:0810,0.02,5.56,2.47,1.01,2.07,0.0
20131201:0910,15.17,29.67,8.85,1.54,1.86,0.0
20131201:1010,43.96,65.82,13.56,4.72,2.0,0.0
20131201:1110,85.07,113.47,16.21,6.31,2.41,0.0
20131201:1210,112.77,144.76,16.57,7.37,2.83,0.0
20131201:1310,73.71,101.09,14.59,7.9,2.9,0.0
20131201:1410,326.89,386.01,10.46,7.9,2.14,0.0
20131201:1510,67.94,95.38,4.54,7.9,2.07,0.0
20131201:1610,0.0,0.0,0.0,7.37,2.0,0.0
20131201:1710,0.0,0.0,0.0,6.31,2.07,0.0
20131201:1810,0.0,0.0,0.0,5.78,2.07,0.0
20131201:1910,0.0,0.0,0.0,4.72,2.21,0.0
20131201:2010,0.0,0.0,0.0,4.72,2.28,0.0
20131201:2110,0.0,0.0,0.0,4.72,2.14,0.0
20131201:2210,0.0,0.0,0.0,5.25,2.0,0.0
20131201:2310,0.0,0.0,0.0,5.25,1.93,0.0
20131202:0010,0.0,0.0,0.0,5.25,2.07,0.0
20131202:0110,0.0,0.0,0.0,5.25,2.28,0.0
20131202:0210,0.0,0.0,0.0,5.25,2.07,0.0
20131202:0310,0.0,0.0,0.0,5.25,2.0,0.0
20131202:0410,0.0,0.0,0.0,4.72,2.07,0.0
20131202:0510,0.0,0.0,0.0,4.19,2.21,0.0
20131202:0610,0.0,0.0,0.0,4.19,1.93,0.0
20131202:0710,0.0,0.0,0.0,4.72,1.93,0.0
20131202:0810,0.0,3.71,2.29,4.19,1.86,0.0
20131202:0910,7.7,19.47,8.68,4.72,1.72,0.0
20131202:1010,18.95,35.23,13.39,6.31,1.72,0.0
20131202:1110,18.14,34.3,16.05,7.37,1.93,0.0
20131202:1210,89.56,119.58,16.42,8.43,2.0,0.0
20131202:1310,53.1,77.6,14.46,8.43,2.0,0.0
20131202:1410,43.24,65.75,10.35,8.43,1.86,0.0
20131202:1510,19.06,35.68,4.45,7.9,1.72,0.0
20131202:1610,0.0,0.0,0.0,6.84,2.14,0.0
20131202:1710,0.0,0.0,0.0,5.78,2.07,0.0
20131202:1810,0.0,0.0,0.0,4.72,2.07,0.0
20131202:1910,0.0,0.0,0.0,3.66,1.86,0.0
20131202:2010,0.0,0.0,0.0,2.6,1.72,0.0
20131202:2110,0.0,0.0,0.0,2.6,1.59,0.0
20131202:2210,0.0,0.0,0.0,2.07,1.52,0.0
20131202:2310,0.0,0.0,0.0,1.54,1.59,0.0
20131203:0010,0.0,0.0,0.0,1.01,1.66,0.0
20131203:0110,0.0,0.0,0.0,1.01,1.52,0.0
20131203:0210,0.0,0.0,0.0,0.48,1.17,0.0
20131203:0310,0.0,0.0,0.0,-0.04,0.97,0.0
20131203:0410,0.0,0.0,0.0,0.48,1.03,0.0
20131203:0510,0.0,0.0,0.0,0.48,1.03,0.0
20131203:0610,0.0,0.0,0.0,0.48,0.9,0.0
20131203:0710,0.0,0.0,0.0,3.66,0.76,0.0
20131203:0810,0.0,0.0,0.0,3.66,0.55,0.0
20131203:0910,19.91,36.16,8.51,3.66,0.62,0.0
20131203:1010,69.15,94.48,13.22,3.66,0.69,0.0
20131203:1110,24.07,41.72,15.89,5.25,0.48,0.0
20131203:1210,23.28,40.79,16.28,5.78,0.55,0.0
20131203:1310,23.29,40.79,14.33,5.78,0.76,0.0
20131203:1410,12.79,26.89,10.25,5.78,1.24,0.0
20131203:1510,5.86,16.69,4.37,5.78,1.79,0.0
20131203:1610,0.0,0.0,0.0,5.25,1.52,0.0
20131203:1710,0.0,0.0,0.0,4.72,1.86,0.0
20131203:1810,0.0,0.0,0.0,4.19,1.93,0.0
20131203:1910,0.0,0.0,0.0,3.66,1.86,0.0
20131203:2010,0.0,0.0,0.0,3.13,2.0,0.0
20131203:2110,0.0,0.0,0.0,3.13,2.21,0.0
20131203:2210,0.0,0.0,0.0,3.66,2.41,0.0
20131203:2310,0.0,0.0,0.0,3.13,2.55,0.0
20131204:0010,0.0,0.0,0.0,3.13,2.76,0.0
20131204:0110,0.0,0.0,0.0,3.13,2.83,0.0
20131204:0210,0.0,0.0,0.0,3.13,2.97,0.0
20131204:0310,0.0,0.0,0.0,3.13,2.97,0.0
20131204:0410,0.0,0.0,0.0,3.66,3.03,0.0
20131204:0510,0.0,0.0,0.0,3.66,3.03,0.0
20131204:0610,0.0,0.0,0.0,3.13,2.97,0.0
20131204:0710,0.0,0.0,0.0,4.72,3.17,0.0
20131204:0810,0.0,0.0,0.0,5.25,3.17,0.0
20131204:0910,3.08,12.05,8.34,6.31,3.17,0.0
20131204:1010,19.56,36.16,13.06,7.37,3.1,0.0
20131204:1110,16.03,31.52,15.75,7.9,3.17,0.0
20131204:1210,264.52,312.3,16.14,7.9,3.52,0.0
20131204:1310,141.14,175.53,14.22,7.37,3.59,0.0
20131204:1410,118.44,150.44,10.15,7.37,3.52,0.0
20131204:1510,166.24,206.95,4.29,6.84,3.1,0.0
20131204:1610,0.0,0.0,0.0,5.25,2.76,0.0
20131204:1710,0.0,0.0,0.0,3.66,2.55,0.0
20131204:1810,0.0,0.0,0.0,2.6,2.62,0.0
20131204:1910,0.0,0.0,0.0,2.07,2.55,0.0
20131204:2010,0.0,0.0,0.0,1.01,2.41,0.0
20131204:2110,0.0,0.0,0.0,1.01,2.48,0.0
20131204:2210,0.0,0.0,0.0,0.48,2.55,0.0
20131204:2310,0.0,0.0,0.0,0.48,2.76,0.0
20131205:0010,0.0,0.0,0.0,-0.04,2.83,0.0
20131205:0110,0.0,0.0,0.0,-0.04,2.97,0.0
20131205:0210,0.0,0.0,0.0,-0.04,3.1,0.0
20131205:0310,0.0,0.0,0.0,0.48,3.24,0.0
20131205:0410,0.0,0.0,0.0,0.48,3.52,0.0
20131205:0510,0.0,0.0,0.0,1.01,4.0,0.0
20131205:0610,0.0,0.0,0.0,1.54,4.28,0.0
20131205:0710,0.0,0.0,0.0,2.07,5.38,0.0
20131205:0810,0.0,0.0,0.0,2.6,6.28,0.0
20131205:0910,62.62,86.4,8.19,3.66,7.17,0.0
20131205:1010,183.94,219.0,12.91,5.25,7.93,0.0
20131205:1110,365.33,417.39,15.6,6.84,8.62,0.0
20131205:1210,327.59,378.24,16.02,8.43,9.31,0.0
20131205:1310,65.82,92.28,14.11,9.49,9.52,0.0
20131205:1410,12.53,26.89,10.06,10.02,8.9,0.0
20131205:1510,10.89,24.55,4.21,9.49,7.93,0.0
20131205:1610,0.0,0.0,0.0,8.96,7.52,0.0
20131205:1710,0.0,0.0,0.0,7.9,6.83,0.0
20131205:1810,0.0,0.0,0.0,6.84,6.21,0.0
20131205:1910,0.0,0.0,0.0,6.84,4.69,0.0
20131205:2010,0.0,0.0,0.0,5.78,4.55,0.0
20131205:2110,0.0,0.0,0.0,4.72,4.21,0.0
20131205:2210,0.0,0.0,0.0,4.19,4.76,0.0
20131205:2310,0.0,0.0,0.0,4.19,4.97,0.0
20131206:0010,0.0,0.0,0.0,3.66,4.9,0.0
20131206:0110,0.0,0.0,0.0,3.66,4.76,0.0
20131206:0210,0.0,0.0,0.0,3.13,4.69,0.0
20131206:0310,0.0,0.0,0.0,3.13,4.55,0.0
20131206:0410,0.0,0.0,0.0,2.6,4.69,0.0
20131206:0510,0.0,0.0,0.0,2.6,5.1,0.0
20131206:0610,0.0,0.0,0.0,2.07,5.03,0.0
20131206:0710,0.0,0.0,0.0,2.07,3.93,0.0
20131206:0810,0.0,0.0,0.0,2.07,3.79,0.0
20131206:0910,125.88,156.09,8.03,3.13,3.93,0.0
20131206:1010,436.65,499.44,12.77,4.19,3.66,0.0
20131206:1110,114.13,144.38,15.47,4.72,3.66,0.0
20131206:1210,228.05,268.09,15.9,5.25,4.41,0.0
20131206:1310,126.62,158.66,14.01,6.31,4.48,0.0
20131206:1410,171.29,207.65,9.98,6.31,3.86,0.0
20131206:1510,69.99,96.84,4.15,5.78,3.31,0.0
20131206:1610,0.0,0.0,0.0,4.72,2.41,0.0
20131206:1710,0.0,0.0,0.0,4.19,2.07,0.0
20131206:1810,0.0,0.0,0.0,4.72,1.72,0.0
20131206:1910,0.0,0.0,0.0,5.25,2.07,0.0
20131206:2010,0.0,0.0,0.0,5.25,2.21,0.0
20131206:2110,0.0,0.0,0.0,5.25,2.41,0.0
20131206:2210,0.0,0.0,0.0,5.78,2.55,0.0
20131206:2310,0.0,0.0,0.0,5.78,2.62,0.0
20131207:0010,0.0,0.0,0.0,5.25,2.62,0.0
20131207:0110,0.0,0.0,0.0,4.72,2.76,0.0
20131207:0210,0.0,0.0,0.0,4.19,2.83,0.0
20131207:0310,0.0,0.0,0.0,3.66,2.76,0.0
20131207:0410,0.0,0.0,0.0,3.66,2.76,0.0
20131207:0510,0.0,0.0,0.0,3.13,2.69,0.0
20131207:0610,0.0,0.0,0.0,3.13,2.55,0.0
20131207:0710,0.0,0.0,0.0,4.72,2.76,0.0
20131207:0810,0.0,0.0,0.0,4.72,2.9,0.0
20131207:0910,12.8,26.89,7.89,5.78,2.9,0.0
20131207:1010,33.67,53.77,12.63,6.31,3.1,0.0
20131207:1110,45.81,68.61,15.34,7.37,4.34,0.0
20131207:1210,52.74,76.95,15.79,7.9,4.48,0.0
20131207:1310,50.95,74.93,13.92,8.43,3.79,0.0
20131207:1410,26.65,45.43,9.91,8.43,4.28,0.0
20131207:1510,12.48,26.68,4.09,7.9,3.1,0.0
20131207:1610,0.0,0.0,0.0,7.37,2.62,0.0
20131207:1710,0.0,0.0,0.0,6.31,2.41,0.0
20131207:1810,0.0,0.0,0.0,5.78,2.69,0.0
20131207:1910,0.0,0.0,0.0,5.78,3.17,0.0
20131207:2010,0.0,0.0,0.0,5.78,3.38,0.0
20131207:2110,0.0,0.0,0.0,6.31,3.52,0.0
20131207:2210,0.0,0.0,0.0,6.84,3.72,0.0
20131207:2310,0.0,0.0,0.0,6.31,3.72,0.0
20131208:0010,0.0,0.0,0.0,6.84,3.66,0.0
20131208:0110,0.0,0.0,0.0,6.31,3.66,0.0
20131208:0210,0.0,0.0,0.0,6.84,3.66,0.0
20131208:0310,0.0,0.0,0.0,6.84,3.52,0.0
20131208:0410,0.0,0.0,0.0,6.84,3.45,0.0
20131208:0510,0.0,0.0,0.0,6.31,3.1,0.0
20131208:0610,0.0,0.0,0.0,5.78,3.31,0.0
20131208:0710,0.0,0.0,0.0,5.25,3.52,0.0
20131208:0810,0.0,0.0,0.0,5.25,3.66,0.0
20131208:0910,106.47,136.42,7.75,5.78,3.86,0.0
20131208:1010,395.05,456.65,12.49,6.84,4.14,0.0
20131208:1110,246.97,292.74,15.22,8.43,4.21,0.0
20131208:1210,540.89,629.25,15.68,9.49,5.38,0.0
20131208:1310,212.63,256.06,13.83,10.02,4.97,0.0
20131208:1410,102.7,134.2,9.84,10.02,4.55,0.0
20131208:1510,56.72,82.74,4.04,10.02,4.69,0.0
20131208:1610,0.0,0.0,0.0,8.96,4.21,0.0
20131208:1710,0.0,0.0,0.0,7.9,4.21,0.0
20131208:1810,0.0,0.0,0.0,7.9,4.28,0.0
20131208:1910,0.0,0.0,0.0,7.37,4.07,0.0
20131208:2010,0.0,0.0,0.0,7.37,3.93,0.0
20131208:2110,0.0,0.0,0.0,6.84,3.93,0.0
20131208:2210,0.0,0.0,0.0,6.84,4.14,0.0
20131208:2310,0.0,0.0,0.0,6.84,4.14,0.0
20131209:0010,0.0,0.0,0.0,6.31,4.14,0.0
20131209:0110,0.0,0.0,0.0,6.31,4.0,0.0
20131209:0210,0.0,0.0,0.0,6.31,4.07,0.0
20131209:0310,0.0,0.0,0.0,6.31,4.0,0.0
20131209:0410,0.0,0.0,0.0,6.31,3.86,0.0
20131209:0510,0.0,0.0,0.0,5.78,3.59,0.0
20131209:0610,0.0,0.0,0.0,5.78,3.24,0.0
20131209:0710,0.0,0.0,0.0,6.31,3.31,0.0
20131209:0810,0.0,0.0,0.0,6.31,3.17,0.0
20131209:0910,59.16,83.72,7.61,6.84,3.31,0.0
20131209:1010,191.46,230.37,12.37,7.37,4.14,0.0
20131209:1110,198.98,239.5,15.11,7.9,3.72,0.0
20131209:1210,291.25,342.68,15.58,8.43,3.66,0.0
20131209:1310,220.67,264.63,13.75,8.96,3.59,0.0
20131209:1410,146.21,182.44,9.78,8.96,3.03,0.0
20131209:1510,24.29,42.69,4.0,8.96,2.62,0.0
20131209:1610,0.0,0.0,0.0,8.43,2.0,0.0
20131209:1710,0.0,0.0,0.0,6.84,2.07,0.0
20131209:1810,0.0,0.0,0.0,6.31,2.14,0.0
20131209:1910,0.0,0.0,0.0,6.31,2.14,0.0
20131209:2010,0.0,0.0,0.0,5.25,2.14,0.0
20131209:2110,0.0,0.0,0.0,4.19,2.41,0.0
20131209:2210,0.0,0.0,0.0,3.66,2.55,0.0
20131209:2310,0.0,0.0,0.0,2.6,2.69,0.0
20131210:0010,0.0,0.0,0.0,2.6,2.76,0.0
20131210:0110,0.0,0.0,0.0,2.07,2.76,0.0
20131210:0210,0.0,0.0,0.0,2.07,2.76,0.0
20131210:0310,0.0,0.0,0.0,1.54,2.55,0.0
20131210:0410,0.0,0.0,0.0,1.54,2.41,0.0
20131210:0510,0.0,0.0,0.0,1.01,2.34,0.0
20131210:0610,0.0,0.0,0.0,1.54,2.21,0.0
20131210:0710,0.0,0.0,0.0,1.01,2.21,0.0
20131210:0810,0.0,0.0,0.0,1.54,2.14,0.0
20131210:0910,60.83,84.33,7.49,2.6,1.93,0.0
20131210:1010,220.79,261.49,12.25,4.72,1.79,0.0
20131210:1110,329.19,386.57,15.0,7.37,2.07,0.0
20131210:1210,409.7,481.2,15.49,8.43,2.41,0.0
20131210:1310,139.04,174.39,13.68,8.96,3.31,0.0
20131210:1410,66.22,92.6,9.72,8.96,2.62,0.0
20131210:1510,18.05,34.41,3.96,8.43,2.21,0.0
20131210:1610,0.0,0.0,0.0,6.84,2.34,0.0
20131210:1710,0.0,0.0,0.0,5.25,2.34,0.0
20131210:1810,0.0,0.0,0.0,4.72,2.48,0.0
20131210:1910,0.0,0.0,0.0,3.66,2.34,0.0
20131210:2010,0.0,0.0,0.0,2.6,2.28,0.0
20131210:2110,0.0,0.0,0.0,1.54,2.14,0.0
20131210:2210,0.0,0.0,0.0,1.01,2.0,0.0
20131210:2310,0.0,0.0,0.0,0.48,2.0,0.0
20131211:0010,0.0,0.0,0.0,-0.04,2.28,0.0
20131211:0110,0.0,0.0,0.0,-0.57,2.21,0.0
20131211:0210,0.0,0.0,0.0,-0.57,2.21,0.0
20131211:0310,0.0,0.0,0.0,-0.57,2.28,0.0
20131211:0410,0.0,0.0,0.0,-1.1,2.34,0.0
20131211:0510,0.0,0.0,0.0,-1.1,2.34,0.0
20131211:0610,0.0,0.0,0.0,-1.1,2.41,0.0
20131211:0710,0.0,0.0,0.0,1.54,1.72,0.0
20131211:0810,0.0,0.0,0.0,1.54,1.86,0.0
20131211:0910,60.57,83.87,7.36,2.07,1.86,0.0
20131211:1010,235.16,276.63,12.14,4.19,1.86,0.0
20131211:1110,255.67,301.31,14.9,5.78,1.93,0.0
20131211:1210,494.66,580.81,15.41,6.84,1.93,0.0
20131211:1310,336.27,396.78,13.61,8.43,2.0,0.0
20131211:1410,282.63,335.74,9.68,8.43,2.28,0.0
20131211:1510,158.25,198.54,3.93,7.37,2.48,0.0
20131211:1610,0.0,0.0,0.0,5.78,2.9,0.0
20131211:1710,0.0,0.0,0.0,4.19,2.97,0.0
20131211:1810,0.0,0.0,0.0,3.66,2.97,0.0
20131211:1910,0.0,0.0,0.0,3.13,2.83,0.0
20131211:2010,0.0,0.0,0.0,2.6,2.83,0.0
20131211:2110,0.0,0.0,0.0,2.07,2.83,0.0
20131211:2210,0.0,0.0,0.0,2.07,2.83,0.0
20131211:2310,0.0,0.0,0.0,2.07,2.83,0.0
20131212:0010,0.0,0.0,0.0,2.07,2.76,0.0
20131212:0110,0.0,0.0,0.0,2.07,2.83,0.0
20131212:0210,0.0,0.0,0.0,2.07,2.9,0.0
20131212:0310,0.0,0.0,0.0,2.6,2.9,0.0
20131212:0410,0.0,0.0,0.0,2.6,2.97,0.0
20131212:0510,0.0,0.0,0.0,2.07,2.97,0.0
20131212:0610,0.0,0.0,0.0,2.07,2.97,0.0
20131212:0710,0.0,0.0,0.0,2.07,2.97,0.0
20131212:0810,0.0,0.0,0.0,2.07,2.97,0.0
20131212:0910,122.22,152.41,7.25,3.13,2.97,0.0
20131212:1010,127.14,158.68,12.03,5.25,3.03,0.0
20131212:1110,209.08,250.73,14.81,7.37,2.69,0.0
20131212:1210,326.45,383.93,15.34,8.43,2.69,0.0
20131212:1310,392.66,462.38,13.56,9.49,2.83,0.0
20131212:1410,396.74,468.43,9.64,9.49,2.97,0.0
20131212:1510,139.66,178.82,3.91,9.49,2.83,0.0
20131212:1610,0.0,0.0,0.0,7.9,2.83,0.0
20131212:1710,0.0,0.0,0.0,7.37,2.83,0.0
20131212:1810,0.0,0.0,0.0,6.84,2.83,0.0
20131212:1910,0.0,0.0,0.0,6.31,2.97,0.0
20131212:2010,0.0,0.0,0.0,6.31,2.97,0.0
20131212:2110,0.0,0.0,0.0,6.84,3.03,0.0
20131212:2210,0.0,0.0,0.0,6.84,3.1,0.0
20131212:2310,0.0,0.0,0.0,7.37,3.17,0.0
20131213:0010,0.0,0.0,0.0,7.37,3.1,0.0
20131213:0110,0.0,0.0,0.0,7.37,3.03,0.0
20131213:0210,0.0,0.0,0.0,7.37,3.1,0.0
20131213:0310,0.0,0.0,0.0,7.9,3.24,0.0
20131213:0410,0.0,0.0,0.0,7.9,3.31,0.0
20131213:0510,0.0,0.0,0.0,8.43,3.31,0.0
20131213:0610,0.0,0.0,0.0,8.96,3.24,0.0
20131213:0710,0.0,0.0,0.0,9.49,3.45,0.0
20131213:0810,0.0,0.0,0.0,9.49,3.72,0.0
20131213:0910,72.94,100.47,7.14,9.49,4.0,0.0
20131213:1010,28.7,48.21,11.94,9.49,4.14,0.0
20131213:1110,27.97,47.28,14.73,9.49,4.14,0.0
20131213:1210,110.71,143.26,15.27,9.49,4.21,0.0
20131213:1310,48.45,72.24,13.51,9.49,4.28,0.0
20131213:1410,25.05,43.57,9.61,9.49,4.28,0.0
20131213:1510,3.01,12.05,3.9,9.49,4.34,0.0
20131213:1610,0.0,0.0,0.0,9.49,4.34,0.0
20131213:1710,0.0,0.0,0.0,8.96,4.28,0.0
20131213:1810,0.0,0.0,0.0,8.96,4.14,0.0
20131213:1910,0.0,0.0,0.0,9.49,3.31,0.0
20131213:2010,0.0,0.0,0.0,9.49,3.52,0.0
20131213:2110,0.0,0.0,0.0,8.43,3.52,0.0
20131213:2210,0.0,0.0,0.0,7.37,3.86,0.0
20131213:2310,0.0,0.0,0.0,6.84,4.07,0.0
20131214:0010,0.0,0.0,0.0,6.31,4.41,0.0
20131214:0110,0.0,0.0,0.0,5.78,4.28,0.0
20131214:0210,0.0,0.0,0.0,4.72,4.28,0.0
20131214:0310,0.0,0.0,0.0,4.72,4.21,0.0
20131214:0410,0.0,0.0,0.0,4.19,3.79,0.0
20131214:0510,0.0,0.0,0.0,3.66,3.45,0.0
20131214:0610,0.0,0.0,0.0,3.13,3.24,0.0
20131214:0710,0.0,0.0,0.0,2.6,2.76,0.0
20131214:0810,0.0,0.0,0.0,2.6,2.9,0.0
20131214:0910,146.68,179.39,7.04,3.66,3.52,0.0
20131214:1010,421.27,484.97,11.84,5.78,3.86,0.0
20131214:1110,345.74,402.7,14.65,8.43,4.55,0.0
20131214:1210,435.7,508.76,15.21,10.02,4.76,0.0
20131214:1310,62.42,89.03,13.47,11.09,5.86,0.0
20131214:1410,11.8,25.96,9.59,11.09,6.34,0.0
20131214:1510,4.03,13.91,3.89,10.55,6.97,0.0
20131214:1610,0.0,0.0,0.0,10.02,7.38,0.0
20131214:1710,0.0,0.0,0.0,9.49,7.45,0.0
20131214:1810,0.0,0.0,0.0,10.02,7.66,0.0
20131214:1910,0.0,0.0,0.0,10.02,8.07,0.0
20131214:2010,0.0,0.0,0.0,10.55,8.0,0.0
20131214:2110,0.0,0.0,0.0,10.55,8.14,0.0
20131214:2210,0.0,0.0,0.0,10.55,8.28,0.0
20131214:2310,0.0,0.0,0.0,10.55,8.34,0.0
20131215:0010,0.0,0.0,0.0,10.55,8.14,0.0
20131215:0110,0.0,0.0,0.0,10.55,7.79,0.0
20131215:0210,0.0,0.0,0.0,11.09,6.97,0.0
20131215:0310,0.0,0.0,0.0,11.61,5.86,0.0
20131215:0410,0.0,0.0,0.0,11.61,5.24,0.0
20131215:0510,0.0,0.0,0.0,11.09,4.28,0.0
20131215:0610,0.0,0.0,0.0,10.02,3.24,0.0
20131215:0710,0.0,0.0,0.0,8.96,2.83,0.0
20131215:0810,0.0,0.0,0.0,7.9,2.83,0.0
20131215:0910,53.14,77.25,6.95,8.43,3.38,0.0
20131215:1010,15.18,30.59,11.76,10.02,4.62,0.0
20131215:1110,15.77,31.52,14.58,11.09,5.52,0.0
20131215:1210,7.41,19.47,15.16,11.61,6.28,0.0
20131215:1310,9.23,22.25,13.43,11.61,6.48,0.0
20131215:1410,6.84,18.54,9.57,11.09,6.55,0.0
20131215:1510,2.0,10.2,3.89,11.09,6.34,0.0
20131215:1610,0.0,0.0,0.0,11.61,6.28,0.0
20131215:1710,0.0,0.0,0.0,11.61,6.48,0.0
20131215:1810,0.0,0.0,0.0,11.61,6.83,0.0
20131215:1910,0.0,0.0,0.0,11.61,7.31,0.0
20131215:2010,0.0,0.0,0.0,11.61,7.38,0.0
20131215:2110,0.0,0.0,0.0,11.61,7.45,0.0
20131215:2210,0.0,0.0,0.0,11.61,7.59,0.0
20131215:2310,0.0,0.0,0.0,11.61,7.72,0.0
20131216:0010,0.0,0.0,0.0,11.61,7.86,0.0
20131216:0110,0.0,0.0,0.0,11.61,7.86,0.0
20131216:0210,0.0,0.0,0.0,11.61,7.79,0.0
20131216:0310,0.0,0.0,0.0,11.61,7.66,0.0
20131216:0410,0.0,0.0,0.0,11.61,7.59,0.0
20131216:0510,0.0,0.0,0.0,11.61,7.52,0.0
20131216:0610,0.0,0.0,0.0,11.61,7.59,0.0
20131216:0710,0.0,0.0,0.0,11.61,7.86,0.0
20131216:0810,0.0,0.0,0.0,11.61,7.79,0.0
20131216:0910,0.69,7.42,6.86,11.61,7.59,0.0
20131216:1010,4.54,14.83,11.68,11.61,7.45,0.0
20131216:1110,9.21,22.25,14.52,12.15,7.1,0.0
20131216:1210,42.39,65.82,15.11,12.68,6.76,0.0
20131216:1310,39.37,62.12,13.41,12.68,6.69,0.0
20131216:1410,40.14,62.75,9.56,12.15,6.21,0.0
20131216:1510,63.18,91.05,3.89,12.15,5.31,0.0
20131216:1610,0.0,0.0,0.0,11.61,3.66,0.0
20131216:1710,0.0,0.0,0.0,11.61,2.55,0.0
20131216:1810,0.0,0.0,0.0,11.09,2.07,0.0
20131216:1910,0.0,0.0,0.0,10.02,1.24,0.0
20131216:2010,0.0,0.0,0.0,8.96,0.97,0.0
20131216:2110,0.0,0.0,0.0,8.43,0.9,0.0
20131216:2210,0.0,0.0,0.0,8.43,1.17,0.0
20131216:2310,0.0,0.0,0.0,7.9,1.52,0.0
20131217:0010,0.0,0.0,0.0,7.9,2.14,0.0
20131217:0110,0.0,0.0,0.0,7.37,2.21,0.0
20131217:0210,0.0,0.0,0.0,6.84,2.28,0.0
20131217:0310,0.0,0.0,0.0,6.31,1.79,0.0
20131217:0410,0.0,0.0,0.0,6.31,1.59,0.0
20131217:0510,0.0,0.0,0.0,5.78,1.24,0.0
20131217:0610,0.0,0.0,0.0,6.31,0.28,0.0
20131217:0710,0.0,0.0,0.0,5.25,1.17,0.0
20131217:0810,0.0,0.0,0.0,4.72,1.31,0.0
20131217:0910,3.11,12.05,6.78,4.72,0.9,0.0
20131217:1010,67.06,92.74,11.61,5.78,0.76,0.0
20131217:1110,166.94,204.19,14.47,6.31,1.24,0.0
20131217:1210,393.19,459.93,15.08,6.31,1.59,0.0
20131217:1310,102.95,133.14,13.39,6.31,1.79,0.0
20131217:1410,46.7,69.19,9.56,6.31,2.28,0.0
20131217:1510,45.03,67.75,3.91,6.31,2.14,0.0
20131217:1610,0.0,0.0,0.0,5.25,2.34,0.0
20131217:1710,0.0,0.0,0.0,5.25,2.41,0.0
20131217:1810,0.0,0.0,0.0,5.78,2.55,0.0
20131217:1910,0.0,0.0,0.0,5.78,2.34,0.0
20131217:2010,0.0,0.0,0.0,6.31,2.21,0.0
20131217:2110,0.0,0.0,0.0,6.31,1.79,0.0
20131217:2210,0.0,0.0,0.0,6.84,1.52,0.0
20131217:2310,0.0,0.0,0.0,7.37,1.24,0.0
20131218:0010,0.0,0.0,0.0,7.37,1.1,0.0
20131218:0110,0.0,0.0,0.0,7.37,1.93,0.0
20131218:0210,0.0,0.0,0.0,6.84,2.41,0.0
20131218:0310,0.0,0.0,0.0,6.31,2.76,0.0
20131218:0410,0.0,0.0,0.0,5.78,3.24,0.0
20131218:0510,0.0,0.0,0.0,5.25,3.17,0.0
20131218:0610,0.0,0.0,0.0,5.25,3.38,0.0
20131218:0710,0.0,0.0,0.0,5.78,4.21,0.0
20131218:0810,0.0,0.0,0.0,6.84,4.83,0.0
20131218:0910,100.4,130.73,6.7,7.9,5.31,0.0
20131218:1010,422.62,488.34,11.55,8.43,5.93,0.0
20131218:1110,222.11,264.67,14.42,8.96,6.28,0.0
20131218:1210,126.61,160.43,15.05,9.49,6.83,0.0
20131218:1310,173.33,211.55,13.38,9.49,6.76,0.0
20131218:1410,56.41,81.21,9.56,9.49,6.9,0.0
20131218:1510,12.01,26.15,3.93,9.49,7.1,0.0
20131218:1610,0.0,0.0,0.0,9.49,7.31,0.0
20131218:1710,0.0,0.0,0.0,9.49,7.72,0.0
20131218:1810,0.0,0.0,0.0,9.49,8.62,0.0
20131218:1910,0.0,0.0,0.0,9.49,9.1,0.0
20131218:2010,0.0,0.0,0.0,9.49,9.38,0.0
20131218:2110,0.0,0.0,0.0,8.96,9.93,0.0
20131218:2210,0.0,0.0,0.0,8.96,10.55,0.0
20131218:2310,0.0,0.0,0.0,9.49,9.31,0.0
20131219:0010,0.0,0.0,0.0,9.49,6.48,0.0
20131219:0110,0.0,0.0,0.0,8.43,5.59,0.0
20131219:0210,0.0,0.0,0.0,6.84,4.62,0.0
20131219:0310,0.0,0.0,0.0,6.31,4.07,0.0
20131219:0410,0.0,0.0,0.0,5.78,3.86,0.0
20131219:0510,0.0,0.0,0.0,5.25,3.86,0.0
20131219:0610,0.0,0.0,0.0,4.72,4.21,0.0
20131219:0710,0.0,0.0,0.0,4.72,3.93,0.0
20131219:0810,0.0,0.0,0.0,4.19,3.79,0.0
20131219:0910,155.09,188.7,6.63,3.66,3.59,0.0
20131219:1010,306.21,353.97,11.5,4.72,3.45,0.0
20131219:1110,376.22,434.33,14.38,5.78,3.31,0.0
20131219:1210,527.63,612.1,15.03,6.84,3.59,0.0
20131219:1310,453.09,525.82,13.37,7.37,3.59,0.0
20131219:1410,347.52,405.84,9.58,7.37,3.45,0.0
20131219:1510,142.2,179.23,3.95,6.84,3.31,0.0
20131219:1610,0.0,0.0,0.0,5.78,3.31,0.0
20131219:1710,0.0,0.0,0.0,5.25,3.38,0.0
20131219:1810,0.0,0.0,0.0,4.72,3.45,0.0
20131219:1910,0.0,0.0,0.0,5.78,4.83,0.0
20131219:2010,0.0,0.0,0.0,5.25,4.55,0.0
20131219:2110,0.0,0.0,0.0,5.25,3.66,0.0
20131219:2210,0.0,0.0,0.0,4.72,3.24,0.0
20131219:2310,0.0,0.0,0.0,3.66,3.03,0.0
20131220:0010,0.0,0.0,0.0,3.13,3.1,0.0
20131220:0110,0.0,0.0,0.0,2.07,3.31,0.0
20131220:0210,0.0,0.0,0.0,2.07,3.59,0.0
20131220:0310,0.0,0.0,0.0,1.54,3.66,0.0
20131220:0410,0.0,0.0,0.0,1.54,3.79,0.0
20131220:0510,0.0,0.0,0.0,1.54,3.79,0.0
20131220:0610,0.0,0.0,0.0,1.54,3.79,0.0
20131220:0710,0.0,0.0,0.0,2.07,4.0,0.0
20131220:0810,0.0,0.0,0.0,2.07,3.93,0.0
20131220:0910,97.69,125.16,6.57,2.6,3.93,0.0
20131220:1010,441.22,503.22,11.45,4.19,4.28,0.0
20131220:1110,432.97,497.42,14.35,5.78,4.0,0.0
20131220:1210,520.43,604.57,15.01,7.37,3.72,0.0
20131220:1310,513.47,597.36,13.38,7.9,3.86,0.0
20131220:1410,113.29,144.95,9.6,8.43,5.17,0.0
20131220:1510,103.35,135.8,3.99,8.43,5.38,0.0
20131220:1610,0.0,0.0,0.0,7.9,5.59,0.0
20131220:1710,0.0,0.0,0.0,8.43,6.14,0.0
20131220:1810,0.0,0.0,0.0,8.96,6.69,0.0
20131220:1910,0.0,0.0,0.0,8.43,7.38,0.0
20131220:2010,0.0,0.0,0.0,8.96,7.86,0.0
20131220:2110,0.0,0.0,0.0,9.49,8.55,0.0
20131220:2210,0.0,0.0,0.0,10.02,8.9,0.0
20131220:2310,0.0,0.0,0.0,10.02,9.17,0.0
20131221:0010,0.0,0.0,0.0,10.02,9.24,0.0
20131221:0110,0.0,0.0,0.0,10.02,9.03,0.0
20131221:0210,0.0,0.0,0.0,10.02,8.9,0.0
20131221:0310,0.0,0.0,0.0,10.02,8.62,0.0
20131221:0410,0.0,0.0,0.0,10.02,8.28,0.0
20131221:0510,0.0,0.0,0.0,10.02,8.0,0.0
20131221:0610,0.0,0.0,0.0,10.55,7.79,0.0
20131221:0710,0.0,0.0,0.0,10.02,7.66,0.0
20131221:0810,0.0,0.0,0.0,10.02,8.07,0.0
20131221:0910,111.04,143.6,6.52,10.02,8.21,0.0
20131221:1010,364.21,422.89,11.41,10.02,8.14,0.0
20131221:1110,19.27,36.16,14.32,10.55,8.07,0.0
20131221:1210,76.4,105.11,15.01,11.09,8.21,0.0
20131221:1310,42.87,65.82,13.39,10.55,8.21,0.0
20131221:1410,163.82,201.79,9.63,10.55,8.21,0.0
20131221:1510,12.53,26.97,4.03,10.55,8.34,0.0
20131221:1610,0.0,0.0,0.0,10.55,8.34,0.0
20131221:1710,0.0,0.0,0.0,10.55,8.28,0.0
20131221:1810,0.0,0.0,0.0,10.55,8.48,0.0
20131221:1910,0.0,0.0,0.0,11.09,8.9,0.0
20131221:2010,0.0,0.0,0.0,11.09,9.24,0.0
20131221:2110,0.0,0.0,0.0,10.55,8.28,0.0
20131221:2210,0.0,0.0,0.0,10.02,6.48,0.0
20131221:2310,0.0,0.0,0.0,8.96,5.66,0.0
20131222:0010,0.0,0.0,0.0,7.9,5.45,0.0
20131222:0110,0.0,0.0,0.0,7.37,5.31,0.0
20131222:0210,0.0,0.0,0.0,7.37,5.17,0.0
20131222:0310,0.0,0.0,0.0,6.84,4.9,0.0
20131222:0410,0.0,0.0,0.0,6.31,4.9,0.0
20131222:0510,0.0,0.0,0.0,6.84,5.38,0.0
20131222:0610,0.0,0.0,0.0,7.37,6.07,0.0
20131222:0710,0.0,0.0,0.0,7.9,6.83,0.0
20131222:0810,0.0,0.0,0.0,8.43,7.24,0.0
20131222:0910,25.52,43.85,6.47,8.43,6.07,0.0
20131222:1010,323.67,376.41,11.38,7.9,5.31,0.0
20131222:1110,377.91,437.83,14.31,8.43,5.38,0.0
20131222:1210,377.2,437.45,15.01,8.96,5.79,0.0
20131222:1310,288.11,337.21,13.41,8.96,6.48,0.0
20131222:1410,343.18,398.82,9.66,8.43,6.34,0.0
20131222:1510,90.28,120.26,4.08,7.37,5.72,0.0
20131222:1610,0.0,0.0,0.0,6.84,5.03,0.0
20131222:1710,0.0,0.0,0.0,6.31,5.52,0.0
20131222:1810,0.0,0.0,0.0,5.78,5.38,0.0
20131222:1910,0.0,0.0,0.0,5.25,5.1,0.0
20131222:2010,0.0,0.0,0.0,4.72,4.76,0.0
20131222:2110,0.0,0.0,0.0,4.72,4.69,0.0
20131222:2210,0.0,0.0,0.0,4.19,4.48,0.0
20131222:2310,0.0,0.0,0.0,3.66,4.28,0.0
20131223:0010,0.0,0.0,0.0,3.66,4.28,0.0
20131223:0110,0.0,0.0,0.0,4.19,3.93,0.0
20131223:0210,0.0,0.0,0.0,4.72,4.07,0.0
20131223:0310,0.0,0.0,0.0,4.72,4.07,0.0
20131223:0410,0.0,0.0,0.0,4.72,4.21,0.0
20131223:0510,0.0,0.0,0.0,5.25,4.34,0.0
20131223:0610,0.0,0.0,0.0,5.25,4.62,0.0
20131223:0710,0.0,0.0,0.0,6.31,5.45,0.0
20131223:0810,0.0,0.0,0.0,7.37,6.34,0.0
20131223:0910,7.55,19.47,6.43,8.43,7.52,0.0
20131223:1010,75.14,102.45,11.35,8.96,8.69,0.0
20131223:1110,30.23,50.06,14.3,9.49,9.31,0.0
20131223:1210,46.22,69.53,15.02,9.49,10.41,0.0
20131223:1310,33.89,54.7,13.44,10.02,10.69,0.0
20131223:1410,21.45,38.94,9.7,10.02,10.97,0.0
20131223:1510,4.58,14.83,4.13,10.55,11.79,0.0
20131223:1610,0.0,0.0,0.0,10.55,12.0,0.0
20131223:1710,0.0,0.0,0.0,10.55,11.1,0.0
20131223:1810,0.0,0.0,0.0,11.09,10.21,0.0
20131223:1910,0.0,0.0,0.0,11.09,9.38,0.0
20131223:2010,0.0,0.0,0.0,11.09,8.76,0.0
20131223:2110,0.0,0.0,0.0,11.09,9.24,0.0
20131223:2210,0.0,0.0,0.0,11.61,11.1,0.0
20131223:2310,0.0,0.0,0.0,11.61,12.55,0.0
20131224:0010,0.0,0.0,0.0,11.61,13.24,0.0
20131224:0110,0.0,0.0,0.0,11.61,13.24,0.0
20131224:0210,0.0,0.0,0.0,11.09,12.41,0.0
20131224:0310,0.0,0.0,0.0,11.09,11.66,0.0
20131224:0410,0.0,0.0,0.0,11.09,9.31,0.0
20131224:0510,0.0,0.0,0.0,10.02,7.52,0.0
20131224:0610,0.0,0.0,0.0,9.49,7.24,0.0
20131224:0710,0.0,0.0,0.0,8.43,5.93,0.0
20131224:0810,0.0,0.0,0.0,7.9,6.0,0.0
20131224:0910,45.08,67.54,6.4,7.9,6.07,0.0
20131224:1010,295.22,344.51,11.33,8.43,6.55,0.0
20131224:1110,85.19,113.89,14.3,8.43,6.76,0.0
20131224:1210,254.47,299.35,15.03,8.43,6.69,0.0
20131224:1310,37.92,59.33,13.47,8.43,6.48,0.0
20131224:1410,283.88,332.48,9.75,8.43,6.48,0.0
20131224:1510,71.16,98.49,4.19,7.9,6.28,0.0
20131224:1610,0.0,0.0,0.0,7.37,6.0,0.0
20131224:1710,0.0,0.0,0.0,6.84,5.86,0.0
20131224:1810,0.0,0.0,0.0,6.31,5.79,0.0
20131224:1910,0.0,0.0,0.0,6.31,4.62,0.0
20131224:2010,0.0,0.0,0.0,6.31,4.55,0.0
20131224:2110,0.0,0.0,0.0,5.78,3.93,0.0
20131224:2210,0.0,0.0,0.0,5.78,3.59,0.0
20131224:2310,0.0,0.0,0.0,5.25,3.52,0.0
20131225:0010,0.0,0.0,0.0,4.72,3.03,0.0
20131225:0110,0.0,0.0,0.0,4.19,3.31,0.0
20131225:0210,0.0,0.0,0.0,4.19,4.0,0.0
20131225:0310,0.0,0.0,0.0,4.19,4.48,0.0
20131225:0410,0.0,0.0,0.0,3.66,4.48,0.0
20131225:0510,0.0,0.0,0.0,3.13,4.41,0.0
20131225:0610,0.0,0.0,0.0,3.13,4.41,0.0
20131225:0710,0.0,0.0,0.0,3.66,4.07,0.0
20131225:0810,0.0,0.0,0.0,3.66,3.72,0.0
20131225:0910,253.79,297.57,6.37,3.66,3.38,0.0
20131225:1010,27.9,46.36,11.32,4.72,3.52,0.0
20131225:1110,540.75,627.24,14.3,5.78,3.03,0.0
20131225:1210,591.1,686.14,15.06,6.84,4.0,0.0
20131225:1310,170.41,206.88,13.51,6.84,3.93,0.0
20131225:1410,82.63,110.48,9.81,7.37,3.31,0.0
20131225:1510,32.41,52.41,4.26,6.84,2.83,0.0
20131225:1610,0.0,0.0,0.0,5.25,2.48,0.0
20131225:1710,0.0,0.0,0.0,4.72,2.48,0.0
20131225:1810,0.0,0.0,0.0,4.19,2.48,0.0
20131225:1910,0.0,0.0,0.0,4.19,2.07,0.0
20131225:2010,0.0,0.0,0.0,3.66,1.93,0.0
20131225:2110,0.0,0.0,0.0,3.13,2.0,0.0
20131225:2210,0.0,0.0,0.0,3.13,1.93,0.0
20131225:2310,0.0,0.0,0.0,2.6,1.72,0.0
20131226:0010,0.0,0.0,0.0,2.6,1.52,0.0
20131226:0110,0.0,0.0,0.0,2.07,1.45,0.0
20131226:0210,0.0,0.0,0.0,2.6,1.24,0.0
20131226:0310,0.0,0.0,0.0,2.6,1.03,0.0
20131226:0410,0.0,0.0,0.0,2.07,1.52,0.0
20131226:0510,0.0,0.0,0.0,3.13,2.07,0.0
20131226:0610,0.0,0.0,0.0,3.13,2.34,0.0
20131226:0710,0.0,0.0,0.0,3.13,2.69,0.0
20131226:0810,0.0,0.0,0.0,3.13,2.69,0.0
20131226:0910,160.64,195.45,6.35,3.66,2.41,0.0
20131226:1010,107.78,136.99,11.32,4.19,2.28,0.0
20131226:1110,44.77,66.75,14.32,4.72,2.55,0.0
20131226:1210,115.35,146.38,15.09,5.78,3.03,0.0
20131226:1310,85.42,113.62,13.56,6.84,3.45,0.0
20131226:1410,104.91,135.09,9.87,6.84,3.03,0.0
20131226:1510,125.79,160.04,4.34,6.31,2.97,0.0
20131226:1610,0.0,0.0,0.0,5.25,2.97,0.0
20131226:1710,0.0,0.0,0.0,4.19,2.9,0.0
20131226:1810,0.0,0.0,0.0,3.66,2.9,0.0
20131226:1910,0.0,0.0,0.0,3.66,3.17,0.0
20131226:2010,0.0,0.0,0.0,3.66,3.66,0.0
20131226:2110,0.0,0.0,0.0,4.19,4.55,0.0
20131226:2210,0.0,0.0,0.0,5.78,5.93,0.0
20131226:2310,0.0,0.0,0.0,6.84,7.52,0.0
20131227:0010,0.0,0.0,0.0,7.37,8.76,0.0
20131227:0110,0.0,0.0,0.0,7.9,9.86,0.0
20131227:0210,0.0,0.0,0.0,8.43,10.41,0.0
20131227:0310,0.0,0.0,0.0,8.96,10.48,0.0
20131227:0410,0.0,0.0,0.0,9.49,10.62,0.0
20131227:0510,0.0,0.0,0.0,10.55,10.14,0.0
20131227:0610,0.0,0.0,0.0,11.09,9.45,0.0
20131227:0710,0.0,0.0,0.0,10.55,8.48,0.0
20131227:0810,0.0,0.0,0.0,9.49,8.28,0.0
20131227:0910,5.16,15.76,6.34,9.49,8.21,0.0
20131227:1010,29.49,49.14,11.32,9.49,8.48,0.0
20131227:1110,13.85,28.74,14.34,10.02,8.55,0.0
20131227:1210,72.74,100.52,15.13,10.02,8.55,0.0
20131227:1310,74.32,102.14,13.62,10.02,8.69,0.0
20131227:1410,359.97,418.61,9.95,10.02,8.34,0.0
20131227:1510,44.71,67.98,4.42,10.02,7.59,0.0
20131227:1610,0.0,0.0,0.0,8.96,6.76,0.0
20131227:1710,0.0,0.0,0.0,8.43,6.28,0.0
20131227:1810,0.0,0.0,0.0,8.43,5.79,0.0
20131227:1910,0.0,0.0,0.0,7.9,5.86,0.0
20131227:2010,0.0,0.0,0.0,7.9,5.52,0.0
20131227:2110,0.0,0.0,0.0,7.37,5.24,0.0
20131227:2210,0.0,0.0,0.0,7.37,4.83,0.0
20131227:2310,0.0,0.0,0.0,6.31,4.41,0.0
20131228:0010,0.0,0.0,0.0,5.78,4.14,0.0
20131228:0110,0.0,0.0,0.0,5.25,3.86,0.0
20131228:0210,0.0,0.0,0.0,4.72,3.86,0.0
20131228:0310,0.0,0.0,0.0,5.25,4.28,0.0
20131228:0410,0.0,0.0,0.0,5.25,4.48,0.0
20131228:0510,0.0,0.0,0.0,4.72,4.41,0.0
20131228:0610,0.0,0.0,0.0,4.72,4.07,0.0
20131228:0710,0.0,0.0,0.0,3.66,3.86,0.0
20131228:0810,0.0,0.0,0.0,3.13,3.59,0.0
20131228:0910,91.43,118.93,6.34,3.66,3.52,0.0
20131228:1010,458.24,525.56,11.33,4.72,3.72,0.0
20131228:1110,494.52,572.0,14.37,6.31,3.45,0.0
20131228:1210,577.32,669.98,15.18,6.84,3.93,0.0
20131228:1310,534.47,620.18,13.68,7.37,4.0,0.0
20131228:1410,364.38,424.61,10.02,7.37,3.59,0.0
20131228:1510,146.44,183.62,4.51,6.84,2.76,0.0
20131228:1610,0.0,0.0,0.0,5.78,2.69,0.0
20131228:1710,0.0,0.0,0.0,4.19,2.48,0.0
20131228:1810,0.0,0.0,0.0,3.66,2.41,0.0
20131228:1910,0.0,0.0,0.0,3.13,1.93,0.0
20131228:2010,0.0,0.0,0.0,2.07,2.0,0.0
20131228:2110,0.0,0.0,0.0,1.54,2.14,0.0
20131228:2210,0.0,0.0,0.0,1.01,2.34,0.0
20131228:2310,0.0,0.0,0.0,1.01,2.34,0.0
20131229:0010,0.0,0.0,0.0,0.48,2.48,0.0
20131229:0110,0.0,0.0,0.0,-0.04,2.55,0.0
20131229:0210,0.0,0.0,0.0,-0.04,2.55,0.0
20131229:0310,0.0,0.0,0.0,-0.04,2.76,0.0
20131229:0410,0.0,0.0,0.0,-0.04,2.69,0.0
20131229:0510,0.0,0.0,0.0,-0.04,2.83,0.0
20131229:0610,0.0,0.0,0.0,-0.04,2.9,0.0
20131229:0710,0.0,0.0,0.0,-0.04,3.1,0.0
20131229:0810,0.0,0.0,0.0,0.48,3.1,0.0
20131229:0910,140.83,171.25,6.34,0.48,2.83,0.0
20131229:1010,448.29,511.29,11.35,2.07,2.62,0.0
20131229:1110,367.51,420.97,14.41,3.66,3.03,0.0
20131229:1210,527.93,607.79,15.23,4.72,3.24,0.0
20131229:1310,457.49,528.31,13.76,5.78,3.17,0.0
20131229:1410,352.16,408.17,10.11,5.78,3.31,0.0
20131229:1510,123.1,156.45,4.61,5.78,3.03,0.0
20131229:1610,0.0,0.0,0.0,4.19,2.9,0.0
20131229:1710,0.0,0.0,0.0,3.13,2.97,0.0
20131229:1810,0.0,0.0,0.0,2.6,3.03,0.0
20131229:1910,0.0,0.0,0.0,3.13,3.38,0.0
20131229:2010,0.0,0.0,0.0,3.66,3.79,0.0
20131229:2110,0.0,0.0,0.0,4.72,4.55,0.0
20131229:2210,0.0,0.0,0.0,5.25,5.24,0.0
20131229:2310,0.0,0.0,0.0,6.31,5.86,0.0
20131230:0010,0.0,0.0,0.0,6.84,6.28,0.0
20131230:0110,0.0,0.0,0.0,7.37,6.69,0.0
20131230:0210,0.0,0.0,0.0,7.9,7.03,0.0
20131230:0310,0.0,0.0,0.0,7.9,7.31,0.0
20131230:0410,0.0,0.0,0.0,8.43,7.52,0.0
20131230:0510,0.0,0.0,0.0,8.43,7.59,0.0
20131230:0610,0.0,0.0,0.0,8.96,7.72,0.0
20131230:0710,0.0,0.0,0.0,9.49,8.28,0.0
20131230:0810,0.0,0.0,0.0,9.49,8.76,0.0
20131230:0910,9.98,23.18,6.35,9.49,9.31,0.0
20131230:1010,38.05,59.59,11.38,9.49,9.72,0.0
20131230:1110,28.76,48.21,14.45,9.49,10.28,0.0
20131230:1210,54.67,79.43,15.3,9.49,10.83,0.0
20131230:1310,6.9,18.54,13.83,9.49,9.45,0.0
20131230:1410,123.64,156.43,10.2,8.96,7.38,0.0
20131230:1510,50.99,74.85,4.71,7.9,5.86,0.0
20131230:1610,0.0,0.0,0.0,7.37,5.38,0.0
20131230:1710,0.0,0.0,0.0,6.84,4.9,0.0
20131230:1810,0.0,0.0,0.0,6.31,4.34,0.0
20131230:1910,0.0,0.0,0.0,6.31,4.0,0.0
20131230:2010,0.0,0.0,0.0,5.78,3.86,0.0
20131230:2110,0.0,0.0,0.0,5.78,3.45,0.0
20131230:2210,0.0,0.0,0.0,5.25,3.24,0.0
20131230:2310,0.0,0.0,0.0,5.25,3.24,0.0
20131231:0010,0.0,0.0,0.0,5.25,3.52,0.0
20131231:0110,0.0,0.0,0.0,6.31,3.93,0.0
20131231:0210,0.0,0.0,0.0,7.37,4.41,0.0
20131231:0310,0.0,0.0,0.0,7.9,4.83,0.0
20131231:0410,0.0,0.0,0.0,8.43,5.17,0.0
20131231:0510,0.0,0.0,0.0,8.43,5.45,0.0
20131231:0610,0.0,0.0,0.0,8.96,6.14,0.0
20131231:0710,0.0,0.0,0.0,8.96,7.17,0.0
20131231:0810,0.0,0.0,0.0,9.49,7.66,0.0
20131231:0910,19.49,36.26,6.37,9.49,7.31,0.0
20131231:1010,38.0,59.57,11.41,9.49,6.97,0.0
20131231:1110,52.33,76.74,14.5,9.49,7.52,0.0
20131231:1210,32.37,52.85,15.37,10.02,7.52,0.0
20131231:1310,37.06,58.41,13.92,8.96,6.34,0.0
20131231:1410,25.27,43.57,10.3,7.9,4.69,0.0
20131231:1510,1.6,9.27,4.82,6.31,3.59,0.0
20131231:1610,0.0,0.0,0.0,5.78,3.31,0.0
20131231:1710,0.0,0.0,0.0,5.25,3.59,0.0
20131231:1810,0.0,0.0,0.0,5.25,3.93,0.0
20131231:1910,0.0,0.0,0.0,5.78,4.07,0.0
20131231:2010,0.0,0.0,0.0,5.78,4.07,0.0
20131231:2110,0.0,0.0,0.0,5.78,4.34,0.0
20131231:2210,0.0,0.0,0.0,5.78,4.76,0.0
20131231:2310,0.0,0.0,0.0,6.31,5.1,0.0

P: PV system power (W)
G(i): Global irradiance on the inclined plane (plane of the array) (W/m2)
H_sun: Sun height (degree)
T2m: 2-m air temperature (degree Celsius)
WS10m: 10-m total wind speed (m/s)
Int: 1 means solar radiation values are reconstructed



PVGIS (c) European Union, 2001-2026