Latitude (decimal degrees):	51.507
Longitude (decimal degrees):	-0.128
Elevation (m):	19
Radiation database:	PVGIS-SARAH2


Slope: 35 deg. 
Azimuth: 0 deg. 
Nominal power of the PV system (c-Si) (kWp):	1.0
System losses (%):	14.0
time,P,G(i),H_sun,T2m,WS10m,Int
20140101:0010,0.0,0.0,0.0,6.31,5.59,0.0
20140101:0110,0.0,0.0,0.0,6.84,5.72,0.0
20140101:0210,0.0,0.0,0.0,6.84,5.31,0.0
20140101:0310,0.0,0.0,0.0,6.31,5.03,0.0
20140101:0410,0.0,0.0,0.0,6.31,4.9,0.0
20140101:0510,0.0,0.0,0.0,6.31,4.9,0.0
20140101:0610,0.0,0.0,0.0,6.31,5.1,0.0
20140101:0710,0.0,0.0,0.0,7.37,5.38,0.0
20140101:0810,0.0,0.0,0.0,7.37,6.07,0.0
20140101:0910,12.67,26.89,6.4,7.9,6.55,0.0
20140101:1010,59.08,83.86,11.47,7.9,7.45,0.0
20140101:1110,31.97,51.92,14.58,7.9,8.34,0.0
20140101:1210,55.04,79.4,15.47,7.9,9.1,0.0
20140101:1310,77.85,105.47,14.04,8.43,9.93,0.0
20140101:1410,27.36,46.36,10.44,8.96,9.86,0.0
20140101:1510,2.03,10.2,4.96,9.49,9.72,0.0
20140101:1610,0.0,0.0,0.0,9.49,8.9,0.0
20140101:1710,0.0,0.0,0.0,9.49,8.41,0.0
20140101:1810,0.0,0.0,0.0,9.49,8.21,0.0
20140101:1910,0.0,0.0,0.0,9.49,7.66,0.0
20140101:2010,0.0,0.0,0.0,10.02,7.31,0.0
20140101:2110,0.0,0.0,0.0,10.02,7.1,0.0
20140101:2210,0.0,0.0,0.0,9.49,6.9,0.0
20140101:2310,0.0,0.0,0.0,9.49,6.62,0.0
20140102:0010,0.0,0.0,0.0,8.96,5.79,0.0
20140102:0110,0.0,0.0,0.0,8.96,5.59,0.0
20140102:0210,0.0,0.0,0.0,8.43,5.38,0.0
20140102:0310,0.0,0.0,0.0,8.43,4.55,0.0
20140102:0410,0.0,0.0,0.0,8.43,4.07,0.0
20140102:0510,0.0,0.0,0.0,7.9,4.62,0.0
20140102:0610,0.0,0.0,0.0,7.37,4.41,0.0
20140102:0710,0.0,0.0,0.0,5.78,4.28,0.0
20140102:0810,0.0,0.0,0.0,5.25,4.07,0.0
20140102:0910,238.82,282.67,6.43,5.25,4.0,0.0
20140102:1010,438.48,505.72,11.52,6.31,4.07,0.0
20140102:1110,532.19,621.41,14.65,7.9,3.45,0.0
20140102:1210,542.57,633.28,15.56,8.43,3.93,0.0
20140102:1310,514.93,600.68,14.14,9.49,4.69,0.0
20140102:1410,218.26,262.05,10.55,9.49,4.69,0.0
20140102:1510,189.79,233.2,5.08,8.96,4.55,0.0
20140102:1610,0.0,0.0,0.0,8.43,4.55,0.0
20140102:1710,0.0,0.0,0.0,7.37,4.48,0.0
20140102:1810,0.0,0.0,0.0,7.37,4.76,0.0
20140102:1910,0.0,0.0,0.0,7.9,4.9,0.0
20140102:2010,0.0,0.0,0.0,8.43,5.24,0.0
20140102:2110,0.0,0.0,0.0,8.96,5.86,0.0
20140102:2210,0.0,0.0,0.0,8.96,6.69,0.0
20140102:2310,0.0,0.0,0.0,8.96,7.52,0.0
20140103:0010,0.0,0.0,0.0,9.49,8.21,0.0
20140103:0110,0.0,0.0,0.0,9.49,8.76,0.0
20140103:0210,0.0,0.0,0.0,10.02,7.93,0.0
20140103:0310,0.0,0.0,0.0,10.02,6.21,0.0
20140103:0410,0.0,0.0,0.0,9.49,5.72,0.0
20140103:0510,0.0,0.0,0.0,8.96,6.07,0.0
20140103:0610,0.0,0.0,0.0,8.43,6.69,0.0
20140103:0710,0.0,0.0,0.0,8.96,7.24,0.0
20140103:0810,0.0,0.0,0.0,8.96,7.1,0.0
20140103:0910,226.53,271.42,6.47,8.43,6.48,0.0
20140103:1010,202.88,242.85,11.58,8.43,6.9,0.0
20140103:1110,507.12,581.95,14.73,8.96,8.07,0.0
20140103:1210,37.08,58.41,15.65,8.96,8.21,0.0
20140103:1310,141.72,176.32,14.25,8.96,8.41,0.0
20140103:1410,251.55,295.55,10.67,8.43,8.76,0.0
20140103:1510,129.19,163.42,5.21,7.9,8.34,0.0
20140103:1610,0.0,0.0,0.0,7.37,7.93,0.0
20140103:1710,0.0,0.0,0.0,6.84,8.14,0.0
20140103:1810,0.0,0.0,0.0,6.84,8.28,0.0
20140103:1910,0.0,0.0,0.0,6.84,7.52,0.0
20140103:2010,0.0,0.0,0.0,6.84,7.52,0.0
20140103:2110,0.0,0.0,0.0,7.37,7.59,0.0
20140103:2210,0.0,0.0,0.0,7.37,7.45,0.0
20140103:2310,0.0,0.0,0.0,7.37,6.97,0.0
20140104:0010,0.0,0.0,0.0,7.37,6.07,0.0
20140104:0110,0.0,0.0,0.0,7.37,5.59,0.0
20140104:0210,0.0,0.0,0.0,7.37,5.1,0.0
20140104:0310,0.0,0.0,0.0,7.37,4.9,0.0
20140104:0410,0.0,0.0,0.0,7.37,4.55,0.0
20140104:0510,0.0,0.0,0.0,7.37,5.31,0.0
20140104:0610,0.0,0.0,0.0,7.9,5.66,0.0
20140104:0710,0.0,0.0,0.0,8.43,7.86,0.0
20140104:0810,0.0,0.0,0.0,8.43,7.93,0.0
20140104:0910,4.62,14.83,6.52,8.96,7.79,0.0
20140104:1010,49.2,72.79,11.64,8.96,7.24,0.0
20140104:1110,81.08,109.52,14.81,8.96,7.45,0.0
20140104:1210,29.63,49.14,15.75,8.43,6.9,0.0
20140104:1310,196.02,235.64,14.37,8.43,6.14,0.0
20140104:1410,107.14,138.19,10.8,8.43,5.03,0.0
20140104:1510,51.62,75.53,5.35,7.9,4.62,0.0
20140104:1610,0.0,0.0,0.0,6.84,5.03,0.0
20140104:1710,0.0,0.0,0.0,5.78,5.86,0.0
20140104:1810,0.0,0.0,0.0,4.72,4.55,0.0
20140104:1910,0.0,0.0,0.0,5.25,2.48,0.0
20140104:2010,0.0,0.0,0.0,4.72,3.45,0.0
20140104:2110,0.0,0.0,0.0,4.19,3.93,0.0
20140104:2210,0.0,0.0,0.0,3.66,3.59,0.0
20140104:2310,0.0,0.0,0.0,3.13,3.17,0.0
20140105:0010,0.0,0.0,0.0,2.6,3.1,0.0
20140105:0110,0.0,0.0,0.0,2.07,2.97,0.0
20140105:0210,0.0,0.0,0.0,2.6,2.83,0.0
20140105:0310,0.0,0.0,0.0,2.6,2.69,0.0
20140105:0410,0.0,0.0,0.0,2.07,2.69,0.0
20140105:0510,0.0,0.0,0.0,1.01,2.69,0.0
20140105:0610,0.0,0.0,0.0,1.01,2.76,0.0
20140105:0710,0.0,0.0,0.0,0.48,2.76,0.0
20140105:0810,0.0,0.0,0.0,0.48,2.69,0.0
20140105:0910,131.94,162.07,6.58,1.01,2.76,0.0
20140105:1010,317.08,365.04,11.71,3.13,2.55,0.0
20140105:1110,357.47,413.32,14.9,5.25,2.76,0.0
20140105:1210,126.72,159.26,15.86,6.31,3.17,0.0
20140105:1310,89.9,118.85,14.5,7.37,4.62,0.0
20140105:1410,29.78,49.14,10.94,7.37,5.31,0.0
20140105:1510,62.56,88.03,5.49,7.37,5.79,0.0
20140105:1610,0.0,0.0,0.0,7.37,6.34,0.0
20140105:1710,0.0,0.0,0.0,7.9,7.03,0.0
20140105:1810,0.0,0.0,0.0,8.43,7.52,0.0
20140105:1910,0.0,0.0,0.0,8.96,8.14,0.0
20140105:2010,0.0,0.0,0.0,9.49,7.66,0.0
20140105:2110,0.0,0.0,0.0,9.49,7.72,0.0
20140105:2210,0.0,0.0,0.0,10.55,7.72,0.0
20140105:2310,0.0,0.0,0.0,11.09,8.14,0.0
20140106:0010,0.0,0.0,0.0,11.61,8.76,0.0
20140106:0110,0.0,0.0,0.0,11.61,8.62,0.0
20140106:0210,0.0,0.0,0.0,12.15,7.86,0.0
20140106:0310,0.0,0.0,0.0,11.61,7.93,0.0
20140106:0410,0.0,0.0,0.0,11.61,7.59,0.0
20140106:0510,0.0,0.0,0.0,11.09,7.31,0.0
20140106:0610,0.0,0.0,0.0,10.02,6.97,0.0
20140106:0710,0.0,0.0,0.0,10.02,7.52,0.0
20140106:0810,0.0,0.0,0.0,10.02,7.59,0.0
20140106:0910,11.23,25.03,6.64,10.02,8.0,0.0
20140106:1010,365.59,424.29,11.8,10.02,8.41,0.0
20140106:1110,434.95,503.25,15.0,10.55,8.28,0.0
20140106:1210,339.27,396.1,15.98,11.09,8.69,0.0
20140106:1310,181.07,221.09,14.63,11.09,9.24,0.0
20140106:1410,326.24,382.0,11.08,11.09,9.03,0.0
20140106:1510,17.47,33.72,5.64,10.55,8.97,0.0
20140106:1610,0.0,0.0,0.0,10.02,8.62,0.0
20140106:1710,0.0,0.0,0.0,9.49,8.34,0.0
20140106:1810,0.0,0.0,0.0,9.49,8.41,0.0
20140106:1910,0.0,0.0,0.0,9.49,7.86,0.0
20140106:2010,0.0,0.0,0.0,9.49,8.14,0.0
20140106:2110,0.0,0.0,0.0,9.49,8.14,0.0
20140106:2210,0.0,0.0,0.0,9.49,8.07,0.0
20140106:2310,0.0,0.0,0.0,9.49,7.93,0.0
20140107:0010,0.0,0.0,0.0,9.49,7.86,0.0
20140107:0110,0.0,0.0,0.0,9.49,8.0,0.0
20140107:0210,0.0,0.0,0.0,9.49,7.72,0.0
20140107:0310,0.0,0.0,0.0,9.49,7.93,0.0
20140107:0410,0.0,0.0,0.0,9.49,7.86,0.0
20140107:0510,0.0,0.0,0.0,9.49,7.93,0.0
20140107:0610,0.0,0.0,0.0,8.96,7.72,0.0
20140107:0710,0.0,0.0,0.0,9.49,7.66,0.0
20140107:0810,0.0,0.0,0.0,9.49,8.0,0.0
20140107:0910,163.91,202.35,6.71,9.49,8.41,0.0
20140107:1010,33.96,54.7,11.88,9.49,8.0,0.0
20140107:1110,46.19,69.53,15.11,9.49,7.93,0.0
20140107:1210,200.6,241.98,16.11,10.02,7.66,0.0
20140107:1310,496.59,576.37,14.77,10.55,6.9,0.0
20140107:1410,94.1,124.55,11.23,10.55,7.66,0.0
20140107:1510,122.37,157.07,5.79,10.02,7.38,0.0
20140107:1610,0.0,0.0,0.0,9.49,6.83,0.0
20140107:1710,0.0,0.0,0.0,9.49,6.55,0.0
20140107:1810,0.0,0.0,0.0,9.49,6.34,0.0
20140107:1910,0.0,0.0,0.0,9.49,5.93,0.0
20140107:2010,0.0,0.0,0.0,9.49,5.79,0.0
20140107:2110,0.0,0.0,0.0,9.49,5.59,0.0
20140107:2210,0.0,0.0,0.0,9.49,5.24,0.0
20140107:2310,0.0,0.0,0.0,8.43,5.03,0.0
20140108:0010,0.0,0.0,0.0,7.9,4.97,0.0
20140108:0110,0.0,0.0,0.0,7.9,5.03,0.0
20140108:0210,0.0,0.0,0.0,7.37,5.17,0.0
20140108:0310,0.0,0.0,0.0,7.37,4.97,0.0
20140108:0410,0.0,0.0,0.0,6.84,4.83,0.0
20140108:0510,0.0,0.0,0.0,6.84,4.69,0.0
20140108:0610,0.0,0.0,0.0,6.84,4.62,0.0
20140108:0710,0.0,0.0,0.0,7.37,4.34,0.0
20140108:0810,0.0,0.0,0.0,7.37,4.28,0.0
20140108:0910,44.75,67.24,6.78,7.9,4.62,0.0
20140108:1010,175.33,213.68,11.98,8.43,4.14,0.0
20140108:1110,509.67,598.8,15.23,9.49,3.52,0.0
20140108:1210,574.79,676.47,16.24,10.02,4.14,0.0
20140108:1310,402.38,470.9,14.91,10.55,5.03,0.0
20140108:1410,95.07,125.98,11.38,10.55,4.48,0.0
20140108:1510,24.79,43.29,5.95,10.02,3.38,0.0
20140108:1610,0.0,0.0,0.0,9.49,3.17,0.0
20140108:1710,0.0,0.0,0.0,8.96,3.31,0.0
20140108:1810,0.0,0.0,0.0,8.96,3.24,0.0
20140108:1910,0.0,0.0,0.0,9.49,4.41,0.0
20140108:2010,0.0,0.0,0.0,9.49,5.03,0.0
20140108:2110,0.0,0.0,0.0,10.02,5.24,0.0
20140108:2210,0.0,0.0,0.0,10.55,5.52,0.0
20140108:2310,0.0,0.0,0.0,11.09,5.72,0.0
20140109:0010,0.0,0.0,0.0,11.09,5.93,0.0
20140109:0110,0.0,0.0,0.0,11.09,6.41,0.0
20140109:0210,0.0,0.0,0.0,11.09,6.83,0.0
20140109:0310,0.0,0.0,0.0,11.09,7.1,0.0
20140109:0410,0.0,0.0,0.0,10.55,7.66,0.0
20140109:0510,0.0,0.0,0.0,10.02,7.66,0.0
20140109:0610,0.0,0.0,0.0,9.49,7.45,0.0
20140109:0710,0.0,0.0,0.0,9.49,7.45,0.0
20140109:0810,0.0,0.0,0.0,9.49,7.1,0.0
20140109:0910,86.83,116.08,6.87,8.96,6.41,0.0
20140109:1010,20.89,38.01,12.08,8.43,6.28,0.0
20140109:1110,522.48,601.37,15.35,7.9,5.93,0.0
20140109:1210,465.41,533.41,16.38,7.37,6.28,0.0
20140109:1310,279.13,325.99,15.07,7.9,6.34,0.0
20140109:1410,319.33,372.54,11.54,8.43,5.45,0.0
20140109:1510,165.35,204.3,6.12,8.43,5.45,0.0
20140109:1610,0.0,0.0,0.0,7.37,4.69,0.0
20140109:1710,0.0,0.0,0.0,6.84,4.48,0.0
20140109:1810,0.0,0.0,0.0,5.78,4.28,0.0
20140109:1910,0.0,0.0,0.0,5.78,4.0,0.0
20140109:2010,0.0,0.0,0.0,5.25,3.86,0.0
20140109:2110,0.0,0.0,0.0,4.72,3.59,0.0
20140109:2210,0.0,0.0,0.0,4.19,3.52,0.0
20140109:2310,0.0,0.0,0.0,3.66,3.38,0.0
20140110:0010,0.0,0.0,0.0,3.66,3.1,0.0
20140110:0110,0.0,0.0,0.0,3.13,3.1,0.0
20140110:0210,0.0,0.0,0.0,2.6,3.03,0.0
20140110:0310,0.0,0.0,0.0,2.6,2.97,0.0
20140110:0410,0.0,0.0,0.0,2.07,2.97,0.0
20140110:0510,0.0,0.0,0.0,2.07,2.97,0.0
20140110:0610,0.0,0.0,0.0,2.07,2.83,0.0
20140110:0710,0.0,0.0,0.0,2.07,2.69,0.0
20140110:0810,0.0,0.0,0.0,1.54,2.69,0.0
20140110:0910,234.47,275.21,6.96,2.07,2.62,0.0
20140110:1010,396.26,457.19,12.19,4.19,2.34,0.0
20140110:1110,515.74,602.25,15.48,6.84,2.69,0.0
20140110:1210,488.52,570.47,16.52,7.9,3.17,0.0
20140110:1310,309.45,363.46,15.22,8.96,4.07,0.0
20140110:1410,398.24,466.67,11.71,8.96,3.52,0.0
20140110:1510,123.97,158.65,6.29,8.96,3.72,0.0
20140110:1610,0.0,0.0,0.0,7.9,3.52,0.0
20140110:1710,0.0,0.0,0.0,6.84,3.45,0.0
20140110:1810,0.0,0.0,0.0,6.84,3.59,0.0
20140110:1910,0.0,0.0,0.0,7.37,4.0,0.0
20140110:2010,0.0,0.0,0.0,7.37,4.07,0.0
20140110:2110,0.0,0.0,0.0,7.37,4.21,0.0
20140110:2210,0.0,0.0,0.0,7.37,4.07,0.0
20140110:2310,0.0,0.0,0.0,7.37,4.0,0.0
20140111:0010,0.0,0.0,0.0,6.84,3.93,0.0
20140111:0110,0.0,0.0,0.0,6.84,4.07,0.0
20140111:0210,0.0,0.0,0.0,7.37,4.21,0.0
20140111:0310,0.0,0.0,0.0,7.37,4.28,0.0
20140111:0410,0.0,0.0,0.0,7.37,4.28,0.0
20140111:0510,0.0,0.0,0.0,7.37,4.28,0.0
20140111:0610,0.0,0.0,0.0,7.37,4.0,0.0
20140111:0710,0.0,0.0,0.0,7.37,4.34,0.0
20140111:0810,0.0,0.0,0.0,6.31,3.93,0.0
20140111:0910,248.17,293.47,7.05,5.25,3.59,0.0
20140111:1010,455.23,525.65,12.31,5.25,3.03,0.0
20140111:1110,565.38,653.43,15.61,5.78,3.72,0.0
20140111:1210,566.32,656.26,16.68,6.31,3.72,0.0
20140111:1310,469.97,544.47,15.39,6.84,3.52,0.0
20140111:1410,288.5,337.86,11.88,6.84,3.38,0.0
20140111:1510,167.52,205.49,6.47,6.31,3.31,0.0
20140111:1610,0.0,0.0,0.0,5.78,2.76,0.0
20140111:1710,0.0,0.0,0.0,4.19,2.28,0.0
20140111:1810,0.0,0.0,0.0,3.13,1.86,0.0
20140111:1910,0.0,0.0,0.0,2.07,1.66,0.0
20140111:2010,0.0,0.0,0.0,2.6,1.1,0.0
20140111:2110,0.0,0.0,0.0,1.01,1.38,0.0
20140111:2210,0.0,0.0,0.0,0.48,1.17,0.0
20140111:2310,0.0,0.0,0.0,0.48,1.31,0.0
20140112:0010,0.0,0.0,0.0,0.48,1.17,0.0
20140112:0110,0.0,0.0,0.0,-1.1,1.38,0.0
20140112:0210,0.0,0.0,0.0,-2.16,1.79,0.0
20140112:0310,0.0,0.0,0.0,-1.63,1.79,0.0
20140112:0410,0.0,0.0,0.0,-1.1,2.0,0.0
20140112:0510,0.0,0.0,0.0,-1.1,1.93,0.0
20140112:0610,0.0,0.0,0.0,-0.57,2.55,0.0
20140112:0710,0.0,0.0,0.0,1.01,3.03,0.0
20140112:0810,0.0,0.0,0.0,1.54,3.31,0.0
20140112:0910,229.28,269.44,7.16,2.6,3.38,0.0
20140112:1010,379.26,431.74,12.43,3.13,4.07,0.0
20140112:1110,494.88,562.61,15.76,4.19,4.76,0.0
20140112:1210,256.89,298.56,16.84,4.72,4.9,0.0
20140112:1310,38.5,59.33,15.56,5.25,5.03,0.0
20140112:1410,43.93,65.85,12.06,5.78,4.69,0.0
20140112:1510,4.16,13.91,6.65,5.78,4.28,0.0
20140112:1610,0.0,0.0,0.0,6.31,4.41,0.0
20140112:1710,0.0,0.0,0.0,6.31,4.69,0.0
20140112:1810,0.0,0.0,0.0,7.37,4.83,0.0
20140112:1910,0.0,0.0,0.0,6.84,4.62,0.0
20140112:2010,0.0,0.0,0.0,7.9,4.9,0.0
20140112:2110,0.0,0.0,0.0,8.43,5.1,0.0
20140112:2210,0.0,0.0,0.0,8.43,5.38,0.0
20140112:2310,0.0,0.0,0.0,9.49,5.52,0.0
20140113:0010,0.0,0.0,0.0,9.49,5.59,0.0
20140113:0110,0.0,0.0,0.0,8.96,5.79,0.0
20140113:0210,0.0,0.0,0.0,7.37,5.1,0.0
20140113:0310,0.0,0.0,0.0,6.31,4.69,0.0
20140113:0410,0.0,0.0,0.0,5.25,4.0,0.0
20140113:0510,0.0,0.0,0.0,5.25,3.86,0.0
20140113:0610,0.0,0.0,0.0,5.25,3.72,0.0
20140113:0710,0.0,0.0,0.0,5.25,3.59,0.0
20140113:0810,0.0,0.0,0.0,4.72,3.38,0.0
20140113:0910,292.5,343.72,7.27,5.25,3.17,0.0
20140113:1010,443.37,513.35,12.56,6.31,3.38,0.0
20140113:1110,570.7,667.49,15.91,7.37,3.24,0.0
20140113:1210,527.46,612.26,17.0,8.43,4.76,0.0
20140113:1310,580.61,675.73,15.74,8.43,4.69,0.0
20140113:1410,170.17,207.84,12.25,8.43,4.76,0.0
20140113:1510,145.11,181.11,6.84,7.9,5.1,0.0
20140113:1610,0.0,0.0,0.0,6.84,4.21,0.0
20140113:1710,0.0,0.0,0.0,6.84,4.34,0.0
20140113:1810,0.0,0.0,0.0,6.31,4.41,0.0
20140113:1910,0.0,0.0,0.0,5.78,4.97,0.0
20140113:2010,0.0,0.0,0.0,5.78,4.55,0.0
20140113:2110,0.0,0.0,0.0,5.25,4.0,0.0
20140113:2210,0.0,0.0,0.0,4.72,3.45,0.0
20140113:2310,0.0,0.0,0.0,4.72,3.1,0.0
20140114:0010,0.0,0.0,0.0,4.72,2.55,0.0
20140114:0110,0.0,0.0,0.0,4.19,2.14,0.0
20140114:0210,0.0,0.0,0.0,3.66,1.93,0.0
20140114:0310,0.0,0.0,0.0,3.13,2.21,0.0
20140114:0410,0.0,0.0,0.0,3.13,2.55,0.0
20140114:0510,0.0,0.0,0.0,3.13,2.69,0.0
20140114:0610,0.0,0.0,0.0,3.13,2.76,0.0
20140114:0710,0.0,0.0,0.0,3.13,2.97,0.0
20140114:0810,0.0,0.0,0.0,3.13,3.03,0.0
20140114:0910,266.46,311.8,7.39,3.13,2.83,0.0
20140114:1010,428.97,492.82,12.7,3.66,2.62,0.0
20140114:1110,546.06,627.57,16.06,4.19,3.31,0.0
20140114:1210,620.57,716.16,17.18,4.72,3.72,0.0
20140114:1310,589.05,680.75,15.93,5.25,3.59,0.0
20140114:1410,472.78,547.12,12.44,5.78,3.17,0.0
20140114:1510,60.08,84.5,7.03,5.25,2.41,0.0
20140114:1610,0.0,0.0,0.0,4.19,2.21,0.0
20140114:1710,0.0,0.0,0.0,2.6,2.48,0.0
20140114:1810,0.0,0.0,0.0,2.07,2.69,0.0
20140114:1910,0.0,0.0,0.0,3.13,2.76,0.0
20140114:2010,0.0,0.0,0.0,3.66,2.97,0.0
20140114:2110,0.0,0.0,0.0,4.72,3.38,0.0
20140114:2210,0.0,0.0,0.0,5.25,4.07,0.0
20140114:2310,0.0,0.0,0.0,5.78,4.83,0.0
20140115:0010,0.0,0.0,0.0,6.31,5.52,0.0
20140115:0110,0.0,0.0,0.0,6.31,5.66,0.0
20140115:0210,0.0,0.0,0.0,6.84,5.38,0.0
20140115:0310,0.0,0.0,0.0,7.37,4.0,0.0
20140115:0410,0.0,0.0,0.0,7.9,3.24,0.0
20140115:0510,0.0,0.0,0.0,8.43,3.1,0.0
20140115:0610,0.0,0.0,0.0,8.96,3.38,0.0
20140115:0710,0.0,0.0,0.0,9.49,3.79,0.0
20140115:0810,0.0,0.0,0.0,9.49,4.07,0.0
20140115:0910,45.25,68.3,7.51,9.49,4.07,0.0
20140115:1010,78.96,107.42,12.84,9.49,4.28,0.0
20140115:1110,53.9,78.8,16.23,9.49,4.62,0.0
20140115:1210,92.05,122.57,17.36,9.49,4.83,0.0
20140115:1310,249.68,296.67,16.12,9.49,5.1,0.0
20140115:1410,78.47,106.73,12.64,9.49,5.86,0.0
20140115:1510,33.43,53.96,7.23,9.49,5.93,0.0
20140115:1610,0.0,0.0,0.0,9.49,5.59,0.0
20140115:1710,0.0,0.0,0.0,9.49,5.31,0.0
20140115:1810,0.0,0.0,0.0,9.49,4.69,0.0
20140115:1910,0.0,0.0,0.0,9.49,4.76,0.0
20140115:2010,0.0,0.0,0.0,9.49,5.38,0.0
20140115:2110,0.0,0.0,0.0,9.49,5.66,0.0
20140115:2210,0.0,0.0,0.0,9.49,6.28,0.0
20140115:2310,0.0,0.0,0.0,9.49,5.93,0.0
20140116:0010,0.0,0.0,0.0,9.49,6.55,0.0
20140116:0110,0.0,0.0,0.0,9.49,6.34,0.0
20140116:0210,0.0,0.0,0.0,9.49,5.59,0.0
20140116:0310,0.0,0.0,0.0,8.43,5.17,0.0
20140116:0410,0.0,0.0,0.0,8.43,4.76,0.0
20140116:0510,0.0,0.0,0.0,7.9,4.55,0.0
20140116:0610,0.0,0.0,0.0,7.37,4.28,0.0
20140116:0710,0.0,0.0,0.0,6.84,3.79,0.0
20140116:0810,0.0,0.0,0.0,6.84,3.93,0.0
20140116:0910,303.15,357.06,7.65,6.84,4.07,0.0
20140116:1010,405.58,470.7,13.0,7.9,4.41,0.0
20140116:1110,325.79,379.31,16.4,8.43,5.59,0.0
20140116:1210,279.69,329.07,17.55,8.96,5.45,0.0
20140116:1310,535.17,618.23,16.32,8.43,5.79,0.0
20140116:1410,208.44,249.45,12.84,8.43,6.0,0.0
20140116:1510,55.83,80.42,7.43,8.43,5.93,0.0
20140116:1610,0.0,0.0,0.0,7.9,5.52,0.0
20140116:1710,0.0,0.0,0.0,7.37,5.17,0.0
20140116:1810,0.0,0.0,0.0,7.37,5.38,0.0
20140116:1910,0.0,0.0,0.0,7.37,5.86,0.0
20140116:2010,0.0,0.0,0.0,7.37,5.86,0.0
20140116:2110,0.0,0.0,0.0,7.37,5.86,0.0
20140116:2210,0.0,0.0,0.0,7.37,6.28,0.0
20140116:2310,0.0,0.0,0.0,7.37,6.07,0.0
20140117:0010,0.0,0.0,0.0,7.37,6.21,0.0
20140117:0110,0.0,0.0,0.0,7.37,6.28,0.0
20140117:0210,0.0,0.0,0.0,7.37,6.21,0.0
20140117:0310,0.0,0.0,0.0,7.37,6.0,0.0
20140117:0410,0.0,0.0,0.0,7.37,6.14,0.0
20140117:0510,0.0,0.0,0.0,7.37,5.93,0.0
20140117:0610,0.0,0.0,0.0,6.84,5.52,0.0
20140117:0710,0.0,0.0,0.0,6.84,5.45,0.0
20140117:0810,0.0,0.0,0.0,6.31,5.17,0.0
20140117:0910,239.19,284.09,7.79,6.84,5.38,0.0
20140117:1010,272.94,320.54,13.16,7.9,4.9,0.0
20140117:1110,281.64,331.13,16.58,8.43,4.62,0.0
20140117:1210,147.07,182.97,17.74,8.96,6.41,0.0
20140117:1310,535.55,621.56,16.52,9.49,5.86,0.0
20140117:1410,135.84,170.48,13.05,8.96,5.03,0.0
20140117:1510,249.7,299.4,7.64,8.96,4.41,0.0
20140117:1610,0.0,0.0,0.0,8.43,3.86,0.0
20140117:1710,0.0,0.0,0.0,7.37,3.52,0.0
20140117:1810,0.0,0.0,0.0,6.84,3.31,0.0
20140117:1910,0.0,0.0,0.0,6.31,3.24,0.0
20140117:2010,0.0,0.0,0.0,6.31,2.97,0.0
20140117:2110,0.0,0.0,0.0,5.78,2.69,0.0
20140117:2210,0.0,0.0,0.0,5.78,2.62,0.0
20140117:2310,0.0,0.0,0.0,5.25,2.62,0.0
20140118:0010,0.0,0.0,0.0,5.25,2.9,0.0
20140118:0110,0.0,0.0,0.0,6.31,2.97,0.0
20140118:0210,0.0,0.0,0.0,6.84,3.31,0.0
20140118:0310,0.0,0.0,0.0,7.9,3.86,0.0
20140118:0410,0.0,0.0,0.0,7.9,4.28,0.0
20140118:0510,0.0,0.0,0.0,7.37,4.21,0.0
20140118:0610,0.0,0.0,0.0,7.37,4.14,0.0
20140118:0710,0.0,0.0,0.0,7.37,4.41,0.0
20140118:0810,0.0,0.0,0.0,6.84,4.62,0.0
20140118:0910,1.59,9.27,7.93,7.37,4.69,0.0
20140118:1010,118.66,150.87,13.32,7.9,4.97,0.0
20140118:1110,178.09,216.82,16.76,8.43,5.03,0.0
20140118:1210,241.51,286.86,17.94,8.96,5.66,0.0
20140118:1310,453.02,526.89,16.73,9.49,5.17,0.0
20140118:1410,106.5,138.07,13.27,8.96,4.76,0.0
20140118:1510,170.86,210.51,7.85,8.96,4.83,0.0
20140118:1610,0.0,0.0,0.0,7.9,4.55,0.0
20140118:1710,0.0,0.0,0.0,7.37,4.41,0.0
20140118:1810,0.0,0.0,0.0,7.37,4.41,0.0
20140118:1910,0.0,0.0,0.0,7.9,4.97,0.0
20140118:2010,0.0,0.0,0.0,7.9,5.03,0.0
20140118:2110,0.0,0.0,0.0,7.9,5.1,0.0
20140118:2210,0.0,0.0,0.0,7.9,4.83,0.0
20140118:2310,0.0,0.0,0.0,7.37,4.34,0.0
20140119:0010,0.0,0.0,0.0,7.37,4.07,0.0
20140119:0110,0.0,0.0,0.0,7.37,3.66,0.0
20140119:0210,0.0,0.0,0.0,7.37,3.24,0.0
20140119:0310,0.0,0.0,0.0,6.84,2.9,0.0
20140119:0410,0.0,0.0,0.0,6.84,2.41,0.0
20140119:0510,0.0,0.0,0.0,6.84,2.07,0.0
20140119:0610,0.0,0.0,0.0,6.84,1.93,0.0
20140119:0710,0.0,0.0,0.0,6.31,1.72,0.0
20140119:0810,0.0,0.0,0.0,5.78,1.79,0.0
20140119:0910,31.36,50.78,8.08,5.78,2.07,0.0
20140119:1010,320.5,374.21,13.49,6.31,2.62,0.0
20140119:1110,184.35,223.38,16.95,6.84,2.55,0.0
20140119:1210,473.75,552.85,18.15,6.84,2.55,0.0
20140119:1310,495.79,578.81,16.95,6.84,2.62,0.0
20140119:1410,467.94,546.48,13.49,6.84,2.55,0.0
20140119:1510,196.58,238.53,8.07,6.84,2.28,0.0
20140119:1610,0.0,0.0,0.0,5.78,1.59,0.0
20140119:1710,0.0,0.0,0.0,4.19,1.86,0.0
20140119:1810,0.0,0.0,0.0,2.6,2.07,0.0
20140119:1910,0.0,0.0,0.0,2.07,2.28,0.0
20140119:2010,0.0,0.0,0.0,1.54,2.28,0.0
20140119:2110,0.0,0.0,0.0,1.01,2.07,0.0
20140119:2210,0.0,0.0,0.0,1.01,2.07,0.0
20140119:2310,0.0,0.0,0.0,0.48,2.14,0.0
20140120:0010,0.0,0.0,0.0,0.48,2.14,0.0
20140120:0110,0.0,0.0,0.0,0.48,2.14,0.0
20140120:0210,0.0,0.0,0.0,0.48,2.0,0.0
20140120:0310,0.0,0.0,0.0,0.48,2.0,0.0
20140120:0410,0.0,0.0,0.0,-0.04,1.86,0.0
20140120:0510,0.0,0.0,0.0,0.48,1.93,0.0
20140120:0610,0.0,0.0,0.0,0.48,1.86,0.0
20140120:0710,0.0,0.0,0.0,0.48,1.72,0.0
20140120:0810,0.0,0.0,0.0,-0.04,1.66,0.0
20140120:0910,262.27,306.92,8.24,1.54,1.31,0.0
20140120:1010,286.54,336.63,13.67,4.19,0.62,0.0
20140120:1110,420.57,496.4,17.15,6.31,0.83,0.0
20140120:1210,474.53,563.18,18.36,7.37,1.1,0.0
20140120:1310,553.57,663.92,17.17,7.9,1.1,0.0
20140120:1410,314.3,374.76,13.71,8.43,0.9,0.0
20140120:1510,84.2,113.65,8.3,8.43,0.62,0.0
20140120:1610,0.0,0.0,0.0,7.37,1.03,0.0
20140120:1710,0.0,0.0,0.0,5.78,0.83,0.0
20140120:1810,0.0,0.0,0.0,4.72,1.24,0.0
20140120:1910,0.0,0.0,0.0,4.72,1.03,0.0
20140120:2010,0.0,0.0,0.0,3.13,1.24,0.0
20140120:2110,0.0,0.0,0.0,2.07,1.24,0.0
20140120:2210,0.0,0.0,0.0,2.6,1.1,0.0
20140120:2310,0.0,0.0,0.0,2.6,0.9,0.0
20140121:0010,0.0,0.0,0.0,2.07,1.1,0.0
20140121:0110,0.0,0.0,0.0,2.6,1.24,0.0
20140121:0210,0.0,0.0,0.0,3.13,1.03,0.0
20140121:0310,0.0,0.0,0.0,3.13,0.76,0.0
20140121:0410,0.0,0.0,0.0,3.66,0.34,0.0
20140121:0510,0.0,0.0,0.0,3.13,0.83,0.0
20140121:0610,0.0,0.0,0.0,3.13,1.24,0.0
20140121:0710,0.0,0.0,0.0,2.07,1.24,0.0
20140121:0810,0.0,0.0,0.0,1.54,1.38,0.0
20140121:0910,113.09,142.19,8.41,1.54,1.45,0.0
20140121:1010,339.89,392.03,13.86,2.6,1.59,0.0
20140121:1110,588.16,682.69,17.36,3.13,2.07,0.0
20140121:1210,555.54,644.51,18.58,4.72,2.62,0.0
20140121:1310,517.4,600.26,17.4,6.31,3.24,0.0
20140121:1410,297.65,347.57,13.94,7.37,4.55,0.0
20140121:1510,142.02,177.32,8.52,7.37,3.59,0.0
20140121:1610,0.0,0.0,0.0,6.84,3.66,0.0
20140121:1710,0.0,0.0,0.0,5.78,3.79,0.0
20140121:1810,0.0,0.0,0.0,5.25,3.93,0.0
20140121:1910,0.0,0.0,0.0,4.72,4.34,0.0
20140121:2010,0.0,0.0,0.0,4.72,4.62,0.0
20140121:2110,0.0,0.0,0.0,4.72,4.9,0.0
20140121:2210,0.0,0.0,0.0,5.25,5.17,0.0
20140121:2310,0.0,0.0,0.0,5.78,5.17,0.0
20140122:0010,0.0,0.0,0.0,5.78,5.17,0.0
20140122:0110,0.0,0.0,0.0,5.78,4.97,0.0
20140122:0210,0.0,0.0,0.0,5.78,4.9,0.0
20140122:0310,0.0,0.0,0.0,5.78,4.76,0.0
20140122:0410,0.0,0.0,0.0,5.25,4.62,0.0
20140122:0510,0.0,0.0,0.0,5.78,4.21,0.0
20140122:0610,0.0,0.0,0.0,6.31,3.72,0.0
20140122:0710,0.0,0.0,0.0,6.84,2.62,0.0
20140122:0810,0.0,0.0,0.0,6.84,1.79,0.0
20140122:0910,58.78,83.75,8.58,7.37,1.86,0.0
20140122:1010,209.93,252.41,14.05,7.37,2.14,0.0
20140122:1110,71.18,98.52,17.57,7.9,2.48,0.0
20140122:1210,229.9,275.5,18.81,8.43,2.9,0.0
20140122:1310,363.5,427.29,17.63,8.96,2.97,0.0
20140122:1410,417.71,492.66,14.18,9.49,2.76,0.0
20140122:1510,71.92,99.49,8.76,8.96,2.0,0.0
20140122:1610,0.0,0.0,0.0,8.43,1.86,0.0
20140122:1710,0.0,0.0,0.0,7.9,1.93,0.0
20140122:1810,0.0,0.0,0.0,7.37,2.0,0.0
20140122:1910,0.0,0.0,0.0,5.78,2.21,0.0
20140122:2010,0.0,0.0,0.0,4.72,2.28,0.0
20140122:2110,0.0,0.0,0.0,4.72,2.28,0.0
20140122:2210,0.0,0.0,0.0,4.19,2.41,0.0
20140122:2310,0.0,0.0,0.0,3.66,2.48,0.0
20140123:0010,0.0,0.0,0.0,3.13,2.41,0.0
20140123:0110,0.0,0.0,0.0,3.13,2.21,0.0
20140123:0210,0.0,0.0,0.0,2.07,2.28,0.0
20140123:0310,0.0,0.0,0.0,1.54,2.48,0.0
20140123:0410,0.0,0.0,0.0,1.01,2.41,0.0
20140123:0510,0.0,0.0,0.0,0.48,2.34,0.0
20140123:0610,0.0,0.0,0.0,0.48,2.55,0.0
20140123:0710,0.0,0.0,0.0,1.01,2.69,0.0
20140123:0810,0.0,0.0,0.0,1.01,2.9,0.0
20140123:0910,51.21,73.44,8.76,2.6,3.24,0.0
20140123:1010,6.51,17.62,14.25,4.19,3.52,0.0
20140123:1110,162.51,197.94,17.79,5.78,4.21,0.0
20140123:1210,11.45,25.03,19.04,6.31,5.24,0.0
20140123:1310,449.53,515.3,17.87,6.84,5.79,0.0
20140123:1410,454.56,519.82,14.42,6.31,6.0,0.0
20140123:1510,182.71,220.62,8.99,6.31,5.79,0.0
20140123:1610,0.0,0.0,0.0,5.78,5.24,0.0
20140123:1710,0.0,0.0,0.0,5.25,4.9,0.0
20140123:1810,0.0,0.0,0.0,4.19,4.76,0.0
20140123:1910,0.0,0.0,0.0,4.19,4.34,0.0
20140123:2010,0.0,0.0,0.0,3.66,4.21,0.0
20140123:2110,0.0,0.0,0.0,3.13,3.93,0.0
20140123:2210,0.0,0.0,0.0,2.6,3.52,0.0
20140123:2310,0.0,0.0,0.0,2.07,3.17,0.0
20140124:0010,0.0,0.0,0.0,1.54,2.97,0.0
20140124:0110,0.0,0.0,0.0,1.01,2.69,0.0
20140124:0210,0.0,0.0,0.0,0.48,2.55,0.0
20140124:0310,0.0,0.0,0.0,-0.04,2.0,0.0
20140124:0410,0.0,0.0,0.0,-0.04,1.66,0.0
20140124:0510,0.0,0.0,0.0,0.48,1.38,0.0
20140124:0610,0.0,0.0,0.0,0.48,1.38,0.0
20140124:0710,0.0,0.0,0.0,1.01,1.45,0.0
20140124:0810,0.0,0.0,0.0,1.54,1.66,0.0
20140124:0910,51.7,73.95,8.94,2.07,1.72,0.0
20140124:1010,128.4,159.74,14.45,3.66,1.93,0.0
20140124:1110,156.09,190.9,18.01,4.72,2.28,0.0
20140124:1210,171.55,208.65,19.27,5.78,2.62,0.0
20140124:1310,297.26,348.06,18.12,6.31,2.62,0.0
20140124:1410,196.24,235.6,14.66,6.31,2.9,0.0
20140124:1510,48.43,71.28,9.23,6.31,3.03,0.0
20140124:1610,0.0,0.0,0.0,6.84,3.03,0.0
20140124:1710,0.0,0.0,0.0,6.31,3.31,0.0
20140124:1810,0.0,0.0,0.0,6.31,3.59,0.0
20140124:1910,0.0,0.0,0.0,6.31,3.86,0.0
20140124:2010,0.0,0.0,0.0,6.31,4.14,0.0
20140124:2110,0.0,0.0,0.0,6.31,4.28,0.0
20140124:2210,0.0,0.0,0.0,6.84,4.21,0.0
20140124:2310,0.0,0.0,0.0,6.84,3.93,0.0
20140125:0010,0.0,0.0,0.0,6.84,3.66,0.0
20140125:0110,0.0,0.0,0.0,6.84,3.45,0.0
20140125:0210,0.0,0.0,0.0,7.37,2.76,0.0
20140125:0310,0.0,0.0,0.0,7.37,2.14,0.0
20140125:0410,0.0,0.0,0.0,7.37,1.79,0.0
20140125:0510,0.0,0.0,0.0,7.37,1.72,0.0
20140125:0610,0.0,0.0,0.0,7.37,1.93,0.0
20140125:0710,0.0,0.0,0.0,7.37,1.72,0.0
20140125:0810,0.0,0.0,0.0,7.37,2.28,0.0
20140125:0910,24.58,42.65,9.14,7.37,2.48,0.0
20140125:1010,17.41,33.38,14.67,7.9,3.66,0.0
20140125:1110,322.09,377.55,18.24,8.96,4.55,0.0
20140125:1210,196.58,239.01,19.52,9.49,4.14,0.0
20140125:1310,173.8,214.37,18.37,10.55,4.76,0.0
20140125:1410,208.66,252.51,14.91,10.55,5.24,0.0
20140125:1510,74.27,102.37,9.48,10.55,8.07,0.0
20140125:1610,0.0,0.0,0.0,9.49,10.62,0.0
20140125:1710,0.0,0.0,0.0,7.37,8.62,0.0
20140125:1810,0.0,0.0,0.0,6.31,8.14,0.0
20140125:1910,0.0,0.0,0.0,6.31,7.38,0.0
20140125:2010,0.0,0.0,0.0,5.78,6.97,0.0
20140125:2110,0.0,0.0,0.0,5.25,6.62,0.0
20140125:2210,0.0,0.0,0.0,4.72,5.86,0.0
20140125:2310,0.0,0.0,0.0,4.19,5.1,0.0
20140126:0010,0.0,0.0,0.0,4.19,4.83,0.0
20140126:0110,0.0,0.0,0.0,3.66,4.07,0.0
20140126:0210,0.0,0.0,0.0,3.13,3.45,0.0
20140126:0310,0.0,0.0,0.0,2.07,3.1,0.0
20140126:0410,0.0,0.0,0.0,1.54,2.76,0.0
20140126:0510,0.0,0.0,0.0,1.01,2.55,0.0
20140126:0610,0.0,0.0,0.0,1.54,2.76,0.0
20140126:0710,0.0,0.0,0.0,3.13,3.1,0.0
20140126:0810,0.0,0.0,0.0,3.66,3.66,0.0
20140126:0910,19.13,35.23,9.33,4.72,4.9,0.0
20140126:1010,37.55,58.41,14.88,6.31,6.21,0.0
20140126:1110,34.4,54.7,18.47,6.84,7.03,0.0
20140126:1210,47.58,70.46,19.77,6.84,7.66,0.0
20140126:1310,62.54,88.08,18.62,7.37,7.93,0.0
20140126:1410,74.54,101.75,15.17,7.9,7.52,0.0
20140126:1510,16.64,32.45,9.73,8.96,6.55,0.0
20140126:1610,0.71,7.42,2.73,8.96,6.83,0.0
20140126:1710,0.0,0.0,0.0,6.84,6.97,0.0
20140126:1810,0.0,0.0,0.0,5.78,6.62,0.0
20140126:1910,0.0,0.0,0.0,5.25,5.38,0.0
20140126:2010,0.0,0.0,0.0,4.19,5.66,0.0
20140126:2110,0.0,0.0,0.0,3.66,5.66,0.0
20140126:2210,0.0,0.0,0.0,3.13,5.72,0.0
20140126:2310,0.0,0.0,0.0,2.6,5.79,0.0
20140127:0010,0.0,0.0,0.0,2.07,5.79,0.0
20140127:0110,0.0,0.0,0.0,2.07,5.66,0.0
20140127:0210,0.0,0.0,0.0,1.54,5.31,0.0
20140127:0310,0.0,0.0,0.0,1.54,5.17,0.0
20140127:0410,0.0,0.0,0.0,1.01,4.9,0.0
20140127:0510,0.0,0.0,0.0,1.01,4.83,0.0
20140127:0610,0.0,0.0,0.0,1.01,5.03,0.0
20140127:0710,0.0,0.0,0.0,1.54,4.34,0.0
20140127:0810,0.78,7.42,2.44,1.54,4.41,0.0
20140127:0910,319.1,366.99,9.54,2.6,4.55,0.0
20140127:1010,533.35,610.99,15.11,4.19,3.86,0.0
20140127:1110,522.55,598.65,18.72,5.78,4.97,0.0
20140127:1210,651.74,746.56,20.02,6.84,7.03,0.0
20140127:1310,430.04,493.34,18.89,7.37,6.55,0.0
20140127:1410,130.39,163.59,15.43,7.37,5.45,0.0
20140127:1510,16.13,31.52,9.98,6.84,4.97,0.0
20140127:1610,13.29,28.33,2.97,6.31,4.69,0.0
20140127:1710,0.0,0.0,0.0,5.25,4.34,0.0
20140127:1810,0.0,0.0,0.0,4.72,4.14,0.0
20140127:1910,0.0,0.0,0.0,4.19,4.14,0.0
20140127:2010,0.0,0.0,0.0,4.19,4.14,0.0
20140127:2110,0.0,0.0,0.0,3.66,4.14,0.0
20140127:2210,0.0,0.0,0.0,3.66,4.14,0.0
20140127:2310,0.0,0.0,0.0,3.66,4.07,0.0
20140128:0010,0.0,0.0,0.0,3.66,4.14,0.0
20140128:0110,0.0,0.0,0.0,4.19,4.34,0.0
20140128:0210,0.0,0.0,0.0,4.72,4.14,0.0
20140128:0310,0.0,0.0,0.0,4.72,4.07,0.0
20140128:0410,0.0,0.0,0.0,4.19,4.07,0.0
20140128:0510,0.0,0.0,0.0,4.72,4.0,0.0
20140128:0610,0.0,0.0,0.0,4.72,3.86,0.0
20140128:0710,0.0,0.0,0.0,4.19,3.79,0.0
20140128:0810,12.84,27.7,2.63,4.19,4.07,0.0
20140128:0910,293.51,341.92,9.75,4.72,4.48,0.0
20140128:1010,462.68,532.03,15.34,6.31,4.69,0.0
20140128:1110,567.41,656.6,18.96,7.37,4.83,0.0
20140128:1210,416.39,480.39,20.28,7.9,5.86,0.0
20140128:1310,20.95,38.01,19.15,7.9,6.0,0.0
20140128:1410,502.9,579.35,15.69,7.37,5.38,0.0
20140128:1510,224.19,267.44,10.24,7.37,5.31,0.0
20140128:1610,0.0,2.78,3.22,6.84,4.76,0.0
20140128:1710,0.0,0.0,0.0,6.31,4.62,0.0
20140128:1810,0.0,0.0,0.0,5.78,4.28,0.0
20140128:1910,0.0,0.0,0.0,5.25,4.07,0.0
20140128:2010,0.0,0.0,0.0,5.25,4.34,0.0
20140128:2110,0.0,0.0,0.0,5.25,4.21,0.0
20140128:2210,0.0,0.0,0.0,5.25,3.93,0.0
20140128:2310,0.0,0.0,0.0,4.72,3.72,0.0
20140129:0010,0.0,0.0,0.0,4.72,3.86,0.0
20140129:0110,0.0,0.0,0.0,4.72,3.93,0.0
20140129:0210,0.0,0.0,0.0,4.72,3.79,0.0
20140129:0310,0.0,0.0,0.0,4.72,3.66,0.0
20140129:0410,0.0,0.0,0.0,4.72,3.93,0.0
20140129:0510,0.0,0.0,0.0,4.19,3.66,0.0
20140129:0610,0.0,0.0,0.0,4.19,3.93,0.0
20140129:0710,0.0,0.0,0.0,4.19,3.59,0.0
20140129:0810,1.64,9.27,2.83,3.66,3.24,0.0
20140129:0910,97.4,125.47,9.96,3.13,2.76,0.0
20140129:1010,40.42,61.19,15.57,3.13,2.9,0.0
20140129:1110,69.47,94.56,19.22,2.6,2.76,0.0
20140129:1210,159.43,193.4,20.55,3.13,2.76,0.0
20140129:1310,64.39,89.0,19.42,3.13,2.62,0.0
20140129:1410,58.83,82.73,15.96,3.66,2.69,0.0
20140129:1510,5.33,15.76,10.5,4.19,2.62,0.0
20140129:1610,1.63,9.27,3.47,4.19,3.03,0.0
20140129:1710,0.0,0.0,0.0,4.19,3.17,0.0
20140129:1810,0.0,0.0,0.0,4.19,3.52,0.0
20140129:1910,0.0,0.0,0.0,3.66,3.79,0.0
20140129:2010,0.0,0.0,0.0,3.66,3.45,0.0
20140129:2110,0.0,0.0,0.0,3.66,3.59,0.0
20140129:2210,0.0,0.0,0.0,3.66,3.72,0.0
20140129:2310,0.0,0.0,0.0,3.66,3.38,0.0
20140130:0010,0.0,0.0,0.0,3.66,3.17,0.0
20140130:0110,0.0,0.0,0.0,3.66,2.97,0.0
20140130:0210,0.0,0.0,0.0,3.66,2.76,0.0
20140130:0310,0.0,0.0,0.0,3.66,2.69,0.0
20140130:0410,0.0,0.0,0.0,3.66,2.76,0.0
20140130:0510,0.0,0.0,0.0,3.66,2.69,0.0
20140130:0610,0.0,0.0,0.0,3.13,2.48,0.0
20140130:0710,0.0,0.0,0.0,3.66,2.14,0.0
20140130:0810,2.62,11.13,3.03,3.66,1.93,0.0
20140130:0910,74.3,100.15,10.19,3.66,1.86,0.0
20140130:1010,61.84,86.45,15.81,4.19,1.72,0.0
20140130:1110,102.78,132.87,19.48,4.72,1.52,0.0
20140130:1210,129.27,162.5,20.82,5.25,1.86,0.0
20140130:1310,63.52,89.0,19.7,5.78,2.0,0.0
20140130:1410,32.88,52.85,16.23,6.31,1.79,0.0
20140130:1510,13.43,27.81,10.76,6.31,1.59,0.0
20140130:1610,0.0,2.78,3.73,6.31,0.97,0.0
20140130:1710,0.0,0.0,0.0,5.78,0.83,0.0
20140130:1810,0.0,0.0,0.0,4.72,1.03,0.0
20140130:1910,0.0,0.0,0.0,4.19,0.83,0.0
20140130:2010,0.0,0.0,0.0,3.66,1.1,0.0
20140130:2110,0.0,0.0,0.0,2.6,1.38,0.0
20140130:2210,0.0,0.0,0.0,2.6,1.03,0.0
20140130:2310,0.0,0.0,0.0,2.07,0.9,0.0
20140131:0010,0.0,0.0,0.0,1.01,1.1,0.0
20140131:0110,0.0,0.0,0.0,-0.04,1.31,0.0
20140131:0210,0.0,0.0,0.0,-0.04,0.76,0.0
20140131:0310,0.0,0.0,0.0,-0.04,0.69,0.0
20140131:0410,0.0,0.0,0.0,-0.04,0.41,0.0
20140131:0510,0.0,0.0,0.0,-0.04,0.9,0.0
20140131:0610,0.0,0.0,0.0,0.48,1.24,0.0
20140131:0710,0.0,0.0,0.0,1.54,2.0,0.0
20140131:0810,0.0,2.78,3.24,2.07,2.55,0.0
20140131:0910,94.32,122.2,10.41,3.66,3.66,0.0
20140131:1010,80.51,107.59,16.06,5.25,5.03,0.0
20140131:1110,39.19,60.26,19.74,5.78,5.93,0.0
20140131:1210,72.49,99.2,21.1,6.31,5.86,0.0
20140131:1310,33.05,52.85,19.98,5.78,6.14,0.0
20140131:1410,26.3,44.5,16.51,5.78,6.62,0.0
20140131:1510,30.79,50.06,11.03,5.78,7.17,0.0
20140131:1610,4.14,13.91,3.98,6.31,7.86,0.0
20140131:1710,0.0,0.0,0.0,6.31,8.41,0.0
20140131:1810,0.0,0.0,0.0,6.31,8.48,0.0
20140131:1910,0.0,0.0,0.0,6.84,8.14,0.0
20140131:2010,0.0,0.0,0.0,6.84,8.07,0.0
20140131:2110,0.0,0.0,0.0,7.37,7.66,0.0
20140131:2210,0.0,0.0,0.0,7.9,7.31,0.0
20140131:2310,0.0,0.0,0.0,8.43,6.83,0.0
20140201:0010,0.0,0.0,0.0,8.96,6.34,0.0
20140201:0110,0.0,0.0,0.0,8.96,5.79,0.0
20140201:0210,0.0,0.0,0.0,8.43,5.17,0.0
20140201:0310,0.0,0.0,0.0,8.43,5.59,0.0
20140201:0410,0.0,0.0,0.0,7.9,5.52,0.0
20140201:0510,0.0,0.0,0.0,6.31,5.38,0.0
20140201:0610,0.0,0.0,0.0,5.25,5.93,0.0
20140201:0710,0.0,0.0,0.0,5.25,4.9,0.0
20140201:0810,82.81,115.15,3.46,4.19,4.41,0.0
20140201:0910,333.8,384.98,10.65,4.19,5.17,0.0
20140201:1010,487.58,555.8,16.31,4.72,5.03,0.0
20140201:1110,592.86,676.4,20.01,5.78,6.34,0.0
20140201:1210,635.33,727.22,21.38,6.84,7.17,0.0
20140201:1310,615.83,705.22,20.26,7.9,8.07,0.0
20140201:1410,125.33,158.26,16.79,7.9,7.66,0.0
20140201:1510,336.62,391.45,11.3,7.9,7.72,0.0
20140201:1610,10.72,24.25,4.24,6.84,7.31,0.0
20140201:1710,0.0,0.0,0.0,6.31,7.31,0.0
20140201:1810,0.0,0.0,0.0,5.78,7.93,0.0
20140201:1910,0.0,0.0,0.0,5.78,7.93,0.0
20140201:2010,0.0,0.0,0.0,5.78,8.14,0.0
20140201:2110,0.0,0.0,0.0,5.78,8.0,0.0
20140201:2210,0.0,0.0,0.0,6.31,7.72,0.0
20140201:2310,0.0,0.0,0.0,6.31,7.38,0.0
20140202:0010,0.0,0.0,0.0,6.31,7.03,0.0
20140202:0110,0.0,0.0,0.0,6.31,6.62,0.0
20140202:0210,0.0,0.0,0.0,6.31,6.07,0.0
20140202:0310,0.0,0.0,0.0,6.31,5.52,0.0
20140202:0410,0.0,0.0,0.0,5.25,4.97,0.0
20140202:0510,0.0,0.0,0.0,4.72,4.62,0.0
20140202:0610,0.0,0.0,0.0,4.19,4.34,0.0
20140202:0710,0.0,0.0,0.0,4.72,4.28,0.0
20140202:0810,79.33,110.89,3.68,4.19,4.07,0.0
20140202:0910,239.89,283.37,10.89,5.25,3.93,0.0
20140202:1010,455.01,526.48,16.57,6.84,4.0,0.0
20140202:1110,512.16,591.85,20.29,7.9,5.31,0.0
20140202:1210,483.81,559.29,21.67,8.43,5.79,0.0
20140202:1310,457.23,530.1,20.55,8.96,5.66,0.0
20140202:1410,479.94,556.4,17.07,8.96,5.66,0.0
20140202:1510,82.23,111.04,11.57,8.96,4.62,0.0
20140202:1610,101.71,137.71,4.5,7.9,3.59,0.0
20140202:1710,0.0,0.0,0.0,6.84,3.1,0.0
20140202:1810,0.0,0.0,0.0,5.25,3.03,0.0
20140202:1910,0.0,0.0,0.0,4.72,3.38,0.0
20140202:2010,0.0,0.0,0.0,4.72,3.52,0.0
20140202:2110,0.0,0.0,0.0,4.19,3.45,0.0
20140202:2210,0.0,0.0,0.0,4.72,3.45,0.0
20140202:2310,0.0,0.0,0.0,4.72,3.45,0.0
20140203:0010,0.0,0.0,0.0,4.72,3.45,0.0
20140203:0110,0.0,0.0,0.0,4.19,3.72,0.0
20140203:0210,0.0,0.0,0.0,4.19,3.93,0.0
20140203:0310,0.0,0.0,0.0,4.19,4.14,0.0
20140203:0410,0.0,0.0,0.0,4.19,4.34,0.0
20140203:0510,0.0,0.0,0.0,4.19,4.48,0.0
20140203:0610,0.0,0.0,0.0,4.19,4.55,0.0
20140203:0710,0.0,0.0,0.0,4.72,4.41,0.0
20140203:0810,8.3,20.64,3.91,4.72,4.41,0.0
20140203:0910,202.92,242.11,11.13,5.25,4.76,0.0
20140203:1010,83.89,111.77,16.84,6.31,6.62,0.0
20140203:1110,485.34,554.66,20.57,7.37,7.59,0.0
20140203:1210,497.05,570.28,21.96,7.9,7.17,0.0
20140203:1310,377.46,435.77,20.85,7.9,6.55,0.0
20140203:1410,318.91,370.83,17.36,7.9,6.14,0.0
20140203:1510,132.2,165.79,11.85,7.37,5.52,0.0
20140203:1610,40.26,63.13,4.77,6.84,5.17,0.0
20140203:1710,0.0,0.0,0.0,5.78,4.97,0.0
20140203:1810,0.0,0.0,0.0,5.25,4.9,0.0
20140203:1910,0.0,0.0,0.0,4.72,5.1,0.0
20140203:2010,0.0,0.0,0.0,4.72,4.97,0.0
20140203:2110,0.0,0.0,0.0,4.19,4.76,0.0
20140203:2210,0.0,0.0,0.0,4.19,4.55,0.0
20140203:2310,0.0,0.0,0.0,4.72,4.48,0.0
20140204:0010,0.0,0.0,0.0,5.25,4.41,0.0
20140204:0110,0.0,0.0,0.0,5.78,4.48,0.0
20140204:0210,0.0,0.0,0.0,6.31,4.14,0.0
20140204:0310,0.0,0.0,0.0,6.31,4.21,0.0
20140204:0410,0.0,0.0,0.0,5.25,4.9,0.0
20140204:0510,0.0,0.0,0.0,4.72,4.07,0.0
20140204:0610,0.0,0.0,0.0,3.66,4.0,0.0
20140204:0710,0.0,0.0,0.0,4.19,3.93,0.0
20140204:0810,10.76,24.14,4.14,4.19,4.55,0.0
20140204:0910,334.98,388.38,11.38,5.25,4.83,0.0
20140204:1010,516.98,595.77,17.11,6.31,4.48,0.0
20140204:1110,115.93,147.9,20.86,6.84,6.14,0.0
20140204:1210,563.46,648.14,22.25,7.37,6.14,0.0
20140204:1310,511.48,589.03,21.14,7.9,6.14,0.0
20140204:1410,60.07,85.29,17.65,7.37,5.86,0.0
20140204:1510,112.11,143.52,12.13,7.37,5.93,0.0
20140204:1610,127.27,166.04,5.03,6.84,5.59,0.0
20140204:1710,0.0,0.0,0.0,6.31,5.59,0.0
20140204:1810,0.0,0.0,0.0,6.31,6.14,0.0
20140204:1910,0.0,0.0,0.0,6.84,7.03,0.0
20140204:2010,0.0,0.0,0.0,6.84,7.66,0.0
20140204:2110,0.0,0.0,0.0,6.84,8.34,0.0
20140204:2210,0.0,0.0,0.0,6.84,8.41,0.0
20140204:2310,0.0,0.0,0.0,6.31,8.48,0.0
20140205:0010,0.0,0.0,0.0,5.78,8.97,0.0
20140205:0110,0.0,0.0,0.0,5.25,8.9,0.0
20140205:0210,0.0,0.0,0.0,4.72,8.48,0.0
20140205:0310,0.0,0.0,0.0,5.25,8.07,0.0
20140205:0410,0.0,0.0,0.0,5.78,7.17,0.0
20140205:0510,0.0,0.0,0.0,6.31,7.1,0.0
20140205:0610,0.0,0.0,0.0,6.31,7.24,0.0
20140205:0710,0.0,0.0,0.0,6.31,7.31,0.0
20140205:0810,34.97,56.76,4.38,6.31,7.66,0.0
20140205:0910,206.55,246.45,11.64,6.84,8.28,0.0
20140205:1010,90.65,119.93,17.38,7.9,9.38,0.0
20140205:1110,364.99,419.97,21.15,8.43,10.0,0.0
20140205:1210,144.01,179.35,22.56,8.43,10.69,0.0
20140205:1310,64.05,89.93,21.44,7.9,10.76,0.0
20140205:1410,32.91,52.85,17.94,6.84,9.72,0.0
20140205:1510,96.98,126.59,12.41,7.37,7.86,0.0
20140205:1610,77.37,108.13,5.3,8.43,7.38,0.0
20140205:1710,0.0,0.0,0.0,8.43,7.59,0.0
20140205:1810,0.0,0.0,0.0,8.43,8.0,0.0
20140205:1910,0.0,0.0,0.0,8.43,8.41,0.0
20140205:2010,0.0,0.0,0.0,8.43,8.48,0.0
20140205:2110,0.0,0.0,0.0,8.43,8.41,0.0
20140205:2210,0.0,0.0,0.0,7.9,8.14,0.0
20140205:2310,0.0,0.0,0.0,7.37,7.79,0.0
20140206:0010,0.0,0.0,0.0,7.37,7.45,0.0
20140206:0110,0.0,0.0,0.0,6.84,6.97,0.0
20140206:0210,0.0,0.0,0.0,6.31,6.55,0.0
20140206:0310,0.0,0.0,0.0,6.31,6.41,0.0
20140206:0410,0.0,0.0,0.0,6.31,6.28,0.0
20140206:0510,0.0,0.0,0.0,6.31,6.07,0.0
20140206:0610,0.0,0.0,0.0,6.31,5.72,0.0
20140206:0710,0.0,0.0,0.0,5.78,5.03,0.0
20140206:0810,5.26,15.76,4.62,6.31,4.69,0.0
20140206:0910,52.64,76.52,11.9,7.37,4.83,0.0
20140206:1010,26.73,45.43,17.66,7.9,4.9,0.0
20140206:1110,39.39,61.19,21.44,8.43,3.86,0.0
20140206:1210,59.87,85.29,22.86,7.9,4.76,0.0
20140206:1310,52.9,76.95,21.75,7.37,5.24,0.0
20140206:1410,36.67,57.48,18.24,6.84,5.52,0.0
20140206:1510,27.77,46.36,12.69,5.78,5.45,0.0
20140206:1610,7.66,19.47,5.58,5.78,4.9,0.0
20140206:1710,0.0,0.0,0.0,6.31,3.79,0.0
20140206:1810,0.0,0.0,0.0,7.37,2.41,0.0
20140206:1910,0.0,0.0,0.0,9.49,6.0,0.0
20140206:2010,0.0,0.0,0.0,9.49,5.93,0.0
20140206:2110,0.0,0.0,0.0,10.02,5.45,0.0
20140206:2210,0.0,0.0,0.0,9.49,5.45,0.0
20140206:2310,0.0,0.0,0.0,9.49,5.1,0.0
20140207:0010,0.0,0.0,0.0,9.49,5.24,0.0
20140207:0110,0.0,0.0,0.0,9.49,4.83,0.0
20140207:0210,0.0,0.0,0.0,8.96,3.86,0.0
20140207:0310,0.0,0.0,0.0,8.96,2.97,0.0
20140207:0410,0.0,0.0,0.0,8.96,1.79,0.0
20140207:0510,0.0,0.0,0.0,8.43,2.28,0.0
20140207:0610,0.0,0.0,0.0,6.31,5.93,0.0
20140207:0710,0.0,0.0,0.0,3.66,6.55,0.0
20140207:0810,26.29,44.84,4.87,2.6,6.0,0.0
20140207:0910,22.87,39.87,12.17,3.66,6.14,0.0
20140207:1010,66.33,91.7,17.95,5.25,5.38,0.0
20140207:1110,241.76,284.13,21.75,6.31,6.69,0.0
20140207:1210,61.87,87.15,23.17,6.84,7.03,0.0
20140207:1310,377.76,435.73,22.06,7.9,7.1,0.0
20140207:1410,397.79,458.54,18.54,7.9,6.62,0.0
20140207:1510,310.28,363.34,12.98,7.9,5.66,0.0
20140207:1610,139.42,180.22,5.85,7.9,4.21,0.0
20140207:1710,0.0,0.0,0.0,6.31,3.93,0.0
20140207:1810,0.0,0.0,0.0,5.78,4.21,0.0
20140207:1910,0.0,0.0,0.0,6.31,5.1,0.0
20140207:2010,0.0,0.0,0.0,6.31,5.86,0.0
20140207:2110,0.0,0.0,0.0,6.31,6.14,0.0
20140207:2210,0.0,0.0,0.0,6.84,6.55,0.0
20140207:2310,0.0,0.0,0.0,6.84,7.17,0.0
20140208:0010,0.0,0.0,0.0,7.37,8.21,0.0
20140208:0110,0.0,0.0,0.0,7.37,8.55,0.0
20140208:0210,0.0,0.0,0.0,7.9,8.97,0.0
20140208:0310,0.0,0.0,0.0,8.43,8.69,0.0
20140208:0410,0.0,0.0,0.0,8.43,8.0,0.0
20140208:0510,0.0,0.0,0.0,8.96,7.03,0.0
20140208:0610,0.0,0.0,0.0,7.9,6.28,0.0
20140208:0710,0.0,0.0,0.0,7.9,6.41,0.0
20140208:0810,109.17,145.93,5.12,6.84,6.21,0.0
20140208:0910,218.72,260.2,12.44,6.84,6.83,0.0
20140208:1010,186.85,224.98,18.24,7.37,7.93,0.0
20140208:1110,36.52,57.48,22.05,7.9,8.62,0.0
20140208:1210,721.11,824.82,23.49,7.9,9.66,0.0
20140208:1310,615.62,701.5,22.37,7.9,9.79,0.0
20140208:1410,566.79,643.78,18.85,7.37,9.72,0.0
20140208:1510,373.62,429.4,13.27,7.37,10.07,0.0
20140208:1610,87.53,118.58,6.12,6.84,9.17,0.0
20140208:1710,0.0,0.0,0.0,6.31,8.76,0.0
20140208:1810,0.0,0.0,0.0,5.78,8.69,0.0
20140208:1910,0.0,0.0,0.0,5.78,8.34,0.0
20140208:2010,0.0,0.0,0.0,6.31,7.79,0.0
20140208:2110,0.0,0.0,0.0,6.31,8.14,0.0
20140208:2210,0.0,0.0,0.0,6.31,8.41,0.0
20140208:2310,0.0,0.0,0.0,5.78,8.55,0.0
20140209:0010,0.0,0.0,0.0,5.78,8.69,0.0
20140209:0110,0.0,0.0,0.0,5.78,8.62,0.0
20140209:0210,0.0,0.0,0.0,5.78,8.55,0.0
20140209:0310,0.0,0.0,0.0,5.25,8.69,0.0
20140209:0410,0.0,0.0,0.0,4.72,8.62,0.0
20140209:0510,0.0,0.0,0.0,4.72,8.69,0.0
20140209:0610,0.0,0.0,0.0,4.72,8.69,0.0
20140209:0710,0.0,0.0,0.0,5.78,8.34,0.0
20140209:0810,5.86,16.69,5.38,5.78,8.21,0.0
20140209:0910,21.13,38.01,12.71,6.31,8.14,0.0
20140209:1010,197.81,236.11,18.53,6.84,9.1,0.0
20140209:1110,533.64,606.28,22.36,7.37,9.79,0.0
20140209:1210,256.15,300.61,23.81,7.37,8.55,0.0
20140209:1310,525.29,600.27,22.69,7.9,8.55,0.0
20140209:1410,157.88,193.97,19.15,7.9,8.48,0.0
20140209:1510,129.45,162.86,13.57,7.9,7.45,0.0
20140209:1610,184.86,231.29,6.4,7.37,6.48,0.0
20140209:1710,0.0,0.0,0.0,6.31,5.72,0.0
20140209:1810,0.0,0.0,0.0,5.25,5.31,0.0
20140209:1910,0.0,0.0,0.0,4.19,5.24,0.0
20140209:2010,0.0,0.0,0.0,4.19,5.1,0.0
20140209:2110,0.0,0.0,0.0,3.66,4.0,0.0
20140209:2210,0.0,0.0,0.0,3.13,3.24,0.0
20140209:2310,0.0,0.0,0.0,3.13,3.1,0.0
20140210:0010,0.0,0.0,0.0,2.6,2.55,0.0
20140210:0110,0.0,0.0,0.0,2.6,2.28,0.0
20140210:0210,0.0,0.0,0.0,2.6,2.07,0.0
20140210:0310,0.0,0.0,0.0,2.6,2.0,0.0
20140210:0410,0.0,0.0,0.0,2.6,1.86,0.0
20140210:0510,0.0,0.0,0.0,2.6,1.79,0.0
20140210:0610,0.0,0.0,0.0,2.6,1.66,0.0
20140210:0710,0.0,0.0,0.0,2.07,1.93,0.0
20140210:0810,33.48,53.73,5.65,2.6,1.52,0.0
20140210:0910,34.74,54.7,13.0,4.19,1.24,0.0
20140210:1010,147.28,182.82,18.83,5.78,1.38,0.0
20140210:1110,165.28,203.46,22.68,6.84,2.34,0.0
20140210:1210,143.03,179.29,24.13,7.37,2.62,0.0
20140210:1310,513.32,604.83,23.01,7.9,2.48,0.0
20140210:1410,286.18,338.64,19.46,7.9,2.62,0.0
20140210:1510,375.03,442.62,13.86,8.43,2.83,0.0
20140210:1610,154.73,197.46,6.68,7.37,2.76,0.0
20140210:1710,0.0,0.0,0.0,6.31,3.03,0.0
20140210:1810,0.0,0.0,0.0,5.25,3.52,0.0
20140210:1910,0.0,0.0,0.0,4.72,4.0,0.0
20140210:2010,0.0,0.0,0.0,4.19,4.34,0.0
20140210:2110,0.0,0.0,0.0,4.19,4.14,0.0
20140210:2210,0.0,0.0,0.0,4.19,4.0,0.0
20140210:2310,0.0,0.0,0.0,4.19,3.52,0.0
20140211:0010,0.0,0.0,0.0,3.66,2.97,0.0
20140211:0110,0.0,0.0,0.0,3.13,3.31,0.0
20140211:0210,0.0,0.0,0.0,2.6,3.17,0.0
20140211:0310,0.0,0.0,0.0,2.07,3.31,0.0
20140211:0410,0.0,0.0,0.0,2.6,3.38,0.0
20140211:0510,0.0,0.0,0.0,3.13,4.14,0.0
20140211:0610,0.0,0.0,0.0,4.19,5.52,0.0
20140211:0710,0.0,0.0,0.0,5.25,6.21,0.0
20140211:0810,26.13,44.78,5.91,5.78,7.17,0.0
20140211:0910,27.8,46.36,13.28,5.78,8.0,0.0
20140211:1010,43.02,64.9,19.14,6.31,9.03,0.0
20140211:1110,69.39,95.49,23.0,6.31,9.59,0.0
20140211:1210,311.05,359.66,24.46,6.84,8.62,0.0
20140211:1310,341.29,392.97,23.34,6.31,6.83,0.0
20140211:1410,573.29,654.39,19.78,5.78,6.21,0.0
20140211:1510,292.42,340.54,14.16,6.31,6.0,0.0
20140211:1610,185.75,231.1,6.96,6.31,5.24,0.0
20140211:1710,0.0,0.0,0.0,5.25,4.76,0.0
20140211:1810,0.0,0.0,0.0,4.19,5.03,0.0
20140211:1910,0.0,0.0,0.0,3.66,4.48,0.0
20140211:2010,0.0,0.0,0.0,3.13,4.69,0.0
20140211:2110,0.0,0.0,0.0,3.66,4.9,0.0
20140211:2210,0.0,0.0,0.0,3.13,5.03,0.0
20140211:2310,0.0,0.0,0.0,2.6,5.03,0.0
20140212:0010,0.0,0.0,0.0,2.07,5.1,0.0
20140212:0110,0.0,0.0,0.0,2.07,4.97,0.0
20140212:0210,0.0,0.0,0.0,2.07,4.62,0.0
20140212:0310,0.0,0.0,0.0,2.07,4.34,0.0
20140212:0410,0.0,0.0,0.0,2.07,3.93,0.0
20140212:0510,0.0,0.0,0.0,2.07,3.79,0.0
20140212:0610,0.0,0.0,0.0,2.07,3.79,0.0
20140212:0710,0.0,0.0,0.0,4.19,5.59,0.0
20140212:0810,17.91,33.84,6.19,5.25,6.14,0.0
20140212:0910,32.97,52.85,13.57,6.31,6.97,0.0
20140212:1010,189.17,227.11,19.45,6.84,8.21,0.0
20140212:1110,105.42,136.55,23.32,7.37,8.62,0.0
20140212:1210,147.44,182.55,24.79,7.37,10.83,0.0
20140212:1310,33.01,52.85,23.67,6.31,10.62,0.0
20140212:1410,26.99,45.43,20.09,6.31,11.1,0.0
20140212:1510,14.73,29.67,14.46,7.37,10.9,0.0
20140212:1610,0.72,7.42,7.24,7.9,8.76,0.0
20140212:1710,0.0,0.0,0.0,7.37,7.66,0.0
20140212:1810,0.0,0.0,0.0,6.84,7.79,0.0
20140212:1910,0.0,0.0,0.0,6.31,7.59,0.0
20140212:2010,0.0,0.0,0.0,6.31,7.79,0.0
20140212:2110,0.0,0.0,0.0,5.78,7.66,0.0
20140212:2210,0.0,0.0,0.0,5.25,7.72,0.0
20140212:2310,0.0,0.0,0.0,4.72,7.45,0.0
20140213:0010,0.0,0.0,0.0,4.72,7.31,0.0
20140213:0110,0.0,0.0,0.0,4.19,7.03,0.0
20140213:0210,0.0,0.0,0.0,4.19,6.62,0.0
20140213:0310,0.0,0.0,0.0,4.19,6.14,0.0
20140213:0410,0.0,0.0,0.0,3.66,5.52,0.0
20140213:0510,0.0,0.0,0.0,3.13,5.03,0.0
20140213:0610,0.0,0.0,0.0,3.13,4.69,0.0
20140213:0710,0.0,0.0,0.0,3.13,3.79,0.0
20140213:0810,2.13,10.2,6.47,3.13,3.59,0.0
20140213:0910,392.34,453.33,13.87,4.19,3.31,0.0
20140213:1010,457.28,527.38,19.76,5.25,3.38,0.0
20140213:1110,689.85,798.02,23.65,6.31,5.38,0.0
20140213:1210,188.28,227.49,25.12,6.84,5.93,0.0
20140213:1310,552.87,635.24,24.0,7.37,6.48,0.0
20140213:1410,298.18,347.04,20.41,7.37,6.83,0.0
20140213:1510,363.04,420.35,14.76,7.37,6.62,0.0
20140213:1610,201.6,248.63,7.53,6.31,5.72,0.0
20140213:1710,0.0,0.0,0.0,5.78,5.59,0.0
20140213:1810,0.0,0.0,0.0,4.72,5.59,0.0
20140213:1910,0.0,0.0,0.0,4.19,5.45,0.0
20140213:2010,0.0,0.0,0.0,3.66,5.38,0.0
20140213:2110,0.0,0.0,0.0,3.13,5.17,0.0
20140213:2210,0.0,0.0,0.0,3.13,5.03,0.0
20140213:2310,0.0,0.0,0.0,2.6,5.03,0.0
20140214:0010,0.0,0.0,0.0,2.6,4.69,0.0
20140214:0110,0.0,0.0,0.0,2.6,4.14,0.0
20140214:0210,0.0,0.0,0.0,2.07,3.59,0.0
20140214:0310,0.0,0.0,0.0,1.54,3.03,0.0
20140214:0410,0.0,0.0,0.0,1.54,2.62,0.0
20140214:0510,0.0,0.0,0.0,1.01,2.62,0.0
20140214:0610,0.0,0.0,0.0,2.07,2.83,0.0
20140214:0710,0.0,0.0,0.0,3.66,3.93,0.0
20140214:0810,13.56,27.81,6.75,4.72,4.41,0.0
20140214:0910,40.83,62.12,14.17,5.25,5.1,0.0
20140214:1010,55.22,78.8,20.08,4.72,5.93,0.0
20140214:1110,47.39,69.53,23.98,4.19,6.76,0.0
20140214:1210,54.46,77.88,25.46,4.72,7.59,0.0
20140214:1310,63.17,88.08,24.33,5.25,7.45,0.0
20140214:1410,32.13,51.92,20.73,6.84,6.83,0.0
20140214:1510,19.43,36.16,15.06,8.96,7.52,0.0
20140214:1610,44.81,68.51,7.81,10.02,8.55,0.0
20140214:1710,0.0,0.0,0.0,10.55,9.38,0.0
20140214:1810,0.0,0.0,0.0,10.55,10.21,0.0
20140214:1910,0.0,0.0,0.0,10.55,10.62,0.0
20140214:2010,0.0,0.0,0.0,10.02,10.69,0.0
20140214:2110,0.0,0.0,0.0,9.49,11.24,0.0
20140214:2210,0.0,0.0,0.0,9.49,12.0,0.0
20140214:2310,0.0,0.0,0.0,9.49,12.76,0.0
20140215:0010,0.0,0.0,0.0,9.49,12.62,0.0
20140215:0110,0.0,0.0,0.0,8.43,12.21,0.0
20140215:0210,0.0,0.0,0.0,8.43,11.31,0.0
20140215:0310,0.0,0.0,0.0,7.9,11.03,0.0
20140215:0410,0.0,0.0,0.0,7.9,10.62,0.0
20140215:0510,0.0,0.0,0.0,7.9,10.21,0.0
20140215:0610,0.0,0.0,0.0,7.9,9.93,0.0
20140215:0710,0.0,0.0,0.0,7.9,10.62,0.0
20140215:0810,12.02,25.96,7.04,7.9,10.34,0.0
20140215:0910,294.7,343.63,14.48,7.9,9.86,0.0
20140215:1010,605.34,693.93,20.4,8.96,9.31,0.0
20140215:1110,336.11,390.96,24.32,9.49,9.59,0.0
20140215:1210,116.6,150.24,25.8,9.49,10.28,0.0
20140215:1310,94.71,125.64,24.67,9.49,9.52,0.0
20140215:1410,510.38,586.87,21.05,9.49,9.03,0.0
20140215:1510,101.47,132.56,15.36,8.96,8.48,0.0
20140215:1610,202.94,251.81,8.1,8.96,7.72,0.0
20140215:1710,0.0,0.0,0.0,7.9,6.07,0.0
20140215:1810,0.0,0.0,0.0,7.37,4.97,0.0
20140215:1910,0.0,0.0,0.0,6.84,4.97,0.0
20140215:2010,0.0,0.0,0.0,5.78,4.76,0.0
20140215:2110,0.0,0.0,0.0,5.25,4.55,0.0
20140215:2210,0.0,0.0,0.0,4.72,4.21,0.0
20140215:2310,0.0,0.0,0.0,4.19,4.34,0.0
20140216:0010,0.0,0.0,0.0,4.19,4.0,0.0
20140216:0110,0.0,0.0,0.0,3.66,4.07,0.0
20140216:0210,0.0,0.0,0.0,3.13,4.0,0.0
20140216:0310,0.0,0.0,0.0,2.6,4.0,0.0
20140216:0410,0.0,0.0,0.0,2.07,3.59,0.0
20140216:0510,0.0,0.0,0.0,2.07,3.52,0.0
20140216:0610,0.0,0.0,0.0,1.54,3.17,0.0
20140216:0710,0.0,0.0,0.0,1.54,3.17,0.0
20140216:0810,176.34,218.03,7.33,1.54,3.03,0.0
20140216:0910,337.06,389.28,14.79,3.13,2.9,0.0
20140216:1010,566.61,656.27,20.73,5.25,3.38,0.0
20140216:1110,651.4,765.3,24.66,6.84,3.45,0.0
20140216:1210,574.5,674.48,26.15,7.9,3.52,0.0
20140216:1310,672.42,797.92,25.01,8.43,3.45,0.0
20140216:1410,466.7,548.17,21.38,8.96,3.31,0.0
20140216:1510,299.2,355.32,15.67,8.96,3.1,0.0
20140216:1610,204.98,256.12,8.39,8.43,2.41,0.0
20140216:1710,0.0,0.0,0.0,7.37,2.21,0.0
20140216:1810,0.0,0.0,0.0,5.25,2.41,0.0
20140216:1910,0.0,0.0,0.0,4.72,2.41,0.0
20140216:2010,0.0,0.0,0.0,3.66,2.28,0.0
20140216:2110,0.0,0.0,0.0,2.6,2.28,0.0
20140216:2210,0.0,0.0,0.0,2.07,2.21,0.0
20140216:2310,0.0,0.0,0.0,2.07,2.14,0.0
20140217:0010,0.0,0.0,0.0,2.07,2.14,0.0
20140217:0110,0.0,0.0,0.0,2.6,2.21,0.0
20140217:0210,0.0,0.0,0.0,2.6,2.34,0.0
20140217:0310,0.0,0.0,0.0,2.6,2.55,0.0
20140217:0410,0.0,0.0,0.0,2.6,2.83,0.0
20140217:0510,0.0,0.0,0.0,3.13,3.1,0.0
20140217:0610,0.0,0.0,0.0,3.66,3.31,0.0
20140217:0710,0.0,0.0,0.0,5.25,3.45,0.0
20140217:0810,27.93,46.9,7.63,6.31,3.79,0.0
20140217:0910,97.32,127.55,15.1,7.37,4.28,0.0
20140217:1010,130.02,164.85,21.06,8.43,4.48,0.0
20140217:1110,181.15,221.9,25.01,8.96,5.38,0.0
20140217:1210,204.73,248.27,26.5,9.49,6.34,0.0
20140217:1310,109.61,142.76,25.35,9.49,6.07,0.0
20140217:1410,153.08,190.88,21.71,9.49,5.86,0.0
20140217:1510,143.86,180.46,15.98,9.49,5.45,0.0
20140217:1610,86.73,118.11,8.68,9.49,5.45,0.0
20140217:1710,0.0,0.0,0.0,8.43,5.38,0.0
20140217:1810,0.0,0.0,0.0,7.37,5.38,0.0
20140217:1910,0.0,0.0,0.0,8.43,4.62,0.0
20140217:2010,0.0,0.0,0.0,8.43,4.83,0.0
20140217:2110,0.0,0.0,0.0,8.43,5.17,0.0
20140217:2210,0.0,0.0,0.0,8.43,5.38,0.0
20140217:2310,0.0,0.0,0.0,7.9,5.31,0.0
20140218:0010,0.0,0.0,0.0,7.37,4.9,0.0
20140218:0110,0.0,0.0,0.0,7.37,4.41,0.0
20140218:0210,0.0,0.0,0.0,7.37,4.07,0.0
20140218:0310,0.0,0.0,0.0,7.37,3.79,0.0
20140218:0410,0.0,0.0,0.0,7.37,3.66,0.0
20140218:0510,0.0,0.0,0.0,7.37,3.59,0.0
20140218:0610,0.0,0.0,0.0,6.84,3.38,0.0
20140218:0710,0.0,0.0,0.0,6.84,2.9,0.0
20140218:0810,95.54,128.25,7.93,6.84,2.83,0.0
20140218:0910,27.44,46.36,15.42,7.9,2.69,0.0
20140218:1010,29.51,49.14,21.4,8.96,3.72,0.0
20140218:1110,37.66,59.33,25.35,9.49,3.45,0.0
20140218:1210,147.92,186.81,26.85,10.02,3.45,0.0
20140218:1310,310.74,370.02,25.69,10.55,3.72,0.0
20140218:1410,197.09,240.11,22.03,9.49,4.34,0.0
20140218:1510,462.47,545.27,16.29,9.49,3.66,0.0
20140218:1610,215.87,268.89,8.96,9.49,3.38,0.0
20140218:1710,0.0,0.0,0.0,8.43,2.69,0.0
20140218:1810,0.0,0.0,0.0,7.37,2.55,0.0
20140218:1910,0.0,0.0,0.0,6.84,2.48,0.0
20140218:2010,0.0,0.0,0.0,5.78,2.69,0.0
20140218:2110,0.0,0.0,0.0,5.78,2.62,0.0
20140218:2210,0.0,0.0,0.0,5.25,2.62,0.0
20140218:2310,0.0,0.0,0.0,5.25,2.76,0.0
20140219:0010,0.0,0.0,0.0,5.25,2.76,0.0
20140219:0110,0.0,0.0,0.0,4.72,2.76,0.0
20140219:0210,0.0,0.0,0.0,4.19,2.76,0.0
20140219:0310,0.0,0.0,0.0,3.66,2.62,0.0
20140219:0410,0.0,0.0,0.0,3.13,2.55,0.0
20140219:0510,0.0,0.0,0.0,3.13,2.55,0.0
20140219:0610,0.0,0.0,0.0,3.66,2.41,0.0
20140219:0710,0.0,0.0,0.0,4.19,2.62,0.0
20140219:0810,37.58,58.69,8.24,5.25,2.55,0.0
20140219:0910,80.78,108.57,15.74,6.31,3.72,0.0
20140219:1010,302.92,355.1,21.74,7.37,4.07,0.0
20140219:1110,249.23,297.39,25.71,8.43,4.07,0.0
20140219:1210,223.84,270.75,27.21,9.49,4.0,0.0
20140219:1310,309.63,367.4,26.04,9.49,3.52,0.0
20140219:1410,134.82,171.48,22.36,9.49,2.9,0.0
20140219:1510,60.71,86.88,16.6,9.49,3.1,0.0
20140219:1610,42.5,65.49,9.25,9.49,2.9,0.0
20140219:1710,0.0,0.0,0.0,8.96,2.9,0.0
20140219:1810,0.0,0.0,0.0,8.43,3.03,0.0
20140219:1910,0.0,0.0,0.0,7.9,3.1,0.0
20140219:2010,0.0,0.0,0.0,7.9,3.17,0.0
20140219:2110,0.0,0.0,0.0,8.43,3.59,0.0
20140219:2210,0.0,0.0,0.0,8.43,4.21,0.0
20140219:2310,0.0,0.0,0.0,8.96,4.69,0.0
20140220:0010,0.0,0.0,0.0,8.96,5.24,0.0
20140220:0110,0.0,0.0,0.0,8.96,5.38,0.0
20140220:0210,0.0,0.0,0.0,8.96,5.31,0.0
20140220:0310,0.0,0.0,0.0,8.96,5.52,0.0
20140220:0410,0.0,0.0,0.0,9.49,5.66,0.0
20140220:0510,0.0,0.0,0.0,9.49,5.66,0.0
20140220:0610,0.0,0.0,0.0,9.49,5.79,0.0
20140220:0710,0.0,0.0,0.0,9.49,5.59,0.0
20140220:0810,17.28,33.38,8.54,9.49,5.93,0.0
20140220:0910,55.32,80.37,16.06,9.49,6.14,0.0
20140220:1010,72.03,100.13,22.08,10.02,6.41,0.0
20140220:1110,85.71,115.89,26.06,10.02,6.69,0.0
20140220:1210,74.42,102.91,27.56,10.02,6.21,0.0
20140220:1310,36.18,57.48,26.39,9.49,5.1,0.0
20140220:1410,79.1,108.47,22.7,10.02,4.28,0.0
20140220:1510,437.32,515.49,16.91,10.55,4.62,0.0
20140220:1610,46.25,70.09,9.55,10.02,5.38,0.0
20140220:1710,0.0,0.0,0.0,9.49,5.17,0.0
20140220:1810,0.0,0.0,0.0,8.43,4.97,0.0
20140220:1910,0.0,0.0,0.0,7.37,4.21,0.0
20140220:2010,0.0,0.0,0.0,6.31,3.72,0.0
20140220:2110,0.0,0.0,0.0,5.78,3.31,0.0
20140220:2210,0.0,0.0,0.0,5.25,3.1,0.0
20140220:2310,0.0,0.0,0.0,4.72,2.83,0.0
20140221:0010,0.0,0.0,0.0,4.19,2.62,0.0
20140221:0110,0.0,0.0,0.0,4.19,2.69,0.0
20140221:0210,0.0,0.0,0.0,4.19,2.9,0.0
20140221:0310,0.0,0.0,0.0,3.66,3.1,0.0
20140221:0410,0.0,0.0,0.0,3.66,3.24,0.0
20140221:0510,0.0,0.0,0.0,3.13,3.38,0.0
20140221:0610,0.0,0.0,0.0,2.6,3.45,0.0
20140221:0710,0.0,0.0,0.0,2.07,3.72,0.0
20140221:0810,209.35,254.87,8.86,2.6,3.93,0.0
20140221:0910,362.97,418.29,16.39,4.19,3.93,0.0
20140221:1010,597.49,685.44,22.43,6.31,6.0,0.0
20140221:1110,583.37,670.06,26.42,7.37,6.97,0.0
20140221:1210,452.71,522.59,27.92,8.43,7.1,0.0
20140221:1310,347.46,404.99,26.74,8.96,7.1,0.0
20140221:1410,278.76,329.39,23.03,9.49,6.62,0.0
20140221:1510,275.26,325.89,17.22,9.49,6.41,0.0
20140221:1610,173.87,217.67,9.84,8.96,6.0,0.0
20140221:1710,0.0,0.0,0.0,7.9,5.45,0.0
20140221:1810,0.0,0.0,0.0,6.84,5.03,0.0
20140221:1910,0.0,0.0,0.0,6.31,5.17,0.0
20140221:2010,0.0,0.0,0.0,6.31,5.1,0.0
20140221:2110,0.0,0.0,0.0,5.78,5.1,0.0
20140221:2210,0.0,0.0,0.0,5.78,5.17,0.0
20140221:2310,0.0,0.0,0.0,5.78,5.1,0.0
20140222:0010,0.0,0.0,0.0,5.78,4.97,0.0
20140222:0110,0.0,0.0,0.0,5.25,4.55,0.0
20140222:0210,0.0,0.0,0.0,4.72,4.34,0.0
20140222:0310,0.0,0.0,0.0,4.72,4.34,0.0
20140222:0410,0.0,0.0,0.0,4.19,4.41,0.0
20140222:0510,0.0,0.0,0.0,3.66,4.21,0.0
20140222:0610,0.0,0.0,0.0,3.66,4.14,0.0
20140222:0710,0.0,0.0,0.0,3.66,3.93,0.0
20140222:0810,209.57,256.68,9.18,4.19,3.79,0.0
20140222:0910,356.03,414.17,16.73,5.78,3.52,0.0
20140222:1010,587.44,683.95,22.78,7.37,4.28,0.0
20140222:1110,521.29,608.47,26.78,8.96,4.83,0.0
20140222:1210,312.91,369.79,28.29,9.49,4.9,0.0
20140222:1310,593.38,696.83,27.1,10.02,5.17,0.0
20140222:1410,618.67,727.85,23.37,10.02,4.9,0.0
20140222:1510,322.37,381.08,17.53,10.02,4.9,0.0
20140222:1610,196.91,245.4,10.13,9.49,4.14,0.0
20140222:1710,0.0,0.0,0.0,8.96,4.07,0.0
20140222:1810,0.0,0.0,0.0,7.9,4.28,0.0
20140222:1910,0.0,0.0,0.0,7.37,4.41,0.0
20140222:2010,0.0,0.0,0.0,6.84,4.48,0.0
20140222:2110,0.0,0.0,0.0,6.84,4.76,0.0
20140222:2210,0.0,0.0,0.0,6.84,5.17,0.0
20140222:2310,0.0,0.0,0.0,7.37,5.52,0.0
20140223:0010,0.0,0.0,0.0,7.37,5.72,0.0
20140223:0110,0.0,0.0,0.0,7.37,5.79,0.0
20140223:0210,0.0,0.0,0.0,7.9,6.0,0.0
20140223:0310,0.0,0.0,0.0,8.43,6.28,0.0
20140223:0410,0.0,0.0,0.0,8.96,6.48,0.0
20140223:0510,0.0,0.0,0.0,8.96,6.62,0.0
20140223:0610,0.0,0.0,0.0,8.96,6.9,0.0
20140223:0710,0.0,0.0,0.0,9.49,6.9,0.0
20140223:0810,49.87,74.39,9.5,9.49,7.03,0.0
20140223:0910,40.66,63.04,17.06,10.02,6.55,0.0
20140223:1010,40.67,63.04,23.13,10.02,7.31,0.0
20140223:1110,94.48,126.09,27.15,10.55,8.14,0.0
20140223:1210,88.64,119.6,28.66,11.09,9.31,0.0
20140223:1310,95.95,127.94,27.45,11.09,9.79,0.0
20140223:1410,99.96,132.42,23.7,11.09,9.17,0.0
20140223:1510,90.47,121.54,17.84,11.09,7.59,0.0
20140223:1610,76.65,106.46,10.42,11.09,7.38,0.0
20140223:1710,0.0,0.0,0.0,10.55,7.03,0.0
20140223:1810,0.0,0.0,0.0,10.55,6.62,0.0
20140223:1910,0.0,0.0,0.0,10.02,6.28,0.0
20140223:2010,0.0,0.0,0.0,9.49,5.93,0.0
20140223:2110,0.0,0.0,0.0,9.49,5.72,0.0
20140223:2210,0.0,0.0,0.0,8.96,5.66,0.0
20140223:2310,0.0,0.0,0.0,8.43,5.66,0.0
20140224:0010,0.0,0.0,0.0,7.9,5.45,0.0
20140224:0110,0.0,0.0,0.0,7.9,5.24,0.0
20140224:0210,0.0,0.0,0.0,7.37,5.03,0.0
20140224:0310,0.0,0.0,0.0,7.37,4.9,0.0
20140224:0410,0.0,0.0,0.0,7.37,4.76,0.0
20140224:0510,0.0,0.0,0.0,7.37,4.55,0.0
20140224:0610,0.0,0.0,0.0,6.84,4.41,0.0
20140224:0710,0.0,0.0,0.0,6.84,4.14,0.0
20140224:0810,246.01,302.14,9.82,7.37,4.14,0.0
20140224:0910,390.5,459.83,17.4,8.96,3.66,0.0
20140224:1010,608.13,714.5,23.48,10.02,5.03,0.0
20140224:1110,695.44,823.88,27.51,11.61,6.0,0.0
20140224:1210,697.95,829.57,29.02,12.15,6.07,0.0
20140224:1310,724.8,862.51,27.81,11.61,5.66,0.0
20140224:1410,143.06,181.31,24.04,11.09,5.79,0.0
20140224:1510,158.56,198.02,18.16,11.09,6.55,0.0
20140224:1610,71.73,100.72,10.72,11.09,5.86,0.0
20140224:1710,0.0,0.0,0.0,10.02,5.31,0.0
20140224:1810,0.0,0.0,0.0,10.02,5.03,0.0
20140224:1910,0.0,0.0,0.0,10.02,4.76,0.0
20140224:2010,0.0,0.0,0.0,10.02,4.97,0.0
20140224:2110,0.0,0.0,0.0,10.02,5.66,0.0
20140224:2210,0.0,0.0,0.0,10.02,6.28,0.0
20140224:2310,0.0,0.0,0.0,10.02,6.9,0.0
20140225:0010,0.0,0.0,0.0,9.49,7.03,0.0
20140225:0110,0.0,0.0,0.0,9.49,7.1,0.0
20140225:0210,0.0,0.0,0.0,8.43,6.55,0.0
20140225:0310,0.0,0.0,0.0,7.9,6.34,0.0
20140225:0410,0.0,0.0,0.0,7.9,5.93,0.0
20140225:0510,0.0,0.0,0.0,8.43,6.07,0.0
20140225:0610,0.0,0.0,0.0,8.43,5.59,0.0
20140225:0710,0.0,0.0,0.0,7.9,3.93,0.0
20140225:0810,106.48,140.32,10.15,7.9,4.07,0.0
20140225:0910,63.51,89.46,17.75,7.9,5.1,0.0
20140225:1010,32.6,52.85,23.84,8.43,5.45,0.0
20140225:1110,20.83,38.01,27.88,8.96,5.38,0.0
20140225:1210,557.75,651.73,29.4,9.49,5.52,0.0
20140225:1310,401.95,470.39,28.17,10.02,5.86,0.0
20140225:1410,348.74,407.87,24.38,9.49,6.34,0.0
20140225:1510,145.48,182.4,18.47,9.49,5.86,0.0
20140225:1610,82.08,112.15,11.01,9.49,5.17,0.0
20140225:1710,0.0,0.0,0.0,8.96,4.48,0.0
20140225:1810,0.0,0.0,0.0,7.9,3.93,0.0
20140225:1910,0.0,0.0,0.0,6.84,4.21,0.0
20140225:2010,0.0,0.0,0.0,6.31,4.21,0.0
20140225:2110,0.0,0.0,0.0,6.31,4.21,0.0
20140225:2210,0.0,0.0,0.0,5.78,3.93,0.0
20140225:2310,0.0,0.0,0.0,5.25,3.45,0.0
20140226:0010,0.0,0.0,0.0,5.25,3.17,0.0
20140226:0110,0.0,0.0,0.0,4.72,2.97,0.0
20140226:0210,0.0,0.0,0.0,4.19,2.83,0.0
20140226:0310,0.0,0.0,0.0,3.66,2.83,0.0
20140226:0410,0.0,0.0,0.0,3.13,2.76,0.0
20140226:0510,0.0,0.0,0.0,3.13,2.76,0.0
20140226:0610,0.0,0.0,0.0,2.6,2.76,0.0
20140226:0710,0.0,0.0,0.0,2.6,2.97,0.0
20140226:0810,245.95,297.5,10.48,3.66,2.9,0.0
20140226:0910,387.08,450.38,18.09,5.78,3.1,0.0
20140226:1010,613.55,719.36,24.21,7.9,3.93,0.0
20140226:1110,447.28,522.17,28.26,8.96,4.83,0.0
20140226:1210,578.19,678.9,29.77,9.49,4.83,0.0
20140226:1310,640.12,755.13,28.53,10.02,4.97,0.0
20140226:1410,195.29,238.71,24.72,10.02,5.17,0.0
20140226:1510,404.56,474.84,18.79,10.02,5.17,0.0
20140226:1610,217.81,269.01,11.3,9.49,4.14,0.0
20140226:1710,9.92,25.96,2.78,8.96,3.52,0.0
20140226:1810,0.0,0.0,0.0,7.37,3.31,0.0
20140226:1910,0.0,0.0,0.0,6.31,3.38,0.0
20140226:2010,0.0,0.0,0.0,5.78,3.38,0.0
20140226:2110,0.0,0.0,0.0,5.25,3.52,0.0
20140226:2210,0.0,0.0,0.0,4.72,3.86,0.0
20140226:2310,0.0,0.0,0.0,4.72,4.07,0.0
20140227:0010,0.0,0.0,0.0,5.25,4.34,0.0
20140227:0110,0.0,0.0,0.0,5.78,5.03,0.0
20140227:0210,0.0,0.0,0.0,6.31,5.86,0.0
20140227:0310,0.0,0.0,0.0,6.31,6.41,0.0
20140227:0410,0.0,0.0,0.0,6.84,6.83,0.0
20140227:0510,0.0,0.0,0.0,6.31,7.03,0.0
20140227:0610,0.0,0.0,0.0,6.31,6.9,0.0
20140227:0710,0.0,0.0,0.0,6.84,6.97,0.0
20140227:0810,74.77,102.93,10.81,7.37,5.31,0.0
20140227:0910,167.6,205.74,18.44,7.9,5.31,0.0
20140227:1010,618.62,718.42,24.57,7.9,5.38,0.0
20140227:1110,384.66,448.75,28.63,8.96,5.79,0.0
20140227:1210,145.87,183.65,30.15,9.49,5.79,0.0
20140227:1310,510.69,595.77,28.9,9.49,5.59,0.0
20140227:1410,143.43,181.1,25.06,10.02,5.31,0.0
20140227:1510,11.25,25.03,19.11,9.49,4.83,0.0
20140227:1610,222.23,274.13,11.6,9.49,3.93,0.0
20140227:1710,13.7,31.95,3.05,8.96,3.24,0.0
20140227:1810,0.0,0.0,0.0,7.37,2.97,0.0
20140227:1910,0.0,0.0,0.0,5.78,2.97,0.0
20140227:2010,0.0,0.0,0.0,4.72,2.83,0.0
20140227:2110,0.0,0.0,0.0,3.66,2.62,0.0
20140227:2210,0.0,0.0,0.0,3.13,2.41,0.0
20140227:2310,0.0,0.0,0.0,2.07,2.62,0.0
20140228:0010,0.0,0.0,0.0,2.07,2.62,0.0
20140228:0110,0.0,0.0,0.0,1.54,2.48,0.0
20140228:0210,0.0,0.0,0.0,1.54,2.48,0.0
20140228:0310,0.0,0.0,0.0,2.6,2.69,0.0
20140228:0410,0.0,0.0,0.0,3.13,2.9,0.0
20140228:0510,0.0,0.0,0.0,3.13,3.31,0.0
20140228:0610,0.0,0.0,0.0,4.19,4.0,0.0
20140228:0710,0.0,3.5,2.52,4.72,4.14,0.0
20140228:0810,76.76,103.95,11.15,4.19,3.79,0.0
20140228:0910,109.61,139.84,18.8,4.19,3.38,0.0
20140228:1010,221.7,263.48,24.94,4.72,2.9,0.0
20140228:1110,312.76,366.04,29.01,5.25,2.62,0.0
20140228:1210,222.14,265.47,30.52,5.25,2.69,0.0
20140228:1310,261.13,309.21,29.26,5.78,2.62,0.0
20140228:1410,149.0,184.62,25.4,5.78,3.38,0.0
20140228:1510,11.48,25.03,19.42,5.78,3.93,0.0
20140228:1610,4.16,13.91,11.89,5.78,3.93,0.0
20140228:1710,0.35,6.49,3.33,5.25,3.72,0.0
20140228:1810,0.0,0.0,0.0,5.25,3.66,0.0
20140228:1910,0.0,0.0,0.0,4.72,3.66,0.0
20140228:2010,0.0,0.0,0.0,4.72,3.66,0.0
20140228:2110,0.0,0.0,0.0,4.72,3.45,0.0
20140228:2210,0.0,0.0,0.0,4.19,3.31,0.0
20140228:2310,0.0,0.0,0.0,4.19,3.17,0.0
20140301:0010,0.0,0.0,0.0,3.66,2.9,0.0
20140301:0110,0.0,0.0,0.0,3.13,2.55,0.0
20140301:0210,0.0,0.0,0.0,2.6,2.41,0.0
20140301:0310,0.0,0.0,0.0,2.6,2.21,0.0
20140301:0410,0.0,0.0,0.0,2.07,2.14,0.0
20140301:0510,0.0,0.0,0.0,1.54,1.86,0.0
20140301:0610,0.0,0.0,0.0,2.07,1.93,0.0
20140301:0710,2.8,11.37,2.85,1.01,1.79,0.0
20140301:0810,104.76,134.87,11.49,2.07,2.48,0.0
20140301:0910,267.23,312.04,19.15,3.13,2.41,0.0
20140301:1010,481.99,560.87,25.31,4.72,2.14,0.0
20140301:1110,171.96,211.21,29.39,6.31,2.34,0.0
20140301:1210,494.17,582.75,30.9,7.37,2.34,0.0
20140301:1310,87.18,116.82,29.63,7.37,2.21,0.0
20140301:1410,351.09,415.25,25.74,7.9,2.0,0.0
20140301:1510,62.86,89.0,19.74,7.9,1.86,0.0
20140301:1610,211.98,261.8,12.18,7.9,1.86,0.0
20140301:1710,23.49,47.14,3.61,7.37,1.31,0.0
20140301:1810,0.0,0.0,0.0,5.78,1.52,0.0
20140301:1910,0.0,0.0,0.0,4.72,1.52,0.0
20140301:2010,0.0,0.0,0.0,4.19,1.72,0.0
20140301:2110,0.0,0.0,0.0,4.19,2.07,0.0
20140301:2210,0.0,0.0,0.0,4.19,2.34,0.0
20140301:2310,0.0,0.0,0.0,3.66,2.55,0.0
20140302:0010,0.0,0.0,0.0,3.13,2.69,0.0
20140302:0110,0.0,0.0,0.0,2.6,2.76,0.0
20140302:0210,0.0,0.0,0.0,2.07,2.69,0.0
20140302:0310,0.0,0.0,0.0,2.07,2.9,0.0
20140302:0410,0.0,0.0,0.0,2.6,3.38,0.0
20140302:0510,0.0,0.0,0.0,4.19,4.21,0.0
20140302:0610,0.0,0.0,0.0,5.78,4.76,0.0
20140302:0710,14.72,33.87,3.18,5.78,4.48,0.0
20140302:0810,164.2,204.87,11.83,6.84,4.62,0.0
20140302:0910,378.45,440.52,19.51,7.37,4.69,0.0
20140302:1010,551.63,636.86,25.68,8.43,6.76,0.0
20140302:1110,293.56,346.55,29.78,9.49,7.17,0.0
20140302:1210,0.0,0.0,0.0,8.96,6.9,0.0
20140302:1310,132.62,168.19,29.99,8.96,7.59,0.0
20140302:1410,71.81,99.2,26.09,8.43,7.03,0.0
20140302:1510,38.8,60.26,20.06,7.9,7.31,0.0
20140302:1610,18.88,35.23,12.48,7.37,7.1,0.0
20140302:1710,0.0,2.78,3.89,7.37,7.24,0.0
20140302:1810,0.0,0.0,0.0,7.37,7.45,0.0
20140302:1910,0.0,0.0,0.0,7.9,7.66,0.0
20140302:2010,0.0,0.0,0.0,7.37,7.72,0.0
20140302:2110,0.0,0.0,0.0,7.37,7.38,0.0
20140302:2210,0.0,0.0,0.0,7.37,6.62,0.0
20140302:2310,0.0,0.0,0.0,7.37,4.69,0.0
20140303:0010,0.0,0.0,0.0,6.84,3.38,0.0
20140303:0110,0.0,0.0,0.0,6.31,3.38,0.0
20140303:0210,0.0,0.0,0.0,5.78,3.1,0.0
20140303:0310,0.0,0.0,0.0,4.19,2.76,0.0
20140303:0410,0.0,0.0,0.0,3.13,2.62,0.0
20140303:0510,0.0,0.0,0.0,2.07,2.48,0.0
20140303:0610,0.0,0.0,0.0,1.54,2.34,0.0
20140303:0710,30.8,58.8,3.52,1.54,2.28,0.0
20140303:0810,201.38,244.26,12.18,2.6,2.07,0.0
20140303:0910,345.42,403.32,19.87,5.78,2.83,0.0
20140303:1010,158.21,195.78,26.06,7.37,4.34,0.0
20140303:1110,198.83,241.41,30.16,7.9,4.48,0.0
20140303:1210,0.0,0.0,0.0,7.9,4.14,0.0
20140303:1310,178.09,219.38,30.36,8.43,3.59,0.0
20140303:1410,257.26,307.37,26.43,8.43,3.24,0.0
20140303:1510,49.53,73.24,20.37,7.9,2.9,0.0
20140303:1610,133.27,169.9,12.77,7.37,2.69,0.0
20140303:1710,25.29,48.44,4.16,6.31,1.93,0.0
20140303:1810,0.0,0.0,0.0,5.78,1.72,0.0
20140303:1910,0.0,0.0,0.0,4.72,1.66,0.0
20140303:2010,0.0,0.0,0.0,3.66,1.79,0.0
20140303:2110,0.0,0.0,0.0,2.6,2.07,0.0
20140303:2210,0.0,0.0,0.0,2.07,2.21,0.0
20140303:2310,0.0,0.0,0.0,2.07,2.21,0.0
20140304:0010,0.0,0.0,0.0,1.54,2.41,0.0
20140304:0110,0.0,0.0,0.0,1.01,2.55,0.0
20140304:0210,0.0,0.0,0.0,1.01,2.69,0.0
20140304:0310,0.0,0.0,0.0,0.48,2.76,0.0
20140304:0410,0.0,0.0,0.0,0.48,2.55,0.0
20140304:0510,0.0,0.0,0.0,-0.04,2.34,0.0
20140304:0610,0.0,0.0,0.0,-1.1,2.14,0.0
20140304:0710,35.28,64.18,3.85,-1.1,2.07,0.0
20140304:0810,268.44,318.48,12.53,0.48,1.72,0.0
20140304:0910,478.05,556.4,20.23,4.19,2.07,0.0
20140304:1010,536.61,628.58,26.44,6.31,2.62,0.0
20140304:1110,713.57,851.43,30.55,7.9,3.24,0.0
20140304:1210,0.0,0.0,0.0,8.96,3.24,0.0
20140304:1310,175.76,218.03,30.73,9.49,3.17,0.0
20140304:1410,61.04,87.15,26.78,8.96,2.97,0.0
20140304:1510,261.72,314.33,20.69,9.49,2.69,0.0
20140304:1610,122.72,159.13,13.07,8.96,1.86,0.0
20140304:1710,25.55,48.88,4.44,8.96,1.45,0.0
20140304:1810,0.0,0.0,0.0,7.37,1.38,0.0
20140304:1910,0.0,0.0,0.0,7.9,0.9,0.0
20140304:2010,0.0,0.0,0.0,6.31,1.31,0.0
20140304:2110,0.0,0.0,0.0,3.66,1.79,0.0
20140304:2210,0.0,0.0,0.0,2.6,1.79,0.0
20140304:2310,0.0,0.0,0.0,2.07,1.93,0.0
20140305:0010,0.0,0.0,0.0,1.54,1.93,0.0
20140305:0110,0.0,0.0,0.0,0.48,2.21,0.0
20140305:0210,0.0,0.0,0.0,0.48,2.07,0.0
20140305:0310,0.0,0.0,0.0,0.48,1.93,0.0
20140305:0410,0.0,0.0,0.0,-0.04,1.93,0.0
20140305:0510,0.0,0.0,0.0,-0.04,1.66,0.0
20140305:0610,0.0,0.0,0.0,-0.57,1.79,0.0
20140305:0710,33.66,61.06,4.19,0.48,1.38,0.0
20140305:0810,259.55,311.31,12.88,2.07,1.03,0.0
20140305:0910,474.71,561.63,20.6,5.25,0.97,0.0
20140305:1010,609.49,744.03,26.82,8.43,0.83,0.0
20140305:1110,680.81,833.77,30.94,9.49,1.66,0.0
20140305:1210,661.43,807.92,32.44,11.09,2.28,0.0
20140305:1310,467.89,561.63,31.1,11.61,2.55,0.0
20140305:1410,513.3,616.11,27.12,12.15,2.97,0.0
20140305:1510,419.41,502.2,21.01,12.15,3.1,0.0
20140305:1610,254.23,314.85,13.36,11.61,2.76,0.0
20140305:1710,50.52,87.38,4.72,10.55,2.41,0.0
20140305:1810,0.0,0.0,0.0,9.49,2.62,0.0
20140305:1910,0.0,0.0,0.0,7.9,2.62,0.0
20140305:2010,0.0,0.0,0.0,6.31,2.69,0.0
20140305:2110,0.0,0.0,0.0,5.78,2.62,0.0
20140305:2210,0.0,0.0,0.0,5.25,2.69,0.0
20140305:2310,0.0,0.0,0.0,4.72,2.76,0.0
20140306:0010,0.0,0.0,0.0,4.72,2.83,0.0
20140306:0110,0.0,0.0,0.0,4.19,2.83,0.0
20140306:0210,0.0,0.0,0.0,4.19,2.9,0.0
20140306:0310,0.0,0.0,0.0,4.19,2.97,0.0
20140306:0410,0.0,0.0,0.0,4.72,2.9,0.0
20140306:0510,0.0,0.0,0.0,4.72,2.76,0.0
20140306:0610,0.0,0.0,0.0,4.19,2.76,0.0
20140306:0710,35.88,64.45,4.53,4.72,3.03,0.0
20140306:0810,230.63,280.63,13.23,6.31,2.9,0.0
20140306:0910,410.92,482.19,20.96,8.43,3.66,0.0
20140306:1010,544.53,639.21,27.2,9.49,4.48,0.0
20140306:1110,543.05,640.77,31.33,11.09,5.17,0.0
20140306:1210,407.59,481.63,32.83,11.09,5.1,0.0
20140306:1310,648.89,770.69,31.47,11.61,5.38,0.0
20140306:1410,504.2,594.48,27.46,11.61,5.38,0.0
20140306:1510,443.64,522.86,21.32,11.09,5.17,0.0
20140306:1610,258.17,315.71,13.65,10.55,4.9,0.0
20140306:1710,25.22,47.42,4.99,9.49,4.48,0.0
20140306:1810,0.0,0.0,0.0,8.96,4.21,0.0
20140306:1910,0.0,0.0,0.0,8.43,4.55,0.0
20140306:2010,0.0,0.0,0.0,8.43,4.28,0.0
20140306:2110,0.0,0.0,0.0,7.9,4.07,0.0
20140306:2210,0.0,0.0,0.0,7.37,4.0,0.0
20140306:2310,0.0,0.0,0.0,7.37,3.93,0.0
20140307:0010,0.0,0.0,0.0,6.84,4.0,0.0
20140307:0110,0.0,0.0,0.0,6.84,4.0,0.0
20140307:0210,0.0,0.0,0.0,6.31,4.07,0.0
20140307:0310,0.0,0.0,0.0,6.31,4.14,0.0
20140307:0410,0.0,0.0,0.0,6.31,4.41,0.0
20140307:0510,0.0,0.0,0.0,6.31,4.76,0.0
20140307:0610,0.0,0.0,0.0,6.31,5.17,0.0
20140307:0710,0.0,4.64,4.88,7.37,5.17,0.0
20140307:0810,30.44,50.06,13.58,7.9,5.31,0.0
20140307:0910,62.71,89.0,21.33,8.96,4.41,0.0
20140307:1010,49.23,73.24,27.58,9.49,5.03,0.0
20140307:1110,117.09,152.05,31.72,10.02,4.14,0.0
20140307:1210,389.79,460.01,33.22,10.55,5.1,0.0
20140307:1310,583.01,700.0,31.84,12.68,4.0,0.0
20140307:1410,473.07,566.1,27.81,13.74,4.41,0.0
20140307:1510,463.42,556.98,21.64,13.74,3.79,0.0
20140307:1610,259.09,323.61,13.94,13.74,2.69,0.0
20140307:1710,63.66,106.92,5.27,12.68,1.72,0.0
20140307:1810,0.0,0.0,0.0,10.55,2.55,0.0
20140307:1910,0.0,0.0,0.0,9.49,1.03,0.0
20140307:2010,0.0,0.0,0.0,8.43,0.97,0.0
20140307:2110,0.0,0.0,0.0,8.43,2.62,0.0
20140307:2210,0.0,0.0,0.0,7.9,3.03,0.0
20140307:2310,0.0,0.0,0.0,7.9,3.17,0.0
20140308:0010,0.0,0.0,0.0,7.37,3.45,0.0
20140308:0110,0.0,0.0,0.0,6.84,3.86,0.0
20140308:0210,0.0,0.0,0.0,6.31,3.45,0.0
20140308:0310,0.0,0.0,0.0,6.31,3.38,0.0
20140308:0410,0.0,0.0,0.0,6.31,3.72,0.0
20140308:0510,0.0,0.0,0.0,6.31,3.45,0.0
20140308:0610,0.0,0.0,0.0,7.37,3.72,0.0
20140308:0710,0.0,4.64,5.23,7.37,3.66,0.0
20140308:0810,20.27,37.08,13.94,7.37,3.59,0.0
20140308:0910,282.31,332.93,21.7,7.9,5.03,0.0
20140308:1010,360.42,422.15,27.97,8.96,5.24,0.0
20140308:1110,567.82,665.4,32.11,9.49,5.24,0.0
20140308:1210,597.1,705.68,33.61,11.09,5.45,0.0
20140308:1310,576.18,682.61,32.22,12.15,5.66,0.0
20140308:1410,608.69,725.27,28.15,13.21,5.52,0.0
20140308:1510,432.38,515.42,21.96,13.21,4.9,0.0
20140308:1610,278.97,344.98,14.24,13.21,3.93,0.0
20140308:1710,55.59,93.32,5.55,12.15,3.86,0.0
20140308:1810,0.0,0.0,0.0,10.55,3.72,0.0
20140308:1910,0.0,0.0,0.0,9.49,3.66,0.0
20140308:2010,0.0,0.0,0.0,9.49,3.66,0.0
20140308:2110,0.0,0.0,0.0,9.49,3.79,0.0
20140308:2210,0.0,0.0,0.0,9.49,3.93,0.0
20140308:2310,0.0,0.0,0.0,8.96,4.0,0.0
20140309:0010,0.0,0.0,0.0,8.96,4.0,0.0
20140309:0110,0.0,0.0,0.0,8.43,3.93,0.0
20140309:0210,0.0,0.0,0.0,8.43,3.86,0.0
20140309:0310,0.0,0.0,0.0,7.9,3.66,0.0
20140309:0410,0.0,0.0,0.0,7.37,3.59,0.0
20140309:0510,0.0,0.0,0.0,7.37,3.31,0.0
20140309:0610,0.0,0.0,0.0,6.84,3.17,0.0
20140309:0710,51.01,84.89,5.57,6.31,2.76,0.0
20140309:0810,279.34,338.56,14.3,7.37,2.55,0.0
20140309:0910,476.2,565.12,22.08,10.02,3.1,0.0
20140309:1010,641.5,772.98,28.35,12.15,3.59,0.0
20140309:1110,718.04,878.02,32.51,13.74,3.86,0.0
20140309:1210,722.25,887.38,34.0,14.8,4.07,0.0
20140309:1310,716.46,879.59,32.59,15.33,4.28,0.0
20140309:1410,642.23,783.35,28.5,15.86,4.34,0.0
20140309:1510,497.7,602.03,22.27,15.33,4.14,0.0
20140309:1610,285.66,356.13,14.53,14.8,3.45,0.0
20140309:1710,62.56,102.53,5.82,13.74,3.24,0.0
20140309:1810,0.0,0.0,0.0,11.61,2.97,0.0
20140309:1910,0.0,0.0,0.0,10.55,2.76,0.0
20140309:2010,0.0,0.0,0.0,9.49,2.69,0.0
20140309:2110,0.0,0.0,0.0,7.9,2.62,0.0
20140309:2210,0.0,0.0,0.0,6.84,2.41,0.0
20140309:2310,0.0,0.0,0.0,5.78,2.34,0.0
20140310:0010,0.0,0.0,0.0,5.25,2.34,0.0
20140310:0110,0.0,0.0,0.0,4.72,2.21,0.0
20140310:0210,0.0,0.0,0.0,4.19,2.14,0.0
20140310:0310,0.0,0.0,0.0,3.66,2.0,0.0
20140310:0410,0.0,0.0,0.0,3.66,1.86,0.0
20140310:0510,0.0,0.0,0.0,3.13,2.0,0.0
20140310:0610,0.0,0.0,0.0,2.6,2.21,0.0
20140310:0710,58.16,92.11,5.92,3.66,2.83,0.0
20140310:0810,276.96,334.54,14.66,6.84,2.62,0.0
20140310:0910,464.05,548.58,22.45,9.49,3.24,0.0
20140310:1010,599.36,713.03,28.74,11.09,4.14,0.0
20140310:1110,626.6,749.17,32.91,12.68,5.03,0.0
20140310:1210,215.0,266.08,34.39,13.74,5.24,0.0
20140310:1310,123.44,161.32,32.96,13.21,4.76,0.0
20140310:1410,169.7,213.78,28.84,13.21,4.9,0.0
20140310:1510,163.42,205.26,22.59,12.15,4.97,0.0
20140310:1610,108.9,143.6,14.82,11.09,4.76,0.0
20140310:1710,27.65,49.49,6.09,10.02,4.28,0.0
20140310:1810,0.0,0.0,0.0,9.49,4.34,0.0
20140310:1910,0.0,0.0,0.0,7.37,4.34,0.0
20140310:2010,0.0,0.0,0.0,6.31,4.48,0.0
20140310:2110,0.0,0.0,0.0,5.78,4.34,0.0
20140310:2210,0.0,0.0,0.0,5.78,4.14,0.0
20140310:2310,0.0,0.0,0.0,5.25,4.0,0.0
20140311:0010,0.0,0.0,0.0,5.25,3.86,0.0
20140311:0110,0.0,0.0,0.0,5.25,3.86,0.0
20140311:0210,0.0,0.0,0.0,4.72,3.72,0.0
20140311:0310,0.0,0.0,0.0,4.72,3.72,0.0
20140311:0410,0.0,0.0,0.0,4.72,3.66,0.0
20140311:0510,0.0,0.0,0.0,4.72,3.59,0.0
20140311:0610,0.0,0.0,0.0,4.19,3.45,0.0
20140311:0710,17.79,34.44,6.28,5.78,3.31,0.0
20140311:0810,64.73,90.5,15.02,6.31,3.66,0.0
20140311:0910,62.42,88.08,22.83,7.37,4.69,0.0
20140311:1010,68.67,95.49,29.13,7.9,4.9,0.0
20140311:1110,68.32,95.49,33.3,8.96,5.03,0.0
20140311:1210,75.34,103.84,34.78,9.49,4.97,0.0
20140311:1310,97.96,129.79,33.33,9.49,4.97,0.0
20140311:1410,124.24,159.56,29.19,9.49,4.83,0.0
20140311:1510,342.44,403.47,22.9,9.49,4.83,0.0
20140311:1610,253.05,307.75,15.11,9.49,4.83,0.0
20140311:1710,66.67,105.43,6.37,9.49,4.21,0.0
20140311:1810,0.0,0.0,0.0,8.43,3.79,0.0
20140311:1910,0.0,0.0,0.0,7.37,3.93,0.0
20140311:2010,0.0,0.0,0.0,6.31,3.66,0.0
20140311:2110,0.0,0.0,0.0,5.78,3.52,0.0
20140311:2210,0.0,0.0,0.0,5.25,3.31,0.0
20140311:2310,0.0,0.0,0.0,4.72,2.97,0.0
20140312:0010,0.0,0.0,0.0,4.19,2.83,0.0
20140312:0110,0.0,0.0,0.0,4.19,2.69,0.0
20140312:0210,0.0,0.0,0.0,3.66,2.62,0.0
20140312:0310,0.0,0.0,0.0,3.13,2.48,0.0
20140312:0410,0.0,0.0,0.0,2.6,2.41,0.0
20140312:0510,0.0,0.0,0.0,2.07,2.41,0.0
20140312:0610,0.0,0.0,0.0,2.07,2.41,0.0
20140312:0710,42.49,68.12,6.63,2.6,2.62,0.0
20140312:0810,148.4,185.1,15.39,5.25,2.48,0.0
20140312:0910,292.7,346.86,23.21,7.9,3.1,0.0
20140312:1010,616.01,735.1,29.52,9.49,3.03,0.0
20140312:1110,723.68,878.01,33.7,10.55,3.17,0.0
20140312:1210,745.41,917.54,35.18,11.61,2.76,0.0
20140312:1310,708.43,870.53,33.71,12.68,2.9,0.0
20140312:1410,598.53,728.05,29.53,13.74,3.1,0.0
20140312:1510,468.68,566.95,23.22,13.74,2.9,0.0
20140312:1610,256.04,318.33,15.4,13.21,2.9,0.0
20140312:1710,68.65,109.25,6.64,12.15,2.07,0.0
20140312:1810,0.0,0.0,0.0,10.02,2.21,0.0
20140312:1910,0.0,0.0,0.0,8.96,2.28,0.0
20140312:2010,0.0,0.0,0.0,7.37,2.14,0.0
20140312:2110,0.0,0.0,0.0,5.78,1.93,0.0
20140312:2210,0.0,0.0,0.0,4.72,1.79,0.0
20140312:2310,0.0,0.0,0.0,4.19,1.66,0.0
20140313:0010,0.0,0.0,0.0,3.66,1.59,0.0
20140313:0110,0.0,0.0,0.0,3.13,1.66,0.0
20140313:0210,0.0,0.0,0.0,2.07,1.31,0.0
20140313:0310,0.0,0.0,0.0,2.6,1.17,0.0
20140313:0410,0.0,0.0,0.0,3.13,1.31,0.0
20140313:0510,0.0,0.0,0.0,3.13,1.45,0.0
20140313:0610,0.0,0.0,0.0,3.13,1.52,0.0
20140313:0710,22.21,39.65,6.98,2.6,1.45,0.0
20140313:0810,100.97,131.0,15.75,3.66,1.1,0.0
20140313:0910,410.63,484.56,23.58,5.25,0.9,0.0
20140313:1010,608.22,739.87,29.92,7.37,0.76,0.0
20140313:1110,707.15,882.1,34.1,9.49,0.97,0.0
20140313:1210,721.09,906.47,35.57,11.61,1.31,0.0
20140313:1310,700.31,874.78,34.08,12.68,1.72,0.0
20140313:1410,629.98,779.49,29.88,13.74,1.93,0.0
20140313:1510,494.11,602.39,23.53,13.74,2.14,0.0
20140313:1610,292.5,364.5,15.69,13.74,2.07,0.0
20140313:1710,70.73,111.84,6.91,12.68,1.66,0.0
20140313:1810,0.0,0.0,0.0,11.09,1.93,0.0
20140313:1910,0.0,0.0,0.0,9.49,2.0,0.0
20140313:2010,0.0,0.0,0.0,7.9,2.07,0.0
20140313:2110,0.0,0.0,0.0,6.31,2.07,0.0
20140313:2210,0.0,0.0,0.0,5.25,2.07,0.0
20140313:2310,0.0,0.0,0.0,4.19,1.93,0.0
20140314:0010,0.0,0.0,0.0,3.66,1.72,0.0
20140314:0110,0.0,0.0,0.0,3.66,1.52,0.0
20140314:0210,0.0,0.0,0.0,3.13,1.52,0.0
20140314:0310,0.0,0.0,0.0,3.66,1.24,0.0
20140314:0410,0.0,0.0,0.0,3.66,1.17,0.0
20140314:0510,0.0,0.0,0.0,3.66,1.03,0.0
20140314:0610,0.0,0.0,0.0,3.66,0.62,0.0
20140314:0710,74.63,111.81,7.34,3.13,0.41,0.0
20140314:0810,284.73,342.12,16.12,3.66,0.41,0.0
20140314:0910,506.6,598.11,23.96,4.72,1.1,0.0
20140314:1010,652.25,792.09,30.31,6.31,0.9,0.0
20140314:1110,733.96,909.2,34.5,8.96,1.38,0.0
20140314:1210,760.53,941.46,35.97,11.09,2.34,0.0
20140314:1310,645.21,790.85,34.46,13.21,2.76,0.0
20140314:1410,383.96,464.55,30.22,14.27,3.24,0.0
20140314:1510,496.25,599.87,23.84,14.8,3.86,0.0
20140314:1610,297.06,368.13,15.97,14.27,3.66,0.0
20140314:1710,68.4,107.92,7.19,13.21,3.31,0.0
20140314:1810,0.0,0.0,0.0,11.61,3.24,0.0
20140314:1910,0.0,0.0,0.0,10.02,3.45,0.0
20140314:2010,0.0,0.0,0.0,9.49,3.66,0.0
20140314:2110,0.0,0.0,0.0,9.49,4.0,0.0
20140314:2210,0.0,0.0,0.0,8.96,4.14,0.0
20140314:2310,0.0,0.0,0.0,7.9,4.07,0.0
20140315:0010,0.0,0.0,0.0,7.37,3.93,0.0
20140315:0110,0.0,0.0,0.0,6.84,4.0,0.0
20140315:0210,0.0,0.0,0.0,6.84,4.0,0.0
20140315:0310,0.0,0.0,0.0,6.84,3.93,0.0
20140315:0410,0.0,0.0,0.0,7.37,4.14,0.0
20140315:0510,0.0,0.0,0.0,7.37,4.0,0.0
20140315:0610,0.0,0.0,0.0,7.37,4.34,0.0
20140315:0710,30.86,51.88,7.7,7.9,4.14,0.0
20140315:0810,132.56,168.99,16.48,8.43,3.45,0.0
20140315:0910,149.54,187.98,24.34,9.49,3.93,0.0
20140315:1010,570.67,673.17,30.7,10.02,4.48,0.0
20140315:1110,395.98,469.86,34.91,11.09,4.48,0.0
20140315:1210,767.79,930.49,36.36,12.15,4.62,0.0
20140315:1310,714.57,866.39,34.83,13.74,4.83,0.0
20140315:1410,657.0,792.86,30.56,14.27,4.9,0.0
20140315:1510,502.95,604.19,24.15,14.8,4.97,0.0
20140315:1610,328.78,405.0,16.26,14.27,4.69,0.0
20140315:1710,87.14,135.11,7.46,13.74,4.28,0.0
20140315:1810,0.0,0.0,0.0,12.15,4.21,0.0
20140315:1910,0.0,0.0,0.0,11.61,4.34,0.0
20140315:2010,0.0,0.0,0.0,10.55,4.34,0.0
20140315:2110,0.0,0.0,0.0,9.49,4.28,0.0
20140315:2210,0.0,0.0,0.0,9.49,4.28,0.0
20140315:2310,0.0,0.0,0.0,8.43,4.21,0.0
20140316:0010,0.0,0.0,0.0,7.9,4.07,0.0
20140316:0110,0.0,0.0,0.0,7.9,4.0,0.0
20140316:0210,0.0,0.0,0.0,7.37,4.07,0.0
20140316:0310,0.0,0.0,0.0,7.37,4.14,0.0
20140316:0410,0.0,0.0,0.0,6.84,4.0,0.0
20140316:0510,0.0,0.0,0.0,6.84,3.66,0.0
20140316:0610,0.0,0.0,0.0,6.84,3.79,0.0
20140316:0710,101.21,148.79,8.06,7.37,3.86,0.0
20140316:0810,334.8,402.15,16.85,8.43,3.52,0.0
20140316:0910,531.43,624.85,24.72,9.49,4.34,0.0
20140316:1010,688.51,821.58,31.1,10.55,4.28,0.0
20140316:1110,753.52,917.95,35.31,12.15,3.86,0.0
20140316:1210,774.38,950.3,36.76,13.21,4.0,0.0
20140316:1310,748.82,916.1,35.2,14.27,4.48,0.0
20140316:1410,671.52,815.11,30.9,14.8,4.62,0.0
20140316:1510,532.71,642.71,24.46,14.8,4.34,0.0
20140316:1610,321.18,396.76,16.55,14.27,3.93,0.0
20140316:1710,91.55,141.46,7.73,13.74,3.17,0.0
20140316:1810,0.0,0.0,0.0,12.15,3.17,0.0
20140316:1910,0.0,0.0,0.0,11.61,2.83,0.0
20140316:2010,0.0,0.0,0.0,10.02,2.97,0.0
20140316:2110,0.0,0.0,0.0,9.49,2.97,0.0
20140316:2210,0.0,0.0,0.0,8.96,3.03,0.0
20140316:2310,0.0,0.0,0.0,8.96,3.1,0.0
20140317:0010,0.0,0.0,0.0,8.96,3.1,0.0
20140317:0110,0.0,0.0,0.0,8.43,3.1,0.0
20140317:0210,0.0,0.0,0.0,8.43,3.03,0.0
20140317:0310,0.0,0.0,0.0,8.43,2.9,0.0
20140317:0410,0.0,0.0,0.0,8.43,2.41,0.0
20140317:0510,0.0,0.0,0.0,8.43,2.34,0.0
20140317:0610,0.0,0.0,0.0,8.43,1.86,0.0
20140317:0710,90.23,132.88,8.41,7.9,1.93,0.0
20140317:0810,268.61,325.85,17.22,8.43,2.34,0.0
20140317:0910,333.9,396.67,25.11,9.49,3.1,0.0
20140317:1010,137.47,175.14,31.49,9.49,2.83,0.0
20140317:1110,278.91,335.74,35.71,10.02,3.1,0.0
20140317:1210,245.46,298.77,37.15,10.55,2.97,0.0
20140317:1310,320.56,384.19,35.57,10.55,3.17,0.0
20140317:1410,642.83,774.36,31.25,11.09,3.17,0.0
20140317:1510,163.42,205.29,24.77,11.09,3.1,0.0
20140317:1610,133.47,172.12,16.83,11.09,3.1,0.0
20140317:1710,30.69,52.29,8.0,11.09,3.03,0.0
20140317:1810,0.0,0.0,0.0,10.55,2.48,0.0
20140317:1910,0.0,0.0,0.0,10.55,2.62,0.0
20140317:2010,0.0,0.0,0.0,10.02,2.55,0.0
20140317:2110,0.0,0.0,0.0,9.49,2.76,0.0
20140317:2210,0.0,0.0,0.0,8.96,2.76,0.0
20140317:2310,0.0,0.0,0.0,8.43,2.97,0.0
20140318:0010,0.0,0.0,0.0,7.9,2.83,0.0
20140318:0110,0.0,0.0,0.0,7.37,2.76,0.0
20140318:0210,0.0,0.0,0.0,7.37,2.9,0.0
20140318:0310,0.0,0.0,0.0,6.84,3.03,0.0
20140318:0410,0.0,0.0,0.0,6.84,2.97,0.0
20140318:0510,0.0,0.0,0.0,6.84,3.17,0.0
20140318:0610,0.0,0.0,0.0,6.31,3.1,0.0
20140318:0710,47.94,73.75,8.77,6.84,3.1,0.0
20140318:0810,131.83,167.38,17.59,7.9,4.48,0.0
20140318:0910,72.33,100.13,25.49,8.96,5.17,0.0
20140318:1010,497.68,581.49,31.89,9.49,5.52,0.0
20140318:1110,518.84,608.35,36.11,10.55,6.28,0.0
20140318:1210,237.2,288.16,37.55,11.61,6.76,0.0
20140318:1310,82.88,113.11,35.95,11.09,6.97,0.0
20140318:1410,269.41,323.47,31.59,11.61,6.83,0.0
20140318:1510,133.53,171.32,25.08,12.15,7.24,0.0
20140318:1610,289.83,352.8,17.12,12.68,7.45,0.0
20140318:1710,33.91,56.74,8.27,12.15,6.28,0.0
20140318:1810,0.0,0.0,0.0,11.61,5.59,0.0
20140318:1910,0.0,0.0,0.0,10.55,5.24,0.0
20140318:2010,0.0,0.0,0.0,10.02,4.97,0.0
20140318:2110,0.0,0.0,0.0,9.49,4.9,0.0
20140318:2210,0.0,0.0,0.0,9.49,4.83,0.0
20140318:2310,0.0,0.0,0.0,8.96,4.21,0.0
20140319:0010,0.0,0.0,0.0,8.43,3.93,0.0
20140319:0110,0.0,0.0,0.0,7.37,3.86,0.0
20140319:0210,0.0,0.0,0.0,6.84,3.86,0.0
20140319:0310,0.0,0.0,0.0,6.84,3.72,0.0
20140319:0410,0.0,0.0,0.0,6.31,3.59,0.0
20140319:0510,0.0,0.0,0.0,6.31,3.45,0.0
20140319:0610,0.0,0.0,0.0,6.31,3.72,0.0
20140319:0710,30.09,49.97,9.13,6.84,3.86,0.0
20140319:0810,56.64,81.59,17.96,7.9,3.59,0.0
20140319:0910,99.5,131.56,25.87,9.49,4.55,0.0
20140319:1010,188.19,232.3,32.29,10.55,5.1,0.0
20140319:1110,225.61,275.86,36.52,11.61,5.17,0.0
20140319:1210,295.11,355.92,37.94,12.68,5.59,0.0
20140319:1310,140.13,180.69,36.32,13.74,5.59,0.0
20140319:1410,296.44,359.17,31.93,14.27,5.52,0.0
20140319:1510,156.03,198.96,25.39,14.27,5.1,0.0
20140319:1610,121.63,160.2,17.4,14.27,4.69,0.0
20140319:1710,72.57,111.28,8.54,13.21,4.21,0.0
20140319:1810,0.0,0.0,0.0,11.61,4.14,0.0
20140319:1910,0.0,0.0,0.0,9.49,4.55,0.0
20140319:2010,0.0,0.0,0.0,8.43,4.69,0.0
20140319:2110,0.0,0.0,0.0,7.37,4.76,0.0
20140319:2210,0.0,0.0,0.0,6.84,4.76,0.0
20140319:2310,0.0,0.0,0.0,6.31,4.69,0.0
20140320:0010,0.0,0.0,0.0,6.31,4.69,0.0
20140320:0110,0.0,0.0,0.0,6.31,4.83,0.0
20140320:0210,0.0,0.0,0.0,6.31,4.97,0.0
20140320:0310,0.0,0.0,0.0,6.31,5.1,0.0
20140320:0410,0.0,0.0,0.0,6.84,5.17,0.0
20140320:0510,0.0,0.0,0.0,6.84,5.17,0.0
20140320:0610,0.0,0.0,0.0,7.37,5.24,0.0
20140320:0710,57.96,86.45,9.49,7.9,5.24,0.0
20140320:0810,329.25,392.95,18.33,9.49,6.14,0.0
20140320:0910,424.26,495.36,26.25,10.02,6.76,0.0
20140320:1010,420.26,491.76,32.68,10.55,7.17,0.0
20140320:1110,324.0,385.13,36.92,11.61,7.52,0.0
20140320:1210,410.97,483.5,38.34,11.61,8.07,0.0
20140320:1310,679.71,798.23,36.69,11.61,8.21,0.0
20140320:1410,435.45,508.46,32.26,11.09,8.55,0.0
20140320:1510,85.59,115.89,25.7,10.55,8.48,0.0
20140320:1610,42.11,64.9,17.68,10.55,8.55,0.0
20140320:1710,38.95,62.64,8.8,10.02,7.93,0.0
20140320:1810,0.0,0.0,0.0,10.02,7.24,0.0
20140320:1910,0.0,0.0,0.0,9.49,6.9,0.0
20140320:2010,0.0,0.0,0.0,9.49,6.62,0.0
20140320:2110,0.0,0.0,0.0,9.49,5.93,0.0
20140320:2210,0.0,0.0,0.0,8.96,4.9,0.0
20140320:2310,0.0,0.0,0.0,8.43,4.41,0.0
20140321:0010,0.0,0.0,0.0,7.9,3.86,0.0
20140321:0110,0.0,0.0,0.0,7.37,3.31,0.0
20140321:0210,0.0,0.0,0.0,6.84,3.31,0.0
20140321:0310,0.0,0.0,0.0,6.84,3.03,0.0
20140321:0410,0.0,0.0,0.0,6.31,2.55,0.0
20140321:0510,0.0,0.0,0.0,6.31,2.28,0.0
20140321:0610,0.0,0.0,0.0,5.78,2.41,0.0
20140321:0710,33.91,54.42,9.85,5.78,3.03,0.0
20140321:0810,370.49,440.34,18.7,6.84,3.24,0.0
20140321:0910,548.04,640.17,26.64,7.9,4.28,0.0
20140321:1010,714.29,845.29,33.08,8.96,4.62,0.0
20140321:1110,571.62,671.8,37.32,9.49,5.1,0.0
20140321:1210,175.13,217.58,38.73,10.55,6.34,0.0
20140321:1310,497.16,581.93,37.06,10.55,6.83,0.0
20140321:1410,485.48,567.51,32.6,10.55,6.76,0.0
20140321:1510,499.34,582.73,26.01,10.55,7.1,0.0
20140321:1610,304.78,366.11,17.97,10.02,6.83,0.0
20140321:1710,99.16,146.34,9.07,9.49,6.21,0.0
20140321:1810,0.0,0.0,0.0,8.43,5.59,0.0
20140321:1910,0.0,0.0,0.0,7.37,5.31,0.0
20140321:2010,0.0,0.0,0.0,7.37,5.52,0.0
20140321:2110,0.0,0.0,0.0,6.84,5.86,0.0
20140321:2210,0.0,0.0,0.0,6.84,6.28,0.0
20140321:2310,0.0,0.0,0.0,6.84,6.69,0.0
20140322:0010,0.0,0.0,0.0,6.31,6.69,0.0
20140322:0110,0.0,0.0,0.0,6.31,6.83,0.0
20140322:0210,0.0,0.0,0.0,5.78,5.66,0.0
20140322:0310,0.0,0.0,0.0,5.78,4.55,0.0
20140322:0410,0.0,0.0,0.0,5.25,4.41,0.0
20140322:0510,0.0,0.0,0.0,5.25,4.69,0.0
20140322:0610,0.0,0.0,0.0,4.72,4.55,0.0
20140322:0710,137.6,190.15,10.22,4.19,3.79,0.0
20140322:0810,346.54,406.65,19.07,5.25,4.55,0.0
20140322:0910,502.5,578.25,27.02,6.31,5.59,0.0
20140322:1010,559.12,646.45,33.48,7.37,5.93,0.0
20140322:1110,144.19,180.79,37.72,7.9,6.0,0.0
20140322:1210,499.28,582.93,39.13,8.96,5.79,0.0
20140322:1310,604.51,707.7,37.43,9.49,6.07,0.0
20140322:1410,614.92,719.75,32.94,9.49,5.79,0.0
20140322:1510,321.57,379.53,26.31,9.49,5.52,0.0
20140322:1610,243.03,295.2,18.25,9.49,5.1,0.0
20140322:1710,52.14,79.74,9.34,8.96,4.69,0.0
20140322:1810,0.0,0.0,0.0,7.9,3.93,0.0
20140322:1910,0.0,0.0,0.0,6.84,3.93,0.0
20140322:2010,0.0,0.0,0.0,6.31,3.86,0.0
20140322:2110,0.0,0.0,0.0,5.78,3.72,0.0
20140322:2210,0.0,0.0,0.0,4.72,3.59,0.0
20140322:2310,0.0,0.0,0.0,4.19,3.38,0.0
20140323:0010,0.0,0.0,0.0,3.66,3.31,0.0
20140323:0110,0.0,0.0,0.0,3.13,3.24,0.0
20140323:0210,0.0,0.0,0.0,2.6,3.17,0.0
20140323:0310,0.0,0.0,0.0,2.07,3.17,0.0
20140323:0410,0.0,0.0,0.0,2.07,3.03,0.0
20140323:0510,0.0,0.0,0.0,1.54,2.9,0.0
20140323:0610,0.0,0.0,0.0,1.01,2.9,0.0
20140323:0710,84.77,117.37,10.58,2.07,3.1,0.0
20140323:0810,316.55,371.32,19.44,4.19,3.79,0.0
20140323:0910,209.71,250.66,27.4,5.78,5.45,0.0
20140323:1010,478.01,553.32,33.87,6.84,5.03,0.0
20140323:1110,449.61,525.42,38.13,8.43,5.03,0.0
20140323:1210,532.49,623.38,39.52,8.96,5.31,0.0
20140323:1310,412.08,483.4,37.8,9.49,5.66,0.0
20140323:1410,579.24,677.0,33.27,9.49,5.86,0.0
20140323:1510,151.13,188.96,26.61,8.96,6.0,0.0
20140323:1610,350.51,415.13,18.52,7.37,6.07,0.0
20140323:1710,95.99,139.53,9.6,7.9,5.45,0.0
20140323:1810,0.0,0.0,0.0,6.84,4.14,0.0
20140323:1910,0.0,0.0,0.0,6.31,3.24,0.0
20140323:2010,0.0,0.0,0.0,5.25,2.97,0.0
20140323:2110,0.0,0.0,0.0,4.19,2.69,0.0
20140323:2210,0.0,0.0,0.0,3.66,2.41,0.0
20140323:2310,0.0,0.0,0.0,2.6,2.21,0.0
20140324:0010,0.0,0.0,0.0,1.01,2.0,0.0
20140324:0110,0.0,0.0,0.0,0.48,1.79,0.0
20140324:0210,0.0,0.0,0.0,-0.04,1.52,0.0
20140324:0310,0.0,0.0,0.0,0.48,1.17,0.0
20140324:0410,0.0,0.0,0.0,1.01,0.62,0.0
20140324:0510,0.0,0.0,0.0,0.48,0.14,0.0
20140324:0610,0.0,0.0,0.0,0.48,0.62,0.0
20140324:0710,149.86,202.32,10.94,-0.04,0.76,0.0
20140324:0810,384.81,453.62,19.8,2.6,1.24,0.0
20140324:0910,576.27,676.32,27.79,4.72,2.07,0.0
20140324:1010,740.48,876.9,34.27,6.84,3.66,0.0
20140324:1110,718.47,849.99,38.53,8.43,4.76,0.0
20140324:1210,659.44,779.3,39.91,8.96,4.76,0.0
20140324:1310,532.5,625.72,38.17,9.49,4.97,0.0
20140324:1410,360.18,424.37,33.61,9.49,5.03,0.0
20140324:1510,363.44,426.82,26.92,8.96,4.9,0.0
20140324:1610,279.22,336.44,18.8,8.96,4.69,0.0
20140324:1710,73.9,108.53,9.86,8.43,4.21,0.0
20140324:1810,0.0,0.0,0.0,6.84,3.45,0.0
20140324:1910,0.0,0.0,0.0,5.78,3.17,0.0
20140324:2010,0.0,0.0,0.0,5.25,3.38,0.0
20140324:2110,0.0,0.0,0.0,4.72,3.59,0.0
20140324:2210,0.0,0.0,0.0,4.72,3.45,0.0
20140324:2310,0.0,0.0,0.0,5.25,3.24,0.0
20140325:0010,0.0,0.0,0.0,5.25,3.17,0.0
20140325:0110,0.0,0.0,0.0,5.25,3.31,0.0
20140325:0210,0.0,0.0,0.0,5.78,3.59,0.0
20140325:0310,0.0,0.0,0.0,5.78,3.66,0.0
20140325:0410,0.0,0.0,0.0,5.78,3.66,0.0
20140325:0510,0.0,0.0,0.0,5.78,3.59,0.0
20140325:0610,0.0,0.0,0.0,5.78,3.38,0.0
20140325:0710,12.8,26.89,11.3,5.78,2.83,0.0
20140325:0810,60.23,85.29,20.17,6.31,2.9,0.0
20140325:0910,97.72,127.94,28.17,6.31,4.14,0.0
20140325:1010,134.1,168.73,34.66,6.31,4.21,0.0
20140325:1110,180.7,221.15,38.93,6.84,4.14,0.0
20140325:1210,246.03,293.96,40.31,6.84,4.0,0.0
20140325:1310,116.09,149.26,38.54,7.37,4.07,0.0
20140325:1410,67.03,93.64,33.94,7.9,4.34,0.0
20140325:1510,157.26,195.91,27.22,8.43,4.14,0.0
20140325:1610,162.12,202.66,19.08,8.96,4.14,0.0
20140325:1710,93.9,136.51,10.13,8.96,3.45,0.0
20140325:1810,0.0,0.0,0.0,7.9,3.1,0.0
20140325:1910,0.0,0.0,0.0,6.31,2.9,0.0
20140325:2010,0.0,0.0,0.0,5.25,2.97,0.0
20140325:2110,0.0,0.0,0.0,4.19,2.9,0.0
20140325:2210,0.0,0.0,0.0,3.66,2.97,0.0
20140325:2310,0.0,0.0,0.0,3.13,2.9,0.0
20140326:0010,0.0,0.0,0.0,2.6,2.76,0.0
20140326:0110,0.0,0.0,0.0,2.07,2.69,0.0
20140326:0210,0.0,0.0,0.0,1.54,2.76,0.0
20140326:0310,0.0,0.0,0.0,1.01,2.9,0.0
20140326:0410,0.0,0.0,0.0,1.01,2.83,0.0
20140326:0510,0.0,0.0,0.0,0.48,2.76,0.0
20140326:0610,0.0,0.0,0.0,0.48,2.97,0.0
20140326:0710,100.13,135.21,11.66,2.07,2.69,0.0
20140326:0810,284.89,335.07,20.54,4.19,3.72,0.0
20140326:0910,202.49,243.36,28.55,5.78,4.48,0.0
20140326:1010,166.99,205.17,35.06,6.31,4.41,0.0
20140326:1110,389.02,455.04,39.33,7.37,4.41,0.0
20140326:1210,441.18,515.88,40.7,7.37,4.14,0.0
20140326:1310,298.68,354.67,38.9,7.9,3.66,0.0
20140326:1410,0.0,0.0,0.0,7.9,3.31,0.0
20140326:1510,41.91,63.97,27.52,7.37,3.72,0.0
20140326:1610,51.54,75.1,19.36,6.31,3.79,0.0
20140326:1710,78.65,113.11,10.39,5.78,2.83,0.0
20140326:1810,0.0,0.0,0.0,5.25,1.72,0.0
20140326:1910,0.0,0.0,0.0,3.13,1.66,0.0
20140326:2010,0.0,0.0,0.0,2.07,1.79,0.0
20140326:2110,0.0,0.0,0.0,1.54,1.66,0.0
20140326:2210,0.0,0.0,0.0,1.01,1.52,0.0
20140326:2310,0.0,0.0,0.0,1.01,1.45,0.0
20140327:0010,0.0,0.0,0.0,1.01,1.45,0.0
20140327:0110,0.0,0.0,0.0,1.01,1.66,0.0
20140327:0210,0.0,0.0,0.0,-0.04,1.93,0.0
20140327:0310,0.0,0.0,0.0,-0.04,1.86,0.0
20140327:0410,0.0,0.0,0.0,-0.04,1.93,0.0
20140327:0510,0.0,0.0,0.0,-0.57,2.0,0.0
20140327:0610,1.0,7.87,2.73,-0.04,2.0,0.0
20140327:0710,135.24,179.72,12.02,1.54,1.93,0.0
20140327:0810,394.3,462.46,20.91,4.19,2.76,0.0
20140327:0910,472.27,549.71,28.93,6.31,3.45,0.0
20140327:1010,215.25,261.0,35.45,7.9,3.31,0.0
20140327:1110,307.04,365.95,39.73,8.96,3.66,0.0
20140327:1210,395.68,468.78,41.09,9.49,3.79,0.0
20140327:1310,189.47,233.75,39.27,9.49,3.72,0.0
20140327:1410,248.68,300.12,34.6,9.49,3.66,0.0
20140327:1510,101.82,134.43,27.81,9.49,3.45,0.0
20140327:1610,186.39,231.34,19.63,9.49,3.03,0.0
20140327:1710,111.09,160.28,10.65,8.43,2.41,0.0
20140327:1810,0.0,0.0,0.0,7.37,1.93,0.0
20140327:1910,0.0,0.0,0.0,5.78,2.21,0.0
20140327:2010,0.0,0.0,0.0,4.72,2.21,0.0
20140327:2110,0.0,0.0,0.0,3.66,2.41,0.0
20140327:2210,0.0,0.0,0.0,3.13,2.41,0.0
20140327:2310,0.0,0.0,0.0,2.6,2.55,0.0
20140328:0010,0.0,0.0,0.0,2.6,2.62,0.0
20140328:0110,0.0,0.0,0.0,2.07,2.55,0.0
20140328:0210,0.0,0.0,0.0,2.07,2.55,0.0
20140328:0310,0.0,0.0,0.0,2.07,2.62,0.0
20140328:0410,0.0,0.0,0.0,3.13,2.69,0.0
20140328:0510,0.0,0.0,0.0,4.19,2.69,0.0
20140328:0610,2.6,11.13,3.09,4.72,2.62,0.0
20140328:0710,100.78,137.04,12.37,5.78,3.45,0.0
20140328:0810,165.81,204.79,21.28,7.37,4.48,0.0
20140328:0910,257.81,308.15,29.31,8.43,4.0,0.0
20140328:1010,528.33,624.87,35.84,9.49,3.72,0.0
20140328:1110,566.91,676.14,40.13,11.09,4.14,0.0
20140328:1210,465.11,554.6,41.48,11.61,4.21,0.0
20140328:1310,622.1,749.35,39.63,12.68,4.28,0.0
20140328:1410,467.13,557.35,34.93,12.68,4.55,0.0
20140328:1510,252.96,308.0,28.11,12.68,4.48,0.0
20140328:1610,259.08,318.22,19.9,12.15,3.93,0.0
20140328:1710,58.02,87.0,10.91,11.09,3.03,0.0
20140328:1810,0.0,0.0,0.0,9.49,2.62,0.0
20140328:1910,0.0,0.0,0.0,8.43,3.24,0.0
20140328:2010,0.0,0.0,0.0,7.37,3.45,0.0
20140328:2110,0.0,0.0,0.0,6.84,3.38,0.0
20140328:2210,0.0,0.0,0.0,6.31,3.24,0.0
20140328:2310,0.0,0.0,0.0,6.31,3.1,0.0
20140329:0010,0.0,0.0,0.0,6.31,3.17,0.0
20140329:0110,0.0,0.0,0.0,6.31,3.24,0.0
20140329:0210,0.0,0.0,0.0,6.31,3.17,0.0
20140329:0310,0.0,0.0,0.0,6.31,3.17,0.0
20140329:0410,0.0,0.0,0.0,6.31,3.17,0.0
20140329:0510,0.0,0.0,0.0,5.78,3.1,0.0
20140329:0610,4.69,16.28,3.44,5.78,3.03,0.0
20140329:0710,123.69,167.15,12.73,7.37,3.03,0.0
20140329:0810,358.03,429.23,21.64,9.49,3.17,0.0
20140329:0910,558.58,668.79,29.69,12.15,3.79,0.0
20140329:1010,690.87,840.54,36.24,14.27,4.41,0.0
20140329:1110,804.38,991.65,40.53,15.33,4.97,0.0
20140329:1210,852.17,1057.87,41.87,15.86,5.1,0.0
20140329:1310,807.23,998.44,39.99,16.39,5.17,0.0
20140329:1410,705.42,865.15,35.26,16.92,5.1,0.0
20140329:1510,546.3,663.54,28.41,16.92,5.1,0.0
20140329:1610,331.93,411.64,20.17,16.39,4.69,0.0
20140329:1710,108.47,159.82,11.17,15.33,4.41,0.0
20140329:1810,0.0,0.0,0.0,14.27,4.14,0.0
20140329:1910,0.0,0.0,0.0,11.61,3.31,0.0
20140329:2010,0.0,0.0,0.0,10.55,3.17,0.0
20140329:2110,0.0,0.0,0.0,10.02,3.03,0.0
20140329:2210,0.0,0.0,0.0,10.02,2.83,0.0
20140329:2310,0.0,0.0,0.0,9.49,2.69,0.0
20140330:0010,0.0,0.0,0.0,8.96,2.48,0.0
20140330:0110,0.0,0.0,0.0,8.43,2.48,0.0
20140330:0210,0.0,0.0,0.0,7.9,2.48,0.0
20140330:0310,0.0,0.0,0.0,7.37,2.48,0.0
20140330:0410,0.0,0.0,0.0,6.84,2.41,0.0
20140330:0510,0.0,0.0,0.0,6.31,2.34,0.0
20140330:0610,6.4,19.44,3.8,5.78,2.28,0.0
20140330:0710,130.82,176.45,13.09,7.37,1.52,0.0
20140330:0810,266.09,325.55,22.01,10.55,1.59,0.0
20140330:0910,419.39,509.9,30.06,13.21,1.93,0.0
20140330:1010,407.88,500.29,36.63,15.33,2.28,0.0
20140330:1110,750.18,951.72,40.93,16.92,2.76,0.0
20140330:1210,441.82,548.34,42.26,18.51,3.1,0.0
20140330:1310,339.23,421.43,40.35,18.51,3.38,0.0
20140330:1410,195.7,250.62,35.59,18.51,3.17,0.0
20140330:1510,68.1,99.2,28.7,18.51,2.97,0.0
20140330:1610,53.81,81.59,20.44,17.98,2.48,0.0
20140330:1710,37.3,61.13,11.43,16.92,2.07,0.0
20140330:1810,0.0,0.0,0.0,14.8,2.34,0.0
20140330:1910,0.0,0.0,0.0,13.21,2.34,0.0
20140330:2010,0.0,0.0,0.0,12.15,2.34,0.0
20140330:2110,0.0,0.0,0.0,11.09,2.34,0.0
20140330:2210,0.0,0.0,0.0,11.09,2.21,0.0
20140330:2310,0.0,0.0,0.0,11.61,2.34,0.0
20140331:0010,0.0,0.0,0.0,11.61,2.34,0.0
20140331:0110,0.0,0.0,0.0,11.09,2.28,0.0
20140331:0210,0.0,0.0,0.0,11.09,2.28,0.0
20140331:0310,0.0,0.0,0.0,10.55,2.14,0.0
20140331:0410,0.0,0.0,0.0,9.49,2.14,0.0
20140331:0510,0.0,0.0,0.0,8.43,2.07,0.0
20140331:0610,2.54,11.13,4.15,7.9,2.21,0.0
20140331:0710,27.19,46.36,13.44,9.49,1.66,0.0
20140331:0810,81.67,112.77,22.37,12.15,1.72,0.0
20140331:0910,209.84,262.05,30.44,13.74,2.28,0.0
20140331:1010,288.76,355.18,37.02,14.8,2.9,0.0
20140331:1110,193.16,244.66,41.32,15.86,3.86,0.0
20140331:1210,247.15,308.38,42.64,16.39,3.79,0.0
20140331:1310,143.42,187.28,40.71,16.39,3.52,0.0
20140331:1410,132.33,174.3,35.91,16.39,3.38,0.0
20140331:1510,46.62,72.31,28.99,16.92,3.24,0.0
20140331:1610,112.8,151.44,20.71,16.39,3.24,0.0
20140331:1710,48.47,75.35,11.68,15.86,2.83,0.0
20140331:1810,0.0,0.0,0.0,14.8,2.48,0.0
20140331:1910,0.0,0.0,0.0,13.21,2.21,0.0
20140331:2010,0.0,0.0,0.0,11.61,2.14,0.0
20140331:2110,0.0,0.0,0.0,10.02,2.0,0.0
20140331:2210,0.0,0.0,0.0,9.49,1.86,0.0
20140331:2310,0.0,0.0,0.0,8.96,1.66,0.0
20140401:0010,0.0,0.0,0.0,8.43,1.38,0.0
20140401:0110,0.0,0.0,0.0,8.96,0.97,0.0
20140401:0210,0.0,0.0,0.0,9.49,0.48,0.0
20140401:0310,0.0,0.0,0.0,8.96,0.48,0.0
20140401:0410,0.0,0.0,0.0,8.43,0.69,0.0
20140401:0510,0.0,0.0,0.0,7.9,0.97,0.0
20140401:0610,9.16,30.21,4.5,6.84,0.69,0.0
20140401:0710,147.46,199.33,13.8,8.96,0.48,0.0
20140401:0810,306.99,376.5,22.73,10.02,0.34,0.0
20140401:0910,538.48,671.31,30.81,12.15,0.28,0.0
20140401:1010,656.21,848.26,37.4,13.74,0.07,0.0
20140401:1110,709.78,918.34,41.72,15.33,0.9,0.0
20140401:1210,730.56,939.58,43.03,16.39,1.66,0.0
20140401:1310,693.9,883.34,41.07,16.92,2.0,0.0
20140401:1410,529.04,661.87,36.23,17.45,1.86,0.0
20140401:1510,412.56,515.0,29.28,17.98,1.59,0.0
20140401:1610,244.48,310.81,20.98,17.45,1.86,0.0
20140401:1710,121.99,181.91,11.94,16.92,1.52,0.0
20140401:1810,1.64,9.62,2.62,15.86,1.86,0.0
20140401:1910,0.0,0.0,0.0,13.74,2.48,0.0
20140401:2010,0.0,0.0,0.0,12.15,2.62,0.0
20140401:2110,0.0,0.0,0.0,11.61,2.69,0.0
20140401:2210,0.0,0.0,0.0,11.09,2.76,0.0
20140401:2310,0.0,0.0,0.0,10.02,2.62,0.0
20140402:0010,0.0,0.0,0.0,9.49,2.69,0.0
20140402:0110,0.0,0.0,0.0,9.49,2.76,0.0
20140402:0210,0.0,0.0,0.0,9.49,2.76,0.0
20140402:0310,0.0,0.0,0.0,9.49,2.76,0.0
20140402:0410,0.0,0.0,0.0,9.49,2.97,0.0
20140402:0510,0.0,0.0,0.0,9.49,2.97,0.0
20140402:0610,4.06,13.91,4.85,9.49,2.97,0.0
20140402:0710,61.03,88.36,14.15,10.55,3.1,0.0
20140402:0810,299.55,363.63,23.09,12.15,3.79,0.0
20140402:0910,459.22,551.49,31.19,13.74,4.14,0.0
20140402:1010,453.08,548.54,37.79,15.33,4.34,0.0
20140402:1110,355.59,435.04,42.11,16.39,4.41,0.0
20140402:1210,473.63,580.35,43.41,16.92,4.0,0.0
20140402:1310,317.28,390.84,41.43,16.39,3.66,0.0
20140402:1410,300.65,370.15,36.55,16.39,3.93,0.0
20140402:1510,113.05,151.74,29.57,16.92,4.28,0.0
20140402:1610,96.2,131.69,21.25,16.39,4.0,0.0
20140402:1710,10.23,24.1,12.19,15.86,3.52,0.0
20140402:1810,2.53,11.37,2.88,14.8,3.17,0.0
20140402:1910,0.0,0.0,0.0,13.21,3.45,0.0
20140402:2010,0.0,0.0,0.0,12.15,3.24,0.0
20140402:2110,0.0,0.0,0.0,11.61,3.17,0.0
20140402:2210,0.0,0.0,0.0,11.61,2.76,0.0
20140402:2310,0.0,0.0,0.0,10.55,2.69,0.0
20140403:0010,0.0,0.0,0.0,10.55,2.28,0.0
20140403:0110,0.0,0.0,0.0,9.49,2.07,0.0
20140403:0210,0.0,0.0,0.0,9.49,2.07,0.0
20140403:0310,0.0,0.0,0.0,8.96,2.21,0.0
20140403:0410,0.0,0.0,0.0,8.43,2.34,0.0
20140403:0510,0.0,0.0,0.0,8.43,2.55,0.0
20140403:0610,5.19,15.76,5.2,8.43,2.76,0.0
20140403:0710,67.09,95.58,14.5,10.02,2.55,0.0
20140403:0810,124.41,161.93,23.45,12.15,3.38,0.0
20140403:0910,124.01,162.86,31.56,14.27,3.86,0.0
20140403:1010,236.03,294.32,38.18,15.86,3.72,0.0
20140403:1110,302.86,374.44,42.5,16.92,3.93,0.0
20140403:1210,658.34,819.46,43.79,17.98,4.07,0.0
20140403:1310,296.37,368.03,41.78,17.98,4.28,0.0
20140403:1410,274.74,340.81,36.87,17.45,4.55,0.0
20140403:1510,47.3,73.24,29.86,17.45,4.83,0.0
20140403:1610,39.97,63.97,21.51,16.92,4.76,0.0
20140403:1710,20.13,38.01,12.44,15.33,4.55,0.0
20140403:1810,1.26,8.74,3.13,13.74,4.0,0.0
20140403:1910,0.0,0.0,0.0,12.68,3.24,0.0
20140403:2010,0.0,0.0,0.0,11.61,2.55,0.0
20140403:2110,0.0,0.0,0.0,11.61,2.0,0.0
20140403:2210,0.0,0.0,0.0,11.09,1.72,0.0
20140403:2310,0.0,0.0,0.0,11.09,1.79,0.0
20140404:0010,0.0,0.0,0.0,11.09,1.86,0.0
20140404:0110,0.0,0.0,0.0,11.61,2.0,0.0
20140404:0210,0.0,0.0,0.0,11.61,2.55,0.0
20140404:0310,0.0,0.0,0.0,11.61,3.03,0.0
20140404:0410,0.0,0.0,0.0,11.61,3.24,0.0
20140404:0510,0.0,0.0,0.0,11.09,3.31,0.0
20140404:0610,3.49,12.98,5.55,11.09,3.1,0.0
20140404:0710,38.85,61.19,14.85,11.09,3.03,0.0
20140404:0810,93.92,126.24,23.81,11.09,3.24,0.0
20140404:0910,178.96,223.75,31.93,11.61,3.45,0.0
20140404:1010,242.36,296.85,38.56,12.15,3.66,0.0
20140404:1110,417.93,504.73,42.89,13.74,3.86,0.0
20140404:1210,279.28,343.69,44.17,14.8,3.79,0.0
20140404:1310,162.23,208.32,42.13,15.33,3.52,0.0
20140404:1410,94.01,128.87,37.19,15.86,3.45,0.0
20140404:1510,103.21,139.99,30.14,16.39,3.59,0.0
20140404:1610,51.42,77.88,21.78,15.86,3.66,0.0
20140404:1710,10.26,24.1,12.7,15.33,3.66,0.0
20140404:1810,0.0,4.37,3.38,13.74,3.03,0.0
20140404:1910,0.0,0.0,0.0,12.15,2.55,0.0
20140404:2010,0.0,0.0,0.0,11.09,2.55,0.0
20140404:2110,0.0,0.0,0.0,10.02,2.62,0.0
20140404:2210,0.0,0.0,0.0,10.02,2.62,0.0
20140404:2310,0.0,0.0,0.0,9.49,2.48,0.0
20140405:0010,0.0,0.0,0.0,9.49,2.28,0.0
20140405:0110,0.0,0.0,0.0,8.43,2.21,0.0
20140405:0210,0.0,0.0,0.0,7.9,2.14,0.0
20140405:0310,0.0,0.0,0.0,6.84,2.28,0.0
20140405:0410,0.0,0.0,0.0,6.31,2.21,0.0
20140405:0510,0.0,0.0,0.0,5.78,2.21,0.0
20140405:0610,19.7,44.84,5.89,6.31,2.34,0.0
20140405:0710,181.29,238.37,15.19,8.43,4.07,0.0
20140405:0810,235.26,284.88,24.16,9.49,4.55,0.0
20140405:0910,446.37,527.34,32.3,11.09,5.03,0.0
20140405:1010,682.19,815.88,38.94,12.15,5.24,0.0
20140405:1110,554.31,660.96,43.28,12.15,5.03,0.0
20140405:1210,274.19,333.05,44.55,12.68,5.38,0.0
20140405:1310,141.28,181.71,42.48,13.21,5.38,0.0
20140405:1410,132.92,172.44,37.51,13.74,5.66,0.0
20140405:1510,216.61,267.01,30.43,13.21,5.52,0.0
20140405:1610,100.96,135.13,22.04,12.68,4.28,0.0
20140405:1710,75.23,108.31,12.95,12.15,3.79,0.0
20140405:1810,0.0,4.37,3.63,11.61,3.79,0.0
20140405:1910,0.0,0.0,0.0,12.15,4.0,0.0
20140405:2010,0.0,0.0,0.0,12.15,4.14,0.0
20140405:2110,0.0,0.0,0.0,12.15,4.14,0.0
20140405:2210,0.0,0.0,0.0,12.15,4.21,0.0
20140405:2310,0.0,0.0,0.0,12.15,4.0,0.0
20140406:0010,0.0,0.0,0.0,11.61,3.93,0.0
20140406:0110,0.0,0.0,0.0,11.61,4.21,0.0
20140406:0210,0.0,0.0,0.0,11.09,4.34,0.0
20140406:0310,0.0,0.0,0.0,11.09,4.34,0.0
20140406:0410,0.0,0.0,0.0,11.09,4.55,0.0
20140406:0510,0.0,0.0,0.0,11.09,4.76,0.0
20140406:0610,8.64,21.32,6.23,11.09,4.76,0.0
20140406:0710,16.4,32.45,15.54,11.61,4.48,0.0
20140406:0810,46.39,70.46,24.51,11.61,4.55,0.0
20140406:0910,126.05,162.82,32.66,11.61,6.76,0.0
20140406:1010,115.96,152.05,39.32,12.68,6.69,0.0
20140406:1110,70.33,99.2,43.67,12.68,6.76,0.0
20140406:1210,86.02,117.74,44.93,13.21,7.24,0.0
20140406:1310,99.95,134.43,42.83,14.27,7.72,0.0
20140406:1410,115.03,152.05,37.82,14.27,6.28,0.0
20140406:1510,50.27,76.02,30.71,14.8,6.62,0.0
20140406:1610,161.16,205.02,22.3,13.74,6.0,0.0
20140406:1710,111.31,158.21,13.2,13.21,5.24,0.0
20140406:1810,6.1,17.5,3.88,12.68,5.52,0.0
20140406:1910,0.0,0.0,0.0,12.68,5.52,0.0
20140406:2010,0.0,0.0,0.0,12.68,5.45,0.0
20140406:2110,0.0,0.0,0.0,12.68,5.31,0.0
20140406:2210,0.0,0.0,0.0,12.15,5.1,0.0
20140406:2310,0.0,0.0,0.0,12.15,5.03,0.0
20140407:0010,0.0,0.0,0.0,12.15,5.03,0.0
20140407:0110,0.0,0.0,0.0,12.15,5.03,0.0
20140407:0210,0.0,0.0,0.0,12.15,4.97,0.0
20140407:0310,0.0,0.0,0.0,12.15,4.83,0.0
20140407:0410,0.0,0.0,0.0,12.15,4.76,0.0
20140407:0510,0.0,0.0,0.0,12.15,4.9,0.0
20140407:0610,9.2,22.25,6.58,12.15,5.17,0.0
20140407:0710,26.88,46.36,15.88,12.15,5.59,0.0
20140407:0810,16.31,32.45,24.86,12.68,5.72,0.0
20140407:0910,70.91,100.13,33.02,13.21,6.34,0.0
20140407:1010,119.25,156.68,39.7,13.74,5.59,0.0
20140407:1110,133.4,173.37,44.05,14.27,5.72,0.0
20140407:1210,147.31,189.13,45.3,14.27,7.1,0.0
20140407:1310,109.36,145.56,43.18,14.27,5.72,0.0
20140407:1410,66.0,94.56,38.13,13.74,5.79,0.0
20140407:1510,22.4,40.79,30.99,13.74,5.79,0.0
20140407:1610,82.74,114.49,22.56,14.27,6.21,0.0
20140407:1710,25.95,45.43,13.45,13.74,6.34,0.0
20140407:1810,0.0,2.78,4.13,12.68,5.66,0.0
20140407:1910,0.0,0.0,0.0,11.61,5.1,0.0
20140407:2010,0.0,0.0,0.0,10.55,5.52,0.0
20140407:2110,0.0,0.0,0.0,10.02,5.24,0.0
20140407:2210,0.0,0.0,0.0,8.96,4.97,0.0
20140407:2310,0.0,0.0,0.0,7.9,4.9,0.0
20140408:0010,0.0,0.0,0.0,7.37,4.97,0.0
20140408:0110,0.0,0.0,0.0,6.84,5.03,0.0
20140408:0210,0.0,0.0,0.0,6.31,5.31,0.0
20140408:0310,0.0,0.0,0.0,6.31,5.38,0.0
20140408:0410,0.0,0.0,0.0,5.78,5.24,0.0
20140408:0510,0.0,0.0,0.0,5.78,4.97,0.0
20140408:0610,25.3,56.58,6.91,5.25,4.76,0.0
20140408:0710,165.86,213.31,16.22,6.31,4.41,0.0
20140408:0810,350.04,410.26,25.21,7.9,6.9,0.0
20140408:0910,554.5,643.17,33.38,8.96,6.9,0.0
20140408:1010,524.8,613.16,40.07,9.49,6.21,0.0
20140408:1110,705.08,831.97,44.43,10.55,6.83,0.0
20140408:1210,632.77,748.86,45.68,11.09,6.21,0.0
20140408:1310,545.18,642.58,43.52,11.61,6.9,0.0
20140408:1410,365.28,434.2,38.44,12.15,6.62,0.0
20140408:1510,179.01,223.21,31.27,12.15,6.14,0.0
20140408:1610,219.96,271.2,22.81,12.15,5.66,0.0
20140408:1710,102.27,143.52,13.69,11.61,4.62,0.0
20140408:1810,7.28,19.49,4.37,11.09,3.72,0.0
20140408:1910,0.0,0.0,0.0,9.49,3.03,0.0
20140408:2010,0.0,0.0,0.0,8.43,2.69,0.0
20140408:2110,0.0,0.0,0.0,7.37,2.62,0.0
20140408:2210,0.0,0.0,0.0,6.31,2.69,0.0
20140408:2310,0.0,0.0,0.0,5.78,2.69,0.0
20140409:0010,0.0,0.0,0.0,5.25,2.69,0.0
20140409:0110,0.0,0.0,0.0,4.72,2.55,0.0
20140409:0210,0.0,0.0,0.0,4.19,2.41,0.0
20140409:0310,0.0,0.0,0.0,3.66,2.34,0.0
20140409:0410,0.0,0.0,0.0,3.66,2.21,0.0
20140409:0510,0.0,0.0,0.0,3.13,2.21,0.0
20140409:0610,26.73,48.64,7.25,3.66,2.21,0.0
20140409:0710,200.38,258.52,16.56,6.31,2.76,0.0
20140409:0810,423.24,502.96,25.56,7.9,2.69,0.0
20140409:0910,604.82,723.92,33.74,9.49,2.69,0.0
20140409:1010,734.39,894.29,40.45,10.55,2.97,0.0
20140409:1110,805.99,998.4,44.81,12.68,3.38,0.0
20140409:1210,837.48,1041.4,46.05,13.21,3.66,0.0
20140409:1310,777.4,962.87,43.87,13.74,3.52,0.0
20140409:1410,538.36,655.22,38.75,14.27,3.17,0.0
20140409:1510,532.61,647.48,31.55,14.27,3.1,0.0
20140409:1610,309.65,381.74,23.07,13.74,3.1,0.0
20140409:1710,132.14,188.56,13.94,13.21,3.03,0.0
20140409:1810,7.89,20.69,4.62,12.68,2.76,0.0
20140409:1910,0.0,0.0,0.0,11.61,2.48,0.0
20140409:2010,0.0,0.0,0.0,10.02,2.48,0.0
20140409:2110,0.0,0.0,0.0,9.49,2.41,0.0
20140409:2210,0.0,0.0,0.0,9.49,2.21,0.0
20140409:2310,0.0,0.0,0.0,8.96,2.0,0.0
20140410:0010,0.0,0.0,0.0,8.43,2.0,0.0
20140410:0110,0.0,0.0,0.0,7.9,1.93,0.0
20140410:0210,0.0,0.0,0.0,6.84,1.93,0.0
20140410:0310,0.0,0.0,0.0,6.31,1.86,0.0
20140410:0410,0.0,0.0,0.0,5.78,1.79,0.0
20140410:0510,0.0,0.0,0.0,5.78,1.72,0.0
20140410:0610,27.81,49.92,7.58,5.78,1.79,0.0
20140410:0710,149.07,193.87,16.89,7.9,1.72,0.0
20140410:0810,385.09,464.61,25.9,9.49,1.59,0.0
20140410:0910,571.13,696.7,34.1,10.02,1.17,0.0
20140410:1010,618.85,762.93,40.82,11.09,1.38,0.0
20140410:1110,739.6,929.57,45.19,12.15,1.72,0.0
20140410:1210,759.79,955.4,46.42,12.68,2.07,0.0
20140410:1310,648.17,804.01,44.21,13.21,2.07,0.0
20140410:1410,520.49,638.76,39.05,13.74,1.93,0.0
20140410:1510,410.91,501.95,31.82,13.74,1.79,0.0
20140410:1610,217.08,272.58,23.33,13.74,1.93,0.0
20140410:1710,42.14,65.99,14.18,13.21,2.07,0.0
20140410:1810,3.45,12.98,4.86,12.68,1.86,0.0
20140410:1910,0.0,0.0,0.0,12.15,2.14,0.0
20140410:2010,0.0,0.0,0.0,11.09,2.14,0.0
20140410:2110,0.0,0.0,0.0,10.55,2.07,0.0
20140410:2210,0.0,0.0,0.0,10.02,1.86,0.0
20140410:2310,0.0,0.0,0.0,9.49,1.79,0.0
20140411:0010,0.0,0.0,0.0,9.49,1.72,0.0
20140411:0110,0.0,0.0,0.0,9.49,1.79,0.0
20140411:0210,0.0,0.0,0.0,8.96,1.93,0.0
20140411:0310,0.0,0.0,0.0,8.43,2.14,0.0
20140411:0410,0.0,0.0,0.0,8.43,2.14,0.0
20140411:0510,0.0,0.0,0.0,8.43,2.07,0.0
20140411:0610,24.2,43.35,7.91,8.43,2.0,0.0
20140411:0710,57.82,83.69,17.23,9.49,2.21,0.0
20140411:0810,171.01,214.2,26.24,10.55,2.69,0.0
20140411:0910,261.08,318.43,34.45,11.61,2.62,0.0
20140411:1010,247.8,305.63,41.18,13.21,2.83,0.0
20140411:1110,605.52,744.34,45.57,13.74,2.69,0.0
20140411:1210,759.14,952.47,46.78,13.74,2.55,0.0
20140411:1310,376.68,460.13,44.55,13.74,2.28,0.0
20140411:1410,240.41,299.56,39.36,14.27,1.86,0.0
20140411:1510,274.51,338.44,32.09,14.27,2.21,0.0
20140411:1610,183.21,233.04,23.58,14.27,2.0,0.0
20140411:1710,92.42,131.09,14.43,13.74,1.45,0.0
20140411:1810,7.18,19.28,5.11,13.21,1.38,0.0
20140411:1910,0.0,0.0,0.0,11.61,1.45,0.0
20140411:2010,0.0,0.0,0.0,10.02,1.52,0.0
20140411:2110,0.0,0.0,0.0,9.49,1.17,0.0
20140411:2210,0.0,0.0,0.0,9.49,0.48,0.0
20140411:2310,0.0,0.0,0.0,8.96,0.34,0.0
20140412:0010,0.0,0.0,0.0,7.37,1.1,0.0
20140412:0110,0.0,0.0,0.0,5.78,1.79,0.0
20140412:0210,0.0,0.0,0.0,5.78,2.0,0.0
20140412:0310,0.0,0.0,0.0,5.25,2.07,0.0
20140412:0410,0.0,0.0,0.0,5.78,2.14,0.0
20140412:0510,0.0,0.0,0.0,5.25,2.14,0.0
20140412:0610,34.3,60.05,8.24,5.78,2.07,0.0
20140412:0710,175.12,225.69,17.56,7.9,2.14,0.0
20140412:0810,209.76,257.13,26.58,9.49,2.83,0.0
20140412:0910,443.27,526.89,34.8,10.55,3.52,0.0
20140412:1010,343.95,412.99,41.55,11.61,3.86,0.0
20140412:1110,476.96,571.79,45.94,12.68,4.41,0.0
20140412:1210,360.0,433.75,47.14,13.21,4.97,0.0
20140412:1310,381.05,457.42,44.88,13.21,5.31,0.0
20140412:1410,116.31,152.97,39.66,13.21,5.45,0.0
20140412:1510,214.65,265.03,32.36,13.21,5.45,0.0
20140412:1610,121.29,158.13,23.83,12.15,4.9,0.0
20140412:1710,139.22,196.5,14.67,12.15,4.69,0.0
20140412:1810,11.34,25.94,5.35,11.61,3.86,0.0
20140412:1910,0.0,0.0,0.0,10.55,3.52,0.0
20140412:2010,0.0,0.0,0.0,10.55,3.38,0.0
20140412:2110,0.0,0.0,0.0,10.02,3.45,0.0
20140412:2210,0.0,0.0,0.0,10.02,3.52,0.0
20140412:2310,0.0,0.0,0.0,9.49,3.24,0.0
20140413:0010,0.0,0.0,0.0,9.49,3.1,0.0
20140413:0110,0.0,0.0,0.0,9.49,2.76,0.0
20140413:0210,0.0,0.0,0.0,9.49,2.55,0.0
20140413:0310,0.0,0.0,0.0,9.49,2.41,0.0
20140413:0410,0.0,0.0,0.0,9.49,2.28,0.0
20140413:0510,0.0,0.0,0.0,8.96,2.21,0.0
20140413:0610,37.36,66.46,8.57,8.43,2.21,0.0
20140413:0710,214.57,278.23,17.88,8.96,2.28,0.0
20140413:0810,431.61,514.96,26.91,9.49,3.1,0.0
20140413:0910,614.61,732.89,35.15,10.02,3.45,0.0
20140413:1010,736.36,893.9,41.91,11.09,3.52,0.0
20140413:1110,815.71,1008.14,46.31,12.15,3.45,0.0
20140413:1210,849.71,1062.34,47.51,13.21,3.38,0.0
20140413:1310,788.01,976.84,45.21,14.27,3.79,0.0
20140413:1410,687.45,840.4,39.96,14.27,3.86,0.0
20140413:1510,548.84,663.48,32.63,14.27,3.93,0.0
20140413:1610,353.62,434.44,24.08,14.27,4.0,0.0
20140413:1710,147.9,212.5,14.91,13.74,3.45,0.0
20140413:1810,10.37,25.05,5.59,13.21,3.03,0.0
20140413:1910,0.0,0.0,0.0,11.61,3.38,0.0
20140413:2010,0.0,0.0,0.0,10.55,3.93,0.0
20140413:2110,0.0,0.0,0.0,10.02,4.28,0.0
20140413:2210,0.0,0.0,0.0,9.49,4.07,0.0
20140413:2310,0.0,0.0,0.0,8.96,3.66,0.0
20140414:0010,0.0,0.0,0.0,8.43,3.66,0.0
20140414:0110,0.0,0.0,0.0,7.37,3.52,0.0
20140414:0210,0.0,0.0,0.0,7.37,3.59,0.0
20140414:0310,0.0,0.0,0.0,6.84,3.79,0.0
20140414:0410,0.0,0.0,0.0,6.84,4.34,0.0
20140414:0510,0.0,0.0,0.0,6.84,4.0,0.0
20140414:0610,38.0,77.29,8.89,6.84,3.93,0.0
20140414:0710,224.12,287.55,18.21,7.9,3.52,0.0
20140414:0810,436.34,514.7,27.24,9.49,5.31,0.0
20140414:0910,608.14,715.41,35.49,10.02,5.31,0.0
20140414:1010,680.04,814.31,42.27,11.61,4.83,0.0
20140414:1110,699.96,847.1,46.68,12.15,4.34,0.0
20140414:1210,783.22,963.06,47.86,13.21,4.14,0.0
20140414:1310,610.66,739.66,45.55,13.21,4.0,0.0
20140414:1410,477.97,574.57,40.25,13.21,4.0,0.0
20140414:1510,361.43,436.47,32.9,13.74,4.0,0.0
20140414:1610,252.74,311.92,24.33,13.21,3.86,0.0
20140414:1710,117.1,163.53,15.15,13.21,3.66,0.0
20140414:1810,14.01,30.37,5.84,12.15,2.62,0.0
20140414:1910,0.0,0.0,0.0,11.09,2.28,0.0
20140414:2010,0.0,0.0,0.0,9.49,2.62,0.0
20140414:2110,0.0,0.0,0.0,8.43,3.1,0.0
20140414:2210,0.0,0.0,0.0,7.37,2.83,0.0
20140414:2310,0.0,0.0,0.0,6.31,2.21,0.0
20140415:0010,0.0,0.0,0.0,4.72,1.66,0.0
20140415:0110,0.0,0.0,0.0,4.19,1.52,0.0
20140415:0210,0.0,0.0,0.0,3.66,1.45,0.0
20140415:0310,0.0,0.0,0.0,2.6,1.72,0.0
20140415:0410,0.0,0.0,0.0,2.07,1.93,0.0
20140415:0510,0.0,0.0,0.0,1.54,2.07,0.0
20140415:0610,40.84,80.75,9.21,2.07,2.0,0.0
20140415:0710,229.19,291.84,18.53,5.78,2.21,0.0
20140415:0810,430.42,508.05,27.57,7.37,3.17,0.0
20140415:0910,619.09,734.22,35.83,8.43,3.24,0.0
20140415:1010,753.09,910.42,42.62,9.49,3.31,0.0
20140415:1110,814.88,998.79,47.04,10.02,3.24,0.0
20140415:1210,857.57,1058.17,48.22,10.55,3.38,0.0
20140415:1310,798.46,979.63,45.87,11.09,3.38,0.0
20140415:1410,697.24,843.66,40.55,11.09,3.38,0.0
20140415:1510,564.17,675.19,33.17,11.09,3.31,0.0
20140415:1610,362.4,438.64,24.57,10.55,3.38,0.0
20140415:1710,154.26,217.97,15.39,10.02,3.1,0.0
20140415:1810,12.78,29.0,6.07,9.49,2.83,0.0
20140415:1910,0.0,0.0,0.0,8.43,2.69,0.0
20140415:2010,0.0,0.0,0.0,6.84,2.76,0.0
20140415:2110,0.0,0.0,0.0,5.78,2.76,0.0
20140415:2210,0.0,0.0,0.0,5.25,2.55,0.0
20140415:2310,0.0,0.0,0.0,4.19,2.21,0.0
20140416:0010,0.0,0.0,0.0,3.66,2.0,0.0
20140416:0110,0.0,0.0,0.0,2.6,1.86,0.0
20140416:0210,0.0,0.0,0.0,2.6,1.72,0.0
20140416:0310,0.0,0.0,0.0,2.07,1.86,0.0
20140416:0410,0.0,0.0,0.0,2.07,1.93,0.0
20140416:0510,0.0,0.0,0.0,2.07,2.0,0.0
20140416:0610,44.0,84.19,9.53,2.6,1.86,0.0
20140416:0710,229.71,292.56,18.84,6.31,2.07,0.0
20140416:0810,443.84,526.08,27.89,7.9,2.9,0.0
20140416:0910,616.93,736.87,36.17,9.49,3.03,0.0
20140416:1010,749.83,912.73,42.98,10.55,3.17,0.0
20140416:1110,825.14,1021.11,47.4,11.61,3.24,0.0
20140416:1210,854.15,1066.63,48.57,12.68,3.31,0.0
20140416:1310,792.55,987.17,46.2,13.74,3.24,0.0
20140416:1410,686.98,844.72,40.84,14.27,3.31,0.0
20140416:1510,560.49,682.09,33.43,14.27,3.17,0.0
20140416:1610,362.14,445.96,24.82,13.74,2.97,0.0
20140416:1710,154.45,221.58,15.62,13.21,2.76,0.0
20140416:1810,14.54,31.8,6.31,12.15,2.14,0.0
20140416:1910,0.0,0.0,0.0,10.55,2.21,0.0
20140416:2010,0.0,0.0,0.0,9.49,2.21,0.0
20140416:2110,0.0,0.0,0.0,7.9,2.28,0.0
20140416:2210,0.0,0.0,0.0,6.84,2.48,0.0
20140416:2310,0.0,0.0,0.0,5.78,2.55,0.0
20140417:0010,0.0,0.0,0.0,5.25,2.55,0.0
20140417:0110,0.0,0.0,0.0,5.25,2.48,0.0
20140417:0210,0.0,0.0,0.0,4.72,2.48,0.0
20140417:0310,0.0,0.0,0.0,4.72,2.34,0.0
20140417:0410,0.0,0.0,0.0,5.25,2.55,0.0
20140417:0510,0.0,0.0,0.0,5.78,2.69,0.0
20140417:0610,46.08,85.4,9.84,6.31,2.62,0.0
20140417:0710,201.5,257.95,19.16,8.96,2.41,0.0
20140417:0810,393.04,473.09,28.21,11.09,2.83,0.0
20140417:0910,489.71,589.32,36.5,12.68,3.31,0.0
20140417:1010,720.6,885.0,43.32,14.27,3.86,0.0
20140417:1110,795.37,995.39,47.76,15.86,3.86,0.0
20140417:1210,538.41,660.3,48.92,16.39,4.07,0.0
20140417:1310,186.96,238.42,46.52,16.92,4.34,0.0
20140417:1410,263.33,326.86,41.13,16.92,4.97,0.0
20140417:1510,149.44,193.74,33.69,16.39,4.83,0.0
20140417:1610,96.22,131.05,25.06,15.33,4.28,0.0
20140417:1710,85.81,120.69,15.86,14.27,4.14,0.0
20140417:1810,16.95,34.99,6.55,13.21,4.0,0.0
20140417:1910,0.0,0.0,0.0,11.61,3.86,0.0
20140417:2010,0.0,0.0,0.0,11.09,3.72,0.0
20140417:2110,0.0,0.0,0.0,10.02,3.52,0.0
20140417:2210,0.0,0.0,0.0,10.02,3.31,0.0
20140417:2310,0.0,0.0,0.0,9.49,3.38,0.0
20140418:0010,0.0,0.0,0.0,8.96,3.38,0.0
20140418:0110,0.0,0.0,0.0,7.9,3.24,0.0
20140418:0210,0.0,0.0,0.0,6.84,3.24,0.0
20140418:0310,0.0,0.0,0.0,6.31,3.24,0.0
20140418:0410,0.0,0.0,0.0,5.78,3.17,0.0
20140418:0510,0.0,0.0,0.0,5.25,3.03,0.0
20140418:0610,46.87,90.69,10.15,5.78,2.83,0.0
20140418:0710,240.01,303.47,19.47,6.84,3.93,0.0
20140418:0810,447.45,525.79,28.53,7.9,4.34,0.0
20140418:0910,594.75,700.33,36.83,8.96,4.34,0.0
20140418:1010,634.56,752.89,43.67,9.49,4.34,0.0
20140418:1110,501.64,593.16,48.12,9.49,4.34,0.0
20140418:1210,111.42,145.56,49.27,10.02,4.28,0.0
20140418:1310,297.16,356.68,46.84,10.02,4.14,0.0
20140418:1410,271.79,328.43,41.41,10.55,3.79,0.0
20140418:1510,250.71,304.07,33.95,10.55,3.66,0.0
20140418:1610,127.16,163.99,25.3,10.55,3.86,0.0
20140418:1710,68.24,96.66,16.09,10.02,3.59,0.0
20140418:1810,11.25,25.03,6.79,9.49,3.45,0.0
20140418:1910,0.0,0.0,0.0,9.49,3.52,0.0
20140418:2010,0.0,0.0,0.0,8.43,3.31,0.0
20140418:2110,0.0,0.0,0.0,7.37,3.1,0.0
20140418:2210,0.0,0.0,0.0,6.84,2.69,0.0
20140418:2310,0.0,0.0,0.0,5.78,2.34,0.0
20140419:0010,0.0,0.0,0.0,4.19,2.14,0.0
20140419:0110,0.0,0.0,0.0,3.66,2.21,0.0
20140419:0210,0.0,0.0,0.0,3.13,2.34,0.0
20140419:0310,0.0,0.0,0.0,3.13,2.48,0.0
20140419:0410,0.0,0.0,0.0,3.66,2.62,0.0
20140419:0510,0.0,0.0,0.0,3.66,2.69,0.0
20140419:0610,50.25,91.72,10.45,4.72,2.21,0.0
20140419:0710,241.5,304.43,19.77,6.31,3.52,0.0
20140419:0810,452.13,528.72,28.84,7.9,5.38,0.0
20140419:0910,507.34,595.47,37.16,9.49,5.03,0.0
20140419:1010,665.52,788.47,44.01,10.02,5.17,0.0
20140419:1110,354.98,423.22,48.47,10.55,4.76,0.0
20140419:1210,400.88,476.76,49.62,11.09,5.24,0.0
20140419:1310,114.76,150.19,47.16,11.61,5.31,0.0
20140419:1410,320.31,383.42,41.7,11.09,4.9,0.0
20140419:1510,410.34,487.77,34.2,11.61,4.83,0.0
20140419:1610,279.73,340.26,25.54,11.61,4.76,0.0
20140419:1710,154.4,214.82,16.33,10.55,4.62,0.0
20140419:1810,18.89,37.66,7.02,10.02,4.48,0.0
20140419:1910,0.0,0.0,0.0,9.49,4.55,0.0
20140419:2010,0.0,0.0,0.0,8.96,3.93,0.0
20140419:2110,0.0,0.0,0.0,8.43,3.59,0.0
20140419:2210,0.0,0.0,0.0,7.37,3.66,0.0
20140419:2310,0.0,0.0,0.0,7.37,3.93,0.0
20140420:0010,0.0,0.0,0.0,6.84,4.21,0.0
20140420:0110,0.0,0.0,0.0,6.84,4.34,0.0
20140420:0210,0.0,0.0,0.0,6.84,4.48,0.0
20140420:0310,0.0,0.0,0.0,6.84,4.55,0.0
20140420:0410,0.0,0.0,0.0,7.37,4.48,0.0
20140420:0510,0.0,0.0,0.0,7.9,4.55,0.0
20140420:0610,35.26,56.67,10.75,8.43,4.76,0.0
20140420:0710,51.55,76.02,20.07,9.49,4.69,0.0
20140420:0810,98.14,130.72,29.15,11.09,6.21,0.0
20140420:0910,37.85,60.26,37.48,12.68,5.66,0.0
20140420:1010,108.84,144.63,44.35,13.74,5.79,0.0
20140420:1110,68.97,98.27,48.82,14.27,6.14,0.0
20140420:1210,87.09,119.6,49.96,14.27,6.14,0.0
20140420:1310,50.51,76.02,47.48,13.74,5.66,0.0
20140420:1410,70.7,100.13,41.98,13.74,5.72,0.0
20140420:1510,34.85,56.55,34.46,12.68,4.48,0.0
20140420:1610,47.44,72.31,25.78,13.74,5.17,0.0
20140420:1710,64.35,92.77,16.56,12.68,3.79,0.0
20140420:1810,17.91,37.34,7.25,12.15,3.52,0.0
20140420:1910,0.0,0.0,0.0,10.55,2.0,0.0
20140420:2010,0.0,0.0,0.0,9.49,2.28,0.0
20140420:2110,0.0,0.0,0.0,8.43,2.34,0.0
20140420:2210,0.0,0.0,0.0,7.9,2.41,0.0
20140420:2310,0.0,0.0,0.0,7.37,2.41,0.0
20140421:0010,0.0,0.0,0.0,7.37,2.34,0.0
20140421:0110,0.0,0.0,0.0,6.31,2.28,0.0
20140421:0210,0.0,0.0,0.0,6.31,2.14,0.0
20140421:0310,0.0,0.0,0.0,5.25,2.0,0.0
20140421:0410,0.0,0.0,0.0,4.72,1.93,0.0
20140421:0510,0.0,0.0,0.0,4.72,1.86,0.0
20140421:0610,46.33,71.36,11.05,5.78,1.45,0.0
20140421:0710,210.08,268.39,20.37,8.96,1.1,0.0
20140421:0810,444.1,538.87,29.46,10.55,1.52,0.0
20140421:0910,598.86,740.74,37.8,13.21,1.59,0.0
20140421:1010,646.76,818.32,44.68,15.33,1.45,0.0
20140421:1110,621.34,789.31,49.16,16.92,1.66,0.0
20140421:1210,463.48,580.19,50.29,17.45,1.86,0.0
20140421:1310,536.63,676.55,47.79,17.98,1.86,0.0
20140421:1410,495.04,623.81,42.26,18.51,1.66,0.0
20140421:1510,502.16,620.71,34.71,16.39,2.34,0.0
20140421:1610,219.81,277.0,26.01,15.33,2.55,0.0
20140421:1710,100.55,140.37,16.79,15.33,1.59,0.0
20140421:1810,19.26,36.99,7.49,14.8,0.62,0.0
20140421:1910,0.0,0.0,0.0,13.74,2.28,0.0
20140421:2010,0.0,0.0,0.0,12.68,1.93,0.0
20140421:2110,0.0,0.0,0.0,11.61,2.14,0.0
20140421:2210,0.0,0.0,0.0,10.55,2.34,0.0
20140421:2310,0.0,0.0,0.0,10.02,2.21,0.0
20140422:0010,0.0,0.0,0.0,9.49,1.79,0.0
20140422:0110,0.0,0.0,0.0,9.49,1.45,0.0
20140422:0210,0.0,0.0,0.0,9.49,1.03,0.0
20140422:0310,0.0,0.0,0.0,9.49,0.69,0.0
20140422:0410,0.0,0.0,0.0,9.49,0.69,0.0
20140422:0510,0.0,0.0,0.0,9.49,1.03,0.0
20140422:0610,42.43,66.54,11.35,9.49,1.86,0.0
20140422:0710,63.01,89.93,20.67,10.02,2.0,0.0
20140422:0810,58.03,84.37,29.76,11.09,2.55,0.0
20140422:0910,238.66,292.68,38.11,11.61,2.97,0.0
20140422:1010,164.91,208.6,45.01,12.15,3.52,0.0
20140422:1110,367.17,445.69,49.5,13.74,3.79,0.0
20140422:1210,741.48,912.86,50.63,14.27,4.21,0.0
20140422:1310,143.78,186.35,48.1,15.33,5.1,0.0
20140422:1410,224.79,279.93,42.54,15.33,5.24,0.0
20140422:1510,305.04,372.51,34.96,15.33,4.97,0.0
20140422:1610,246.77,305.97,26.25,14.8,5.1,0.0
20140422:1710,120.26,165.13,17.01,14.27,4.9,0.0
20140422:1810,23.84,44.57,7.72,13.21,3.86,0.0
20140422:1910,0.0,0.0,0.0,11.61,3.24,0.0
20140422:2010,0.0,0.0,0.0,10.55,3.24,0.0
20140422:2110,0.0,0.0,0.0,10.55,3.24,0.0
20140422:2210,0.0,0.0,0.0,9.49,3.1,0.0
20140422:2310,0.0,0.0,0.0,9.49,3.03,0.0
20140423:0010,0.0,0.0,0.0,8.96,3.03,0.0
20140423:0110,0.0,0.0,0.0,8.43,2.9,0.0
20140423:0210,0.0,0.0,0.0,8.43,2.69,0.0
20140423:0310,0.0,0.0,0.0,7.9,2.48,0.0
20140423:0410,0.0,0.0,0.0,7.37,2.28,0.0
20140423:0510,0.0,0.0,0.0,6.84,2.14,0.0
20140423:0610,58.68,103.58,11.64,7.37,1.93,0.0
20140423:0710,246.52,315.98,20.96,10.55,2.55,0.0
20140423:0810,392.32,472.99,30.05,12.68,3.79,0.0
20140423:0910,637.25,765.86,38.42,13.74,5.03,0.0
20140423:1010,608.46,738.38,45.34,14.27,4.34,0.0
20140423:1110,339.79,414.72,49.84,14.8,4.21,0.0
20140423:1210,479.55,583.69,50.96,15.33,4.28,0.0
20140423:1310,242.63,302.4,48.4,15.86,4.21,0.0
20140423:1410,371.08,454.25,42.81,16.39,4.14,0.0
20140423:1510,332.75,407.13,35.21,15.86,4.07,0.0
20140423:1610,219.97,275.52,26.48,14.8,3.66,0.0
20140423:1710,60.13,88.04,17.24,13.74,2.97,0.0
20140423:1810,14.29,29.67,7.95,12.68,2.69,0.0
20140423:1910,0.0,0.0,0.0,12.15,2.28,0.0
20140423:2010,0.0,0.0,0.0,11.61,1.93,0.0
20140423:2110,0.0,0.0,0.0,11.09,1.79,0.0
20140423:2210,0.0,0.0,0.0,10.55,1.72,0.0
20140423:2310,0.0,0.0,0.0,10.02,1.66,0.0
20140424:0010,0.0,0.0,0.0,10.02,1.59,0.0
20140424:0110,0.0,0.0,0.0,10.02,1.52,0.0
20140424:0210,0.0,0.0,0.0,9.49,1.38,0.0
20140424:0310,0.0,0.0,0.0,9.49,1.24,0.0
20140424:0410,0.0,0.0,0.0,9.49,1.03,0.0
20140424:0510,0.0,3.5,2.79,8.96,1.1,0.0
20140424:0610,60.11,94.28,11.92,9.49,1.17,0.0
20140424:0710,175.16,224.3,21.24,9.49,0.55,0.0
20140424:0810,349.82,429.6,30.35,10.55,0.14,0.0
20140424:0910,383.47,472.49,38.73,11.61,0.14,0.0
20140424:1010,399.76,494.71,45.66,12.15,0.21,0.0
20140424:1110,314.59,391.48,50.17,13.21,0.28,0.0
20140424:1210,295.55,368.81,51.29,14.27,0.69,0.0
20140424:1310,276.21,344.0,48.71,14.27,1.17,0.0
20140424:1410,452.08,559.03,43.08,14.27,1.24,0.0
20140424:1510,243.93,303.98,35.46,14.8,2.07,0.0
20140424:1610,140.32,182.85,26.71,14.8,2.34,0.0
20140424:1710,127.02,174.82,17.46,14.27,2.34,0.0
20140424:1810,17.13,38.62,8.17,13.74,1.86,0.0
20140424:1910,0.0,0.0,0.0,13.21,2.14,0.0
20140424:2010,0.0,0.0,0.0,11.61,2.28,0.0
20140424:2110,0.0,0.0,0.0,10.55,2.28,0.0
20140424:2210,0.0,0.0,0.0,10.02,2.41,0.0
20140424:2310,0.0,0.0,0.0,9.49,2.41,0.0
20140425:0010,0.0,0.0,0.0,9.49,2.41,0.0
20140425:0110,0.0,0.0,0.0,8.96,2.28,0.0
20140425:0210,0.0,0.0,0.0,8.96,2.34,0.0
20140425:0310,0.0,0.0,0.0,8.43,2.21,0.0
20140425:0410,0.0,0.0,0.0,8.43,2.83,0.0
20140425:0510,3.13,12.24,3.08,8.43,2.9,0.0
20140425:0610,14.63,29.67,12.2,8.43,4.48,0.0
20140425:0710,12.55,26.89,21.52,9.49,3.79,0.0
20140425:0810,58.36,84.37,30.64,10.02,2.9,0.0
20140425:0910,139.11,178.0,39.03,10.55,2.62,0.0
20140425:1010,99.81,133.5,45.98,11.61,2.48,0.0
20140425:1110,105.66,140.92,50.5,12.68,2.41,0.0
20140425:1210,143.15,185.42,51.61,13.74,2.07,0.0
20140425:1310,66.29,95.49,49.0,14.27,1.59,0.0
20140425:1410,51.62,77.88,43.35,14.27,0.62,0.0
20140425:1510,72.27,102.91,35.7,14.27,0.21,0.0
20140425:1610,73.99,104.76,26.94,14.27,1.17,0.0
20140425:1710,10.38,24.1,17.69,13.21,2.28,0.0
20140425:1810,14.33,29.67,8.4,12.15,2.76,0.0
20140425:1910,0.0,0.0,0.0,10.55,2.83,0.0
20140425:2010,0.0,0.0,0.0,10.02,2.69,0.0
20140425:2110,0.0,0.0,0.0,9.49,2.83,0.0
20140425:2210,0.0,0.0,0.0,9.49,2.97,0.0
20140425:2310,0.0,0.0,0.0,8.96,2.83,0.0
20140426:0010,0.0,0.0,0.0,8.43,3.24,0.0
20140426:0110,0.0,0.0,0.0,8.43,3.72,0.0
20140426:0210,0.0,0.0,0.0,8.43,4.07,0.0
20140426:0310,0.0,0.0,0.0,8.96,4.41,0.0
20140426:0410,0.0,0.0,0.0,9.49,4.97,0.0
20140426:0510,0.53,7.0,3.36,9.49,5.59,0.0
20140426:0610,22.91,40.79,12.48,9.49,5.93,0.0
20140426:0710,57.86,83.44,21.8,9.49,5.66,0.0
20140426:0810,288.65,344.57,30.92,9.49,5.31,0.0
20140426:0910,345.84,411.55,39.32,10.02,4.21,0.0
20140426:1010,544.93,648.56,46.29,11.09,4.55,0.0
20140426:1110,496.41,590.83,50.83,11.09,4.69,0.0
20140426:1210,765.3,926.12,51.93,12.15,5.17,0.0
20140426:1310,443.51,530.67,49.3,13.21,5.72,0.0
20140426:1410,543.94,649.7,43.61,13.74,6.07,0.0
20140426:1510,464.84,554.08,35.94,13.74,6.28,0.0
20140426:1610,278.51,340.99,27.16,13.74,5.93,0.0
20140426:1710,163.57,228.24,17.91,13.21,5.86,0.0
20140426:1810,17.64,40.04,8.63,12.15,4.76,0.0
20140426:1910,0.0,0.0,0.0,11.61,3.93,0.0
20140426:2010,0.0,0.0,0.0,10.02,3.72,0.0
20140426:2110,0.0,0.0,0.0,9.49,3.66,0.0
20140426:2210,0.0,0.0,0.0,9.49,3.66,0.0
20140426:2310,0.0,0.0,0.0,8.96,3.79,0.0
20140427:0010,0.0,0.0,0.0,8.43,3.86,0.0
20140427:0110,0.0,0.0,0.0,8.43,3.52,0.0
20140427:0210,0.0,0.0,0.0,8.43,3.38,0.0
20140427:0310,0.0,0.0,0.0,7.9,3.31,0.0
20140427:0410,0.0,0.0,0.0,7.9,3.52,0.0
20140427:0510,0.0,3.5,3.64,7.37,3.59,0.0
20140427:0610,16.03,31.52,12.76,7.9,3.79,0.0
20140427:0710,106.38,139.76,22.07,9.49,5.24,0.0
20140427:0810,266.28,320.22,31.2,9.49,4.21,0.0
20140427:0910,357.69,426.81,39.62,10.55,3.86,0.0
20140427:1010,206.89,256.79,46.6,12.15,3.59,0.0
20140427:1110,112.0,148.34,51.15,13.21,3.59,0.0
20140427:1210,114.15,151.12,52.25,13.74,3.79,0.0
20140427:1310,337.22,411.02,49.59,14.27,4.0,0.0
20140427:1410,130.32,170.59,43.88,14.8,4.0,0.0
20140427:1510,310.35,377.53,36.18,14.27,4.55,0.0
20140427:1610,96.95,130.94,27.39,13.74,4.97,0.0
20140427:1710,106.73,145.18,18.13,13.21,4.34,0.0
20140427:1810,29.09,49.79,8.85,12.15,3.86,0.0
20140427:1910,0.0,0.0,0.0,11.61,2.97,0.0
20140427:2010,0.0,0.0,0.0,10.55,2.97,0.0
20140427:2110,0.0,0.0,0.0,9.49,2.9,0.0
20140427:2210,0.0,0.0,0.0,9.49,2.97,0.0
20140427:2310,0.0,0.0,0.0,9.49,2.9,0.0
20140428:0010,0.0,0.0,0.0,9.49,2.69,0.0
20140428:0110,0.0,0.0,0.0,9.49,2.83,0.0
20140428:0210,0.0,0.0,0.0,8.96,2.76,0.0
20140428:0310,0.0,0.0,0.0,8.96,2.76,0.0
20140428:0410,0.0,0.0,0.0,8.43,2.83,0.0
20140428:0510,5.72,16.61,3.91,8.43,2.83,0.0
20140428:0610,66.46,99.4,13.02,8.96,2.76,0.0
20140428:0710,101.75,134.88,22.34,10.02,3.79,0.0
20140428:0810,105.87,139.99,31.47,11.09,3.45,0.0
20140428:0910,213.28,264.95,39.9,12.68,2.97,0.0
20140428:1010,291.27,357.6,46.91,13.74,2.9,0.0
20140428:1110,395.48,484.03,51.47,14.8,3.03,0.0
20140428:1210,431.77,528.98,52.56,15.33,3.24,0.0
20140428:1310,692.56,860.82,49.88,15.86,3.52,0.0
20140428:1410,619.16,759.39,44.14,15.33,3.66,0.0
20140428:1510,530.85,646.27,36.41,15.33,3.72,0.0
20140428:1610,344.83,427.4,27.61,15.33,3.03,0.0
20140428:1710,159.5,222.46,18.35,14.27,2.9,0.0
20140428:1810,28.44,49.0,9.07,13.21,2.48,0.0
20140428:1910,0.0,0.0,0.0,12.68,1.72,0.0
20140428:2010,0.0,0.0,0.0,11.09,1.86,0.0
20140428:2110,0.0,0.0,0.0,10.02,1.79,0.0
20140428:2210,0.0,0.0,0.0,9.49,2.0,0.0
20140428:2310,0.0,0.0,0.0,8.43,2.0,0.0
20140429:0010,0.0,0.0,0.0,8.43,2.0,0.0
20140429:0110,0.0,0.0,0.0,7.9,2.0,0.0
20140429:0210,0.0,0.0,0.0,8.43,1.86,0.0
20140429:0310,0.0,0.0,0.0,8.96,2.14,0.0
20140429:0410,0.0,0.0,0.0,9.49,2.14,0.0
20140429:0510,6.23,17.49,4.18,9.49,2.41,0.0
20140429:0610,70.21,105.5,13.29,9.49,2.69,0.0
20140429:0710,132.69,171.37,22.61,10.02,2.48,0.0
20140429:0810,196.4,243.45,31.74,10.55,2.48,0.0
20140429:0910,236.63,291.44,40.19,11.61,2.14,0.0
20140429:1010,414.7,505.62,47.21,12.68,1.93,0.0
20140429:1110,218.66,273.53,51.78,13.74,2.28,0.0
20140429:1210,334.94,411.99,52.87,14.27,2.34,0.0
20140429:1310,311.98,384.15,50.17,14.27,2.41,0.0
20140429:1410,295.86,363.77,44.39,14.27,2.83,0.0
20140429:1510,289.63,356.95,36.65,14.8,2.69,0.0
20140429:1610,259.95,324.62,27.83,15.33,2.76,0.0
20140429:1710,157.47,218.54,18.56,14.27,2.76,0.0
20140429:1810,27.06,51.77,9.29,13.74,2.14,0.0
20140429:1910,0.0,0.0,0.0,12.68,0.97,0.0
20140429:2010,0.0,0.0,0.0,11.09,1.31,0.0
20140429:2110,0.0,0.0,0.0,10.02,1.31,0.0
20140429:2210,0.0,0.0,0.0,9.49,1.52,0.0
20140429:2310,0.0,0.0,0.0,8.43,1.59,0.0
20140430:0010,0.0,0.0,0.0,7.37,1.59,0.0
20140430:0110,0.0,0.0,0.0,7.37,1.59,0.0
20140430:0210,0.0,0.0,0.0,6.84,1.38,0.0
20140430:0310,0.0,0.0,0.0,7.9,0.97,0.0
20140430:0410,0.0,0.0,0.0,7.9,0.69,0.0
20140430:0510,4.65,14.87,4.45,8.43,0.55,0.0
20140430:0610,67.98,100.14,13.55,8.43,0.69,0.0
20140430:0710,182.71,231.78,22.87,9.49,1.03,0.0
20140430:0810,420.56,509.33,32.01,10.02,1.31,0.0
20140430:0910,625.86,774.55,40.46,11.61,1.24,0.0
20140430:1010,722.06,914.89,47.5,13.21,1.38,0.0
20140430:1110,781.6,1007.68,52.09,14.8,1.59,0.0
20140430:1210,698.23,887.11,53.18,16.39,2.21,0.0
20140430:1310,508.15,630.51,50.45,16.92,2.76,0.0
20140430:1410,583.47,721.14,44.65,16.92,3.45,0.0
20140430:1510,428.71,524.19,36.88,16.39,3.72,0.0
20140430:1610,289.56,359.75,28.05,15.86,3.72,0.0
20140430:1710,118.93,162.13,18.77,15.33,3.52,0.0
20140430:1810,28.42,49.08,9.51,14.27,3.03,0.0
20140430:1910,0.0,0.0,0.0,13.21,2.76,0.0
20140430:2010,0.0,0.0,0.0,11.61,2.55,0.0
20140430:2110,0.0,0.0,0.0,10.55,2.34,0.0
20140430:2210,0.0,0.0,0.0,9.49,2.21,0.0
20140430:2310,0.0,0.0,0.0,8.96,2.14,0.0
20140501:0010,0.0,0.0,0.0,7.9,2.14,0.0
20140501:0110,0.0,0.0,0.0,7.37,2.07,0.0
20140501:0210,0.0,0.0,0.0,6.84,1.93,0.0
20140501:0310,0.0,0.0,0.0,6.84,1.79,0.0
20140501:0410,0.0,0.0,0.0,7.37,1.52,0.0
20140501:0510,9.12,21.86,4.71,8.43,1.24,0.0
20140501:0610,40.18,62.62,13.8,8.96,1.17,0.0
20140501:0710,43.65,66.75,23.12,9.49,1.1,0.0
20140501:0810,28.49,48.21,32.27,10.55,1.17,0.0
20140501:0910,93.6,126.09,40.74,10.55,1.03,0.0
20140501:1010,107.94,142.77,47.79,10.55,0.9,0.0
20140501:1110,166.68,211.38,52.4,11.09,0.83,0.0
20140501:1210,224.18,279.06,53.48,11.61,0.97,0.0
20140501:1310,154.0,197.47,50.73,12.15,0.9,0.0
20140501:1410,139.62,180.79,44.9,12.15,0.76,0.0
20140501:1510,102.88,138.14,37.11,12.68,0.9,0.0
20140501:1610,119.38,157.27,28.26,12.68,1.31,0.0
20140501:1710,108.34,147.24,18.99,13.21,1.72,0.0
20140501:1810,32.12,53.65,9.72,12.15,1.59,0.0
20140501:1910,0.0,0.0,0.0,11.61,2.41,0.0
20140501:2010,0.0,0.0,0.0,10.55,2.76,0.0
20140501:2110,0.0,0.0,0.0,10.02,2.97,0.0
20140501:2210,0.0,0.0,0.0,9.49,3.17,0.0
20140501:2310,0.0,0.0,0.0,9.49,3.45,0.0
20140502:0010,0.0,0.0,0.0,9.49,3.59,0.0
20140502:0110,0.0,0.0,0.0,9.49,3.66,0.0
20140502:0210,0.0,0.0,0.0,9.49,3.72,0.0
20140502:0310,0.0,0.0,0.0,9.49,3.79,0.0
20140502:0410,0.0,0.0,0.0,8.96,3.66,0.0
20140502:0510,4.64,14.87,4.96,8.96,3.59,0.0
20140502:0610,32.48,52.85,14.05,8.96,3.45,0.0
20140502:0710,116.76,151.68,23.37,9.49,4.83,0.0
20140502:0810,117.59,152.05,32.52,9.49,5.45,0.0
20140502:0910,123.53,159.46,41.0,10.55,5.59,0.0
20140502:1010,119.09,154.83,48.08,11.09,5.17,0.0
20140502:1110,309.76,373.25,52.7,11.61,4.97,0.0
20140502:1210,97.72,130.72,53.78,11.61,4.55,0.0
20140502:1310,128.85,166.88,51.01,12.15,4.41,0.0
20140502:1410,52.41,77.88,45.15,12.15,4.48,0.0
20140502:1510,71.96,101.05,37.33,12.15,4.41,0.0
20140502:1610,63.46,90.86,28.48,11.61,4.14,0.0
20140502:1710,64.2,91.68,19.2,11.09,3.86,0.0
20140502:1810,22.05,39.87,9.94,10.55,3.72,0.0
20140502:1910,0.0,0.0,0.0,9.49,3.24,0.0
20140502:2010,0.0,0.0,0.0,9.49,3.24,0.0
20140502:2110,0.0,0.0,0.0,8.43,3.31,0.0
20140502:2210,0.0,0.0,0.0,7.37,3.17,0.0
20140502:2310,0.0,0.0,0.0,6.84,2.9,0.0
20140503:0010,0.0,0.0,0.0,6.31,2.76,0.0
20140503:0110,0.0,0.0,0.0,5.25,2.69,0.0
20140503:0210,0.0,0.0,0.0,5.25,2.55,0.0
20140503:0310,0.0,0.0,0.0,4.72,2.28,0.0
20140503:0410,0.0,0.0,0.0,4.19,2.07,0.0
20140503:0510,11.84,25.36,5.22,3.66,1.86,0.0
20140503:0610,76.58,129.62,14.3,4.72,1.79,0.0
20140503:0710,274.04,341.51,23.61,6.84,2.48,0.0
20140503:0810,449.15,531.11,32.77,7.37,2.69,0.0
20140503:0910,619.89,741.24,41.27,8.43,2.55,0.0
20140503:1010,703.03,854.9,48.36,9.49,2.55,0.0
20140503:1110,798.79,991.27,52.99,10.02,2.34,0.0
20140503:1210,810.18,1018.29,54.07,10.55,1.93,0.0
20140503:1310,774.71,972.0,51.28,11.09,1.79,0.0
20140503:1410,719.65,899.83,45.39,11.09,1.31,0.0
20140503:1510,554.02,675.71,37.56,11.09,1.52,0.0
20140503:1610,384.77,473.5,28.69,11.09,1.24,0.0
20140503:1710,172.4,238.67,19.41,10.55,0.97,0.0
20140503:1810,28.82,55.32,10.15,10.55,1.38,0.0
20140503:1910,0.0,0.0,0.0,10.55,1.17,0.0
20140503:2010,0.0,0.0,0.0,9.49,1.66,0.0
20140503:2110,0.0,0.0,0.0,8.96,1.66,0.0
20140503:2210,0.0,0.0,0.0,7.9,2.0,0.0
20140503:2310,0.0,0.0,0.0,6.84,2.14,0.0
20140504:0010,0.0,0.0,0.0,5.78,2.14,0.0
20140504:0110,0.0,0.0,0.0,4.72,2.21,0.0
20140504:0210,0.0,0.0,0.0,4.19,2.21,0.0
20140504:0310,0.0,0.0,0.0,3.66,2.21,0.0
20140504:0410,0.0,0.0,0.0,3.66,2.07,0.0
20140504:0510,10.6,23.61,5.46,3.66,1.93,0.0
20140504:0610,82.94,123.07,14.54,5.25,1.52,0.0
20140504:0710,219.47,273.77,23.85,7.9,1.72,0.0
20140504:0810,379.83,455.65,33.02,9.49,2.14,0.0
20140504:0910,439.1,530.86,41.52,11.09,1.86,0.0
20140504:1010,585.73,722.63,48.63,12.15,1.59,0.0
20140504:1110,594.03,736.53,53.28,12.15,1.45,0.0
20140504:1210,782.35,997.58,54.36,12.68,1.59,0.0
20140504:1310,772.95,979.55,51.55,13.21,1.86,0.0
20140504:1410,692.83,868.61,45.64,14.27,1.93,0.0
20140504:1510,526.47,646.97,37.78,14.27,2.07,0.0
20140504:1610,296.01,367.43,28.9,14.27,2.14,0.0
20140504:1710,162.54,223.37,19.61,13.74,2.14,0.0
20140504:1810,38.73,64.78,10.36,13.21,2.0,0.0
20140504:1910,0.0,0.0,0.0,12.15,2.14,0.0
20140504:2010,0.0,0.0,0.0,10.02,2.48,0.0
20140504:2110,0.0,0.0,0.0,9.49,2.48,0.0
20140504:2210,0.0,0.0,0.0,8.43,2.07,0.0
20140504:2310,0.0,0.0,0.0,7.37,1.79,0.0
20140505:0010,0.0,0.0,0.0,6.31,1.38,0.0
20140505:0110,0.0,0.0,0.0,5.78,1.31,0.0
20140505:0210,0.0,0.0,0.0,4.19,1.72,0.0
20140505:0310,0.0,0.0,0.0,3.66,2.0,0.0
20140505:0410,0.0,0.0,0.0,3.13,2.07,0.0
20140505:0510,15.74,30.61,5.7,3.13,1.93,0.0
20140505:0610,81.06,133.81,14.77,5.78,1.59,0.0
20140505:0710,265.99,335.25,24.09,9.49,2.0,0.0
20140505:0810,460.81,555.5,33.26,11.61,2.83,0.0
20140505:0910,604.17,733.15,41.78,13.74,3.66,0.0
20140505:1010,614.79,749.72,48.9,15.33,4.55,0.0
20140505:1110,755.31,933.96,53.57,16.39,5.03,0.0
20140505:1210,708.41,874.19,54.65,16.92,5.24,0.0
20140505:1310,719.43,889.45,51.82,17.45,5.24,0.0
20140505:1410,534.13,652.42,45.87,17.45,5.24,0.0
20140505:1510,407.08,497.55,38.0,17.45,5.03,0.0
20140505:1610,273.38,341.39,29.1,17.45,4.97,0.0
20140505:1710,96.86,133.99,19.82,16.92,4.07,0.0
20140505:1810,8.98,22.25,10.57,16.39,3.52,0.0
20140505:1910,0.0,0.0,0.0,14.8,3.17,0.0
20140505:2010,0.0,0.0,0.0,13.74,3.03,0.0
20140505:2110,0.0,0.0,0.0,13.21,2.76,0.0
20140505:2210,0.0,0.0,0.0,12.68,2.55,0.0
20140505:2310,0.0,0.0,0.0,12.15,2.41,0.0
20140506:0010,0.0,0.0,0.0,11.61,2.41,0.0
20140506:0110,0.0,0.0,0.0,11.61,2.76,0.0
20140506:0210,0.0,0.0,0.0,11.09,2.97,0.0
20140506:0310,0.0,0.0,0.0,11.09,3.1,0.0
20140506:0410,0.0,0.0,0.0,11.09,3.31,0.0
20140506:0510,15.72,31.48,5.94,11.09,3.31,0.0
20140506:0610,18.44,35.23,15.0,11.61,3.72,0.0
20140506:0710,152.22,194.88,24.31,12.15,4.69,0.0
20140506:0810,249.33,306.01,33.49,13.21,4.34,0.0
20140506:0910,608.1,735.26,42.02,13.74,4.14,0.0
20140506:1010,553.66,669.61,49.17,14.27,4.62,0.0
20140506:1110,661.07,808.66,53.85,15.33,4.83,0.0
20140506:1210,644.38,788.25,54.93,15.86,5.1,0.0
20140506:1310,700.39,857.46,52.08,15.86,5.31,0.0
20140506:1410,392.92,477.48,46.11,15.86,5.24,0.0
20140506:1510,278.64,343.79,38.21,16.39,5.1,0.0
20140506:1610,42.66,66.75,29.31,14.8,5.03,0.0
20140506:1710,118.97,159.78,20.02,14.27,5.03,0.0
20140506:1810,38.68,66.52,10.77,13.74,4.21,0.0
20140506:1910,0.0,0.0,0.0,13.21,4.0,0.0
20140506:2010,0.0,0.0,0.0,12.15,3.86,0.0
20140506:2110,0.0,0.0,0.0,11.09,3.93,0.0
20140506:2210,0.0,0.0,0.0,10.02,4.0,0.0
20140506:2310,0.0,0.0,0.0,10.02,3.72,0.0
20140507:0010,0.0,0.0,0.0,9.49,3.79,0.0
20140507:0110,0.0,0.0,0.0,9.49,3.93,0.0
20140507:0210,0.0,0.0,0.0,9.49,4.14,0.0
20140507:0310,0.0,0.0,0.0,9.49,4.21,0.0
20140507:0410,0.0,0.0,0.0,9.49,4.28,0.0
20140507:0510,16.51,32.35,6.17,9.49,4.14,0.0
20140507:0610,79.05,112.76,15.22,10.02,3.79,0.0
20140507:0710,191.63,240.63,24.54,11.09,4.9,0.0
20140507:0810,221.11,271.14,33.72,11.61,5.17,0.0
20140507:0910,441.8,525.37,42.26,12.68,6.14,0.0
20140507:1010,258.99,316.81,49.43,13.74,6.48,0.0
20140507:1110,517.03,618.19,54.12,13.74,6.62,0.0
20140507:1210,85.57,117.74,55.2,14.27,7.03,0.0
20140507:1310,315.82,383.74,52.33,14.8,6.97,0.0
20140507:1410,604.71,724.68,46.34,15.33,7.38,0.0
20140507:1510,288.72,352.52,38.43,15.33,6.69,0.0
20140507:1610,144.76,186.7,29.51,14.8,6.76,0.0
20140507:1710,160.65,217.28,20.22,14.27,5.52,0.0
20140507:1810,31.66,52.87,10.98,13.74,5.52,0.0
20140507:1910,0.0,0.0,0.0,12.68,5.66,0.0
20140507:2010,0.0,0.0,0.0,11.61,5.38,0.0
20140507:2110,0.0,0.0,0.0,11.09,5.17,0.0
20140507:2210,0.0,0.0,0.0,11.09,5.03,0.0
20140507:2310,0.0,0.0,0.0,10.55,5.03,0.0
20140508:0010,0.0,0.0,0.0,10.55,4.9,0.0
20140508:0110,0.0,0.0,0.0,10.02,4.69,0.0
20140508:0210,0.0,0.0,0.0,10.02,4.62,0.0
20140508:0310,0.0,0.0,0.0,10.02,4.62,0.0
20140508:0410,0.0,0.0,0.0,10.02,4.34,0.0
20140508:0510,6.76,18.36,6.39,10.02,4.07,0.0
20140508:0610,43.65,66.75,15.44,10.02,3.66,0.0
20140508:0710,165.68,209.66,24.76,10.55,3.59,0.0
20140508:0810,48.91,73.24,33.94,10.55,3.52,0.0
20140508:0910,74.92,103.84,42.5,10.55,4.48,0.0
20140508:1010,92.61,124.23,49.68,10.55,4.97,0.0
20140508:1110,102.94,136.28,54.39,11.09,5.72,0.0
20140508:1210,72.12,101.05,55.48,12.15,7.38,0.0
20140508:1310,113.19,149.26,52.59,13.21,6.21,0.0
20140508:1410,125.8,164.1,46.57,13.74,6.48,0.0
20140508:1510,124.06,162.24,38.64,13.74,5.52,0.0
20140508:1610,69.74,99.2,29.71,14.27,5.93,0.0
20140508:1710,38.3,61.19,20.41,14.27,6.21,0.0
20140508:1810,25.95,45.43,11.18,13.74,6.34,0.0
20140508:1910,0.0,0.0,0.0,13.74,5.79,0.0
20140508:2010,0.0,0.0,0.0,13.21,5.45,0.0
20140508:2110,0.0,0.0,0.0,12.68,5.17,0.0
20140508:2210,0.0,0.0,0.0,12.15,5.1,0.0
20140508:2310,0.0,0.0,0.0,11.61,5.17,0.0
20140509:0010,0.0,0.0,0.0,11.09,5.1,0.0
20140509:0110,0.0,0.0,0.0,11.09,5.17,0.0
20140509:0210,0.0,0.0,0.0,10.55,5.03,0.0
20140509:0310,0.0,0.0,0.0,10.55,5.17,0.0
20140509:0410,0.0,0.0,0.0,10.55,5.38,0.0
20140509:0510,18.37,34.98,6.61,10.55,5.59,0.0
20140509:0610,89.1,129.74,15.66,10.55,5.03,0.0
20140509:0710,113.21,148.41,24.97,11.61,6.97,0.0
20140509:0810,369.24,440.01,34.16,12.68,7.66,0.0
20140509:0910,154.61,196.55,42.73,13.21,7.45,0.0
20140509:1010,311.19,376.6,49.93,14.27,7.86,0.0
20140509:1110,306.23,372.63,54.66,15.33,8.48,0.0
20140509:1210,467.86,560.81,55.74,15.33,8.55,0.0
20140509:1310,742.11,892.51,52.84,15.33,8.28,0.0
20140509:1410,636.02,761.88,46.8,15.33,7.66,0.0
20140509:1510,489.64,586.61,38.84,15.33,6.97,0.0
20140509:1610,334.9,408.66,29.91,14.8,6.48,0.0
20140509:1710,127.02,169.49,20.61,14.27,5.86,0.0
20140509:1810,39.16,68.92,11.38,13.74,5.03,0.0
20140509:1910,0.51,7.0,2.58,12.68,4.21,0.0
20140509:2010,0.0,0.0,0.0,11.61,3.93,0.0
20140509:2110,0.0,0.0,0.0,11.09,3.17,0.0
20140509:2210,0.0,0.0,0.0,10.55,3.66,0.0
20140509:2310,0.0,0.0,0.0,10.02,3.72,0.0
20140510:0010,0.0,0.0,0.0,9.49,3.31,0.0
20140510:0110,0.0,0.0,0.0,9.49,3.72,0.0
20140510:0210,0.0,0.0,0.0,9.49,4.41,0.0
20140510:0310,0.0,0.0,0.0,9.49,4.9,0.0
20140510:0410,0.0,0.0,0.0,9.49,5.45,0.0
20140510:0510,2.17,10.49,6.83,10.02,5.86,0.0
20140510:0610,21.42,38.94,15.87,10.02,6.07,0.0
20140510:0710,23.49,41.72,25.18,10.55,5.66,0.0
20140510:0810,183.98,228.92,34.37,11.61,5.45,0.0
20140510:0910,437.12,520.05,42.95,12.68,6.14,0.0
20140510:1010,605.45,724.42,50.17,14.27,6.97,0.0
20140510:1110,801.86,968.06,54.92,14.8,7.79,0.0
20140510:1210,667.82,799.35,56.01,14.8,8.48,0.0
20140510:1310,104.52,139.99,53.08,14.8,8.21,0.0
20140510:1410,541.82,641.58,47.02,13.74,8.62,0.0
20140510:1510,288.73,349.22,39.05,13.74,8.07,0.0
20140510:1610,265.44,324.74,30.1,14.27,8.55,0.0
20140510:1710,142.36,187.63,20.8,12.68,7.66,0.0
20140510:1810,41.19,70.92,11.58,12.15,8.07,0.0
20140510:1910,0.0,5.25,2.79,11.61,7.59,0.0
20140510:2010,0.0,0.0,0.0,10.55,7.31,0.0
20140510:2110,0.0,0.0,0.0,10.02,7.24,0.0
20140510:2210,0.0,0.0,0.0,10.02,7.24,0.0
20140510:2310,0.0,0.0,0.0,9.49,7.1,0.0
20140511:0010,0.0,0.0,0.0,9.49,7.03,0.0
20140511:0110,0.0,0.0,0.0,9.49,7.1,0.0
20140511:0210,0.0,0.0,0.0,9.49,7.1,0.0
20140511:0310,0.0,0.0,0.0,9.49,7.1,0.0
20140511:0410,0.0,0.0,0.0,8.96,7.03,0.0
20140511:0510,19.85,36.73,7.04,8.96,6.83,0.0
20140511:0610,28.07,47.28,16.07,8.96,6.76,0.0
20140511:0710,142.95,180.92,25.38,9.49,8.28,0.0
20140511:0810,85.18,114.96,34.58,9.49,7.72,0.0
20140511:0910,75.31,103.84,43.17,10.02,8.0,0.0
20140511:1010,59.21,85.29,50.41,10.55,8.07,0.0
20140511:1110,110.5,144.63,55.17,11.09,8.48,0.0
20140511:1210,111.85,146.48,56.26,11.61,8.41,0.0
20140511:1310,106.68,140.92,53.32,12.15,8.28,0.0
20140511:1410,331.44,396.96,47.24,12.68,7.66,0.0
20140511:1510,250.03,304.03,39.25,12.68,7.66,0.0
20140511:1610,286.37,348.01,30.3,13.21,7.45,0.0
20140511:1710,123.88,163.77,20.99,12.68,6.97,0.0
20140511:1810,30.09,61.55,11.77,12.15,6.07,0.0
20140511:1910,3.08,12.24,2.99,11.09,5.38,0.0
20140511:2010,0.0,0.0,0.0,10.02,5.03,0.0
20140511:2110,0.0,0.0,0.0,9.49,4.9,0.0
20140511:2210,0.0,0.0,0.0,9.49,4.9,0.0
20140511:2310,0.0,0.0,0.0,8.96,4.41,0.0
20140512:0010,0.0,0.0,0.0,8.43,4.28,0.0
20140512:0110,0.0,0.0,0.0,8.43,4.14,0.0
20140512:0210,0.0,0.0,0.0,7.9,3.93,0.0
20140512:0310,0.0,0.0,0.0,7.9,3.79,0.0
20140512:0410,0.0,0.0,0.0,7.37,3.66,0.0
20140512:0510,22.69,40.23,7.24,7.37,3.52,0.0
20140512:0610,77.35,107.99,16.27,8.43,3.1,0.0
20140512:0710,221.31,273.93,25.57,9.49,4.9,0.0
20140512:0810,424.83,505.18,34.78,11.09,4.9,0.0
20140512:0910,644.21,771.83,43.38,12.15,4.55,0.0
20140512:1010,506.89,609.42,50.64,12.68,4.21,0.0
20140512:1110,424.38,513.61,55.42,13.74,4.21,0.0
20140512:1210,732.78,901.02,56.52,14.27,4.34,0.0
20140512:1310,298.74,365.48,53.56,14.27,4.55,0.0
20140512:1410,404.7,490.38,47.45,14.8,4.69,0.0
20140512:1510,355.71,431.08,39.45,14.27,4.48,0.0
20140512:1610,336.97,410.57,30.49,13.21,4.48,0.0
20140512:1710,127.25,168.52,21.18,12.68,4.28,0.0
20140512:1810,11.12,25.03,11.96,11.61,3.52,0.0
20140512:1910,2.6,11.37,3.19,11.09,3.03,0.0
20140512:2010,0.0,0.0,0.0,10.02,2.9,0.0
20140512:2110,0.0,0.0,0.0,9.49,2.34,0.0
20140512:2210,0.0,0.0,0.0,8.96,2.34,0.0
20140512:2310,0.0,0.0,0.0,8.43,2.55,0.0
20140513:0010,0.0,0.0,0.0,7.37,2.69,0.0
20140513:0110,0.0,0.0,0.0,7.37,2.62,0.0
20140513:0210,0.0,0.0,0.0,6.84,2.55,0.0
20140513:0310,0.0,0.0,0.0,6.31,2.41,0.0
20140513:0410,0.0,0.0,0.0,5.78,2.28,0.0
20140513:0510,16.12,31.48,7.44,6.31,2.07,0.0
20140513:0610,75.35,105.21,16.46,7.9,1.86,0.0
20140513:0710,152.77,193.74,25.76,9.49,2.48,0.0
20140513:0810,279.87,339.79,34.97,10.55,2.41,0.0
20140513:0910,493.61,599.32,43.59,12.15,2.21,0.0
20140513:1010,60.49,88.08,50.86,13.21,2.14,0.0
20140513:1110,206.45,259.98,55.67,14.27,2.21,0.0
20140513:1210,117.52,155.75,56.76,14.27,2.41,0.0
20140513:1310,590.31,728.49,53.8,14.27,2.62,0.0
20140513:1410,59.3,87.15,47.67,14.8,2.9,0.0
20140513:1510,448.28,543.17,39.64,13.74,3.24,0.0
20140513:1610,239.04,297.7,30.67,13.74,2.41,0.0
20140513:1710,182.93,252.73,21.37,13.74,2.55,0.0
20140513:1810,25.13,58.45,12.15,13.21,2.21,0.0
20140513:1910,3.54,13.12,3.39,12.15,1.79,0.0
20140513:2010,0.0,0.0,0.0,10.55,1.52,0.0
20140513:2110,0.0,0.0,0.0,10.02,1.45,0.0
20140513:2210,0.0,0.0,0.0,8.96,1.86,0.0
20140513:2310,0.0,0.0,0.0,7.9,2.0,0.0
20140514:0010,0.0,0.0,0.0,7.37,2.28,0.0
20140514:0110,0.0,0.0,0.0,7.37,2.55,0.0
20140514:0210,0.0,0.0,0.0,7.37,2.55,0.0
20140514:0310,0.0,0.0,0.0,7.37,2.62,0.0
20140514:0410,0.0,0.0,0.0,6.84,2.69,0.0
20140514:0510,18.71,34.98,7.63,6.84,2.62,0.0
20140514:0610,87.03,149.51,16.65,8.43,2.34,0.0
20140514:0710,292.55,367.42,25.95,10.02,2.83,0.0
20140514:0810,489.21,588.17,35.16,11.61,3.24,0.0
20140514:0910,650.61,791.65,43.79,13.21,3.38,0.0
20140514:1010,767.99,951.04,51.08,14.27,3.59,0.0
20140514:1110,698.97,864.55,55.9,15.33,3.93,0.0
20140514:1210,520.43,636.89,57.01,15.86,4.21,0.0
20140514:1310,460.01,564.45,54.02,16.39,3.86,0.0
20140514:1410,392.35,482.9,47.88,16.92,3.66,0.0
20140514:1510,465.8,570.37,39.84,16.39,3.59,0.0
20140514:1610,335.16,415.36,30.86,15.86,3.38,0.0
20140514:1710,126.55,170.27,21.55,15.86,2.62,0.0
20140514:1810,38.59,62.2,12.34,15.33,2.21,0.0
20140514:1910,4.46,14.87,3.59,14.8,1.31,0.0
20140514:2010,0.0,0.0,0.0,13.21,1.59,0.0
20140514:2110,0.0,0.0,0.0,11.61,2.0,0.0
20140514:2210,0.0,0.0,0.0,10.55,2.07,0.0
20140514:2310,0.0,0.0,0.0,9.49,2.0,0.0
20140515:0010,0.0,0.0,0.0,8.96,1.86,0.0
20140515:0110,0.0,0.0,0.0,8.43,1.79,0.0
20140515:0210,0.0,0.0,0.0,7.9,1.66,0.0
20140515:0310,0.0,0.0,0.0,7.37,1.59,0.0
20140515:0410,0.0,0.0,0.0,6.84,1.52,0.0
20140515:0510,26.15,44.6,7.82,6.84,1.31,0.0
20140515:0610,98.73,148.23,16.83,8.96,0.97,0.0
20140515:0710,284.19,363.3,26.13,11.09,0.55,0.0
20140515:0810,471.54,586.05,35.35,12.68,0.48,0.0
20140515:0910,622.35,792.64,43.99,14.27,0.48,0.0
20140515:1010,687.36,886.99,51.3,15.86,0.97,0.0
20140515:1110,731.16,946.26,56.14,16.92,1.59,0.0
20140515:1210,689.2,888.15,57.24,17.45,1.66,0.0
20140515:1310,463.89,583.87,54.25,17.45,1.45,0.0
20140515:1410,641.41,821.74,48.08,17.45,1.31,0.0
20140515:1510,304.24,383.37,40.03,17.98,1.31,0.0
20140515:1610,274.17,348.61,31.04,17.98,1.24,0.0
20140515:1710,156.11,213.06,21.73,17.45,0.9,0.0
20140515:1810,51.53,81.66,12.52,17.45,0.9,0.0
20140515:1910,5.99,17.49,3.78,15.86,1.52,0.0
20140515:2010,0.0,0.0,0.0,14.27,2.0,0.0
20140515:2110,0.0,0.0,0.0,12.68,1.93,0.0
20140515:2210,0.0,0.0,0.0,11.09,1.86,0.0
20140515:2310,0.0,0.0,0.0,10.02,1.79,0.0
20140516:0010,0.0,0.0,0.0,9.49,1.72,0.0
20140516:0110,0.0,0.0,0.0,8.43,1.66,0.0
20140516:0210,0.0,0.0,0.0,7.9,1.66,0.0
20140516:0310,0.0,0.0,0.0,7.9,1.59,0.0
20140516:0410,0.0,0.0,0.0,7.37,1.38,0.0
20140516:0510,23.95,41.97,8.0,7.9,1.03,0.0
20140516:0610,92.3,152.41,17.0,9.49,0.48,0.0
20140516:0710,284.51,364.69,26.3,11.61,0.48,0.0
20140516:0810,464.98,580.72,35.52,13.74,0.48,0.0
20140516:0910,613.6,788.76,44.18,15.33,0.28,0.0
20140516:1010,706.46,939.94,51.5,16.39,0.07,0.0
20140516:1110,790.89,1054.69,56.36,17.45,0.9,0.0
20140516:1210,794.85,1062.29,57.48,18.51,1.1,0.0
20140516:1310,722.1,951.42,54.47,19.04,1.17,0.0
20140516:1410,655.99,853.92,48.28,19.04,1.03,0.0
20140516:1510,516.12,661.04,40.21,19.04,0.76,0.0
20140516:1610,323.14,412.79,31.22,18.51,0.76,0.0
20140516:1710,179.3,253.5,21.91,18.51,0.69,0.0
20140516:1810,36.39,71.66,12.7,18.51,0.69,0.0
20140516:1910,6.98,19.24,3.97,17.98,1.17,0.0
20140516:2010,0.0,0.0,0.0,15.86,1.79,0.0
20140516:2110,0.0,0.0,0.0,13.74,2.07,0.0
20140516:2210,0.0,0.0,0.0,12.68,2.14,0.0
20140516:2310,0.0,0.0,0.0,11.61,2.0,0.0
20140517:0010,0.0,0.0,0.0,11.09,1.86,0.0
20140517:0110,0.0,0.0,0.0,10.02,1.72,0.0
20140517:0210,0.0,0.0,0.0,9.49,1.45,0.0
20140517:0310,0.0,0.0,0.0,9.49,1.17,0.0
20140517:0410,0.0,0.0,0.0,9.49,1.1,0.0
20140517:0510,27.77,47.22,8.18,10.02,0.83,0.0
20140517:0610,99.7,146.95,17.17,11.61,0.69,0.0
20140517:0710,198.66,255.43,26.47,14.27,0.62,0.0
20140517:0810,308.34,388.25,35.7,16.39,0.55,0.0
20140517:0910,510.57,653.75,44.36,17.98,0.48,0.0
20140517:1010,670.24,883.12,51.71,19.57,0.83,0.0
20140517:1110,529.39,682.32,56.58,20.1,1.17,0.0
20140517:1210,219.94,284.84,57.7,20.63,1.52,0.0
20140517:1310,126.8,171.51,54.68,20.63,1.79,0.0
20140517:1410,281.15,358.93,48.48,20.63,1.86,0.0
20140517:1510,284.65,362.42,40.4,20.63,2.0,0.0
20140517:1610,203.38,264.11,31.39,20.63,2.0,0.0
20140517:1710,106.58,147.92,22.08,20.1,1.86,0.0
20140517:1810,41.56,77.22,12.88,20.1,1.93,0.0
20140517:1910,7.48,20.11,4.16,19.04,2.14,0.0
20140517:2010,0.0,0.0,0.0,16.92,2.41,0.0
20140517:2110,0.0,0.0,0.0,15.33,2.21,0.0
20140517:2210,0.0,0.0,0.0,14.27,2.0,0.0
20140517:2310,0.0,0.0,0.0,13.21,1.79,0.0
20140518:0010,0.0,0.0,0.0,12.68,1.66,0.0
20140518:0110,0.0,0.0,0.0,11.61,1.59,0.0
20140518:0210,0.0,0.0,0.0,11.09,1.52,0.0
20140518:0310,0.0,0.0,0.0,10.55,1.72,0.0
20140518:0410,0.0,0.0,0.0,10.02,1.72,0.0
20140518:0510,27.11,46.35,8.35,10.02,1.72,0.0
20140518:0610,94.98,154.91,17.34,12.68,1.66,0.0
20140518:0710,281.98,363.61,26.63,15.33,2.0,0.0
20140518:0810,471.37,585.47,35.86,16.92,2.34,0.0
20140518:0910,635.63,798.36,44.54,18.51,2.83,0.0
20140518:1010,746.94,952.39,51.9,19.57,3.31,0.0
20140518:1110,828.55,1066.85,56.8,20.1,3.72,0.0
20140518:1210,819.35,1055.21,57.93,20.63,3.93,0.0
20140518:1310,800.21,1025.91,54.9,20.63,3.93,0.0
20140518:1410,719.58,910.39,48.67,20.63,4.0,0.0
20140518:1510,561.46,700.75,40.58,20.63,4.07,0.0
20140518:1610,392.0,493.7,31.57,20.1,4.07,0.0
20140518:1710,187.72,268.66,22.25,20.1,3.59,0.0
20140518:1810,32.78,69.87,13.06,19.04,2.55,0.0
20140518:1910,7.52,20.11,4.34,17.98,2.0,0.0
20140518:2010,0.0,0.0,0.0,16.39,2.28,0.0
20140518:2110,0.0,0.0,0.0,14.8,2.07,0.0
20140518:2210,0.0,0.0,0.0,13.74,2.21,0.0
20140518:2310,0.0,0.0,0.0,13.21,2.28,0.0
20140519:0010,0.0,0.0,0.0,13.21,2.41,0.0
20140519:0110,0.0,0.0,0.0,13.21,2.41,0.0
20140519:0210,0.0,0.0,0.0,13.74,2.48,0.0
20140519:0310,0.0,0.0,0.0,13.74,2.55,0.0
20140519:0410,0.0,0.0,0.0,13.74,2.69,0.0
20140519:0510,29.33,49.84,8.51,13.74,2.69,0.0
20140519:0610,100.93,154.15,17.49,15.33,2.69,0.0
20140519:0710,284.96,369.26,26.79,16.92,2.69,0.0
20140519:0810,471.4,586.78,36.02,18.51,3.03,0.0
20140519:0910,632.28,794.68,44.71,20.1,3.52,0.0
20140519:1010,746.74,952.28,52.09,21.16,4.0,0.0
20140519:1110,773.25,992.03,57.01,22.22,4.55,0.0
20140519:1210,702.76,896.38,58.14,22.22,4.55,0.0
20140519:1310,752.71,965.2,55.1,22.75,4.55,0.0
20140519:1410,651.38,827.68,48.86,23.28,4.55,0.0
20140519:1510,562.85,708.93,40.75,23.28,4.62,0.0
20140519:1610,327.61,417.63,31.74,22.75,4.41,0.0
20140519:1710,181.64,257.25,22.42,22.22,4.0,0.0
20140519:1810,43.66,80.55,13.23,21.16,3.86,0.0
20140519:1910,8.53,21.86,4.52,20.1,3.03,0.0
20140519:2010,0.0,0.0,0.0,18.51,3.31,0.0
20140519:2110,0.0,0.0,0.0,16.92,3.24,0.0
20140519:2210,0.0,0.0,0.0,16.39,3.1,0.0
20140519:2310,0.0,0.0,0.0,15.86,2.9,0.0
20140520:0010,0.0,0.0,0.0,15.33,2.69,0.0
20140520:0110,0.0,0.0,0.0,14.27,2.48,0.0
20140520:0210,0.0,0.0,0.0,13.74,2.0,0.0
20140520:0310,0.0,0.0,0.0,13.21,1.72,0.0
20140520:0410,0.0,0.0,0.0,13.21,1.86,0.0
20140520:0510,1.68,9.62,8.67,13.21,1.72,0.0
20140520:0610,99.03,142.42,17.65,14.8,1.45,0.0
20140520:0710,68.97,99.2,26.94,15.86,2.69,0.0
20140520:0810,216.27,272.63,36.18,16.39,3.38,0.0
20140520:0910,185.2,237.24,44.87,17.45,3.72,0.0
20140520:1010,200.11,254.69,52.27,16.92,3.17,0.0
20140520:1110,327.56,408.34,57.21,17.98,3.38,0.0
20140520:1210,574.54,715.84,58.36,18.51,3.93,0.0
20140520:1310,432.94,535.24,55.3,19.04,4.97,0.0
20140520:1410,178.12,229.3,49.05,18.51,5.31,0.0
20140520:1510,322.17,396.63,40.93,16.92,4.62,0.0
20140520:1610,75.9,107.54,31.9,16.39,4.28,0.0
20140520:1710,97.33,133.44,22.59,16.39,4.21,0.0
20140520:1810,4.42,14.83,13.4,15.86,3.59,0.0
20140520:1910,0.85,7.87,4.7,15.86,3.17,0.0
20140520:2010,0.0,0.0,0.0,14.8,2.62,0.0
20140520:2110,0.0,0.0,0.0,13.74,2.28,0.0
20140520:2210,0.0,0.0,0.0,12.68,1.93,0.0
20140520:2310,0.0,0.0,0.0,12.15,1.59,0.0
20140521:0010,0.0,0.0,0.0,11.61,1.45,0.0
20140521:0110,0.0,0.0,0.0,11.61,1.45,0.0
20140521:0210,0.0,0.0,0.0,10.55,1.52,0.0
20140521:0310,0.0,0.0,0.0,10.02,1.38,0.0
20140521:0410,0.0,0.0,0.0,9.49,1.1,0.0
20140521:0510,31.91,52.47,8.83,10.02,0.41,0.0
20140521:0610,103.91,151.71,17.79,11.09,0.07,0.0
20140521:0710,264.25,338.18,27.08,12.68,0.41,0.0
20140521:0810,248.68,310.73,36.33,14.27,1.24,0.0
20140521:0910,176.68,226.75,45.03,15.86,1.93,0.0
20140521:1010,0.0,0.0,0.0,16.92,2.48,0.0
20140521:1110,428.34,534.74,57.41,17.98,2.55,0.0
20140521:1210,449.34,560.73,58.56,18.51,3.03,0.0
20140521:1310,319.51,398.13,55.5,17.98,3.59,0.0
20140521:1410,241.59,304.26,49.23,17.45,3.31,0.0
20140521:1510,248.04,311.55,41.1,17.45,3.31,0.0
20140521:1610,67.47,97.35,32.07,15.86,3.17,0.0
20140521:1710,18.12,35.23,22.75,14.8,2.83,0.0
20140521:1810,58.1,87.61,13.57,14.27,2.97,0.0
20140521:1910,1.66,9.62,4.87,14.27,2.76,0.0
20140521:2010,0.0,0.0,0.0,13.74,2.76,0.0
20140521:2110,0.0,0.0,0.0,13.21,2.97,0.0
20140521:2210,0.0,0.0,0.0,12.68,3.1,0.0
20140521:2310,0.0,0.0,0.0,12.15,2.62,0.0
20140522:0010,0.0,0.0,0.0,11.61,2.76,0.0
20140522:0110,0.0,0.0,0.0,11.61,2.62,0.0
20140522:0210,0.0,0.0,0.0,11.09,0.76,0.0
20140522:0310,0.0,0.0,0.0,11.09,1.1,0.0
20140522:0410,0.0,0.0,0.0,11.09,1.24,0.0
20140522:0510,27.55,47.22,8.97,11.61,0.97,0.0
20140522:0610,98.51,137.57,17.93,11.61,1.66,0.0
20140522:0710,126.07,164.74,27.22,13.21,4.07,0.0
20140522:0810,92.26,126.09,36.47,14.8,4.55,0.0
20140522:0910,83.33,115.89,45.18,15.33,4.21,0.0
20140522:1010,96.22,131.65,52.62,16.39,4.21,0.0
20140522:1110,346.08,424.81,57.6,16.39,4.97,0.0
20140522:1210,645.82,793.18,58.76,16.39,5.03,0.0
20140522:1310,411.18,503.07,55.69,16.92,5.24,0.0
20140522:1410,589.98,721.03,49.41,17.45,5.59,0.0
20140522:1510,390.54,476.76,41.26,16.92,5.24,0.0
20140522:1610,378.45,467.96,32.23,16.92,4.62,0.0
20140522:1710,184.85,252.6,22.91,17.45,3.72,0.0
20140522:1810,59.46,90.46,13.73,16.92,3.38,0.0
20140522:1910,9.92,23.61,5.04,15.33,2.14,0.0
20140522:2010,0.0,0.0,0.0,14.27,2.28,0.0
20140522:2110,0.0,0.0,0.0,13.21,2.55,0.0
20140522:2210,0.0,0.0,0.0,12.68,2.83,0.0
20140522:2310,0.0,0.0,0.0,12.68,3.38,0.0
20140523:0010,0.0,0.0,0.0,12.68,3.72,0.0
20140523:0110,0.0,0.0,0.0,12.15,3.93,0.0
20140523:0210,0.0,0.0,0.0,11.61,4.0,0.0
20140523:0310,0.0,0.0,0.0,11.09,3.86,0.0
20140523:0410,0.0,0.0,0.0,11.09,3.79,0.0
20140523:0510,29.75,49.84,9.12,11.09,3.93,0.0
20140523:0610,98.22,136.23,18.07,11.61,3.86,0.0
20140523:0710,127.52,165.64,27.36,12.68,6.0,0.0
20140523:0810,295.88,358.38,36.6,13.21,6.07,0.0
20140523:0910,458.81,548.85,45.33,14.27,6.69,0.0
20140523:1010,515.96,619.15,52.78,14.8,6.83,0.0
20140523:1110,444.61,535.81,57.78,15.33,7.17,0.0
20140523:1210,640.44,773.44,58.96,15.86,7.52,0.0
20140523:1310,104.69,140.92,55.88,15.86,7.1,0.0
20140523:1410,220.62,275.34,49.58,15.86,6.69,0.0
20140523:1510,183.83,232.89,41.43,15.86,6.07,0.0
20140523:1610,172.25,219.94,32.39,15.86,5.03,0.0
20140523:1710,196.05,270.61,23.07,15.86,4.41,0.0
20140523:1810,58.76,93.31,13.89,15.33,3.86,0.0
20140523:1910,11.13,25.36,5.21,14.8,2.62,0.0
20140523:2010,0.0,0.0,0.0,13.21,2.48,0.0
20140523:2110,0.0,0.0,0.0,12.15,2.41,0.0
20140523:2210,0.0,0.0,0.0,11.09,2.48,0.0
20140523:2310,0.0,0.0,0.0,10.02,2.55,0.0
20140524:0010,0.0,0.0,0.0,10.02,2.41,0.0
20140524:0110,0.0,0.0,0.0,9.49,2.14,0.0
20140524:0210,0.0,0.0,0.0,9.49,2.07,0.0
20140524:0310,0.0,0.0,0.0,9.49,1.72,0.0
20140524:0410,0.0,0.0,0.0,9.49,1.66,0.0
20140524:0510,2.63,11.37,9.25,9.49,1.52,0.0
20140524:0610,26.97,46.36,18.2,11.09,1.72,0.0
20140524:0710,42.62,65.82,27.48,11.09,2.55,0.0
20140524:0810,77.52,107.54,36.73,11.61,2.48,0.0
20140524:0910,586.52,711.99,45.47,12.68,3.03,0.0
20140524:1010,284.78,350.25,52.94,14.27,3.66,0.0
20140524:1110,114.13,152.05,57.96,15.33,4.14,0.0
20140524:1210,613.5,752.66,59.14,15.33,4.21,0.0
20140524:1310,110.97,148.34,56.06,15.33,4.21,0.0
20140524:1410,0.0,0.0,0.0,14.8,4.0,0.0
20140524:1510,606.78,731.15,41.58,13.21,4.07,0.0
20140524:1610,214.7,267.4,32.54,13.21,3.38,0.0
20140524:1710,138.74,182.02,23.22,13.21,3.38,0.0
20140524:1810,61.57,95.19,14.05,12.15,3.52,0.0
20140524:1910,9.52,22.74,5.37,12.15,3.17,0.0
20140524:2010,0.0,0.0,0.0,11.09,3.24,0.0
20140524:2110,0.0,0.0,0.0,10.55,3.31,0.0
20140524:2210,0.0,0.0,0.0,10.02,3.31,0.0
20140524:2310,0.0,0.0,0.0,10.02,3.17,0.0
20140525:0010,0.0,0.0,0.0,10.02,3.31,0.0
20140525:0110,0.0,0.0,0.0,10.02,3.45,0.0
20140525:0210,0.0,0.0,0.0,9.49,3.52,0.0
20140525:0310,0.0,0.0,0.0,9.49,3.45,0.0
20140525:0410,0.0,0.0,0.0,9.49,3.31,0.0
20140525:0510,34.19,55.09,9.38,9.49,3.17,0.0
20140525:0610,85.61,117.92,18.32,10.55,3.1,0.0
20140525:0710,261.48,326.42,27.6,12.15,4.41,0.0
20140525:0810,192.65,241.04,36.86,13.21,4.28,0.0
20140525:0910,296.16,361.4,45.61,14.27,5.1,0.0
20140525:1010,423.25,513.41,53.09,15.33,5.24,0.0
20140525:1110,607.34,739.83,58.13,15.86,5.52,0.0
20140525:1210,606.85,739.53,59.33,15.86,5.52,0.0
20140525:1310,680.79,835.65,56.24,16.39,5.24,0.0
20140525:1410,675.73,827.89,49.92,16.39,4.97,0.0
20140525:1510,489.03,595.48,41.74,16.39,4.62,0.0
20140525:1610,365.64,451.61,32.69,16.39,4.28,0.0
20140525:1710,200.64,279.34,23.37,15.86,3.79,0.0
20140525:1810,40.88,80.95,14.2,15.33,3.24,0.0
20140525:1910,13.01,27.98,5.53,13.74,2.21,0.0
20140525:2010,0.0,0.0,0.0,12.68,1.93,0.0
20140525:2110,0.0,0.0,0.0,11.09,2.07,0.0
20140525:2210,0.0,0.0,0.0,9.49,1.93,0.0
20140525:2310,0.0,0.0,0.0,8.96,1.72,0.0
20140526:0010,0.0,0.0,0.0,8.96,1.38,0.0
20140526:0110,0.0,0.0,0.0,9.49,0.76,0.0
20140526:0210,0.0,0.0,0.0,9.49,0.28,0.0
20140526:0310,0.0,0.0,0.0,7.9,1.17,0.0
20140526:0410,0.0,0.0,0.0,7.9,1.45,0.0
20140526:0510,1.31,8.74,9.5,9.49,1.31,0.0
20140526:0610,91.94,126.48,18.44,10.55,1.17,0.0
20140526:0710,87.98,119.6,27.72,11.09,2.0,0.0
20140526:0810,107.84,142.77,36.98,11.61,2.55,0.0
20140526:0910,98.28,131.65,45.73,11.61,2.83,0.0
20140526:1010,81.33,112.18,53.24,12.15,3.03,0.0
20140526:1110,254.59,313.99,58.3,13.21,3.24,0.0
20140526:1210,194.41,244.76,59.5,14.27,3.72,0.0
20140526:1310,164.12,209.53,56.42,14.27,3.72,0.0
20140526:1410,136.59,178.0,50.08,14.8,3.59,0.0
20140526:1510,86.04,118.67,41.89,14.27,3.38,0.0
20140526:1610,51.19,76.95,32.84,13.74,3.45,0.0
20140526:1710,24.5,43.57,23.52,13.74,3.52,0.0
20140526:1810,9.14,22.25,14.35,13.21,3.93,0.0
20140526:1910,4.53,14.87,5.69,12.68,3.59,0.0
20140526:2010,0.0,0.0,0.0,12.15,3.66,0.0
20140526:2110,0.0,0.0,0.0,11.61,3.66,0.0
20140526:2210,0.0,0.0,0.0,11.61,3.52,0.0
20140526:2310,0.0,0.0,0.0,11.09,3.31,0.0
20140527:0010,0.0,0.0,0.0,10.55,3.1,0.0
20140527:0110,0.0,0.0,0.0,10.55,2.9,0.0
20140527:0210,0.0,0.0,0.0,10.02,2.9,0.0
20140527:0310,0.0,0.0,0.0,10.02,2.97,0.0
20140527:0410,0.0,0.0,0.0,10.02,3.1,0.0
20140527:0510,34.81,55.97,9.62,10.02,3.38,0.0
20140527:0610,91.31,125.53,18.55,11.09,3.59,0.0
20140527:0710,60.78,88.08,27.83,12.68,4.0,0.0
20140527:0810,67.85,96.42,37.09,12.68,4.62,0.0
20140527:0910,93.87,127.01,45.86,13.21,5.52,0.0
20140527:1010,60.84,88.08,53.38,12.68,5.24,0.0
20140527:1110,67.88,96.42,58.46,12.68,5.1,0.0
20140527:1210,60.66,88.08,59.68,13.21,4.9,0.0
20140527:1310,110.84,146.48,56.58,12.68,4.48,0.0
20140527:1410,86.02,117.74,50.24,12.68,4.34,0.0
20140527:1510,33.36,54.7,42.04,12.68,4.21,0.0
20140527:1610,35.58,57.48,32.98,12.68,3.86,0.0
20140527:1710,28.24,48.21,23.66,12.68,4.0,0.0
20140527:1810,6.79,18.54,14.5,12.15,3.72,0.0
20140527:1910,5.61,16.61,5.84,11.61,3.93,0.0
20140527:2010,0.0,0.0,0.0,11.61,4.21,0.0
20140527:2110,0.0,0.0,0.0,11.09,4.14,0.0
20140527:2210,0.0,0.0,0.0,10.55,4.07,0.0
20140527:2310,0.0,0.0,0.0,10.55,3.72,0.0
20140528:0010,0.0,0.0,0.0,10.02,3.66,0.0
20140528:0110,0.0,0.0,0.0,10.02,3.66,0.0
20140528:0210,0.0,0.0,0.0,10.02,3.66,0.0
20140528:0310,0.0,0.0,0.0,10.02,3.66,0.0
20140528:0410,0.0,0.0,0.0,10.02,3.52,0.0
20140528:0510,36.23,57.71,9.73,10.02,3.31,0.0
20140528:0610,56.72,82.51,18.66,10.55,4.21,0.0
20140528:0710,39.65,62.12,27.93,11.09,4.9,0.0
20140528:0810,52.69,77.88,37.2,11.09,4.62,0.0
20140528:0910,92.92,125.16,45.97,11.61,4.76,0.0
20140528:1010,78.52,108.47,53.51,11.61,4.69,0.0
20140528:1110,103.87,138.14,58.61,12.15,4.41,0.0
20140528:1210,101.42,135.36,59.84,12.15,4.14,0.0
20140528:1310,109.08,144.63,56.75,12.68,3.59,0.0
20140528:1410,108.73,144.63,50.39,13.21,3.17,0.0
20140528:1510,83.82,115.89,42.19,13.74,2.76,0.0
20140528:1610,68.88,98.27,33.12,13.74,2.34,0.0
20140528:1710,61.68,89.93,23.8,14.27,1.79,0.0
20140528:1810,19.52,37.08,14.64,14.27,1.1,0.0
20140528:1910,14.9,30.61,5.98,13.21,0.69,0.0
20140528:2010,0.0,0.0,0.0,12.68,0.76,0.0
20140528:2110,0.0,0.0,0.0,12.68,1.03,0.0
20140528:2210,0.0,0.0,0.0,12.15,1.24,0.0
20140528:2310,0.0,0.0,0.0,12.15,1.38,0.0
20140529:0010,0.0,0.0,0.0,12.15,1.52,0.0
20140529:0110,0.0,0.0,0.0,12.15,1.59,0.0
20140529:0210,0.0,0.0,0.0,12.15,1.59,0.0
20140529:0310,0.0,0.0,0.0,12.15,1.59,0.0
20140529:0410,0.0,0.0,0.0,12.15,1.66,0.0
20140529:0510,20.79,38.48,9.84,12.15,1.72,0.0
20140529:0610,94.02,129.98,18.76,12.68,2.62,0.0
20140529:0710,90.03,123.31,28.03,13.74,2.14,0.0
20140529:0810,213.45,268.31,37.3,14.8,2.41,0.0
20140529:0910,243.19,304.79,46.08,15.86,2.48,0.0
20140529:1010,332.22,413.61,53.63,16.92,2.48,0.0
20140529:1110,437.24,545.28,58.75,17.45,2.41,0.0
20140529:1210,100.4,138.14,60.0,18.51,2.55,0.0
20140529:1310,70.39,101.98,56.9,18.51,3.03,0.0
20140529:1410,102.91,140.92,50.54,18.51,3.52,0.0
20140529:1510,135.7,179.86,42.33,18.51,3.52,0.0
20140529:1610,43.53,68.61,33.26,17.45,3.66,0.0
20140529:1710,186.73,249.28,23.94,15.86,3.31,0.0
20140529:1810,59.41,88.67,14.78,15.33,2.76,0.0
20140529:1910,1.66,9.62,6.13,14.8,2.55,0.0
20140529:2010,0.0,0.0,0.0,13.74,2.97,0.0
20140529:2110,0.0,0.0,0.0,13.21,2.55,0.0
20140529:2210,0.0,0.0,0.0,12.15,2.9,0.0
20140529:2310,0.0,0.0,0.0,12.15,3.24,0.0
20140530:0010,0.0,0.0,0.0,12.15,2.83,0.0
20140530:0110,0.0,0.0,0.0,11.61,2.55,0.0
20140530:0210,0.0,0.0,0.0,11.61,2.69,0.0
20140530:0310,0.0,0.0,0.0,11.61,2.55,0.0
20140530:0410,0.0,0.0,0.0,11.61,2.55,0.0
20140530:0510,7.25,19.24,9.94,11.61,2.9,0.0
20140530:0610,25.42,44.5,18.85,12.15,3.52,0.0
20140530:0710,65.44,93.64,28.12,12.68,3.72,0.0
20140530:0810,81.01,112.18,37.39,13.21,3.93,0.0
20140530:0910,90.34,123.31,46.18,13.74,4.34,0.0
20140530:1010,86.33,118.67,53.75,13.74,3.93,0.0
20140530:1110,125.05,164.1,58.89,14.27,3.93,0.0
20140530:1210,255.09,316.38,60.15,14.8,3.72,0.0
20140530:1310,297.23,366.07,57.06,14.8,3.59,0.0
20140530:1410,311.78,383.18,50.68,14.8,3.38,0.0
20140530:1510,379.94,464.31,42.46,14.8,3.1,0.0
20140530:1610,241.16,300.64,33.39,14.8,3.17,0.0
20140530:1710,111.01,148.63,24.07,14.27,2.83,0.0
20140530:1810,65.51,96.36,14.92,14.27,2.76,0.0
20140530:1910,16.75,33.23,6.27,13.74,2.07,0.0
20140530:2010,0.0,0.0,0.0,12.68,1.66,0.0
20140530:2110,0.0,0.0,0.0,11.61,1.52,0.0
20140530:2210,0.0,0.0,0.0,11.09,1.66,0.0
20140530:2310,0.0,0.0,0.0,10.02,1.72,0.0
20140531:0010,0.0,0.0,0.0,9.49,1.59,0.0
20140531:0110,0.0,0.0,0.0,8.96,1.45,0.0
20140531:0210,0.0,0.0,0.0,8.43,1.52,0.0
20140531:0310,0.0,0.0,0.0,7.9,1.52,0.0
20140531:0410,0.0,0.0,0.0,7.9,1.45,0.0
20140531:0510,26.55,45.47,10.04,8.96,1.03,0.0
20140531:0610,99.25,164.54,18.94,10.55,1.1,0.0
20140531:0710,295.61,377.65,28.21,11.61,0.83,0.0
20140531:0810,479.28,593.77,37.48,13.21,0.97,0.0
20140531:0910,628.8,791.14,46.28,14.8,1.31,0.0
20140531:1010,407.85,505.24,53.87,15.33,1.79,0.0
20140531:1110,313.67,390.72,59.03,15.33,1.59,0.0
20140531:1210,416.37,520.35,60.3,15.86,1.31,0.0
20140531:1310,385.63,482.58,57.2,16.39,1.31,0.0
20140531:1410,318.58,398.29,50.82,16.39,1.52,0.0
20140531:1510,182.69,235.35,42.6,16.92,1.45,0.0
20140531:1610,128.14,170.68,33.52,16.92,1.1,0.0
20140531:1710,113.4,153.74,24.2,16.39,0.69,0.0
20140531:1810,24.04,43.57,15.05,16.92,0.69,0.0
20140531:1910,2.97,12.24,6.4,15.86,1.17,0.0
20140531:2010,0.0,0.0,0.0,15.33,1.45,0.0
20140531:2110,0.0,0.0,0.0,14.8,1.45,0.0
20140531:2210,0.0,0.0,0.0,13.74,1.52,0.0
20140531:2310,0.0,0.0,0.0,12.68,1.72,0.0
20140601:0010,0.0,0.0,0.0,12.15,1.66,0.0
20140601:0110,0.0,0.0,0.0,12.15,1.72,0.0
20140601:0210,0.0,0.0,0.0,11.61,1.72,0.0
20140601:0310,0.0,0.0,0.0,11.61,1.72,0.0
20140601:0410,0.0,0.0,0.0,11.61,1.66,0.0
20140601:0510,28.25,48.1,10.12,11.61,1.52,0.0
20140601:0610,105.63,165.13,19.02,12.68,1.31,0.0
20140601:0710,283.83,364.32,28.29,14.27,1.52,0.0
20140601:0810,461.51,575.76,37.56,15.86,1.38,0.0
20140601:0910,608.59,766.78,46.37,16.92,1.79,0.0
20140601:1010,576.45,731.05,53.97,17.45,1.59,0.0
20140601:1110,571.87,730.59,59.15,17.98,1.38,0.0
20140601:1210,593.73,763.9,60.44,18.51,1.31,0.0
20140601:1310,402.8,512.22,57.34,19.04,1.03,0.0
20140601:1410,348.13,441.89,50.96,18.51,0.76,0.0
20140601:1510,258.49,330.59,42.72,18.51,0.48,0.0
20140601:1610,224.09,288.63,33.65,18.51,0.62,0.0
20140601:1710,108.15,148.62,24.33,18.51,0.76,0.0
20140601:1810,67.51,101.44,15.18,17.98,0.83,0.0
20140601:1910,17.04,34.1,6.54,17.45,1.38,0.0
20140601:2010,0.0,0.0,0.0,16.39,1.93,0.0
20140601:2110,0.0,0.0,0.0,14.8,1.93,0.0
20140601:2210,0.0,0.0,0.0,14.27,1.79,0.0
20140601:2310,0.0,0.0,0.0,13.74,1.66,0.0
20140602:0010,0.0,0.0,0.0,13.21,1.52,0.0
20140602:0110,0.0,0.0,0.0,12.68,1.38,0.0
20140602:0210,0.0,0.0,0.0,12.15,1.38,0.0
20140602:0310,0.0,0.0,0.0,12.15,1.45,0.0
20140602:0410,0.0,0.0,0.0,12.15,1.38,0.0
20140602:0510,37.18,59.46,10.21,12.15,1.31,0.0
20140602:0610,75.3,106.45,19.1,13.21,1.45,0.0
20140602:0710,189.79,242.64,28.36,13.74,1.1,0.0
20140602:0810,389.62,482.35,37.64,14.27,1.17,0.0
20140602:0910,446.24,554.23,46.46,15.86,1.66,0.0
20140602:1010,530.88,666.19,54.07,16.92,1.86,0.0
20140602:1110,518.15,652.6,59.27,17.98,2.07,0.0
20140602:1210,403.65,506.26,60.58,18.51,2.34,0.0
20140602:1310,223.62,285.58,57.48,18.51,2.28,0.0
20140602:1410,292.51,369.87,51.09,19.04,2.07,0.0
20140602:1510,178.21,231.62,42.85,19.04,2.14,0.0
20140602:1610,139.08,184.63,33.77,19.04,2.62,0.0
20140602:1710,121.24,163.92,24.45,18.51,3.1,0.0
20140602:1810,64.0,95.48,15.3,17.45,2.83,0.0
20140602:1910,4.93,15.74,6.66,16.39,3.1,0.0
20140602:2010,0.0,0.0,0.0,15.33,2.69,0.0
20140602:2110,0.0,0.0,0.0,14.27,2.41,0.0
20140602:2210,0.0,0.0,0.0,13.21,2.34,0.0
20140602:2310,0.0,0.0,0.0,12.15,2.14,0.0
20140603:0010,0.0,0.0,0.0,11.61,2.21,0.0
20140603:0110,0.0,0.0,0.0,11.61,2.34,0.0
20140603:0210,0.0,0.0,0.0,11.61,2.41,0.0
20140603:0310,0.0,0.0,0.0,12.15,3.52,0.0
20140603:0410,0.0,0.0,0.0,12.68,3.03,0.0
20140603:0510,5.04,15.74,10.28,12.68,3.31,0.0
20140603:0610,18.97,36.16,19.17,13.21,3.45,0.0
20140603:0710,81.48,113.11,28.43,13.74,2.97,0.0
20140603:0810,146.45,189.24,37.71,14.27,3.03,0.0
20140603:0910,132.74,173.37,46.53,14.27,2.83,0.0
20140603:1010,159.43,204.89,54.16,14.8,2.97,0.0
20140603:1110,194.66,246.61,59.38,15.33,3.1,0.0
20140603:1210,233.01,292.11,60.7,15.86,3.45,0.0
20140603:1310,516.64,636.12,57.61,16.39,3.66,0.0
20140603:1410,421.04,517.14,51.21,16.39,3.59,0.0
20140603:1510,214.37,271.27,42.97,16.92,3.24,0.0
20140603:1610,188.16,241.19,33.89,17.45,3.1,0.0
20140603:1710,189.5,253.55,24.57,16.92,2.9,0.0
20140603:1810,58.58,87.65,15.42,16.39,2.34,0.0
20140603:1910,7.64,20.11,6.79,15.33,2.28,0.0
20140603:2010,0.0,0.0,0.0,14.27,2.28,0.0
20140603:2110,0.0,0.0,0.0,13.21,2.07,0.0
20140603:2210,0.0,0.0,0.0,13.21,2.07,0.0
20140603:2310,0.0,0.0,0.0,12.15,2.21,0.0
20140604:0010,0.0,0.0,0.0,12.15,2.07,0.0
20140604:0110,0.0,0.0,0.0,12.15,2.0,0.0
20140604:0210,0.0,0.0,0.0,11.61,1.93,0.0
20140604:0310,0.0,0.0,0.0,11.61,1.66,0.0
20140604:0410,0.0,0.0,0.0,11.09,1.59,0.0
20140604:0510,7.84,20.11,10.35,11.09,1.59,0.0
20140604:0610,104.36,143.31,19.24,11.61,1.86,0.0
20140604:0710,77.4,107.54,28.5,11.61,1.59,0.0
20140604:0810,303.4,372.08,37.78,12.15,1.52,0.0
20140604:0910,448.49,549.25,46.61,12.68,1.52,0.0
20140604:1010,99.72,134.43,54.25,13.21,1.93,0.0
20140604:1110,123.89,163.17,59.49,14.27,2.48,0.0
20140604:1210,254.31,316.31,60.83,14.8,2.97,0.0
20140604:1310,280.86,348.0,57.74,15.33,3.31,0.0
20140604:1410,80.91,113.11,51.33,15.33,3.45,0.0
20140604:1510,289.82,354.5,43.09,14.27,4.55,0.0
20140604:1610,362.96,440.51,34.0,13.21,4.69,0.0
20140604:1710,200.97,264.83,24.68,13.21,4.28,0.0
20140604:1810,62.43,103.14,15.54,12.68,4.62,0.0
20140604:1910,16.32,32.35,6.9,11.61,4.41,0.0
20140604:2010,0.0,0.0,0.0,10.55,3.79,0.0
20140604:2110,0.0,0.0,0.0,10.02,3.31,0.0
20140604:2210,0.0,0.0,0.0,9.49,3.1,0.0
20140604:2310,0.0,0.0,0.0,8.96,3.45,0.0
20140605:0010,0.0,0.0,0.0,9.49,4.07,0.0
20140605:0110,0.0,0.0,0.0,9.49,4.83,0.0
20140605:0210,0.0,0.0,0.0,9.49,5.03,0.0
20140605:0310,0.0,0.0,0.0,9.49,5.1,0.0
20140605:0410,0.0,0.0,0.0,9.49,4.83,0.0
20140605:0510,32.81,53.34,10.42,9.49,4.69,0.0
20140605:0610,102.33,165.18,19.3,9.49,3.86,0.0
20140605:0710,298.56,373.25,28.55,11.61,5.38,0.0
20140605:0810,486.1,581.27,37.84,13.21,5.66,0.0
20140605:0910,557.49,669.69,46.67,14.27,5.52,0.0
20140605:1010,398.3,483.2,54.33,15.33,5.59,0.0
20140605:1110,176.54,225.29,59.59,16.39,5.52,0.0
20140605:1210,661.35,812.34,60.94,16.39,5.17,0.0
20140605:1310,525.43,643.15,57.86,17.45,5.52,0.0
20140605:1410,657.0,805.82,51.45,17.45,5.45,0.0
20140605:1510,453.62,553.52,43.2,17.45,5.38,0.0
20140605:1610,334.02,412.39,34.11,16.92,5.17,0.0
20140605:1710,162.35,213.19,24.79,16.39,4.9,0.0
20140605:1810,51.27,95.94,15.65,15.86,4.21,0.0
20140605:1910,20.52,38.48,7.02,14.8,3.66,0.0
20140605:2010,0.0,0.0,0.0,13.21,3.17,0.0
20140605:2110,0.0,0.0,0.0,12.15,2.69,0.0
20140605:2210,0.0,0.0,0.0,11.09,2.28,0.0
20140605:2310,0.0,0.0,0.0,10.55,1.79,0.0
20140606:0010,0.0,0.0,0.0,10.02,1.24,0.0
20140606:0110,0.0,0.0,0.0,9.49,1.45,0.0
20140606:0210,0.0,0.0,0.0,8.96,1.45,0.0
20140606:0310,0.0,0.0,0.0,8.43,1.66,0.0
20140606:0410,0.0,0.0,0.0,7.37,2.07,0.0
20140606:0510,35.76,56.84,10.48,8.43,1.72,0.0
20140606:0610,101.39,138.48,19.35,10.55,1.66,0.0
20140606:0710,292.27,373.26,28.6,13.21,2.0,0.0
20140606:0810,474.01,581.29,37.89,14.8,2.69,0.0
20140606:0910,599.57,741.87,46.73,16.92,3.31,0.0
20140606:1010,709.89,892.08,54.4,18.51,3.79,0.0
20140606:1110,794.14,1013.13,59.68,19.57,3.93,0.0
20140606:1210,812.83,1040.24,61.05,20.1,4.14,0.0
20140606:1310,782.98,997.44,57.97,20.63,4.34,0.0
20140606:1410,714.08,897.28,51.56,20.63,4.69,0.0
20140606:1510,586.61,728.29,43.31,20.63,4.9,0.0
20140606:1610,416.33,520.6,34.22,20.1,5.1,0.0
20140606:1710,205.48,283.79,24.9,20.1,4.97,0.0
20140606:1810,46.15,72.45,15.75,19.04,4.21,0.0
20140606:1910,16.44,33.23,7.13,17.45,4.14,0.0
20140606:2010,0.0,0.0,0.0,16.39,3.93,0.0
20140606:2110,0.0,0.0,0.0,15.33,4.0,0.0
20140606:2210,0.0,0.0,0.0,15.33,4.0,0.0
20140606:2310,0.0,0.0,0.0,15.33,3.66,0.0
20140607:0010,0.0,0.0,0.0,15.33,3.59,0.0
20140607:0110,0.0,0.0,0.0,15.33,3.59,0.0
20140607:0210,0.0,0.0,0.0,15.33,3.24,0.0
20140607:0310,0.0,0.0,0.0,14.8,3.24,0.0
20140607:0410,0.0,2.62,2.38,14.8,3.17,0.0
20140607:0510,2.08,10.49,10.53,15.33,3.1,0.0
20140607:0610,9.55,23.18,19.4,16.92,3.1,0.0
20140607:0710,32.69,54.7,28.65,16.39,2.28,0.0
20140607:0810,129.41,172.44,37.94,17.98,2.28,0.0
20140607:0910,36.58,60.26,46.79,19.04,3.03,0.0
20140607:1010,129.61,173.37,54.47,19.57,3.72,0.0
20140607:1110,534.08,667.22,59.77,19.57,4.0,0.0
20140607:1210,667.42,839.45,61.15,19.57,4.28,0.0
20140607:1310,466.7,584.44,58.08,20.1,3.66,0.0
20140607:1410,519.97,653.55,51.66,20.63,3.45,0.0
20140607:1510,450.17,564.12,43.41,21.16,3.72,0.0
20140607:1610,360.29,454.43,34.32,20.63,3.86,0.0
20140607:1710,208.0,289.91,25.0,20.1,3.72,0.0
20140607:1810,48.78,95.92,15.86,20.1,3.31,0.0
20140607:1910,20.05,38.48,7.23,19.04,2.55,0.0
20140607:2010,0.0,0.0,0.0,16.92,2.34,0.0
20140607:2110,0.0,0.0,0.0,15.33,2.34,0.0
20140607:2210,0.0,0.0,0.0,14.27,2.21,0.0
20140607:2310,0.0,0.0,0.0,12.68,2.0,0.0
20140608:0010,0.0,0.0,0.0,11.61,1.72,0.0
20140608:0110,0.0,0.0,0.0,10.55,1.66,0.0
20140608:0210,0.0,0.0,0.0,10.02,1.66,0.0
20140608:0310,0.0,0.0,0.0,10.02,1.59,0.0
20140608:0410,0.0,1.75,2.44,10.02,1.45,0.0
20140608:0510,40.92,63.84,10.58,11.09,1.1,0.0
20140608:0610,101.44,165.92,19.44,13.21,1.1,0.0
20140608:0710,290.2,377.56,28.69,16.39,1.72,0.0
20140608:0810,476.05,595.45,37.98,17.98,2.21,0.0
20140608:0910,625.85,790.99,46.84,19.57,2.69,0.0
20140608:1010,705.6,896.31,54.53,20.1,3.52,0.0
20140608:1110,803.76,1036.75,59.85,21.16,3.79,0.0
20140608:1210,792.33,1021.43,61.25,21.69,4.07,0.0
20140608:1310,744.09,956.32,58.18,22.22,4.0,0.0
20140608:1410,671.09,857.74,51.77,22.22,3.52,0.0
20140608:1510,580.66,736.06,43.51,22.22,3.24,0.0
20140608:1610,296.06,379.51,34.42,22.22,2.76,0.0
20140608:1710,199.42,275.9,25.1,21.69,2.55,0.0
20140608:1810,44.44,93.4,15.96,21.16,2.07,0.0
20140608:1910,19.86,38.48,7.33,20.63,0.97,0.0
20140608:2010,0.0,0.0,0.0,19.04,1.66,0.0
20140608:2110,0.0,0.0,0.0,16.92,2.28,0.0
20140608:2210,0.0,0.0,0.0,15.86,2.48,0.0
20140608:2310,0.0,0.0,0.0,14.8,2.48,0.0
20140609:0010,0.0,0.0,0.0,14.8,2.48,0.0
20140609:0110,0.0,0.0,0.0,14.8,2.62,0.0
20140609:0210,0.0,0.0,0.0,14.27,2.55,0.0
20140609:0310,0.0,0.0,0.0,13.74,2.34,0.0
20140609:0410,1.67,9.62,2.48,13.74,2.14,0.0
20140609:0510,39.69,62.96,10.62,13.74,1.59,0.0
20140609:0610,90.33,126.71,19.48,15.86,1.38,0.0
20140609:0710,93.71,129.79,28.73,17.98,2.76,0.0
20140609:0810,155.6,205.19,38.01,20.1,2.76,0.0
20140609:0910,381.02,480.83,46.88,21.16,2.9,0.0
20140609:1010,168.88,223.43,54.59,22.75,3.45,0.0
20140609:1110,764.56,1000.85,59.92,23.28,3.24,0.0
20140609:1210,695.8,907.16,61.34,23.81,3.24,0.0
20140609:1310,740.86,961.85,58.28,23.28,3.59,0.0
20140609:1410,600.28,770.12,51.86,22.22,2.69,0.0
20140609:1510,319.47,408.01,43.6,22.75,2.69,0.0
20140609:1610,103.4,144.63,34.51,23.28,2.69,0.0
20140609:1710,95.52,134.9,25.19,22.75,2.48,0.0
20140609:1810,62.44,94.34,16.05,21.16,2.21,0.0
20140609:1910,18.05,35.85,7.43,20.1,2.28,0.0
20140609:2010,0.0,0.0,0.0,19.04,2.07,0.0
20140609:2110,0.0,0.0,0.0,17.98,2.69,0.0
20140609:2210,0.0,0.0,0.0,16.92,2.48,0.0
20140609:2310,0.0,0.0,0.0,16.39,2.14,0.0
20140610:0010,0.0,0.0,0.0,15.33,2.21,0.0
20140610:0110,0.0,0.0,0.0,14.27,2.14,0.0
20140610:0210,0.0,0.0,0.0,13.74,1.93,0.0
20140610:0310,0.0,0.0,0.0,13.21,1.93,0.0
20140610:0410,2.58,11.37,2.53,12.15,1.93,0.0
20140610:0510,28.78,48.97,10.65,12.68,1.72,0.0
20140610:0610,98.9,165.17,19.51,14.27,1.86,0.0
20140610:0710,263.81,339.31,28.75,16.39,2.34,0.0
20140610:0810,480.94,594.68,38.04,17.45,3.31,0.0
20140610:0910,635.86,785.76,46.91,18.51,4.55,0.0
20140610:1010,759.34,945.15,54.63,19.04,5.45,0.0
20140610:1110,797.67,999.95,59.99,19.57,5.72,0.0
20140610:1210,808.32,1015.58,61.42,20.1,6.0,0.0
20140610:1310,797.41,998.3,58.37,20.1,6.07,0.0
20140610:1410,713.49,884.5,51.95,20.1,6.14,0.0
20140610:1510,561.12,688.58,43.69,19.57,6.07,0.0
20140610:1610,393.69,488.58,34.6,19.04,5.66,0.0
20140610:1710,214.12,294.9,25.28,18.51,5.24,0.0
20140610:1810,57.64,103.96,16.14,17.98,4.62,0.0
20140610:1910,20.94,39.35,7.52,16.92,4.07,0.0
20140610:2010,0.0,0.0,0.0,15.86,3.52,0.0
20140610:2110,0.0,0.0,0.0,14.27,3.31,0.0
20140610:2210,0.0,0.0,0.0,13.21,3.17,0.0
20140610:2310,0.0,0.0,0.0,12.68,3.03,0.0
20140611:0010,0.0,0.0,0.0,11.61,2.97,0.0
20140611:0110,0.0,0.0,0.0,11.09,2.83,0.0
20140611:0210,0.0,0.0,0.0,11.09,2.69,0.0
20140611:0310,0.0,0.0,0.0,10.55,2.55,0.0
20140611:0410,1.3,8.74,2.56,10.02,2.34,0.0
20140611:0510,32.58,53.34,10.68,10.55,2.07,0.0
20140611:0610,100.74,165.11,19.53,12.68,2.55,0.0
20140611:0710,292.07,373.18,28.78,14.27,3.24,0.0
20140611:0810,468.67,573.37,38.07,15.33,3.38,0.0
20140611:0910,606.74,749.03,46.95,16.92,3.59,0.0
20140611:1010,648.09,806.79,54.68,17.45,3.72,0.0
20140611:1110,595.95,744.82,60.04,18.51,3.72,0.0
20140611:1210,657.75,826.43,61.5,18.51,3.72,0.0
20140611:1310,627.51,790.87,58.45,19.57,3.59,0.0
20140611:1410,536.77,672.45,52.04,19.57,3.31,0.0
20140611:1510,348.37,436.81,43.78,19.57,2.9,0.0
20140611:1610,221.18,283.82,34.68,19.57,2.41,0.0
20140611:1710,161.75,216.37,25.36,19.57,2.14,0.0
20140611:1810,74.32,110.54,16.22,19.57,1.72,0.0
20140611:1910,23.25,42.85,7.6,19.04,1.31,0.0
20140611:2010,0.0,0.0,0.0,17.45,1.31,0.0
20140611:2110,0.0,0.0,0.0,15.86,1.38,0.0
20140611:2210,0.0,0.0,0.0,14.8,1.38,0.0
20140611:2310,0.0,0.0,0.0,13.74,1.38,0.0
20140612:0010,0.0,0.0,0.0,12.68,1.66,0.0
20140612:0110,0.0,0.0,0.0,11.61,1.86,0.0
20140612:0210,0.0,0.0,0.0,11.09,2.0,0.0
20140612:0310,0.0,0.0,0.0,10.55,2.0,0.0
20140612:0410,0.9,7.87,2.59,10.02,2.0,0.0
20140612:0510,41.77,64.71,10.71,10.55,1.59,0.0
20140612:0610,105.77,166.36,19.55,13.74,1.24,0.0
20140612:0710,281.11,367.42,28.8,16.39,0.83,0.0
20140612:0810,453.81,579.31,38.09,18.51,0.62,0.0
20140612:0910,404.12,517.41,46.97,20.1,0.69,0.0
20140612:1010,490.03,637.43,54.71,20.1,0.28,0.0
20140612:1110,616.11,823.44,60.1,20.63,0.21,0.0
20140612:1210,632.23,854.19,61.57,21.16,0.07,0.0
20140612:1310,662.23,891.32,58.53,21.69,0.48,0.0
20140612:1410,594.06,782.47,52.12,22.22,0.9,0.0
20140612:1510,526.7,686.54,43.86,22.75,0.97,0.0
20140612:1610,378.39,490.98,34.76,22.75,1.24,0.0
20140612:1710,192.92,265.0,25.44,22.22,1.52,0.0
20140612:1810,71.61,107.37,16.3,21.69,1.86,0.0
20140612:1910,5.28,16.61,7.68,21.16,1.93,0.0
20140612:2010,0.0,0.0,0.0,19.57,1.86,0.0
20140612:2110,0.0,0.0,0.0,17.98,2.0,0.0
20140612:2210,0.0,0.0,0.0,15.86,1.66,0.0
20140612:2310,0.0,0.0,0.0,14.8,1.38,0.0
20140613:0010,0.0,0.0,0.0,14.8,0.97,0.0
20140613:0110,0.0,0.0,0.0,14.8,0.28,0.0
20140613:0210,0.0,0.0,0.0,14.8,0.28,0.0
20140613:0310,0.0,0.0,0.0,14.27,0.76,0.0
20140613:0410,1.67,9.62,2.62,13.74,1.03,0.0
20140613:0510,32.79,54.22,10.73,13.21,0.97,0.0
20140613:0610,101.85,165.62,19.57,15.33,1.03,0.0
20140613:0710,282.08,369.86,28.81,17.45,1.24,0.0
20140613:0810,459.93,584.21,38.1,19.57,1.45,0.0
20140613:0910,594.7,766.81,46.99,20.63,1.45,0.0
20140613:1010,584.17,759.87,54.74,21.69,1.45,0.0
20140613:1110,645.17,849.65,60.14,22.22,1.52,0.0
20140613:1210,547.37,713.23,61.63,22.75,1.59,0.0
20140613:1310,464.6,598.06,58.6,22.75,1.93,0.0
20140613:1410,412.19,528.39,52.19,23.28,2.28,0.0
20140613:1510,229.56,297.72,43.93,22.75,2.55,0.0
20140613:1610,160.0,212.61,34.84,22.22,2.55,0.0
20140613:1710,144.7,196.3,25.52,22.22,2.55,0.0
20140613:1810,46.19,97.56,16.38,21.69,2.14,0.0
20140613:1910,19.19,37.6,7.76,21.16,1.93,0.0
20140613:2010,0.0,0.0,0.0,20.1,2.07,0.0
20140613:2110,0.0,0.0,0.0,18.51,2.34,0.0
20140613:2210,0.0,0.0,0.0,17.45,2.07,0.0
20140613:2310,0.0,0.0,0.0,16.92,1.93,0.0
20140614:0010,0.0,0.0,0.0,15.86,1.86,0.0
20140614:0110,0.0,0.0,0.0,15.33,1.86,0.0
20140614:0210,0.0,0.0,0.0,14.8,1.86,0.0
20140614:0310,0.0,0.0,0.0,14.27,1.66,0.0
20140614:0410,2.09,10.49,2.63,14.27,1.52,0.0
20140614:0510,38.89,62.09,10.74,14.27,1.59,0.0
20140614:0610,84.22,118.21,19.58,15.33,2.07,0.0
20140614:0710,151.36,197.6,28.82,16.39,2.55,0.0
20140614:0810,280.57,350.27,38.11,17.45,3.45,0.0
20140614:0910,223.73,284.26,47.0,18.51,3.45,0.0
20140614:1010,120.07,161.32,54.76,18.51,3.52,0.0
20140614:1110,182.05,235.48,60.18,19.04,3.38,0.0
20140614:1210,121.46,163.17,61.68,19.04,4.21,0.0
20140614:1310,218.88,279.66,58.67,19.57,4.0,0.0
20140614:1410,96.8,134.43,52.26,20.1,4.21,0.0
20140614:1510,118.58,160.39,44.0,20.1,4.62,0.0
20140614:1610,289.78,365.16,34.91,20.1,4.62,0.0
20140614:1710,194.44,260.04,25.59,19.57,4.34,0.0
20140614:1810,78.02,117.02,16.45,19.04,4.07,0.0
20140614:1910,22.83,41.97,7.83,17.45,3.79,0.0
20140614:2010,0.0,0.0,0.0,16.39,3.52,0.0
20140614:2110,0.0,0.0,0.0,14.8,3.38,0.0
20140614:2210,0.0,0.0,0.0,13.74,3.38,0.0
20140614:2310,0.0,0.0,0.0,13.21,3.45,0.0
20140615:0010,0.0,0.0,0.0,13.21,3.59,0.0
20140615:0110,0.0,0.0,0.0,12.68,3.66,0.0
20140615:0210,0.0,0.0,0.0,12.68,3.17,0.0
20140615:0310,0.0,0.0,0.0,12.68,2.9,0.0
20140615:0410,0.0,1.75,2.65,12.68,3.38,0.0
20140615:0510,10.08,23.61,10.74,12.68,3.31,0.0
20140615:0610,60.79,88.08,19.58,12.68,4.21,0.0
20140615:0710,88.73,121.45,28.82,13.74,4.14,0.0
20140615:0810,145.19,187.36,38.11,14.27,4.21,0.0
20140615:0910,90.68,124.23,47.01,14.8,4.48,0.0
20140615:1010,115.82,153.9,54.78,15.33,4.76,0.0
20140615:1110,101.06,137.21,60.21,16.39,5.17,0.0
20140615:1210,160.98,207.67,61.73,16.92,5.38,0.0
20140615:1310,100.57,137.21,58.73,17.45,5.45,0.0
20140615:1410,270.31,337.12,52.33,17.98,5.45,0.0
20140615:1510,143.91,188.2,44.07,17.45,5.17,0.0
20140615:1610,78.86,111.25,34.97,16.92,4.97,0.0
20140615:1710,60.31,89.0,25.65,16.92,4.62,0.0
20140615:1810,22.08,40.79,16.52,16.39,4.34,0.0
20140615:1910,13.52,28.86,7.89,15.33,3.79,0.0
20140615:2010,0.0,0.0,0.0,14.8,3.66,0.0
20140615:2110,0.0,0.0,0.0,13.74,3.31,0.0
20140615:2210,0.0,0.0,0.0,13.21,3.03,0.0
20140615:2310,0.0,0.0,0.0,12.68,3.03,0.0
20140616:0010,0.0,0.0,0.0,12.15,2.97,0.0
20140616:0110,0.0,0.0,0.0,11.61,2.76,0.0
20140616:0210,0.0,0.0,0.0,11.61,2.83,0.0
20140616:0310,0.0,0.0,0.0,12.15,2.83,0.0
20140616:0410,0.51,7.0,2.65,12.15,3.17,0.0
20140616:0510,11.3,25.36,10.75,12.15,3.52,0.0
20140616:0610,38.56,61.19,19.58,12.68,3.93,0.0
20140616:0710,115.82,152.73,28.81,13.21,4.07,0.0
20140616:0810,227.29,281.85,38.11,13.74,4.0,0.0
20140616:0910,168.4,214.36,47.01,14.27,3.93,0.0
20140616:1010,139.56,181.71,54.79,15.33,4.14,0.0
20140616:1110,105.16,141.85,60.24,15.86,4.28,0.0
20140616:1210,95.21,130.72,61.77,16.92,4.41,0.0
20140616:1310,188.03,240.12,58.78,17.45,4.83,0.0
20140616:1410,403.31,493.85,52.39,16.92,4.9,0.0
20140616:1510,165.5,212.48,44.13,16.39,5.24,0.0
20140616:1610,212.51,267.41,35.04,16.39,5.1,0.0
20140616:1710,115.06,153.46,25.72,15.33,4.76,0.0
20140616:1810,33.01,54.7,16.58,14.8,4.69,0.0
20140616:1910,7.7,20.11,7.95,14.27,4.14,0.0
20140616:2010,0.0,0.0,0.0,13.74,4.0,0.0
20140616:2110,0.0,0.0,0.0,13.21,3.93,0.0
20140616:2210,0.0,0.0,0.0,13.21,3.79,0.0
20140616:2310,0.0,0.0,0.0,12.68,3.72,0.0
20140617:0010,0.0,0.0,0.0,12.15,3.66,0.0
20140617:0110,0.0,0.0,0.0,12.15,3.52,0.0
20140617:0210,0.0,0.0,0.0,11.61,3.38,0.0
20140617:0310,0.0,0.0,0.0,11.09,3.45,0.0
20140617:0410,0.0,3.5,2.65,11.61,3.24,0.0
20140617:0510,21.54,39.35,10.74,11.61,4.07,0.0
20140617:0610,65.09,93.11,19.57,12.15,4.62,0.0
20140617:0710,173.14,219.14,28.81,12.68,4.76,0.0
20140617:0810,314.83,381.89,38.1,13.21,4.76,0.0
20140617:0910,537.3,646.87,47.01,13.74,4.62,0.0
20140617:1010,707.63,866.35,54.79,15.33,4.83,0.0
20140617:1110,790.24,979.07,60.25,15.86,4.83,0.0
20140617:1210,819.7,1026.7,61.81,16.92,4.62,0.0
20140617:1310,780.04,975.93,58.83,17.98,4.76,0.0
20140617:1410,674.84,835.8,52.44,18.51,4.97,0.0
20140617:1510,502.62,617.36,44.18,18.51,4.97,0.0
20140617:1610,310.1,386.49,35.09,18.51,4.97,0.0
20140617:1710,163.9,215.61,25.77,17.98,4.97,0.0
20140617:1810,80.12,117.73,16.63,16.92,4.69,0.0
20140617:1910,21.65,40.23,8.01,16.39,4.14,0.0
20140617:2010,0.0,0.0,0.0,14.8,3.86,0.0
20140617:2110,0.0,0.0,0.0,13.74,3.72,0.0
20140617:2210,0.0,0.0,0.0,12.68,3.52,0.0
20140617:2310,0.0,0.0,0.0,12.15,3.24,0.0
20140618:0010,0.0,0.0,0.0,12.15,2.9,0.0
20140618:0110,0.0,0.0,0.0,12.15,2.76,0.0
20140618:0210,0.0,0.0,0.0,12.68,2.69,0.0
20140618:0310,0.0,0.0,0.0,12.68,2.55,0.0
20140618:0410,0.16,6.12,2.65,13.21,2.21,0.0
20140618:0510,19.33,36.73,10.73,13.74,3.1,0.0
20140618:0610,68.65,98.13,19.56,13.74,4.28,0.0
20140618:0710,101.84,137.09,28.79,14.27,4.14,0.0
20140618:0810,134.42,175.22,38.09,14.8,4.48,0.0
20140618:0910,142.37,185.42,47.0,15.86,4.07,0.0
20140618:1010,86.02,119.6,54.79,16.39,4.14,0.0
20140618:1110,405.84,500.99,60.27,17.45,4.07,0.0
20140618:1210,594.69,739.88,61.84,17.98,4.0,0.0
20140618:1310,584.55,728.41,58.87,18.51,3.93,0.0
20140618:1410,487.15,604.73,52.49,19.04,4.0,0.0
20140618:1510,572.79,711.04,44.24,19.04,3.86,0.0
20140618:1610,317.82,398.15,35.14,19.04,4.0,0.0
20140618:1710,215.61,292.47,25.82,18.51,3.66,0.0
20140618:1810,52.48,103.92,16.68,17.98,3.31,0.0
20140618:1910,24.11,43.72,8.06,17.45,2.14,0.0
20140618:2010,0.0,0.0,0.0,16.39,1.66,0.0
20140618:2110,0.0,0.0,0.0,14.8,1.72,0.0
20140618:2210,0.0,0.0,0.0,12.68,1.38,0.0
20140618:2310,0.0,0.0,0.0,12.15,1.17,0.0
20140619:0010,0.0,0.0,0.0,11.61,0.97,0.0
20140619:0110,0.0,0.0,0.0,11.61,0.69,0.0
20140619:0210,0.0,0.0,0.0,11.61,0.34,0.0
20140619:0310,0.0,0.0,0.0,11.09,0.48,0.0
20140619:0410,1.29,8.74,2.64,10.55,1.1,0.0
20140619:0510,33.94,55.09,10.72,10.55,0.9,0.0
20140619:0610,99.96,162.8,19.54,13.21,0.9,0.0
20140619:0710,282.3,368.15,28.77,15.86,1.24,0.0
20140619:0810,440.0,551.16,38.07,17.45,1.72,0.0
20140619:0910,559.12,705.58,46.98,19.04,2.21,0.0
20140619:1010,424.52,535.63,54.78,20.1,2.41,0.0
20140619:1110,340.87,431.06,60.27,20.63,2.9,0.0
20140619:1210,194.86,253.1,61.86,21.16,3.52,0.0
20140619:1310,56.01,85.29,58.9,21.16,3.79,0.0
20140619:1410,224.19,286.19,52.53,20.1,4.48,0.0
20140619:1510,122.79,165.02,44.28,19.57,4.62,0.0
20140619:1610,69.56,101.05,35.19,19.04,4.48,0.0
20140619:1710,60.73,89.93,25.87,17.98,4.14,0.0
20140619:1810,31.92,53.77,16.73,16.92,3.93,0.0
20140619:1910,8.18,20.99,8.1,15.86,3.52,0.0
20140619:2010,0.0,0.0,0.0,15.33,2.62,0.0
20140619:2110,0.0,0.0,0.0,14.27,2.21,0.0
20140619:2210,0.0,0.0,0.0,12.68,1.93,0.0
20140619:2310,0.0,0.0,0.0,11.61,1.59,0.0
20140620:0010,0.0,0.0,0.0,10.55,1.24,0.0
20140620:0110,0.0,0.0,0.0,10.55,1.24,0.0
20140620:0210,0.0,0.0,0.0,10.02,1.45,0.0
20140620:0310,0.0,0.0,0.0,10.02,1.31,0.0
20140620:0410,0.0,4.37,2.62,11.09,1.17,0.0
20140620:0510,34.37,55.97,10.7,12.15,1.03,0.0
20140620:0610,64.62,93.1,19.52,12.68,1.1,0.0
20140620:0710,163.18,210.37,28.75,13.74,1.17,0.0
20140620:0810,134.0,175.22,38.05,13.74,1.1,0.0
20140620:0910,500.17,622.78,46.96,14.27,1.03,0.0
20140620:1010,574.61,728.52,54.77,15.33,0.9,0.0
20140620:1110,280.01,353.43,60.27,15.86,0.55,0.0
20140620:1210,628.89,820.4,61.87,16.39,0.34,0.0
20140620:1310,346.6,439.26,58.93,16.92,0.34,0.0
20140620:1410,414.06,526.03,52.57,17.98,0.62,0.0
20140620:1510,507.98,651.82,44.32,18.51,0.48,0.0
20140620:1610,254.33,327.15,35.23,19.04,0.41,0.0
20140620:1710,92.47,129.57,25.91,19.04,0.48,0.0
20140620:1810,72.06,106.48,16.77,19.04,0.97,0.0
20140620:1910,20.68,39.35,8.14,19.04,1.45,0.0
20140620:2010,0.0,0.0,0.0,17.98,2.21,0.0
20140620:2110,0.0,0.0,0.0,16.92,2.62,0.0
20140620:2210,0.0,0.0,0.0,15.86,2.97,0.0
20140620:2310,0.0,0.0,0.0,14.8,3.03,0.0
20140621:0010,0.0,0.0,0.0,14.27,3.03,0.0
20140621:0110,0.0,0.0,0.0,14.27,2.9,0.0
20140621:0210,0.0,0.0,0.0,13.74,2.62,0.0
20140621:0310,0.0,0.0,0.0,13.21,2.41,0.0
20140621:0410,1.69,9.62,2.6,12.68,2.14,0.0
20140621:0510,38.5,61.21,10.67,12.68,1.79,0.0
20140621:0610,101.51,161.82,19.49,13.74,1.86,0.0
20140621:0710,279.69,362.61,28.72,15.33,1.66,0.0
20140621:0810,464.33,582.39,38.02,16.92,1.45,0.0
20140621:0910,631.68,802.16,46.93,17.98,1.72,0.0
20140621:1010,724.48,934.67,54.75,19.57,2.28,0.0
20140621:1110,774.58,1003.47,60.26,20.63,3.03,0.0
20140621:1210,632.38,806.52,61.88,21.16,3.38,0.0
20140621:1310,551.68,697.71,58.96,21.16,3.52,0.0
20140621:1410,594.2,754.12,52.6,21.69,3.45,0.0
20140621:1510,508.25,640.39,44.36,21.16,3.1,0.0
20140621:1610,375.8,476.63,35.27,21.16,3.03,0.0
20140621:1710,206.5,280.61,25.95,21.16,3.03,0.0
20140621:1810,64.41,114.01,16.8,20.63,2.69,0.0
20140621:1910,25.72,46.35,8.17,20.1,1.66,0.0
20140621:2010,0.0,0.0,0.0,19.04,2.0,0.0
20140621:2110,0.0,0.0,0.0,17.98,2.9,0.0
20140621:2210,0.0,0.0,0.0,16.39,2.76,0.0
20140621:2310,0.0,0.0,0.0,15.33,2.69,0.0
20140622:0010,0.0,0.0,0.0,14.8,2.28,0.0
20140622:0110,0.0,0.0,0.0,14.27,2.07,0.0
20140622:0210,0.0,0.0,0.0,14.27,1.86,0.0
20140622:0310,0.0,0.0,0.0,13.74,1.72,0.0
20140622:0410,0.0,1.75,2.57,13.74,1.59,0.0
20140622:0510,40.99,64.71,10.64,14.27,1.45,0.0
20140622:0610,106.08,163.13,19.45,15.33,1.52,0.0
20140622:0710,254.2,328.66,28.69,16.39,1.66,0.0
20140622:0810,421.97,528.07,37.99,17.45,1.79,0.0
20140622:0910,618.23,786.18,46.9,19.04,1.93,0.0
20140622:1010,712.7,922.91,54.72,20.1,2.14,0.0
20140622:1110,711.94,936.55,60.24,21.16,1.79,0.0
20140622:1210,622.53,820.4,61.88,21.69,1.17,0.0
20140622:1310,507.59,660.76,58.97,22.22,1.1,0.0
20140622:1410,410.46,526.07,52.62,21.69,1.45,0.0
20140622:1510,184.76,242.69,44.39,21.69,1.79,0.0
20140622:1610,218.33,283.71,35.3,21.69,1.86,0.0
20140622:1710,208.68,285.6,25.98,21.16,1.79,0.0
20140622:1810,72.71,120.04,16.83,20.63,1.59,0.0
20140622:1910,25.07,45.47,8.2,20.1,1.86,0.0
20140622:2010,0.0,0.0,0.0,19.04,1.86,0.0
20140622:2110,0.0,0.0,0.0,17.98,1.86,0.0
20140622:2210,0.0,0.0,0.0,16.39,1.86,0.0
20140622:2310,0.0,0.0,0.0,15.33,1.79,0.0
20140623:0010,0.0,0.0,0.0,14.27,1.79,0.0
20140623:0110,0.0,0.0,0.0,13.21,1.66,0.0
20140623:0210,0.0,0.0,0.0,12.68,1.45,0.0
20140623:0310,0.0,0.0,0.0,12.68,1.31,0.0
20140623:0410,1.69,9.62,2.53,12.15,1.31,0.0
20140623:0510,32.89,54.22,10.6,12.68,1.17,0.0
20140623:0610,95.28,133.07,19.42,14.8,1.1,0.0
20140623:0710,240.4,311.8,28.65,16.39,0.83,0.0
20140623:0810,367.85,466.95,37.95,17.98,0.55,0.0
20140623:0910,406.13,518.67,46.87,19.04,0.48,0.0
20140623:1010,612.95,808.59,54.69,20.1,0.48,0.0
20140623:1110,284.64,366.82,60.22,21.16,1.03,0.0
20140623:1210,351.3,449.96,61.87,21.69,1.72,0.0
20140623:1310,470.46,606.08,58.98,22.22,1.66,0.0
20140623:1410,248.17,321.79,52.64,22.75,1.93,0.0
20140623:1510,529.17,682.46,44.41,22.75,1.72,0.0
20140623:1610,302.79,389.81,35.33,22.22,1.79,0.0
20140623:1710,54.82,84.37,26.01,22.22,1.66,0.0
20140623:1810,35.34,59.33,16.86,21.69,1.93,0.0
20140623:1910,24.34,44.6,8.22,20.63,1.24,0.0
20140623:2010,0.0,0.0,0.0,20.1,1.31,0.0
20140623:2110,0.0,0.0,0.0,17.98,1.45,0.0
20140623:2210,0.0,0.0,0.0,17.45,1.38,0.0
20140623:2310,0.0,0.0,0.0,16.92,1.66,0.0
20140624:0010,0.0,0.0,0.0,16.39,1.72,0.0
20140624:0110,0.0,0.0,0.0,15.33,2.14,0.0
20140624:0210,0.0,0.0,0.0,14.8,2.21,0.0
20140624:0310,0.0,0.0,0.0,14.27,2.21,0.0
20140624:0410,0.87,7.87,2.49,13.21,2.07,0.0
20140624:0510,40.4,63.84,10.56,13.74,1.72,0.0
20140624:0610,106.0,149.22,19.37,14.8,1.93,0.0
20140624:0710,238.24,306.7,28.6,15.86,1.59,0.0
20140624:0810,450.85,568.02,37.9,17.45,1.24,0.0
20140624:0910,574.14,733.01,46.82,18.51,1.24,0.0
20140624:1010,632.88,829.85,54.65,20.1,0.9,0.0
20140624:1110,519.03,672.18,60.19,20.1,0.83,0.0
20140624:1210,483.14,623.28,61.86,21.16,1.24,0.0
20140624:1310,183.03,240.12,58.98,21.16,1.79,0.0
20140624:1410,288.57,369.32,52.66,21.69,2.28,0.0
20140624:1510,306.49,390.34,44.43,21.69,2.55,0.0
20140624:1610,247.14,317.61,35.35,21.69,2.97,0.0
20140624:1710,130.57,176.78,26.03,21.16,3.52,0.0
20140624:1810,30.6,52.85,16.88,20.63,3.79,0.0
20140624:1910,2.92,12.24,8.24,18.51,4.55,0.0
20140624:2010,0.0,0.0,0.0,16.92,4.0,0.0
20140624:2110,0.0,0.0,0.0,15.86,3.66,0.0
20140624:2210,0.0,0.0,0.0,15.33,3.38,0.0
20140624:2310,0.0,0.0,0.0,14.8,3.31,0.0
20140625:0010,0.0,0.0,0.0,14.27,3.31,0.0
20140625:0110,0.0,0.0,0.0,13.21,3.03,0.0
20140625:0210,0.0,0.0,0.0,12.68,3.03,0.0
20140625:0310,0.0,0.0,0.0,11.61,3.17,0.0
20140625:0410,1.7,9.62,2.45,11.61,3.1,0.0
20140625:0510,30.35,50.72,10.51,11.61,3.38,0.0
20140625:0610,94.05,157.24,19.32,11.61,3.31,0.0
20140625:0710,284.05,363.17,28.55,13.21,2.97,0.0
20140625:0810,428.01,522.88,37.85,14.8,3.31,0.0
20140625:0910,519.95,637.87,46.78,15.86,3.31,0.0
20140625:1010,639.02,795.92,54.61,16.92,3.31,0.0
20140625:1110,670.91,846.76,60.16,17.98,3.1,0.0
20140625:1210,718.57,913.77,61.84,17.98,2.97,0.0
20140625:1310,588.67,742.41,58.98,18.51,2.69,0.0
20140625:1410,395.08,495.87,52.66,19.04,2.34,0.0
20140625:1510,333.28,419.04,44.44,19.04,2.21,0.0
20140625:1610,321.31,404.75,35.36,19.04,2.69,0.0
20140625:1710,181.93,240.72,26.04,18.51,2.62,0.0
20140625:1810,72.29,119.43,16.89,17.98,2.83,0.0
20140625:1910,22.8,41.97,8.25,17.45,1.72,0.0
20140625:2010,0.0,0.0,0.0,16.39,1.93,0.0
20140625:2110,0.0,0.0,0.0,14.8,2.34,0.0
20140625:2210,0.0,0.0,0.0,13.74,2.41,0.0
20140625:2310,0.0,0.0,0.0,13.21,2.34,0.0
20140626:0010,0.0,0.0,0.0,12.68,2.21,0.0
20140626:0110,0.0,0.0,0.0,12.15,2.0,0.0
20140626:0210,0.0,0.0,0.0,11.09,1.79,0.0
20140626:0310,0.0,0.0,0.0,10.55,1.45,0.0
20140626:0410,0.0,1.75,2.4,10.55,1.1,0.0
20140626:0510,35.35,56.84,10.46,10.55,1.03,0.0
20140626:0610,92.46,156.78,19.27,12.68,1.31,0.0
20140626:0710,224.76,286.39,28.5,14.27,2.07,0.0
20140626:0810,260.82,325.42,37.8,15.86,2.69,0.0
20140626:0910,336.27,416.28,46.72,16.39,2.76,0.0
20140626:1010,319.33,398.58,54.56,17.45,2.69,0.0
20140626:1110,403.58,504.84,60.12,18.51,2.69,0.0
20140626:1210,615.49,779.86,61.81,19.04,2.83,0.0
20140626:1310,563.17,710.64,58.97,19.57,2.97,0.0
20140626:1410,486.03,611.7,52.66,20.1,2.83,0.0
20140626:1510,413.25,518.49,44.45,20.1,2.83,0.0
20140626:1610,270.04,343.15,35.37,20.1,2.97,0.0
20140626:1710,70.77,102.91,26.05,19.57,2.9,0.0
20140626:1810,38.75,63.04,16.9,19.04,2.48,0.0
20140626:1910,3.41,13.12,8.26,17.45,2.76,0.0
20140626:2010,0.0,0.0,0.0,15.86,2.28,0.0
20140626:2110,0.0,0.0,0.0,14.8,1.79,0.0
20140626:2210,0.0,0.0,0.0,14.27,1.45,0.0
20140626:2310,0.0,0.0,0.0,13.74,1.93,0.0
20140627:0010,0.0,0.0,0.0,13.74,1.86,0.0
20140627:0110,0.0,0.0,0.0,13.74,1.79,0.0
20140627:0210,0.0,0.0,0.0,13.74,1.72,0.0
20140627:0310,0.0,0.0,0.0,13.74,1.66,0.0
20140627:0410,0.0,1.75,2.34,13.74,1.59,0.0
20140627:0510,34.12,55.97,10.4,13.74,1.93,0.0
20140627:0610,38.96,62.12,19.21,14.27,2.69,0.0
20140627:0710,91.81,126.09,28.44,15.33,2.9,0.0
20140627:0810,270.37,336.65,37.74,15.86,2.76,0.0
20140627:0910,261.42,327.51,46.67,16.92,2.83,0.0
20140627:1010,207.76,264.77,54.51,17.98,3.52,0.0
20140627:1110,681.04,853.06,60.07,19.04,4.48,0.0
20140627:1210,507.3,629.28,61.78,19.04,4.62,0.0
20140627:1310,428.1,530.38,58.95,19.04,4.69,0.0
20140627:1410,512.41,633.85,52.66,19.57,5.1,0.0
20140627:1510,399.6,493.76,44.45,19.57,5.38,0.0
20140627:1610,313.92,391.44,35.38,19.04,5.31,0.0
20140627:1710,202.87,268.89,26.06,19.04,4.97,0.0
20140627:1810,76.57,111.93,16.91,18.51,4.34,0.0
20140627:1910,7.53,20.11,8.26,17.98,3.59,0.0
20140627:2010,0.0,0.0,0.0,16.39,3.38,0.0
20140627:2110,0.0,0.0,0.0,15.33,2.62,0.0
20140627:2210,0.0,0.0,0.0,14.27,2.9,0.0
20140627:2310,0.0,0.0,0.0,13.74,2.97,0.0
20140628:0010,0.0,0.0,0.0,13.21,2.9,0.0
20140628:0110,0.0,0.0,0.0,12.68,2.48,0.0
20140628:0210,0.0,0.0,0.0,12.15,2.34,0.0
20140628:0310,0.0,0.0,0.0,11.61,2.28,0.0
20140628:0410,1.71,9.62,2.28,11.09,2.21,0.0
20140628:0510,37.3,59.46,10.34,11.61,1.72,0.0
20140628:0610,107.05,157.77,19.15,13.21,1.93,0.0
20140628:0710,264.82,341.7,28.38,14.8,1.72,0.0
20140628:0810,302.31,377.61,37.68,15.86,1.45,0.0
20140628:0910,166.68,216.21,46.6,16.92,1.59,0.0
20140628:1010,213.18,272.46,54.45,17.98,2.14,0.0
20140628:1110,643.58,819.89,60.02,18.51,2.34,0.0
20140628:1210,561.08,706.1,61.74,19.04,3.03,0.0
20140628:1310,209.57,267.3,58.93,18.51,3.93,0.0
20140628:1410,75.26,107.54,52.65,17.98,3.72,0.0
20140628:1510,255.91,322.86,44.45,19.04,3.79,0.0
20140628:1610,146.31,192.97,35.38,19.04,3.24,0.0
20140628:1710,88.52,124.02,26.06,18.51,2.34,0.0
20140628:1810,77.53,122.46,16.9,16.39,2.21,0.0
20140628:1910,3.46,13.12,8.25,15.33,2.34,0.0
20140628:2010,0.0,0.0,0.0,14.8,1.79,0.0
20140628:2110,0.0,0.0,0.0,13.21,1.79,0.0
20140628:2210,0.0,0.0,0.0,12.68,2.55,0.0
20140628:2310,0.0,0.0,0.0,12.68,2.76,0.0
20140629:0010,0.0,0.0,0.0,12.68,3.03,0.0
20140629:0110,0.0,0.0,0.0,12.15,2.97,0.0
20140629:0210,0.0,0.0,0.0,11.61,2.83,0.0
20140629:0310,0.0,0.0,0.0,11.61,2.62,0.0
20140629:0410,0.0,0.0,0.0,11.61,2.62,0.0
20140629:0510,32.5,53.34,10.27,11.09,2.48,0.0
20140629:0610,106.95,157.19,19.08,11.61,2.76,0.0
20140629:0710,231.28,291.28,28.31,12.68,3.38,0.0
20140629:0810,406.37,495.04,37.61,14.27,3.45,0.0
20140629:0910,608.97,743.19,46.54,15.33,4.0,0.0
20140629:1010,719.44,893.29,54.38,16.39,3.93,0.0
20140629:1110,391.16,482.47,59.95,17.45,4.34,0.0
20140629:1210,156.77,203.04,61.69,16.92,4.48,0.0
20140629:1310,249.46,312.75,58.9,17.45,4.48,0.0
20140629:1410,146.9,191.91,52.63,17.45,4.48,0.0
20140629:1510,90.81,126.09,44.44,17.98,4.28,0.0
20140629:1610,60.9,89.93,35.37,17.45,4.28,0.0
20140629:1710,95.4,130.51,26.05,15.86,3.86,0.0
20140629:1810,68.48,99.34,16.9,15.33,3.17,0.0
20140629:1910,12.29,27.11,8.24,15.33,2.14,0.0
20140629:2010,0.0,0.0,0.0,14.8,1.17,0.0
20140629:2110,0.0,0.0,0.0,13.74,0.76,0.0
20140629:2210,0.0,0.0,0.0,13.21,0.62,0.0
20140629:2310,0.0,0.0,0.0,12.68,0.69,0.0
20140630:0010,0.0,0.0,0.0,12.15,0.69,0.0
20140630:0110,0.0,0.0,0.0,12.15,0.69,0.0
20140630:0210,0.0,0.0,0.0,12.15,0.21,0.0
20140630:0310,0.0,0.0,0.0,11.61,0.28,0.0
20140630:0410,0.0,0.0,0.0,11.09,0.55,0.0
20140630:0510,37.35,59.46,10.2,11.09,0.69,0.0
20140630:0610,97.55,135.05,19.01,12.15,0.97,0.0
20140630:0710,273.08,352.93,28.24,13.74,1.45,0.0
20140630:0810,460.14,571.85,37.54,15.33,1.59,0.0
20140630:0910,490.22,612.1,46.46,16.39,1.59,0.0
20140630:1010,442.1,553.43,54.31,16.92,1.59,0.0
20140630:1110,531.74,670.86,59.89,17.45,1.79,0.0
20140630:1210,161.88,211.38,61.64,17.98,1.79,0.0
20140630:1310,130.51,174.3,58.86,18.51,1.93,0.0
20140630:1410,279.63,351.67,52.61,17.45,2.07,0.0
20140630:1510,276.63,348.88,44.42,17.98,1.86,0.0
20140630:1610,101.99,139.99,35.36,17.98,1.59,0.0
20140630:1710,71.57,102.91,26.04,16.92,1.66,0.0
20140630:1810,24.07,43.57,16.88,16.92,1.93,0.0
20140630:1910,4.94,15.74,8.22,15.86,1.59,0.0
20140630:2010,0.0,0.0,0.0,15.33,2.28,0.0
20140630:2110,0.0,0.0,0.0,14.27,2.48,0.0
20140630:2210,0.0,0.0,0.0,13.74,2.48,0.0
20140630:2310,0.0,0.0,0.0,13.21,2.34,0.0
20140701:0010,0.0,0.0,0.0,13.21,2.21,0.0
20140701:0110,0.0,0.0,0.0,12.15,2.21,0.0
20140701:0210,0.0,0.0,0.0,12.15,2.14,0.0
20140701:0310,0.0,0.0,0.0,12.15,2.14,0.0
20140701:0410,0.0,0.0,0.0,12.15,2.14,0.0
20140701:0510,31.63,52.47,10.12,12.15,2.21,0.0
20140701:0610,91.15,151.8,18.93,13.74,2.28,0.0
20140701:0710,269.7,349.76,28.16,15.33,2.48,0.0
20140701:0810,449.09,555.97,37.46,16.92,2.83,0.0
20140701:0910,586.46,728.73,46.39,17.98,3.24,0.0
20140701:1010,668.37,840.44,54.23,19.04,3.59,0.0
20140701:1110,674.05,855.91,59.82,20.1,3.52,0.0
20140701:1210,726.72,929.9,61.58,20.1,3.38,0.0
20140701:1310,690.83,880.22,58.82,20.1,3.31,0.0
20140701:1410,505.55,634.04,52.58,20.1,3.31,0.0
20140701:1510,518.37,650.36,44.4,20.1,2.97,0.0
20140701:1610,382.69,483.69,35.34,20.1,2.62,0.0
20140701:1710,221.82,305.19,26.02,20.1,2.62,0.0
20140701:1810,56.69,109.92,16.86,19.57,2.97,0.0
20140701:1910,22.75,41.97,8.2,17.98,2.55,0.0
20140701:2010,0.0,0.0,0.0,16.39,2.34,0.0
20140701:2110,0.0,0.0,0.0,14.8,2.34,0.0
20140701:2210,0.0,0.0,0.0,13.74,2.28,0.0
20140701:2310,0.0,0.0,0.0,12.68,2.07,0.0
20140702:0010,0.0,0.0,0.0,11.61,1.66,0.0
20140702:0110,0.0,0.0,0.0,11.61,1.24,0.0
20140702:0210,0.0,0.0,0.0,11.61,1.1,0.0
20140702:0310,0.0,0.0,0.0,11.61,0.83,0.0
20140702:0410,0.0,0.0,0.0,11.09,0.83,0.0
20140702:0510,33.83,55.09,10.04,11.09,0.62,0.0
20140702:0610,97.29,152.61,18.85,12.68,0.34,0.0
20140702:0710,268.38,351.13,28.08,14.8,0.83,0.0
20140702:0810,439.66,552.51,37.38,16.39,0.97,0.0
20140702:0910,569.27,732.65,46.31,17.98,0.55,0.0
20140702:1010,619.24,817.86,54.15,19.04,0.21,0.0
20140702:1110,633.22,849.43,59.74,20.1,0.07,0.0
20140702:1210,622.55,824.92,61.51,20.1,0.48,0.0
20140702:1310,589.0,773.83,58.77,20.63,0.69,0.0
20140702:1410,537.57,699.85,52.54,21.69,0.97,0.0
20140702:1510,397.36,510.38,44.38,22.22,1.24,0.0
20140702:1610,251.42,326.38,35.32,22.22,1.24,0.0
20140702:1710,153.79,208.4,26.0,22.22,1.38,0.0
20140702:1810,41.07,66.75,16.84,21.69,1.72,0.0
20140702:1910,12.57,27.98,8.17,20.1,3.1,0.0
20140702:2010,0.0,0.0,0.0,19.04,3.59,0.0
20140702:2110,0.0,0.0,0.0,17.98,3.45,0.0
20140702:2210,0.0,0.0,0.0,16.92,2.69,0.0
20140702:2310,0.0,0.0,0.0,16.39,2.55,0.0
20140703:0010,0.0,0.0,0.0,15.86,2.21,0.0
20140703:0110,0.0,0.0,0.0,14.8,2.34,0.0
20140703:0210,0.0,0.0,0.0,14.27,2.34,0.0
20140703:0310,0.0,0.0,0.0,13.21,2.41,0.0
20140703:0410,0.0,0.0,0.0,12.68,2.48,0.0
20140703:0510,25.4,44.6,9.96,12.68,2.48,0.0
20140703:0610,83.31,147.45,18.77,14.8,2.48,0.0
20140703:0710,271.85,354.31,28.0,16.39,3.31,0.0
20140703:0810,467.88,580.14,37.3,18.51,3.72,0.0
20140703:0910,598.09,745.6,46.22,20.1,4.14,0.0
20140703:1010,723.4,913.6,54.06,21.16,4.62,0.0
20140703:1110,788.55,1007.13,59.65,22.22,4.97,0.0
20140703:1210,810.77,1040.16,61.43,22.75,5.1,0.0
20140703:1310,766.02,981.12,58.71,23.81,5.31,0.0
20140703:1410,704.42,894.77,52.5,23.81,5.24,0.0
20140703:1510,578.72,727.08,44.35,23.81,5.45,0.0
20140703:1610,414.42,525.44,35.29,23.81,5.31,0.0
20140703:1710,222.06,308.14,25.97,23.28,5.17,0.0
20140703:1810,49.44,105.69,16.81,22.22,4.55,0.0
20140703:1910,26.34,47.22,8.13,20.63,3.86,0.0
20140703:2010,0.0,0.0,0.0,19.57,3.59,0.0
20140703:2110,0.0,0.0,0.0,17.98,3.38,0.0
20140703:2210,0.0,0.0,0.0,16.92,3.24,0.0
20140703:2310,0.0,0.0,0.0,15.86,3.1,0.0
20140704:0010,0.0,0.0,0.0,14.8,3.1,0.0
20140704:0110,0.0,0.0,0.0,14.27,3.03,0.0
20140704:0210,0.0,0.0,0.0,13.74,2.97,0.0
20140704:0310,0.0,0.0,0.0,13.21,2.97,0.0
20140704:0410,0.0,0.0,0.0,13.21,3.03,0.0
20140704:0510,36.34,58.59,9.86,13.21,3.03,0.0
20140704:0610,87.42,148.64,18.68,14.8,3.1,0.0
20140704:0710,250.16,323.66,27.91,16.92,3.66,0.0
20140704:0810,380.22,472.9,37.21,19.04,3.93,0.0
20140704:0910,587.98,731.62,46.13,20.1,4.34,0.0
20140704:1010,708.79,897.64,53.97,22.22,4.83,0.0
20140704:1110,786.18,1006.85,59.56,23.28,5.24,0.0
20140704:1210,810.59,1041.08,61.35,23.81,5.59,0.0
20140704:1310,771.44,987.09,58.64,24.34,5.79,0.0
20140704:1410,695.1,880.57,52.46,24.34,5.93,0.0
20140704:1510,574.25,719.51,44.31,23.81,5.93,0.0
20140704:1610,314.85,399.52,35.26,23.28,5.93,0.0
20140704:1710,207.72,280.3,25.94,22.22,5.86,0.0
20140704:1810,69.19,102.53,16.77,20.63,5.66,0.0
20140704:1910,25.12,45.47,8.09,20.1,4.97,0.0
20140704:2010,0.0,0.0,0.0,18.51,4.55,0.0
20140704:2110,0.0,0.0,0.0,17.45,4.41,0.0
20140704:2210,0.0,0.0,0.0,16.92,4.55,0.0
20140704:2310,0.0,0.0,0.0,16.92,5.1,0.0
20140705:0010,0.0,0.0,0.0,16.92,5.1,0.0
20140705:0110,0.0,0.0,0.0,16.92,5.59,0.0
20140705:0210,0.0,0.0,0.0,16.92,5.38,0.0
20140705:0310,0.0,0.0,0.0,16.92,4.9,0.0
20140705:0410,0.0,0.0,0.0,16.39,4.48,0.0
20140705:0510,28.28,48.97,9.77,16.39,4.21,0.0
20140705:0610,100.66,145.87,18.58,15.86,4.21,0.0
20140705:0710,106.25,143.44,27.81,16.39,4.9,0.0
20140705:0810,224.35,281.34,37.11,16.39,4.55,0.0
20140705:0910,343.41,424.1,46.03,17.45,4.07,0.0
20140705:1010,379.34,468.6,53.87,17.98,4.34,0.0
20140705:1110,291.17,365.49,59.46,19.57,4.69,0.0
20140705:1210,52.49,80.66,61.26,20.63,5.31,0.0
20140705:1310,439.78,547.11,58.57,20.63,5.31,0.0
20140705:1410,48.79,76.02,52.4,20.63,5.59,0.0
20140705:1510,76.3,109.4,44.26,19.57,5.03,0.0
20140705:1610,84.73,119.6,35.22,19.57,4.62,0.0
20140705:1710,167.24,221.44,25.9,19.57,4.41,0.0
20140705:1810,18.34,36.16,16.73,19.57,4.21,0.0
20140705:1910,4.88,15.74,8.04,17.98,3.03,0.0
20140705:2010,0.0,0.0,0.0,17.45,2.48,0.0
20140705:2110,0.0,0.0,0.0,16.92,2.55,0.0
20140705:2210,0.0,0.0,0.0,16.39,2.48,0.0
20140705:2310,0.0,0.0,0.0,15.86,2.34,0.0
20140706:0010,0.0,0.0,0.0,15.86,2.21,0.0
20140706:0110,0.0,0.0,0.0,15.33,2.0,0.0
20140706:0210,0.0,0.0,0.0,15.33,1.79,0.0
20140706:0310,0.0,0.0,0.0,14.8,1.72,0.0
20140706:0410,0.0,0.0,0.0,14.8,1.72,0.0
20140706:0510,1.24,8.74,9.67,14.8,2.0,0.0
20140706:0610,15.44,31.52,18.48,14.8,2.34,0.0
20140706:0710,29.42,50.06,27.72,14.27,2.41,0.0
20140706:0810,87.49,120.52,37.02,14.27,2.41,0.0
20140706:0910,242.6,301.7,45.93,14.27,2.62,0.0
20140706:1010,230.73,289.13,53.77,15.33,2.9,0.0
20140706:1110,389.12,481.32,59.36,16.39,2.83,0.0
20140706:1210,691.12,871.06,61.17,17.45,3.17,0.0
20140706:1310,542.29,678.23,58.5,19.57,3.79,0.0
20140706:1410,323.1,405.3,52.34,20.1,4.07,0.0
20140706:1510,341.56,427.14,44.21,20.1,4.0,0.0
20140706:1610,297.03,374.21,35.17,20.1,4.14,0.0
20140706:1710,210.06,281.29,25.86,19.57,3.93,0.0
20140706:1810,75.39,121.4,16.68,19.04,3.66,0.0
20140706:1910,25.97,46.35,7.99,18.51,3.17,0.0
20140706:2010,0.0,0.0,0.0,17.45,3.1,0.0
20140706:2110,0.0,0.0,0.0,16.39,2.69,0.0
20140706:2210,0.0,0.0,0.0,15.33,2.76,0.0
20140706:2310,0.0,0.0,0.0,14.27,2.83,0.0
20140707:0010,0.0,0.0,0.0,13.21,2.76,0.0
20140707:0110,0.0,0.0,0.0,12.68,2.62,0.0
20140707:0210,0.0,0.0,0.0,11.61,2.55,0.0
20140707:0310,0.0,0.0,0.0,11.09,2.41,0.0
20140707:0410,0.0,0.0,0.0,10.55,2.28,0.0
20140707:0510,25.68,44.6,9.56,10.55,2.07,0.0
20140707:0610,82.99,144.25,18.38,13.21,2.07,0.0
20140707:0710,269.22,349.48,27.61,14.27,2.41,0.0
20140707:0810,449.12,553.62,36.91,16.39,3.1,0.0
20140707:0910,435.68,537.28,45.83,17.45,3.45,0.0
20140707:1010,147.43,193.77,53.66,18.51,3.52,0.0
20140707:1110,428.91,535.59,59.25,19.57,3.66,0.0
20140707:1210,116.39,157.61,61.07,19.57,3.79,0.0
20140707:1310,685.22,867.96,58.41,20.1,3.79,0.0
20140707:1410,109.84,150.19,52.27,20.1,3.52,0.0
20140707:1510,179.12,232.37,44.16,19.57,3.52,0.0
20140707:1610,312.52,393.7,35.12,19.57,3.17,0.0
20140707:1710,175.3,232.7,25.81,19.57,3.17,0.0
20140707:1810,39.49,63.97,16.63,19.04,3.03,0.0
20140707:1910,0.83,7.87,7.93,17.98,1.93,0.0
20140707:2010,0.0,0.0,0.0,16.92,1.24,0.0
20140707:2110,0.0,0.0,0.0,15.33,0.83,0.0
20140707:2210,0.0,0.0,0.0,14.8,0.69,0.0
20140707:2310,0.0,0.0,0.0,14.8,0.62,0.0
20140708:0010,0.0,0.0,0.0,13.74,0.83,0.0
20140708:0110,0.0,0.0,0.0,12.68,1.03,0.0
20140708:0210,0.0,0.0,0.0,12.15,1.1,0.0
20140708:0310,0.0,0.0,0.0,11.61,1.17,0.0
20140708:0410,0.0,0.0,0.0,10.55,1.45,0.0
20140708:0510,26.27,45.47,9.46,11.09,1.31,0.0
20140708:0610,91.79,146.56,18.27,13.21,1.17,0.0
20140708:0710,265.67,348.21,27.51,14.8,1.24,0.0
20140708:0810,440.79,552.27,36.81,16.39,1.24,0.0
20140708:0910,315.05,396.65,45.72,17.98,1.45,0.0
20140708:1010,225.55,288.22,53.55,18.51,1.93,0.0
20140708:1110,119.84,162.24,59.13,19.57,2.07,0.0
20140708:1210,51.11,78.8,60.96,19.57,1.93,0.0
20140708:1310,173.98,228.07,58.32,20.1,1.72,0.0
20140708:1410,300.21,381.36,52.2,20.1,2.0,0.0
20140708:1510,220.21,283.15,44.1,20.1,2.28,0.0
20140708:1610,184.16,240.4,35.07,20.1,1.59,0.0
20140708:1710,60.82,90.86,25.75,19.57,1.79,0.0
20140708:1810,38.71,63.04,16.57,19.04,1.59,0.0
20140708:1910,12.26,27.11,7.87,15.86,2.41,0.0
20140708:2010,0.0,0.0,0.0,15.33,2.0,0.0
20140708:2110,0.0,0.0,0.0,14.8,2.14,0.0
20140708:2210,0.0,0.0,0.0,14.27,2.14,0.0
20140708:2310,0.0,0.0,0.0,13.74,2.41,0.0
20140709:0010,0.0,0.0,0.0,13.21,2.62,0.0
20140709:0110,0.0,0.0,0.0,12.68,2.83,0.0
20140709:0210,0.0,0.0,0.0,12.68,2.97,0.0
20140709:0310,0.0,0.0,0.0,12.68,3.17,0.0
20140709:0410,0.0,0.0,0.0,12.68,3.38,0.0
20140709:0510,11.84,26.23,9.34,13.21,3.66,0.0
20140709:0610,58.28,85.65,18.16,13.74,3.72,0.0
20140709:0710,82.23,114.03,27.4,14.27,4.69,0.0
20140709:0810,306.67,374.78,36.7,15.33,5.93,0.0
20140709:0910,570.87,690.17,45.61,16.39,6.07,0.0
20140709:1010,699.45,856.86,53.43,17.98,6.41,0.0
20140709:1110,665.68,820.78,59.01,19.57,6.97,0.0
20140709:1210,714.28,883.13,60.85,20.1,7.52,0.0
20140709:1310,625.46,772.6,58.23,21.16,7.86,0.0
20140709:1410,569.91,699.93,52.12,20.63,7.79,0.0
20140709:1510,499.15,613.97,44.03,21.16,7.45,0.0
20140709:1610,236.25,299.88,35.0,20.63,6.55,0.0
20140709:1710,200.66,267.21,25.69,20.63,6.48,0.0
20140709:1810,76.32,112.84,16.5,20.1,6.0,0.0
20140709:1910,20.61,39.35,7.8,20.1,5.93,0.0
20140709:2010,0.0,0.0,0.0,18.51,5.72,0.0
20140709:2110,0.0,0.0,0.0,17.45,5.66,0.0
20140709:2210,0.0,0.0,0.0,16.92,5.45,0.0
20140709:2310,0.0,0.0,0.0,16.39,5.45,0.0
20140710:0010,0.0,0.0,0.0,15.86,5.66,0.0
20140710:0110,0.0,0.0,0.0,15.33,5.79,0.0
20140710:0210,0.0,0.0,0.0,15.33,5.72,0.0
20140710:0310,0.0,0.0,0.0,14.8,5.59,0.0
20140710:0410,0.0,0.0,0.0,14.27,5.45,0.0
20140710:0510,27.25,47.22,9.23,14.27,5.31,0.0
20140710:0610,74.59,105.86,18.05,13.74,4.41,0.0
20140710:0710,44.17,68.61,27.29,14.8,5.31,0.0
20140710:0810,110.62,147.41,36.58,14.8,5.31,0.0
20140710:0910,113.07,150.19,45.49,14.8,5.79,0.0
20140710:1010,78.91,110.33,53.31,14.8,5.1,0.0
20140710:1110,71.49,101.98,58.89,15.86,5.24,0.0
20140710:1210,62.02,90.86,60.72,16.39,5.03,0.0
20140710:1310,58.05,86.22,58.12,16.92,5.31,0.0
20140710:1410,64.16,93.64,52.04,16.92,5.03,0.0
20140710:1510,47.27,73.24,43.95,17.45,4.07,0.0
20140710:1610,52.49,79.73,34.94,17.45,3.17,0.0
20140710:1710,115.72,155.4,25.62,16.39,2.83,0.0
20140710:1810,25.62,45.43,16.43,15.86,2.48,0.0
20140710:1910,3.45,13.12,7.72,15.86,2.14,0.0
20140710:2010,0.0,0.0,0.0,15.33,2.07,0.0
20140710:2110,0.0,0.0,0.0,14.8,2.21,0.0
20140710:2210,0.0,0.0,0.0,14.27,2.21,0.0
20140710:2310,0.0,0.0,0.0,13.74,2.21,0.0
20140711:0010,0.0,0.0,0.0,13.21,2.28,0.0
20140711:0110,0.0,0.0,0.0,13.21,2.48,0.0
20140711:0210,0.0,0.0,0.0,12.68,2.48,0.0
20140711:0310,0.0,0.0,0.0,13.21,2.55,0.0
20140711:0410,0.0,0.0,0.0,13.21,2.83,0.0
20140711:0510,28.05,48.1,9.1,13.21,2.9,0.0
20140711:0610,41.32,64.9,17.93,13.74,2.97,0.0
20140711:0710,40.48,63.97,27.17,14.27,3.66,0.0
20140711:0810,112.5,149.26,36.47,13.74,3.52,0.0
20140711:0910,91.03,124.23,45.37,13.74,3.52,0.0
20140711:1010,94.71,128.87,53.18,14.27,3.24,0.0
20140711:1110,75.62,106.62,58.75,14.8,3.24,0.0
20140711:1210,74.49,105.69,60.6,15.86,3.66,0.0
20140711:1310,81.09,114.03,58.01,16.92,3.79,0.0
20140711:1410,114.2,153.9,51.94,17.98,3.93,0.0
20140711:1510,103.4,141.85,43.87,19.04,3.45,0.0
20140711:1610,105.87,145.56,34.86,20.1,2.97,0.0
20140711:1710,75.8,109.4,25.55,20.1,2.0,0.0
20140711:1810,21.62,40.79,16.36,20.1,1.79,0.0
20140711:1910,15.04,31.48,7.64,19.04,1.38,0.0
20140711:2010,0.0,0.0,0.0,18.51,1.66,0.0
20140711:2110,0.0,0.0,0.0,17.45,1.59,0.0
20140711:2210,0.0,0.0,0.0,15.86,1.59,0.0
20140711:2310,0.0,0.0,0.0,15.33,1.52,0.0
20140712:0010,0.0,0.0,0.0,14.27,1.52,0.0
20140712:0110,0.0,0.0,0.0,13.74,1.72,0.0
20140712:0210,0.0,0.0,0.0,14.27,1.59,0.0
20140712:0310,0.0,0.0,0.0,14.27,1.52,0.0
20140712:0410,0.0,0.0,0.0,14.27,1.38,0.0
20140712:0510,11.72,26.23,8.98,14.8,1.38,0.0
20140712:0610,45.57,70.46,17.81,14.8,2.34,0.0
20140712:0710,90.79,125.04,27.05,15.33,2.34,0.0
20140712:0810,147.24,192.21,36.34,16.39,2.34,0.0
20140712:0910,341.92,427.51,45.24,17.45,1.79,0.0
20140712:1010,688.61,893.74,53.05,18.51,1.31,0.0
20140712:1110,747.07,994.62,58.62,20.1,1.17,0.0
20140712:1210,737.08,991.5,60.46,21.69,1.1,0.0
20140712:1310,660.47,874.32,57.89,22.75,1.45,0.0
20140712:1410,445.76,577.33,51.84,23.28,1.31,0.0
20140712:1510,415.5,535.39,43.79,23.81,1.72,0.0
20140712:1610,162.15,216.8,34.78,23.81,2.41,0.0
20140712:1710,174.2,235.57,25.47,22.75,2.34,0.0
20140712:1810,55.99,85.94,16.27,21.16,2.0,0.0
20140712:1910,10.19,24.48,7.55,20.63,1.72,0.0
20140712:2010,0.0,0.0,0.0,20.1,2.07,0.0
20140712:2110,0.0,0.0,0.0,19.04,2.41,0.0
20140712:2210,0.0,0.0,0.0,18.51,2.76,0.0
20140712:2310,0.0,0.0,0.0,17.98,2.76,0.0
20140713:0010,0.0,0.0,0.0,17.45,2.62,0.0
20140713:0110,0.0,0.0,0.0,16.92,2.34,0.0
20140713:0210,0.0,0.0,0.0,16.39,2.34,0.0
20140713:0310,0.0,0.0,0.0,15.86,2.21,0.0
20140713:0410,0.0,0.0,0.0,15.86,2.07,0.0
20140713:0510,23.58,42.85,8.85,16.39,1.86,0.0
20140713:0610,25.54,45.43,17.68,16.39,1.86,0.0
20140713:0710,96.36,132.46,26.92,16.92,2.55,0.0
20140713:0810,76.84,109.4,36.22,17.45,2.28,0.0
20140713:0910,281.44,353.83,45.11,17.98,2.28,0.0
20140713:1010,124.56,167.81,52.91,19.57,2.34,0.0
20140713:1110,448.71,566.69,58.47,20.63,2.76,0.0
20140713:1210,386.6,489.16,60.32,21.69,3.31,0.0
20140713:1310,585.44,739.78,57.77,21.16,3.79,0.0
20140713:1410,522.41,649.16,51.74,20.1,4.69,0.0
20140713:1510,495.85,613.32,43.7,20.1,4.97,0.0
20140713:1610,215.77,275.82,34.7,20.1,4.83,0.0
20140713:1710,148.24,197.79,25.38,20.1,4.55,0.0
20140713:1810,77.01,115.45,16.19,20.1,4.28,0.0
20140713:1910,22.57,41.97,7.45,19.57,3.38,0.0
20140713:2010,0.0,0.0,0.0,18.51,3.59,0.0
20140713:2110,0.0,0.0,0.0,17.45,3.93,0.0
20140713:2210,0.0,0.0,0.0,16.39,3.66,0.0
20140713:2310,0.0,0.0,0.0,15.33,3.31,0.0
20140714:0010,0.0,0.0,0.0,14.27,3.1,0.0
20140714:0110,0.0,0.0,0.0,13.21,3.03,0.0
20140714:0210,0.0,0.0,0.0,12.68,2.97,0.0
20140714:0310,0.0,0.0,0.0,12.15,2.76,0.0
20140714:0410,0.0,0.0,0.0,11.61,2.62,0.0
20140714:0510,26.22,45.47,8.72,11.61,2.62,0.0
20140714:0610,93.54,139.95,17.55,13.21,2.76,0.0
20140714:0710,256.89,333.58,26.8,14.8,3.03,0.0
20140714:0810,456.98,563.41,36.09,16.39,3.1,0.0
20140714:0910,605.8,754.57,44.98,17.98,3.03,0.0
20140714:1010,609.39,766.32,52.77,19.57,3.38,0.0
20140714:1110,711.93,908.49,58.32,20.1,3.38,0.0
20140714:1210,801.4,1029.09,60.18,20.63,3.93,0.0
20140714:1310,769.8,982.57,57.64,21.16,4.28,0.0
20140714:1410,694.45,877.4,51.63,21.69,4.55,0.0
20140714:1510,523.05,652.27,43.6,21.69,4.9,0.0
20140714:1610,372.06,465.71,34.6,20.63,4.9,0.0
20140714:1710,220.68,299.13,25.29,20.1,4.55,0.0
20140714:1810,66.0,114.88,16.09,20.1,3.93,0.0
20140714:1910,21.29,40.23,7.35,19.57,4.62,0.0
20140714:2010,0.0,0.0,0.0,18.51,4.34,0.0
20140714:2110,0.0,0.0,0.0,17.45,4.0,0.0
20140714:2210,0.0,0.0,0.0,16.92,3.93,0.0
20140714:2310,0.0,0.0,0.0,16.92,3.93,0.0
20140715:0010,0.0,0.0,0.0,16.92,3.86,0.0
20140715:0110,0.0,0.0,0.0,16.92,3.86,0.0
20140715:0210,0.0,0.0,0.0,16.92,3.79,0.0
20140715:0310,0.0,0.0,0.0,16.92,3.59,0.0
20140715:0410,0.0,0.0,0.0,16.92,3.31,0.0
20140715:0510,18.37,35.85,8.58,16.92,3.03,0.0
20140715:0610,80.07,115.44,17.42,17.45,3.38,0.0
20140715:0710,175.5,229.8,26.67,18.51,3.24,0.0
20140715:0810,265.19,334.86,35.96,19.57,3.72,0.0
20140715:0910,439.0,548.36,44.84,20.1,3.38,0.0
20140715:1010,335.7,422.6,52.62,20.1,3.03,0.0
20140715:1110,579.99,740.06,58.17,21.16,2.76,0.0
20140715:1210,533.43,681.34,60.02,21.69,2.62,0.0
20140715:1310,353.17,450.34,57.5,22.22,2.55,0.0
20140715:1410,358.7,457.62,51.51,22.75,2.62,0.0
20140715:1510,482.27,616.93,43.49,22.75,2.14,0.0
20140715:1610,294.3,379.22,34.51,22.75,2.0,0.0
20140715:1710,182.93,248.51,25.19,22.75,1.86,0.0
20140715:1810,75.23,117.69,15.99,22.22,1.45,0.0
20140715:1910,19.74,38.48,7.24,21.69,0.48,0.0
20140715:2010,0.0,0.0,0.0,20.63,0.55,0.0
20140715:2110,0.0,0.0,0.0,19.57,0.69,0.0
20140715:2210,0.0,0.0,0.0,18.51,0.69,0.0
20140715:2310,0.0,0.0,0.0,17.98,0.69,0.0
20140716:0010,0.0,0.0,0.0,16.92,0.62,0.0
20140716:0110,0.0,0.0,0.0,16.39,0.69,0.0
20140716:0210,0.0,0.0,0.0,14.8,1.24,0.0
20140716:0310,0.0,0.0,0.0,13.21,1.59,0.0
20140716:0410,0.0,0.0,0.0,12.68,1.66,0.0
20140716:0510,24.04,42.85,8.44,12.68,1.52,0.0
20140716:0610,75.8,134.64,17.28,15.33,1.17,0.0
20140716:0710,252.63,337.05,26.53,17.45,0.9,0.0
20140716:0810,443.0,564.51,35.82,19.57,1.17,0.0
20140716:0910,591.17,757.55,44.7,20.63,1.72,0.0
20140716:1010,698.7,907.84,52.47,21.69,2.28,0.0
20140716:1110,746.43,981.16,58.01,22.75,2.55,0.0
20140716:1210,743.21,978.28,59.87,23.81,2.9,0.0
20140716:1310,740.48,977.24,57.36,24.87,2.97,0.0
20140716:1410,525.2,676.03,51.39,25.4,3.45,0.0
20140716:1510,225.04,293.75,43.38,24.87,3.79,0.0
20140716:1610,207.24,271.34,34.4,24.34,4.0,0.0
20140716:1710,141.82,193.02,25.09,23.28,3.38,0.0
20140716:1810,73.19,117.31,15.89,22.75,3.24,0.0
20140716:1910,7.91,20.99,7.13,21.69,3.1,0.0
20140716:2010,0.0,0.0,0.0,20.63,2.76,0.0
20140716:2110,0.0,0.0,0.0,20.1,2.48,0.0
20140716:2210,0.0,0.0,0.0,19.04,2.34,0.0
20140716:2310,0.0,0.0,0.0,18.51,2.07,0.0
20140717:0010,0.0,0.0,0.0,17.98,1.93,0.0
20140717:0110,0.0,0.0,0.0,17.45,1.79,0.0
20140717:0210,0.0,0.0,0.0,16.39,1.66,0.0
20140717:0310,0.0,0.0,0.0,15.86,1.38,0.0
20140717:0410,0.0,0.0,0.0,15.33,1.24,0.0
20140717:0510,23.7,42.85,8.29,15.33,1.17,0.0
20140717:0610,86.96,135.99,17.14,17.45,0.76,0.0
20140717:0710,185.08,244.65,26.39,19.04,1.1,0.0
20140717:0810,422.51,537.72,35.68,20.1,1.45,0.0
20140717:0910,437.5,555.55,44.56,21.16,1.93,0.0
20140717:1010,570.25,741.38,52.32,23.28,1.86,0.0
20140717:1110,604.69,792.08,57.84,23.28,1.79,0.0
20140717:1210,526.81,686.31,59.7,23.81,1.79,0.0
20140717:1310,397.81,514.26,57.21,24.34,2.0,0.0
20140717:1410,583.12,759.53,51.26,24.87,2.41,0.0
20140717:1510,447.04,572.83,43.27,24.87,3.03,0.0
20140717:1610,346.84,447.25,34.29,25.4,3.59,0.0
20140717:1710,207.43,285.69,24.98,24.34,3.86,0.0
20140717:1810,61.07,111.52,15.77,23.28,4.14,0.0
20140717:1910,17.24,34.98,7.01,22.22,3.66,0.0
20140717:2010,0.0,0.0,0.0,20.1,3.59,0.0
20140717:2110,0.0,0.0,0.0,19.04,3.79,0.0
20140717:2210,0.0,0.0,0.0,18.51,3.86,0.0
20140717:2310,0.0,0.0,0.0,17.98,3.86,0.0
20140718:0010,0.0,0.0,0.0,17.45,3.79,0.0
20140718:0110,0.0,0.0,0.0,17.45,4.0,0.0
20140718:0210,0.0,0.0,0.0,17.45,4.14,0.0
20140718:0310,0.0,0.0,0.0,17.98,4.34,0.0
20140718:0410,0.0,0.0,0.0,17.98,3.79,0.0
20140718:0510,0.46,7.0,8.15,18.51,3.45,0.0
20140718:0610,83.18,135.59,17.0,20.1,3.45,0.0
20140718:0710,224.93,297.49,26.25,21.16,4.76,0.0
20140718:0810,392.19,495.85,35.54,23.28,4.69,0.0
20140718:0910,277.38,357.16,44.41,24.87,4.34,0.0
20140718:1010,676.83,880.22,52.16,25.93,3.79,0.0
20140718:1110,749.15,993.03,57.67,26.99,3.59,0.0
20140718:1210,773.63,1034.62,59.53,28.05,3.66,0.0
20140718:1310,716.78,952.29,57.05,28.58,3.79,0.0
20140718:1410,656.68,862.21,51.12,28.58,4.0,0.0
20140718:1510,547.87,709.23,43.14,28.05,4.07,0.0
20140718:1610,394.86,512.78,34.18,27.52,4.0,0.0
20140718:1710,213.76,299.82,24.87,25.93,3.72,0.0
20140718:1810,62.14,112.08,15.66,24.87,2.9,0.0
20140718:1910,4.66,15.74,6.89,24.87,2.21,0.0
20140718:2010,0.0,0.0,0.0,22.75,2.21,0.0
20140718:2110,0.0,0.0,0.0,21.16,1.86,0.0
20140718:2210,0.0,0.0,0.0,20.63,1.66,0.0
20140718:2310,0.0,0.0,0.0,20.1,1.86,0.0
20140719:0010,0.0,0.0,0.0,20.1,2.21,0.0
20140719:0110,0.0,0.0,0.0,20.1,2.34,0.0
20140719:0210,0.0,0.0,0.0,19.57,2.28,0.0
20140719:0310,0.0,0.0,0.0,18.51,2.62,0.0
20140719:0410,0.0,0.0,0.0,17.98,2.48,0.0
20140719:0510,14.53,30.61,8.0,17.98,2.55,0.0
20140719:0610,15.13,31.52,16.86,18.51,2.55,0.0
20140719:0710,87.91,124.13,26.11,20.1,2.21,0.0
20140719:0810,118.18,161.32,35.39,21.16,2.21,0.0
20140719:0910,148.29,198.4,44.26,22.22,2.62,0.0
20140719:1010,103.02,144.63,52.0,23.81,2.21,0.0
20140719:1110,280.62,366.94,57.5,25.4,1.86,0.0
20140719:1210,331.65,431.06,59.35,26.46,3.03,0.0
20140719:1310,397.63,517.94,56.89,26.99,2.69,0.0
20140719:1410,380.39,495.26,50.98,26.46,2.21,0.0
20140719:1510,550.68,713.29,43.01,25.4,2.55,0.0
20140719:1610,374.92,485.89,34.05,24.87,2.28,0.0
20140719:1710,47.76,76.02,24.75,24.34,2.83,0.0
20140719:1810,14.65,31.52,15.53,24.34,3.03,0.0
20140719:1910,0.43,7.0,6.76,23.28,1.93,0.0
20140719:2010,0.0,0.0,0.0,22.22,1.59,0.0
20140719:2110,0.0,0.0,0.0,20.63,1.86,0.0
20140719:2210,0.0,0.0,0.0,20.1,1.45,0.0
20140719:2310,0.0,0.0,0.0,19.57,0.83,0.0
20140720:0010,0.0,0.0,0.0,18.51,0.83,0.0
20140720:0110,0.0,0.0,0.0,17.98,1.03,0.0
20140720:0210,0.0,0.0,0.0,17.98,0.83,0.0
20140720:0310,0.0,0.0,0.0,17.45,1.38,0.0
20140720:0410,0.0,0.0,0.0,16.92,1.45,0.0
20140720:0510,22.84,41.97,7.84,16.92,0.69,0.0
20140720:0610,77.91,132.26,16.71,17.98,1.52,0.0
20140720:0710,201.89,265.61,25.96,19.04,2.55,0.0
20140720:0810,180.08,234.59,35.25,20.1,2.55,0.0
20140720:0910,169.27,222.07,44.1,20.63,2.83,0.0
20140720:1010,249.92,321.13,51.83,21.69,2.69,0.0
20140720:1110,417.81,533.34,57.32,22.75,2.62,0.0
20140720:1210,561.49,725.01,59.17,23.81,2.83,0.0
20140720:1310,372.67,478.43,56.72,24.34,2.97,0.0
20140720:1410,271.76,353.26,50.83,25.4,3.03,0.0
20140720:1510,79.57,115.89,42.88,24.34,3.03,0.0
20140720:1610,39.69,64.9,33.93,21.69,3.17,0.0
20140720:1710,57.24,87.15,24.62,21.69,2.21,0.0
20140720:1810,18.77,37.08,15.4,21.69,1.79,0.0
20140720:1910,19.19,37.6,6.62,21.16,1.59,0.0
20140720:2010,0.0,0.0,0.0,20.1,2.34,0.0
20140720:2110,0.0,0.0,0.0,19.57,2.21,0.0
20140720:2210,0.0,0.0,0.0,19.04,1.79,0.0
20140720:2310,0.0,0.0,0.0,17.98,2.14,0.0
20140721:0010,0.0,0.0,0.0,17.98,2.34,0.0
20140721:0110,0.0,0.0,0.0,17.45,2.76,0.0
20140721:0210,0.0,0.0,0.0,17.45,3.03,0.0
20140721:0310,0.0,0.0,0.0,17.45,2.9,0.0
20140721:0410,0.0,0.0,0.0,17.45,2.83,0.0
20140721:0510,13.39,28.86,7.68,16.92,2.62,0.0
20140721:0610,78.08,114.17,16.55,17.45,2.69,0.0
20140721:0710,137.8,182.84,25.81,17.98,3.59,0.0
20140721:0810,259.96,328.52,35.09,19.04,3.1,0.0
20140721:0910,236.79,301.4,43.94,19.57,3.1,0.0
20140721:1010,164.25,216.02,51.66,20.63,2.97,0.0
20140721:1110,473.15,597.15,57.13,20.63,2.9,0.0
20140721:1210,301.39,384.68,58.98,22.22,3.17,0.0
20140721:1310,113.69,156.68,56.55,22.75,3.17,0.0
20140721:1410,376.66,478.92,50.67,23.28,3.45,0.0
20140721:1510,220.06,286.4,42.74,23.81,3.59,0.0
20140721:1610,286.21,365.99,33.79,22.75,3.72,0.0
20140721:1710,111.86,155.36,24.49,23.28,3.59,0.0
20140721:1810,70.7,111.97,15.27,22.75,3.1,0.0
20140721:1910,18.41,36.73,6.48,22.75,2.0,0.0
20140721:2010,0.0,0.0,0.0,21.69,1.72,0.0
20140721:2110,0.0,0.0,0.0,20.1,1.79,0.0
20140721:2210,0.0,0.0,0.0,19.04,1.79,0.0
20140721:2310,0.0,0.0,0.0,18.51,1.86,0.0
20140722:0010,0.0,0.0,0.0,17.45,1.93,0.0
20140722:0110,0.0,0.0,0.0,16.39,1.86,0.0
20140722:0210,0.0,0.0,0.0,15.33,1.79,0.0
20140722:0310,0.0,0.0,0.0,14.8,1.79,0.0
20140722:0410,0.0,0.0,0.0,14.27,1.86,0.0
20140722:0510,23.85,42.85,7.52,14.27,1.93,0.0
20140722:0610,83.47,129.89,16.4,15.86,2.14,0.0
20140722:0710,231.74,304.18,25.66,17.45,2.9,0.0
20140722:0810,429.58,536.01,34.94,19.04,3.24,0.0
20140722:0910,592.18,740.53,43.78,20.1,3.66,0.0
20140722:1010,709.5,900.22,51.48,21.16,4.0,0.0
20140722:1110,773.74,998.24,56.94,22.75,4.14,0.0
20140722:1210,781.45,1016.1,58.79,23.81,4.14,0.0
20140722:1310,673.19,866.48,56.37,23.81,4.0,0.0
20140722:1410,425.59,539.29,50.51,23.81,4.28,0.0
20140722:1510,369.67,468.28,42.59,23.28,3.86,0.0
20140722:1610,318.3,406.47,33.65,23.28,3.86,0.0
20140722:1710,176.27,238.9,24.35,23.28,4.0,0.0
20140722:1810,67.49,111.2,15.13,22.22,3.86,0.0
20140722:1910,15.45,32.35,6.33,21.69,3.45,0.0
20140722:2010,0.0,0.0,0.0,20.1,3.38,0.0
20140722:2110,0.0,0.0,0.0,19.57,3.24,0.0
20140722:2210,0.0,0.0,0.0,18.51,3.1,0.0
20140722:2310,0.0,0.0,0.0,17.45,3.03,0.0
20140723:0010,0.0,0.0,0.0,16.92,3.03,0.0
20140723:0110,0.0,0.0,0.0,16.39,3.03,0.0
20140723:0210,0.0,0.0,0.0,15.86,2.97,0.0
20140723:0310,0.0,0.0,0.0,15.33,2.97,0.0
20140723:0410,0.0,0.0,0.0,15.33,2.9,0.0
20140723:0510,23.07,41.97,7.36,15.33,2.9,0.0
20140723:0610,82.39,126.65,16.24,16.92,2.83,0.0
20140723:0710,202.15,264.56,25.5,18.51,4.0,0.0
20140723:0810,317.15,396.52,34.78,20.1,5.1,0.0
20140723:0910,357.32,446.11,43.61,21.16,5.17,0.0
20140723:1010,583.19,731.84,51.3,22.22,5.1,0.0
20140723:1110,652.8,828.44,56.75,23.28,5.17,0.0
20140723:1210,487.7,618.6,58.59,24.34,5.03,0.0
20140723:1310,593.35,755.56,56.18,24.87,5.31,0.0
20140723:1410,664.14,849.77,50.34,25.4,5.1,0.0
20140723:1510,555.7,706.99,42.44,25.93,5.03,0.0
20140723:1610,396.36,507.01,33.51,25.4,4.97,0.0
20140723:1710,215.21,300.84,24.21,24.87,4.76,0.0
20140723:1810,52.15,102.75,14.98,23.81,4.14,0.0
20140723:1910,16.57,34.1,6.17,22.75,3.66,0.0
20140723:2010,0.0,0.0,0.0,21.16,3.59,0.0
20140723:2110,0.0,0.0,0.0,20.1,3.72,0.0
20140723:2210,0.0,0.0,0.0,19.04,3.72,0.0
20140723:2310,0.0,0.0,0.0,18.51,3.52,0.0
20140724:0010,0.0,0.0,0.0,17.98,3.31,0.0
20140724:0110,0.0,0.0,0.0,17.45,3.1,0.0
20140724:0210,0.0,0.0,0.0,16.39,3.03,0.0
20140724:0310,0.0,0.0,0.0,15.86,3.03,0.0
20140724:0410,0.0,0.0,0.0,15.86,3.03,0.0
20140724:0510,22.35,41.1,7.19,15.86,2.97,0.0
20140724:0610,78.1,127.1,16.08,16.92,2.83,0.0
20140724:0710,235.78,312.45,25.34,19.04,3.59,0.0
20140724:0810,433.55,543.06,34.62,20.63,3.86,0.0
20140724:0910,590.12,743.51,43.44,22.22,4.0,0.0
20140724:1010,692.72,889.42,51.12,23.81,4.07,0.0
20140724:1110,604.35,774.79,56.55,24.87,4.48,0.0
20140724:1210,598.7,770.38,58.38,25.93,4.76,0.0
20140724:1310,630.63,813.26,55.99,25.93,4.62,0.0
20140724:1410,672.34,866.44,50.17,25.93,4.62,0.0
20140724:1510,557.08,711.39,42.28,25.93,4.48,0.0
20140724:1610,396.85,509.48,33.36,25.4,4.21,0.0
20140724:1710,214.24,300.44,24.06,24.87,4.21,0.0
20140724:1810,50.74,101.48,14.83,23.81,3.79,0.0
20140724:1910,16.01,33.23,6.01,22.22,3.52,0.0
20140724:2010,0.0,0.0,0.0,20.1,3.31,0.0
20140724:2110,0.0,0.0,0.0,19.57,2.97,0.0
20140724:2210,0.0,0.0,0.0,18.51,2.83,0.0
20140724:2310,0.0,0.0,0.0,17.45,2.9,0.0
20140725:0010,0.0,0.0,0.0,16.92,2.83,0.0
20140725:0110,0.0,0.0,0.0,16.39,2.9,0.0
20140725:0210,0.0,0.0,0.0,15.86,2.9,0.0
20140725:0310,0.0,0.0,0.0,15.86,2.83,0.0
20140725:0410,0.0,0.0,0.0,15.86,2.76,0.0
20140725:0510,0.15,6.12,7.02,15.86,2.83,0.0
20140725:0610,6.6,18.54,15.91,16.92,2.76,0.0
20140725:0710,219.63,289.9,25.18,19.57,4.21,0.0
20140725:0810,331.71,416.35,34.45,20.63,4.28,0.0
20140725:0910,582.31,734.78,43.27,22.22,3.79,0.0
20140725:1010,687.34,882.83,50.93,23.28,3.72,0.0
20140725:1110,640.16,826.82,56.34,24.34,3.66,0.0
20140725:1210,149.73,202.11,58.17,24.87,3.52,0.0
20140725:1310,47.65,76.02,55.79,24.87,3.1,0.0
20140725:1410,149.38,202.11,49.99,24.87,2.62,0.0
20140725:1510,383.14,491.53,42.11,24.34,2.48,0.0
20140725:1610,166.79,220.49,33.2,22.22,3.03,0.0
20140725:1710,172.07,233.08,23.9,21.69,2.28,0.0
20140725:1810,11.07,25.96,14.67,22.22,1.79,0.0
20140725:1910,0.0,5.25,5.85,21.16,2.07,0.0
20140725:2010,0.0,0.0,0.0,20.1,2.34,0.0
20140725:2110,0.0,0.0,0.0,19.57,2.28,0.0
20140725:2210,0.0,0.0,0.0,19.04,2.28,0.0
20140725:2310,0.0,0.0,0.0,17.98,2.14,0.0
20140726:0010,0.0,0.0,0.0,17.98,1.93,0.0
20140726:0110,0.0,0.0,0.0,17.98,2.07,0.0
20140726:0210,0.0,0.0,0.0,17.45,2.28,0.0
20140726:0310,0.0,0.0,0.0,16.92,2.41,0.0
20140726:0410,0.0,0.0,0.0,16.39,2.48,0.0
20140726:0510,20.4,38.48,6.84,15.86,2.48,0.0
20140726:0610,74.39,124.51,15.75,16.92,2.62,0.0
20140726:0710,237.07,314.75,25.02,18.51,3.1,0.0
20140726:0810,429.71,540.22,34.29,20.1,2.9,0.0
20140726:0910,581.83,738.3,43.09,21.69,2.9,0.0
20140726:1010,683.04,888.05,50.74,23.81,2.9,0.0
20140726:1110,726.08,959.81,56.13,24.87,2.76,0.0
20140726:1210,740.93,989.4,57.95,25.93,2.69,0.0
20140726:1310,607.17,799.37,55.58,25.93,2.41,0.0
20140726:1410,331.06,430.46,49.8,25.93,2.21,0.0
20140726:1510,422.72,548.8,41.94,25.93,2.0,0.0
20140726:1610,286.08,375.15,33.04,25.93,1.72,0.0
20140726:1710,188.49,263.19,23.74,25.93,1.72,0.0
20140726:1810,64.27,106.64,14.5,25.4,1.24,0.0
20140726:1910,1.13,8.74,5.68,24.87,0.76,0.0
20140726:2010,0.0,0.0,0.0,24.34,0.9,0.0
20140726:2110,0.0,0.0,0.0,22.75,1.1,0.0
20140726:2210,0.0,0.0,0.0,21.69,1.17,0.0
20140726:2310,0.0,0.0,0.0,20.1,1.38,0.0
20140727:0010,0.0,0.0,0.0,19.57,1.93,0.0
20140727:0110,0.0,0.0,0.0,19.04,2.41,0.0
20140727:0210,0.0,0.0,0.0,18.51,2.62,0.0
20140727:0310,0.0,0.0,0.0,18.51,2.76,0.0
20140727:0410,0.0,0.0,0.0,17.98,2.9,0.0
20140727:0510,15.19,31.48,6.67,17.45,2.97,0.0
20140727:0610,71.7,122.75,15.58,17.98,3.45,0.0
20140727:0710,137.09,183.04,24.85,19.04,3.72,0.0
20140727:0810,209.27,268.77,34.12,20.1,3.52,0.0
20140727:0910,261.92,332.82,42.91,20.63,3.24,0.0
20140727:1010,122.22,165.95,50.54,21.16,2.9,0.0
20140727:1110,603.89,779.44,55.92,22.22,2.41,0.0
20140727:1210,578.07,747.33,57.73,22.75,2.34,0.0
20140727:1310,678.66,890.11,55.37,23.81,2.48,0.0
20140727:1410,372.72,478.44,49.61,24.34,2.69,0.0
20140727:1510,192.17,253.69,41.76,24.34,2.83,0.0
20140727:1610,149.71,201.34,32.87,23.81,2.9,0.0
20140727:1710,114.41,158.93,23.58,23.28,2.83,0.0
20140727:1810,38.77,64.21,14.33,22.75,2.62,0.0
20140727:1910,0.0,5.25,5.5,22.22,1.79,0.0
20140727:2010,0.0,0.0,0.0,21.16,1.66,0.0
20140727:2110,0.0,0.0,0.0,20.1,1.66,0.0
20140727:2210,0.0,0.0,0.0,19.57,1.66,0.0
20140727:2310,0.0,0.0,0.0,19.04,1.59,0.0
20140728:0010,0.0,0.0,0.0,18.51,1.59,0.0
20140728:0110,0.0,0.0,0.0,17.98,1.93,0.0
20140728:0210,0.0,0.0,0.0,16.92,2.34,0.0
20140728:0310,0.0,0.0,0.0,15.86,2.83,0.0
20140728:0410,0.0,0.0,0.0,15.33,2.34,0.0
20140728:0510,11.73,26.23,6.49,14.8,2.0,0.0
20140728:0610,76.9,114.85,15.4,15.33,1.93,0.0
20140728:0710,77.54,109.4,24.68,15.86,3.1,0.0
20140728:0810,160.74,207.13,33.94,15.86,3.24,0.0
20140728:0910,182.0,232.9,42.73,16.39,2.76,0.0
20140728:1010,166.45,215.09,50.34,16.92,2.97,0.0
20140728:1110,286.35,360.26,55.7,18.51,2.83,0.0
20140728:1210,583.35,740.09,57.5,20.1,2.83,0.0
20140728:1310,674.52,863.17,55.15,21.16,3.24,0.0
20140728:1410,347.05,437.65,49.41,21.69,3.86,0.0
20140728:1510,135.19,180.79,41.58,20.63,3.93,0.0
20140728:1610,173.1,225.77,32.69,20.63,4.41,0.0
20140728:1710,78.21,112.06,23.4,20.1,4.62,0.0
20140728:1810,55.69,85.8,14.16,20.1,4.55,0.0
20140728:1910,5.87,17.49,5.32,19.04,3.45,0.0
20140728:2010,0.0,0.0,0.0,18.51,3.24,0.0
20140728:2110,0.0,0.0,0.0,17.98,3.24,0.0
20140728:2210,0.0,0.0,0.0,17.45,3.45,0.0
20140728:2310,0.0,0.0,0.0,17.45,3.59,0.0
20140729:0010,0.0,0.0,0.0,16.92,3.79,0.0
20140729:0110,0.0,0.0,0.0,16.92,3.66,0.0
20140729:0210,0.0,0.0,0.0,16.39,3.52,0.0
20140729:0310,0.0,0.0,0.0,16.39,3.45,0.0
20140729:0410,0.0,0.0,0.0,15.86,3.24,0.0
20140729:0510,12.3,27.11,6.31,15.33,3.1,0.0
20140729:0610,59.57,88.82,15.23,15.86,3.17,0.0
20140729:0710,226.17,297.04,24.51,16.92,3.31,0.0
20140729:0810,422.65,525.59,33.77,18.51,3.38,0.0
20140729:0910,516.86,646.22,42.55,20.1,3.31,0.0
20140729:1010,698.01,886.92,50.14,20.63,3.52,0.0
20140729:1110,755.38,978.13,55.48,22.22,3.45,0.0
20140729:1210,779.42,1027.39,57.27,23.28,2.9,0.0
20140729:1310,741.42,975.89,54.93,23.81,2.76,0.0
20140729:1410,610.68,793.14,49.2,24.87,2.83,0.0
20140729:1510,248.07,321.89,41.39,24.34,2.97,0.0
20140729:1610,271.34,351.16,32.51,24.34,3.1,0.0
20140729:1710,193.08,266.89,23.23,23.81,2.9,0.0
20140729:1810,57.82,101.48,13.98,23.28,2.28,0.0
20140729:1910,9.54,23.61,5.13,22.22,2.48,0.0
20140729:2010,0.0,0.0,0.0,20.63,3.31,0.0
20140729:2110,0.0,0.0,0.0,20.1,4.07,0.0
20140729:2210,0.0,0.0,0.0,19.04,4.0,0.0
20140729:2310,0.0,0.0,0.0,17.98,3.66,0.0
20140730:0010,0.0,0.0,0.0,16.92,3.24,0.0
20140730:0110,0.0,0.0,0.0,16.39,2.97,0.0
20140730:0210,0.0,0.0,0.0,15.86,2.76,0.0
20140730:0310,0.0,0.0,0.0,15.33,2.62,0.0
20140730:0410,0.0,0.0,0.0,14.8,2.48,0.0
20140730:0510,17.34,34.1,6.12,14.27,2.41,0.0
20140730:0610,67.28,117.78,15.05,14.8,2.28,0.0
20140730:0710,216.71,283.73,24.33,16.39,2.97,0.0
20140730:0810,230.68,290.91,33.59,17.45,3.45,0.0
20140730:0910,264.16,332.77,42.36,19.04,3.45,0.0
20140730:1010,588.24,738.16,49.93,19.57,3.38,0.0
20140730:1110,749.74,958.52,55.25,20.1,3.52,0.0
20140730:1210,781.15,1008.13,57.03,21.16,3.59,0.0
20140730:1310,749.26,969.22,54.7,22.22,3.45,0.0
20140730:1410,677.64,869.18,48.99,22.75,3.45,0.0
20140730:1510,545.42,694.63,41.2,23.28,3.1,0.0
20140730:1610,336.86,432.27,32.33,23.28,2.69,0.0
20140730:1710,203.3,283.55,23.04,22.75,2.14,0.0
20140730:1810,50.67,96.77,13.79,22.75,1.66,0.0
20140730:1910,11.82,27.11,4.93,22.22,1.59,0.0
20140730:2010,0.0,0.0,0.0,20.1,1.79,0.0
20140730:2110,0.0,0.0,0.0,18.51,2.0,0.0
20140730:2210,0.0,0.0,0.0,17.45,2.55,0.0
20140730:2310,0.0,0.0,0.0,16.92,2.76,0.0
20140731:0010,0.0,0.0,0.0,16.39,2.69,0.0
20140731:0110,0.0,0.0,0.0,15.33,2.34,0.0
20140731:0210,0.0,0.0,0.0,14.8,2.21,0.0
20140731:0310,0.0,0.0,0.0,13.74,2.07,0.0
20140731:0410,0.0,0.0,0.0,13.21,2.0,0.0
20140731:0510,16.21,32.35,5.94,12.68,1.93,0.0
20140731:0610,67.34,116.65,14.87,14.27,2.07,0.0
20140731:0710,222.62,293.01,24.16,16.39,2.28,0.0
20140731:0810,409.54,510.8,33.41,17.98,2.55,0.0
20140731:0910,552.27,689.89,42.17,19.57,3.24,0.0
20140731:1010,581.13,731.44,49.72,20.63,3.59,0.0
20140731:1110,697.51,895.55,55.02,22.22,3.66,0.0
20140731:1210,710.86,916.76,56.79,22.75,3.72,0.0
20140731:1310,644.8,828.7,54.46,23.81,3.86,0.0
20140731:1410,563.46,717.57,48.77,23.81,3.93,0.0
20140731:1510,357.99,454.86,41.0,23.81,3.79,0.0
20140731:1610,242.3,313.0,32.14,23.28,3.66,0.0
20140731:1710,148.51,202.65,22.85,22.75,3.52,0.0
20140731:1810,57.92,98.98,13.6,21.69,3.1,0.0
20140731:1910,9.6,23.61,4.73,21.16,3.03,0.0
20140731:2010,0.0,0.0,0.0,20.1,2.62,0.0
20140731:2110,0.0,0.0,0.0,19.57,2.69,0.0
20140731:2210,0.0,0.0,0.0,18.51,2.55,0.0
20140731:2310,0.0,0.0,0.0,17.98,2.41,0.0
20140801:0010,0.0,0.0,0.0,17.45,2.07,0.0
20140801:0110,0.0,0.0,0.0,17.45,1.86,0.0
20140801:0210,0.0,0.0,0.0,16.39,1.86,0.0
20140801:0310,0.0,0.0,0.0,15.86,1.79,0.0
20140801:0410,0.0,0.0,0.0,14.8,1.72,0.0
20140801:0510,9.98,23.61,5.75,14.27,1.66,0.0
20140801:0610,58.78,88.24,14.69,15.86,1.59,0.0
20140801:0710,181.89,239.3,23.98,17.45,2.21,0.0
20140801:0810,311.72,390.32,33.23,18.51,2.97,0.0
20140801:0910,412.67,513.88,41.97,19.57,3.38,0.0
20140801:1010,472.93,591.26,49.51,20.1,3.52,0.0
20140801:1110,554.61,696.61,54.78,20.63,3.93,0.0
20140801:1210,679.9,864.75,56.54,21.69,4.28,0.0
20140801:1310,753.62,960.21,54.22,21.69,4.62,0.0
20140801:1410,645.76,812.74,48.55,21.69,4.69,0.0
20140801:1510,434.07,543.59,40.79,22.22,4.55,0.0
20140801:1610,297.17,377.54,31.94,22.22,4.48,0.0
20140801:1710,165.56,224.22,22.66,21.69,4.34,0.0
20140801:1810,60.42,96.1,13.4,20.63,4.07,0.0
20140801:1910,9.69,23.61,4.53,19.57,3.1,0.0
20140801:2010,0.0,0.0,0.0,18.51,2.34,0.0
20140801:2110,0.0,0.0,0.0,17.45,2.14,0.0
20140801:2210,0.0,0.0,0.0,16.92,2.07,0.0
20140801:2310,0.0,0.0,0.0,16.39,2.14,0.0
20140802:0010,0.0,0.0,0.0,15.86,1.93,0.0
20140802:0110,0.0,0.0,0.0,15.86,1.72,0.0
20140802:0210,0.0,0.0,0.0,15.86,1.72,0.0
20140802:0310,0.0,0.0,0.0,15.33,1.59,0.0
20140802:0410,0.0,0.0,0.0,15.33,1.45,0.0
20140802:0510,0.0,4.37,5.55,15.33,1.66,0.0
20140802:0610,14.07,29.67,14.51,15.33,1.66,0.0
20140802:0710,84.96,118.62,23.8,16.39,2.62,0.0
20140802:0810,164.07,212.39,33.04,17.45,3.45,0.0
20140802:0910,246.93,310.51,41.77,17.98,3.66,0.0
20140802:1010,444.28,550.1,49.29,19.04,4.21,0.0
20140802:1110,452.07,561.45,54.54,20.1,4.9,0.0
20140802:1210,731.65,919.55,56.29,20.63,5.52,0.0
20140802:1310,426.47,527.68,53.98,19.57,5.24,0.0
20140802:1410,263.42,332.08,48.32,20.1,5.24,0.0
20140802:1510,332.11,414.4,40.58,20.63,5.17,0.0
20140802:1610,126.39,169.98,31.73,20.63,5.03,0.0
20140802:1710,201.13,274.81,22.46,20.63,4.9,0.0
20140802:1810,44.29,90.07,13.19,20.1,4.62,0.0
20140802:1910,8.54,21.86,4.32,20.1,3.79,0.0
20140802:2010,0.0,0.0,0.0,19.04,3.45,0.0
20140802:2110,0.0,0.0,0.0,17.45,3.03,0.0
20140802:2210,0.0,0.0,0.0,16.39,2.97,0.0
20140802:2310,0.0,0.0,0.0,15.33,2.97,0.0
20140803:0010,0.0,0.0,0.0,14.27,2.97,0.0
20140803:0110,0.0,0.0,0.0,13.21,2.69,0.0
20140803:0210,0.0,0.0,0.0,12.68,2.62,0.0
20140803:0310,0.0,0.0,0.0,11.61,2.48,0.0
20140803:0410,0.0,0.0,0.0,11.09,2.28,0.0
20140803:0510,12.59,27.11,5.36,11.09,2.28,0.0
20140803:0610,58.45,111.82,14.32,12.68,2.21,0.0
20140803:0710,235.13,308.84,23.61,15.33,3.03,0.0
20140803:0810,421.55,517.9,32.85,16.92,4.21,0.0
20140803:0910,506.04,621.06,41.57,18.51,4.9,0.0
20140803:1010,477.29,588.8,49.07,19.57,5.38,0.0
20140803:1110,628.89,782.52,54.3,20.1,5.45,0.0
20140803:1210,324.53,406.09,56.03,20.63,5.66,0.0
20140803:1310,777.73,978.33,53.73,20.1,5.31,0.0
20140803:1410,684.04,854.4,48.09,20.63,5.24,0.0
20140803:1510,465.3,577.79,40.36,21.16,5.1,0.0
20140803:1610,377.44,473.59,31.53,21.16,4.97,0.0
20140803:1710,212.56,295.89,22.25,20.63,4.48,0.0
20140803:1810,39.14,85.59,12.98,20.1,3.86,0.0
20140803:1910,8.01,20.99,4.1,19.57,3.38,0.0
20140803:2010,0.0,0.0,0.0,17.98,3.1,0.0
20140803:2110,0.0,0.0,0.0,16.92,2.83,0.0
20140803:2210,0.0,0.0,0.0,15.86,2.62,0.0
20140803:2310,0.0,0.0,0.0,15.33,2.41,0.0
20140804:0010,0.0,0.0,0.0,14.27,2.21,0.0
20140804:0110,0.0,0.0,0.0,14.27,2.21,0.0
20140804:0210,0.0,0.0,0.0,13.74,2.0,0.0
20140804:0310,0.0,0.0,0.0,12.68,1.93,0.0
20140804:0410,0.0,0.0,0.0,12.68,1.79,0.0
20140804:0510,2.58,11.37,5.16,12.15,1.79,0.0
20140804:0610,31.65,52.85,14.13,13.74,1.38,0.0
20140804:0710,188.15,245.9,23.43,15.33,1.72,0.0
20140804:0810,371.98,463.54,32.66,16.92,2.0,0.0
20140804:0910,551.63,691.65,41.37,18.51,2.34,0.0
20140804:1010,614.45,778.87,48.85,19.57,2.62,0.0
20140804:1110,664.12,850.2,54.05,20.1,2.69,0.0
20140804:1210,354.95,447.29,55.77,20.1,2.76,0.0
20140804:1310,628.34,801.95,53.47,20.63,2.83,0.0
20140804:1410,308.38,390.87,47.85,21.16,2.97,0.0
20140804:1510,447.23,562.21,40.13,21.16,3.03,0.0
20140804:1610,396.78,503.18,31.31,21.16,2.9,0.0
20140804:1710,198.2,273.53,22.04,20.63,2.69,0.0
20140804:1810,53.11,83.95,12.77,20.1,2.28,0.0
20140804:1910,4.31,14.87,3.88,20.1,2.34,0.0
20140804:2010,0.0,0.0,0.0,18.51,2.28,0.0
20140804:2110,0.0,0.0,0.0,17.45,2.21,0.0
20140804:2210,0.0,0.0,0.0,16.39,2.28,0.0
20140804:2310,0.0,0.0,0.0,15.33,2.21,0.0
20140805:0010,0.0,0.0,0.0,14.8,2.14,0.0
20140805:0110,0.0,0.0,0.0,14.27,2.14,0.0
20140805:0210,0.0,0.0,0.0,13.21,2.0,0.0
20140805:0310,0.0,0.0,0.0,12.68,1.79,0.0
20140805:0410,0.0,0.0,0.0,12.15,2.0,0.0
20140805:0510,11.3,25.36,4.96,12.15,2.14,0.0
20140805:0610,58.28,109.64,13.94,13.74,1.59,0.0
20140805:0710,231.79,308.44,23.24,16.39,1.72,0.0
20140805:0810,301.29,377.44,32.47,17.98,2.55,0.0
20140805:0910,347.85,435.63,41.17,19.57,2.83,0.0
20140805:1010,511.52,645.05,48.62,20.63,2.9,0.0
20140805:1110,447.44,564.05,53.8,21.69,3.59,0.0
20140805:1210,467.16,586.34,55.5,22.22,4.9,0.0
20140805:1310,548.17,686.32,53.21,22.22,5.52,0.0
20140805:1410,351.85,441.98,47.61,22.22,5.24,0.0
20140805:1510,347.14,435.48,39.91,22.22,5.24,0.0
20140805:1610,266.16,338.11,31.09,21.16,4.41,0.0
20140805:1710,94.99,133.03,21.82,20.63,4.55,0.0
20140805:1810,55.61,91.23,12.55,20.1,3.93,0.0
20140805:1910,5.32,16.61,3.65,20.1,3.31,0.0
20140805:2010,0.0,0.0,0.0,19.04,3.17,0.0
20140805:2110,0.0,0.0,0.0,17.98,3.31,0.0
20140805:2210,0.0,0.0,0.0,17.98,2.9,0.0
20140805:2310,0.0,0.0,0.0,17.45,2.69,0.0
20140806:0010,0.0,0.0,0.0,16.92,2.97,0.0
20140806:0110,0.0,0.0,0.0,16.39,3.45,0.0
20140806:0210,0.0,0.0,0.0,16.39,3.59,0.0
20140806:0310,0.0,0.0,0.0,16.39,3.66,0.0
20140806:0410,0.0,0.0,0.0,16.39,3.72,0.0
20140806:0510,9.26,22.74,4.76,16.92,3.72,0.0
20140806:0610,55.77,85.28,13.75,16.92,3.31,0.0
20140806:0710,137.8,183.23,23.05,16.92,2.41,0.0
20140806:0810,221.4,281.19,32.28,17.98,2.76,0.0
20140806:0910,347.93,434.11,40.96,19.57,3.52,0.0
20140806:1010,325.39,409.24,48.39,20.63,3.72,0.0
20140806:1110,532.25,671.45,53.54,21.69,3.86,0.0
20140806:1210,802.36,1036.89,55.23,22.22,4.14,0.0
20140806:1310,551.53,698.06,52.94,23.28,4.62,0.0
20140806:1410,686.47,874.25,47.36,23.81,4.83,0.0
20140806:1510,516.62,650.97,39.67,23.81,4.76,0.0
20140806:1610,382.68,487.57,30.87,23.81,4.41,0.0
20140806:1710,195.5,273.21,21.6,23.28,4.14,0.0
20140806:1810,40.15,83.51,12.33,22.75,3.45,0.0
20140806:1910,5.8,17.49,3.42,21.16,2.69,0.0
20140806:2010,0.0,0.0,0.0,20.1,2.69,0.0
20140806:2110,0.0,0.0,0.0,19.04,2.76,0.0
20140806:2210,0.0,0.0,0.0,18.51,2.83,0.0
20140806:2310,0.0,0.0,0.0,17.45,2.48,0.0
20140807:0010,0.0,0.0,0.0,16.39,2.41,0.0
20140807:0110,0.0,0.0,0.0,15.86,2.28,0.0
20140807:0210,0.0,0.0,0.0,15.33,2.07,0.0
20140807:0310,0.0,0.0,0.0,14.8,2.0,0.0
20140807:0410,0.0,0.0,0.0,14.27,1.93,0.0
20140807:0510,9.43,22.74,4.56,13.74,1.93,0.0
20140807:0610,56.62,107.45,13.56,14.8,1.66,0.0
20140807:0710,235.97,316.28,22.86,16.92,1.72,0.0
20140807:0810,429.66,542.45,32.08,18.51,1.52,0.0
20140807:0910,525.11,674.37,40.75,20.1,0.97,0.0
20140807:1010,543.13,703.94,48.16,20.63,0.9,0.0
20140807:1110,693.27,922.7,53.28,21.16,1.03,0.0
20140807:1210,756.54,1023.37,54.95,21.69,1.03,0.0
20140807:1310,714.62,963.62,52.67,22.22,0.9,0.0
20140807:1410,629.04,833.41,47.1,22.75,0.97,0.0
20140807:1510,535.78,702.33,39.43,22.22,0.48,0.0
20140807:1610,328.86,427.59,30.64,22.22,0.48,0.0
20140807:1710,195.58,275.73,21.37,21.69,1.03,0.0
20140807:1810,22.23,41.72,12.1,20.63,1.52,0.0
20140807:1910,3.78,13.99,3.18,21.69,1.45,0.0
20140807:2010,0.0,0.0,0.0,20.1,2.07,0.0
20140807:2110,0.0,0.0,0.0,18.51,2.34,0.0
20140807:2210,0.0,0.0,0.0,17.45,2.41,0.0
20140807:2310,0.0,0.0,0.0,16.92,2.41,0.0
20140808:0010,0.0,0.0,0.0,16.39,2.48,0.0
20140808:0110,0.0,0.0,0.0,16.39,2.41,0.0
20140808:0210,0.0,0.0,0.0,16.39,2.28,0.0
20140808:0310,0.0,0.0,0.0,16.39,2.07,0.0
20140808:0410,0.0,0.0,0.0,16.39,2.0,0.0
20140808:0510,6.52,18.36,4.36,15.86,1.93,0.0
20140808:0610,48.51,75.61,13.36,16.92,2.07,0.0
20140808:0710,81.78,115.88,22.66,18.51,2.48,0.0
20140808:0810,179.78,233.8,31.88,19.57,2.28,0.0
20140808:0910,127.77,172.44,40.53,20.1,1.45,0.0
20140808:1010,189.71,247.81,47.92,20.63,1.52,0.0
20140808:1110,210.72,274.31,53.02,21.16,1.38,0.0
20140808:1210,424.38,538.96,54.67,20.1,1.66,0.0
20140808:1310,325.59,410.97,52.39,19.04,1.86,0.0
20140808:1410,200.5,258.81,46.84,18.51,1.17,0.0
20140808:1510,142.73,189.44,39.18,18.51,0.97,0.0
20140808:1610,70.04,101.98,30.4,19.04,1.52,0.0
20140808:1710,69.95,101.92,21.14,19.04,1.79,0.0
20140808:1810,16.39,33.38,11.86,19.04,2.07,0.0
20140808:1910,0.0,4.37,2.94,18.51,1.93,0.0
20140808:2010,0.0,0.0,0.0,17.45,2.83,0.0
20140808:2110,0.0,0.0,0.0,17.45,3.52,0.0
20140808:2210,0.0,0.0,0.0,16.92,4.0,0.0
20140808:2310,0.0,0.0,0.0,16.39,4.07,0.0
20140809:0010,0.0,0.0,0.0,15.86,3.86,0.0
20140809:0110,0.0,0.0,0.0,15.86,3.31,0.0
20140809:0210,0.0,0.0,0.0,15.33,3.59,0.0
20140809:0310,0.0,0.0,0.0,14.8,3.86,0.0
20140809:0410,0.0,0.0,0.0,14.27,3.72,0.0
20140809:0510,5.01,15.74,4.15,13.74,3.52,0.0
20140809:0610,53.59,104.25,13.16,14.27,3.45,0.0
20140809:0710,239.2,314.44,22.46,15.33,5.24,0.0
20140809:0810,380.03,464.22,31.68,16.39,5.24,0.0
20140809:0910,538.36,657.86,40.31,17.45,4.76,0.0
20140809:1010,500.58,616.11,47.68,19.04,5.24,0.0
20140809:1110,770.53,965.68,52.75,20.1,5.72,0.0
20140809:1210,729.11,913.96,54.39,20.63,5.79,0.0
20140809:1310,781.4,987.56,52.11,20.63,5.1,0.0
20140809:1410,518.27,643.47,46.57,20.63,5.03,0.0
20140809:1510,323.1,403.13,38.93,20.1,4.62,0.0
20140809:1610,305.9,383.79,30.16,20.1,5.1,0.0
20140809:1710,188.05,258.56,20.9,20.1,4.48,0.0
20140809:1810,43.23,81.18,11.62,19.04,4.07,0.0
20140809:1910,2.48,11.37,2.69,17.98,3.59,0.0
20140809:2010,0.0,0.0,0.0,16.92,2.9,0.0
20140809:2110,0.0,0.0,0.0,15.86,2.48,0.0
20140809:2210,0.0,0.0,0.0,15.33,2.34,0.0
20140809:2310,0.0,0.0,0.0,15.33,2.14,0.0
20140810:0010,0.0,0.0,0.0,14.8,2.07,0.0
20140810:0110,0.0,0.0,0.0,14.27,2.14,0.0
20140810:0210,0.0,0.0,0.0,14.27,2.69,0.0
20140810:0310,0.0,0.0,0.0,13.74,3.03,0.0
20140810:0410,0.0,0.0,0.0,14.27,3.17,0.0
20140810:0510,6.57,18.36,3.94,14.8,3.31,0.0
20140810:0610,32.9,54.7,12.96,15.33,3.59,0.0
20140810:0710,40.81,64.9,22.27,16.39,4.21,0.0
20140810:0810,40.0,63.97,31.47,16.92,6.21,0.0
20140810:0910,51.88,78.8,40.1,17.45,7.03,0.0
20140810:1010,346.31,423.66,47.43,17.45,6.83,0.0
20140810:1110,151.81,197.47,52.48,17.98,6.97,0.0
20140810:1210,617.02,756.09,54.1,18.51,6.69,0.0
20140810:1310,828.59,1033.92,51.82,19.57,6.34,0.0
20140810:1410,747.38,917.51,46.3,20.1,7.93,0.0
20140810:1510,317.97,392.79,38.68,20.1,8.9,0.0
20140810:1610,323.27,400.29,29.91,19.57,8.83,0.0
20140810:1710,182.72,248.07,20.66,19.04,8.28,0.0
20140810:1810,34.37,74.04,11.37,18.51,7.59,0.0
20140810:1910,2.94,12.24,2.44,17.45,6.55,0.0
20140810:2010,0.0,0.0,0.0,16.39,6.41,0.0
20140810:2110,0.0,0.0,0.0,15.33,6.41,0.0
20140810:2210,0.0,0.0,0.0,14.8,6.41,0.0
20140810:2310,0.0,0.0,0.0,14.27,6.28,0.0
20140811:0010,0.0,0.0,0.0,13.74,5.86,0.0
20140811:0110,0.0,0.0,0.0,13.21,5.66,0.0
20140811:0210,0.0,0.0,0.0,13.21,5.31,0.0
20140811:0310,0.0,0.0,0.0,12.68,5.03,0.0
20140811:0410,0.0,0.0,0.0,12.68,4.9,0.0
20140811:0510,6.66,18.36,3.73,12.68,4.83,0.0
20140811:0610,51.8,102.07,12.76,13.21,4.97,0.0
20140811:0710,239.04,313.39,22.07,14.27,4.9,0.0
20140811:0810,410.61,497.2,31.27,15.86,6.62,0.0
20140811:0910,441.53,533.7,39.87,16.92,6.83,0.0
20140811:1010,335.88,411.98,47.19,17.98,7.24,0.0
20140811:1110,665.78,816.78,52.2,19.04,7.24,0.0
20140811:1210,316.04,391.37,53.8,19.04,7.1,0.0
20140811:1310,531.62,651.84,51.53,19.57,7.03,0.0
20140811:1410,186.37,239.5,46.02,19.57,6.83,0.0
20140811:1510,83.08,115.89,38.42,16.39,6.41,0.0
20140811:1610,247.42,308.26,29.66,16.92,6.07,0.0
20140811:1710,200.84,277.26,20.41,17.45,6.07,0.0
20140811:1810,36.74,74.47,11.12,17.45,5.66,0.0
20140811:1910,1.23,8.74,2.18,15.86,5.17,0.0
20140811:2010,0.0,0.0,0.0,15.33,4.76,0.0
20140811:2110,0.0,0.0,0.0,14.27,4.62,0.0
20140811:2210,0.0,0.0,0.0,14.27,4.69,0.0
20140811:2310,0.0,0.0,0.0,13.74,4.69,0.0
20140812:0010,0.0,0.0,0.0,13.74,4.76,0.0
20140812:0110,0.0,0.0,0.0,13.21,4.76,0.0
20140812:0210,0.0,0.0,0.0,13.21,4.83,0.0
20140812:0310,0.0,0.0,0.0,12.68,4.76,0.0
20140812:0410,0.0,0.0,0.0,12.68,4.62,0.0
20140812:0510,5.57,16.61,3.52,12.68,4.41,0.0
20140812:0610,53.22,101.19,12.56,12.68,4.41,0.0
20140812:0710,235.55,309.18,21.87,14.27,4.21,0.0
20140812:0810,435.64,527.38,31.06,15.33,5.72,0.0
20140812:0910,600.89,726.33,39.65,16.39,5.93,0.0
20140812:1010,657.72,802.58,46.94,17.45,6.21,0.0
20140812:1110,711.6,871.45,51.92,17.45,6.55,0.0
20140812:1210,538.12,655.65,53.51,17.98,6.9,0.0
20140812:1310,277.03,343.84,51.23,17.98,6.76,0.0
20140812:1410,277.29,344.01,45.74,17.98,6.41,0.0
20140812:1510,524.57,636.97,38.15,17.98,6.41,0.0
20140812:1610,266.51,332.21,29.4,17.98,6.21,0.0
20140812:1710,178.0,241.96,20.16,17.98,5.86,0.0
20140812:1810,42.59,76.45,10.87,16.39,5.03,0.0
20140812:1910,0.0,0.0,0.0,15.86,4.34,0.0
20140812:2010,0.0,0.0,0.0,14.8,4.21,0.0
20140812:2110,0.0,0.0,0.0,14.27,3.79,0.0
20140812:2210,0.0,0.0,0.0,13.74,3.66,0.0
20140812:2310,0.0,0.0,0.0,13.21,3.52,0.0
20140813:0010,0.0,0.0,0.0,12.68,3.52,0.0
20140813:0110,0.0,0.0,0.0,12.68,3.45,0.0
20140813:0210,0.0,0.0,0.0,12.15,3.45,0.0
20140813:0310,0.0,0.0,0.0,11.61,3.38,0.0
20140813:0410,0.0,0.0,0.0,11.61,3.45,0.0
20140813:0510,5.08,15.74,3.3,11.61,3.38,0.0
20140813:0610,49.67,99.24,12.35,12.15,2.97,0.0
20140813:0710,237.12,311.63,21.66,13.74,3.72,0.0
20140813:0810,443.79,540.09,30.85,15.86,5.03,0.0
20140813:0910,598.57,730.13,39.42,16.92,4.83,0.0
20140813:1010,703.33,871.7,46.69,18.51,5.03,0.0
20140813:1110,779.65,976.25,51.64,19.04,5.24,0.0
20140813:1210,97.68,135.36,53.2,20.1,5.1,0.0
20140813:1310,597.04,742.31,50.93,20.1,5.17,0.0
20140813:1410,561.0,696.54,45.46,20.1,4.76,0.0
20140813:1510,551.83,683.24,37.88,20.1,4.69,0.0
20140813:1610,157.5,206.71,29.14,20.1,4.41,0.0
20140813:1710,61.01,90.86,19.9,19.57,4.28,0.0
20140813:1810,43.44,73.79,10.61,19.04,3.52,0.0
20140813:1910,0.0,0.0,0.0,18.51,3.03,0.0
20140813:2010,0.0,0.0,0.0,16.92,2.97,0.0
20140813:2110,0.0,0.0,0.0,16.39,3.03,0.0
20140813:2210,0.0,0.0,0.0,15.86,2.97,0.0
20140813:2310,0.0,0.0,0.0,14.8,2.9,0.0
20140814:0010,0.0,0.0,0.0,14.27,2.83,0.0
20140814:0110,0.0,0.0,0.0,14.27,2.69,0.0
20140814:0210,0.0,0.0,0.0,13.74,2.48,0.0
20140814:0310,0.0,0.0,0.0,13.21,2.34,0.0
20140814:0410,0.0,0.0,0.0,12.15,2.28,0.0
20140814:0510,4.56,14.87,3.09,11.61,2.14,0.0
20140814:0610,44.37,69.23,12.14,12.15,2.0,0.0
20140814:0710,115.74,154.67,21.46,14.27,2.69,0.0
20140814:0810,256.82,320.19,30.64,16.39,3.45,0.0
20140814:0910,398.47,491.86,39.19,17.45,3.03,0.0
20140814:1010,521.8,652.68,46.43,18.51,2.62,0.0
20140814:1110,403.34,498.52,51.35,17.98,3.86,0.0
20140814:1210,301.81,372.14,52.9,15.86,4.14,0.0
20140814:1310,51.97,78.8,50.63,16.39,2.41,0.0
20140814:1410,145.93,191.91,45.16,17.98,2.62,0.0
20140814:1510,356.85,439.17,37.6,17.45,4.0,0.0
20140814:1610,85.98,119.6,28.88,16.39,3.79,0.0
20140814:1710,118.63,160.81,19.64,15.86,2.41,0.0
20140814:1810,22.82,41.72,10.34,15.86,2.48,0.0
20140814:1910,0.0,0.0,0.0,15.33,1.93,0.0
20140814:2010,0.0,0.0,0.0,14.27,2.07,0.0
20140814:2110,0.0,0.0,0.0,13.21,2.28,0.0
20140814:2210,0.0,0.0,0.0,12.68,2.62,0.0
20140814:2310,0.0,0.0,0.0,12.15,2.9,0.0
20140815:0010,0.0,0.0,0.0,12.15,3.1,0.0
20140815:0110,0.0,0.0,0.0,11.61,3.38,0.0
20140815:0210,0.0,0.0,0.0,11.09,3.38,0.0
20140815:0310,0.0,0.0,0.0,11.09,3.17,0.0
20140815:0410,0.0,0.0,0.0,10.55,3.03,0.0
20140815:0510,2.61,11.37,2.87,10.55,2.9,0.0
20140815:0610,33.65,55.11,11.94,11.61,2.83,0.0
20140815:0710,35.57,57.48,21.25,12.68,3.66,0.0
20140815:0810,79.76,111.25,30.42,14.27,3.45,0.0
20140815:0910,194.25,245.05,38.96,14.8,3.24,0.0
20140815:1010,565.93,700.44,46.17,16.39,2.9,0.0
20140815:1110,386.22,479.4,51.06,17.45,2.76,0.0
20140815:1210,546.3,686.18,52.59,18.51,2.62,0.0
20140815:1310,93.16,129.79,50.32,19.04,2.41,0.0
20140815:1410,295.92,373.3,44.87,19.57,2.55,0.0
20140815:1510,117.66,159.46,37.32,19.57,2.55,0.0
20140815:1610,176.93,229.69,28.61,19.04,2.69,0.0
20140815:1710,92.99,129.66,19.37,17.45,2.48,0.0
20140815:1810,40.51,67.63,10.08,16.92,2.0,0.0
20140815:1910,0.0,0.0,0.0,16.92,2.14,0.0
20140815:2010,0.0,0.0,0.0,15.86,1.72,0.0
20140815:2110,0.0,0.0,0.0,14.8,1.1,0.0
20140815:2210,0.0,0.0,0.0,13.74,1.24,0.0
20140815:2310,0.0,0.0,0.0,13.21,1.59,0.0
20140816:0010,0.0,0.0,0.0,13.21,2.07,0.0
20140816:0110,0.0,0.0,0.0,12.68,2.41,0.0
20140816:0210,0.0,0.0,0.0,12.68,2.55,0.0
20140816:0310,0.0,0.0,0.0,11.61,2.48,0.0
20140816:0410,0.0,0.0,0.0,11.09,2.62,0.0
20140816:0510,3.08,12.24,2.65,11.09,2.62,0.0
20140816:0610,56.83,92.41,11.73,11.61,2.48,0.0
20140816:0710,229.69,302.19,21.04,13.21,2.41,0.0
20140816:0810,417.03,509.81,30.21,14.8,3.24,0.0
20140816:0910,498.65,606.86,38.73,16.39,4.41,0.0
20140816:1010,349.77,429.99,45.91,17.45,4.9,0.0
20140816:1110,219.62,277.79,50.77,17.98,4.83,0.0
20140816:1210,566.36,698.01,52.27,17.98,4.76,0.0
20140816:1310,465.35,572.77,50.0,18.51,4.9,0.0
20140816:1410,414.94,510.51,44.57,19.04,5.38,0.0
20140816:1510,409.41,502.08,37.04,18.51,5.17,0.0
20140816:1610,274.51,343.27,28.33,18.51,5.45,0.0
20140816:1710,160.6,219.63,19.1,17.98,4.97,0.0
20140816:1810,38.82,67.94,9.8,17.45,4.97,0.0
20140816:1910,0.0,0.0,0.0,16.39,4.9,0.0
20140816:2010,0.0,0.0,0.0,15.33,4.62,0.0
20140816:2110,0.0,0.0,0.0,14.27,4.41,0.0
20140816:2210,0.0,0.0,0.0,14.27,4.28,0.0
20140816:2310,0.0,0.0,0.0,14.27,4.28,0.0
20140817:0010,0.0,0.0,0.0,13.74,4.34,0.0
20140817:0110,0.0,0.0,0.0,13.21,4.55,0.0
20140817:0210,0.0,0.0,0.0,13.21,4.69,0.0
20140817:0310,0.0,0.0,0.0,13.21,4.9,0.0
20140817:0410,0.0,0.0,0.0,13.21,5.03,0.0
20140817:0510,0.0,4.37,2.43,13.74,5.1,0.0
20140817:0610,16.89,33.38,11.51,13.74,5.1,0.0
20140817:0710,44.92,69.53,20.83,14.8,5.17,0.0
20140817:0810,128.13,167.76,29.99,15.33,7.1,0.0
20140817:0910,266.03,327.57,38.49,15.86,5.79,0.0
20140817:1010,109.03,146.48,45.65,16.39,5.72,0.0
20140817:1110,668.04,817.42,50.47,15.86,5.03,0.0
20140817:1210,90.05,124.23,51.96,16.39,5.24,0.0
20140817:1310,676.22,826.51,49.69,16.92,6.0,0.0
20140817:1410,369.1,451.44,44.26,17.98,6.55,0.0
20140817:1510,375.27,459.72,36.74,18.51,6.07,0.0
20140817:1610,280.63,349.29,28.05,17.98,6.0,0.0
20140817:1710,165.98,227.47,18.82,17.45,5.45,0.0
20140817:1810,26.69,59.49,9.52,16.92,4.76,0.0
20140817:1910,0.0,0.0,0.0,15.86,4.48,0.0
20140817:2010,0.0,0.0,0.0,14.8,4.34,0.0
20140817:2110,0.0,0.0,0.0,14.27,4.28,0.0
20140817:2210,0.0,0.0,0.0,13.21,4.28,0.0
20140817:2310,0.0,0.0,0.0,12.68,4.21,0.0
20140818:0010,0.0,0.0,0.0,12.15,4.14,0.0
20140818:0110,0.0,0.0,0.0,11.61,4.28,0.0
20140818:0210,0.0,0.0,0.0,11.09,4.14,0.0
20140818:0310,0.0,0.0,0.0,11.09,4.28,0.0
20140818:0410,0.0,0.0,0.0,10.55,4.34,0.0
20140818:0510,0.0,0.0,0.0,10.55,4.34,0.0
20140818:0610,50.78,79.64,11.3,11.09,4.41,0.0
20140818:0710,154.9,200.76,20.62,12.15,4.41,0.0
20140818:0810,299.47,364.03,29.77,13.74,5.24,0.0
20140818:0910,295.46,361.22,38.25,15.33,5.24,0.0
20140818:1010,452.08,550.88,45.38,16.39,4.55,0.0
20140818:1110,193.52,246.66,50.18,17.45,4.48,0.0
20140818:1210,293.92,365.86,51.63,17.98,4.48,0.0
20140818:1310,435.41,538.01,49.36,18.51,4.14,0.0
20140818:1410,609.84,759.9,43.95,19.04,3.86,0.0
20140818:1510,106.05,144.63,36.45,18.51,3.66,0.0
20140818:1610,392.62,489.76,27.76,17.98,3.52,0.0
20140818:1710,44.25,69.53,18.54,17.45,3.1,0.0
20140818:1810,32.28,55.44,9.24,16.39,2.69,0.0
20140818:1910,0.0,0.0,0.0,15.33,2.41,0.0
20140818:2010,0.0,0.0,0.0,14.27,2.55,0.0
20140818:2110,0.0,0.0,0.0,13.21,2.76,0.0
20140818:2210,0.0,0.0,0.0,12.68,2.9,0.0
20140818:2310,0.0,0.0,0.0,11.61,3.1,0.0
20140819:0010,0.0,0.0,0.0,11.09,2.97,0.0
20140819:0110,0.0,0.0,0.0,10.02,3.03,0.0
20140819:0210,0.0,0.0,0.0,10.02,3.03,0.0
20140819:0310,0.0,0.0,0.0,10.02,3.17,0.0
20140819:0410,0.0,0.0,0.0,10.02,3.38,0.0
20140819:0510,0.0,0.0,0.0,9.49,3.45,0.0
20140819:0610,51.48,90.26,11.09,10.02,3.59,0.0
20140819:0710,229.89,297.95,20.41,11.09,4.28,0.0
20140819:0810,439.94,526.86,29.55,12.15,4.69,0.0
20140819:0910,475.0,568.14,38.01,13.21,4.76,0.0
20140819:1010,545.27,657.67,45.11,14.8,5.17,0.0
20140819:1110,448.84,543.81,49.87,15.33,5.03,0.0
20140819:1210,530.74,644.83,51.31,15.86,5.17,0.0
20140819:1310,512.02,623.83,49.04,16.39,4.9,0.0
20140819:1410,463.86,565.92,43.64,16.39,4.21,0.0
20140819:1510,265.77,330.59,36.15,16.92,3.72,0.0
20140819:1610,275.14,343.9,27.48,16.92,3.38,0.0
20140819:1710,116.68,159.16,18.25,15.33,2.62,0.0
20140819:1810,23.08,53.39,8.95,14.8,2.28,0.0
20140819:1910,0.0,0.0,0.0,13.74,1.79,0.0
20140819:2010,0.0,0.0,0.0,12.68,1.66,0.0
20140819:2110,0.0,0.0,0.0,11.61,1.93,0.0
20140819:2210,0.0,0.0,0.0,11.09,2.07,0.0
20140819:2310,0.0,0.0,0.0,10.55,2.0,0.0
20140820:0010,0.0,0.0,0.0,10.02,2.14,0.0
20140820:0110,0.0,0.0,0.0,10.02,2.34,0.0
20140820:0210,0.0,0.0,0.0,9.49,2.41,0.0
20140820:0310,0.0,0.0,0.0,9.49,2.41,0.0
20140820:0410,0.0,0.0,0.0,8.96,2.28,0.0
20140820:0510,0.0,0.0,0.0,7.9,2.21,0.0
20140820:0610,46.06,90.44,10.87,8.43,2.0,0.0
20140820:0710,228.94,298.23,20.19,10.55,2.21,0.0
20140820:0810,436.37,529.25,29.32,12.15,2.55,0.0
20140820:0910,601.07,733.63,37.77,13.74,2.83,0.0
20140820:1010,631.12,776.4,44.84,14.8,3.17,0.0
20140820:1110,619.83,763.58,49.57,15.33,3.45,0.0
20140820:1210,433.45,532.36,50.98,16.39,3.52,0.0
20140820:1310,217.4,273.79,48.71,16.39,3.86,0.0
20140820:1410,357.76,439.79,43.32,16.92,3.93,0.0
20140820:1510,570.67,699.77,35.85,16.92,3.86,0.0
20140820:1610,281.03,350.0,27.18,16.39,3.52,0.0
20140820:1710,109.0,149.98,17.97,16.39,3.45,0.0
20140820:1810,29.16,56.5,8.66,15.86,2.83,0.0
20140820:1910,0.0,0.0,0.0,14.8,2.07,0.0
20140820:2010,0.0,0.0,0.0,13.21,2.07,0.0
20140820:2110,0.0,0.0,0.0,12.15,2.14,0.0
20140820:2210,0.0,0.0,0.0,11.09,2.14,0.0
20140820:2310,0.0,0.0,0.0,10.02,2.21,0.0
20140821:0010,0.0,0.0,0.0,9.49,2.21,0.0
20140821:0110,0.0,0.0,0.0,9.49,2.0,0.0
20140821:0210,0.0,0.0,0.0,8.96,2.0,0.0
20140821:0310,0.0,0.0,0.0,8.43,1.86,0.0
20140821:0410,0.0,0.0,0.0,7.9,1.93,0.0
20140821:0510,0.0,0.0,0.0,7.37,2.0,0.0
20140821:0610,45.76,89.28,10.66,7.9,1.66,0.0
20140821:0710,216.91,282.05,19.98,10.55,1.79,0.0
20140821:0810,429.09,521.13,29.1,12.15,2.34,0.0
20140821:0910,0.0,0.0,0.0,14.27,3.45,0.0
20140821:1010,739.4,912.82,44.56,15.33,3.93,0.0
20140821:1110,832.18,1038.65,49.26,16.92,4.83,0.0
20140821:1210,325.72,400.74,50.65,16.92,5.1,0.0
20140821:1310,280.67,347.0,48.37,16.39,4.83,0.0
20140821:1410,152.63,197.47,43.0,16.39,5.31,0.0
20140821:1510,203.86,256.4,35.54,16.39,5.79,0.0
20140821:1610,179.88,229.03,26.88,16.39,5.79,0.0
20140821:1710,55.06,82.53,17.67,16.39,5.17,0.0
20140821:1810,22.72,41.91,8.37,15.86,4.21,0.0
20140821:1910,0.0,0.0,0.0,14.27,3.93,0.0
20140821:2010,0.0,0.0,0.0,13.74,3.79,0.0
20140821:2110,0.0,0.0,0.0,13.74,3.79,0.0
20140821:2210,0.0,0.0,0.0,13.74,3.66,0.0
20140821:2310,0.0,0.0,0.0,13.21,3.79,0.0
20140822:0010,0.0,0.0,0.0,13.21,3.86,0.0
20140822:0110,0.0,0.0,0.0,13.21,3.86,0.0
20140822:0210,0.0,0.0,0.0,12.68,3.79,0.0
20140822:0310,0.0,0.0,0.0,12.68,3.66,0.0
20140822:0410,0.0,0.0,0.0,12.68,3.59,0.0
20140822:0510,0.0,0.0,0.0,12.68,3.31,0.0
20140822:0610,26.28,45.89,10.44,12.15,3.17,0.0
20140822:0710,74.18,104.09,19.76,12.68,3.93,0.0
20140822:0810,170.95,216.45,28.87,13.74,4.21,0.0
20140822:0910,255.5,315.45,37.28,14.8,3.79,0.0
20140822:1010,563.4,690.73,44.28,15.86,3.59,0.0
20140822:1110,741.25,929.92,48.95,16.92,3.59,0.0
20140822:1210,394.07,486.15,50.31,17.45,3.72,0.0
20140822:1310,444.39,547.88,48.03,17.98,4.0,0.0
20140822:1410,563.78,696.61,42.67,18.51,4.21,0.0
20140822:1510,344.38,424.6,35.23,17.98,4.21,0.0
20140822:1610,229.47,289.51,26.58,17.45,4.07,0.0
20140822:1710,103.39,143.86,17.37,17.45,3.72,0.0
20140822:1810,20.52,39.1,8.07,16.92,3.17,0.0
20140822:1910,0.0,0.0,0.0,15.86,3.1,0.0
20140822:2010,0.0,0.0,0.0,14.27,2.48,0.0
20140822:2110,0.0,0.0,0.0,13.74,2.07,0.0
20140822:2210,0.0,0.0,0.0,12.68,2.07,0.0
20140822:2310,0.0,0.0,0.0,11.61,2.28,0.0
20140823:0010,0.0,0.0,0.0,11.09,2.34,0.0
20140823:0110,0.0,0.0,0.0,10.02,2.55,0.0
20140823:0210,0.0,0.0,0.0,10.02,2.48,0.0
20140823:0310,0.0,0.0,0.0,9.49,2.41,0.0
20140823:0410,0.0,0.0,0.0,8.96,2.41,0.0
20140823:0510,0.0,0.0,0.0,8.43,2.41,0.0
20140823:0610,46.97,84.03,10.22,8.96,2.21,0.0
20140823:0710,218.8,284.54,19.54,10.55,2.21,0.0
20140823:0810,430.44,519.29,28.64,12.15,3.31,0.0
20140823:0910,592.6,716.94,37.03,14.27,4.07,0.0
20140823:1010,562.95,683.99,44.0,14.8,4.07,0.0
20140823:1110,319.67,391.85,48.63,15.33,4.14,0.0
20140823:1210,798.01,995.81,49.98,16.39,4.41,0.0
20140823:1310,760.76,943.8,47.69,16.39,4.48,0.0
20140823:1410,561.9,687.39,42.34,16.92,4.48,0.0
20140823:1510,377.67,462.12,34.91,16.92,4.21,0.0
20140823:1610,335.24,416.52,26.28,16.92,3.79,0.0
20140823:1710,69.36,100.31,17.07,16.39,3.66,0.0
20140823:1810,24.05,48.29,7.76,15.86,3.03,0.0
20140823:1910,0.0,0.0,0.0,14.8,2.97,0.0
20140823:2010,0.0,0.0,0.0,13.21,2.62,0.0
20140823:2110,0.0,0.0,0.0,12.15,2.55,0.0
20140823:2210,0.0,0.0,0.0,11.61,2.48,0.0
20140823:2310,0.0,0.0,0.0,10.55,2.41,0.0
20140824:0010,0.0,0.0,0.0,9.49,2.55,0.0
20140824:0110,0.0,0.0,0.0,9.49,2.55,0.0
20140824:0210,0.0,0.0,0.0,8.96,2.55,0.0
20140824:0310,0.0,0.0,0.0,8.43,2.0,0.0
20140824:0410,0.0,0.0,0.0,7.37,2.07,0.0
20140824:0510,0.0,0.0,0.0,7.37,1.86,0.0
20140824:0610,44.0,83.86,10.0,7.9,1.52,0.0
20140824:0710,147.64,192.14,19.32,10.02,1.24,0.0
20140824:0810,345.34,422.12,28.41,12.15,1.52,0.0
20140824:0910,444.64,544.89,36.78,13.74,1.59,0.0
20140824:1010,689.21,869.44,43.72,14.8,1.72,0.0
20140824:1110,672.31,849.44,48.31,16.39,2.21,0.0
20140824:1210,592.58,741.82,49.63,16.92,2.48,0.0
20140824:1310,311.08,388.9,47.35,17.98,2.62,0.0
20140824:1410,121.97,163.17,42.01,17.45,2.41,0.0
20140824:1510,263.48,330.21,34.59,17.45,2.41,0.0
20140824:1610,155.38,202.85,25.97,17.45,2.28,0.0
20140824:1710,93.74,131.93,16.77,16.92,2.21,0.0
20140824:1810,24.26,44.61,7.46,16.39,1.79,0.0
20140824:1910,0.0,0.0,0.0,15.33,2.34,0.0
20140824:2010,0.0,0.0,0.0,13.74,2.41,0.0
20140824:2110,0.0,0.0,0.0,12.68,2.34,0.0
20140824:2210,0.0,0.0,0.0,11.09,2.0,0.0
20140824:2310,0.0,0.0,0.0,10.55,1.79,0.0
20140825:0010,0.0,0.0,0.0,10.02,1.79,0.0
20140825:0110,0.0,0.0,0.0,10.02,2.0,0.0
20140825:0210,0.0,0.0,0.0,10.55,2.0,0.0
20140825:0310,0.0,0.0,0.0,11.09,1.93,0.0
20140825:0410,0.0,0.0,0.0,11.61,2.14,0.0
20140825:0510,0.0,0.0,0.0,11.61,2.41,0.0
20140825:0610,17.02,33.38,9.78,12.15,2.9,0.0
20140825:0710,16.92,33.38,19.1,13.21,3.03,0.0
20140825:0810,57.94,85.29,28.18,14.27,3.17,0.0
20140825:0910,76.39,107.54,36.52,14.8,3.17,0.0
20140825:1010,72.32,102.91,43.43,15.33,3.38,0.0
20140825:1110,86.94,120.52,47.99,15.86,3.38,0.0
20140825:1210,94.78,129.79,49.29,15.86,3.38,0.0
20140825:1310,93.93,128.87,47.0,15.86,2.9,0.0
20140825:1410,68.98,99.2,41.67,15.86,2.76,0.0
20140825:1510,118.3,157.61,34.27,15.86,2.83,0.0
20140825:1610,72.79,103.84,25.65,15.86,2.28,0.0
20140825:1710,10.85,25.03,16.46,15.86,1.86,0.0
20140825:1810,10.22,24.1,7.15,15.86,1.59,0.0
20140825:1910,0.0,0.0,0.0,15.33,1.59,0.0
20140825:2010,0.0,0.0,0.0,15.86,1.59,0.0
20140825:2110,0.0,0.0,0.0,15.86,2.14,0.0
20140825:2210,0.0,0.0,0.0,15.33,2.62,0.0
20140825:2310,0.0,0.0,0.0,15.33,2.76,0.0
20140826:0010,0.0,0.0,0.0,14.8,2.76,0.0
20140826:0110,0.0,0.0,0.0,14.27,2.48,0.0
20140826:0210,0.0,0.0,0.0,13.74,2.0,0.0
20140826:0310,0.0,0.0,0.0,13.74,1.66,0.0
20140826:0410,0.0,0.0,0.0,13.74,1.17,0.0
20140826:0510,0.0,0.0,0.0,13.74,0.76,0.0
20140826:0610,38.44,65.11,9.55,14.27,0.28,0.0
20140826:0710,17.44,34.3,18.87,14.8,1.66,0.0
20140826:0810,34.31,56.55,27.94,15.33,1.72,0.0
20140826:0910,62.8,91.78,36.27,15.86,2.55,0.0
20140826:1010,78.99,111.25,43.15,15.86,2.21,0.0
20140826:1110,172.67,221.19,47.67,15.86,3.24,0.0
20140826:1210,111.04,149.26,48.94,16.39,3.38,0.0
20140826:1310,81.34,114.03,46.65,16.39,4.14,0.0
20140826:1410,50.69,76.95,41.33,15.86,4.48,0.0
20140826:1510,125.37,165.47,33.94,15.86,4.28,0.0
20140826:1610,104.46,141.01,25.34,15.86,4.41,0.0
20140826:1710,49.17,75.1,16.14,15.86,4.28,0.0
20140826:1810,15.94,32.46,6.83,15.86,4.07,0.0
20140826:1910,0.0,0.0,0.0,15.33,4.28,0.0
20140826:2010,0.0,0.0,0.0,15.33,4.14,0.0
20140826:2110,0.0,0.0,0.0,14.8,3.93,0.0
20140826:2210,0.0,0.0,0.0,14.27,3.72,0.0
20140826:2310,0.0,0.0,0.0,13.74,3.52,0.0
20140827:0010,0.0,0.0,0.0,13.21,3.38,0.0
20140827:0110,0.0,0.0,0.0,12.68,3.31,0.0
20140827:0210,0.0,0.0,0.0,12.68,3.17,0.0
20140827:0310,0.0,0.0,0.0,12.68,2.9,0.0
20140827:0410,0.0,0.0,0.0,12.68,2.55,0.0
20140827:0510,0.0,0.0,0.0,12.68,2.55,0.0
20140827:0610,36.86,61.94,9.33,13.21,2.48,0.0
20140827:0710,110.49,148.85,18.65,13.74,2.55,0.0
20140827:0810,402.35,493.83,27.71,15.86,3.38,0.0
20140827:0910,443.45,540.46,36.01,17.45,4.97,0.0
20140827:1010,333.66,411.53,42.86,17.98,4.83,0.0
20140827:1110,263.23,329.53,47.34,18.51,4.97,0.0
20140827:1210,330.15,410.03,48.59,19.04,4.9,0.0
20140827:1310,474.64,586.72,46.29,19.04,4.34,0.0
20140827:1410,305.59,380.14,40.98,18.51,4.0,0.0
20140827:1510,218.17,276.57,33.61,18.51,3.79,0.0
20140827:1610,49.24,76.02,25.01,18.51,3.72,0.0
20140827:1710,65.78,96.85,15.83,17.98,3.59,0.0
20140827:1810,14.49,30.58,6.52,17.45,3.03,0.0
20140827:1910,0.0,0.0,0.0,16.92,3.1,0.0
20140827:2010,0.0,0.0,0.0,16.39,3.1,0.0
20140827:2110,0.0,0.0,0.0,16.39,3.17,0.0
20140827:2210,0.0,0.0,0.0,15.86,3.17,0.0
20140827:2310,0.0,0.0,0.0,15.86,3.24,0.0
20140828:0010,0.0,0.0,0.0,15.86,3.59,0.0
20140828:0110,0.0,0.0,0.0,15.86,3.86,0.0
20140828:0210,0.0,0.0,0.0,15.86,3.93,0.0
20140828:0310,0.0,0.0,0.0,16.39,3.79,0.0
20140828:0410,0.0,0.0,0.0,16.39,3.24,0.0
20140828:0510,0.0,0.0,0.0,16.39,2.97,0.0
20140828:0610,6.03,17.62,9.11,16.92,2.9,0.0
20140828:0710,54.88,82.51,18.42,16.92,2.9,0.0
20140828:0810,130.27,172.58,27.47,17.45,3.31,0.0
20140828:0910,236.88,298.3,35.75,17.98,3.38,0.0
20140828:1010,289.55,361.68,42.56,18.51,3.66,0.0
20140828:1110,451.26,558.69,47.02,19.57,4.55,0.0
20140828:1210,725.26,910.28,48.24,20.1,5.1,0.0
20140828:1310,746.51,940.1,45.93,21.16,5.38,0.0
20140828:1410,495.4,614.13,40.63,21.16,5.38,0.0
20140828:1510,208.31,266.91,33.27,21.16,5.79,0.0
20140828:1610,175.85,228.26,24.69,20.1,5.66,0.0
20140828:1710,100.63,143.6,15.51,19.57,4.97,0.0
20140828:1810,17.93,36.29,6.19,18.51,4.41,0.0
20140828:1910,0.0,0.0,0.0,17.45,3.72,0.0
20140828:2010,0.0,0.0,0.0,16.39,3.59,0.0
20140828:2110,0.0,0.0,0.0,15.33,3.59,0.0
20140828:2210,0.0,0.0,0.0,14.27,3.52,0.0
20140828:2310,0.0,0.0,0.0,13.74,3.38,0.0
20140829:0010,0.0,0.0,0.0,13.21,3.31,0.0
20140829:0110,0.0,0.0,0.0,13.21,3.38,0.0
20140829:0210,0.0,0.0,0.0,13.21,3.45,0.0
20140829:0310,0.0,0.0,0.0,13.21,3.52,0.0
20140829:0410,0.0,0.0,0.0,13.21,3.59,0.0
20140829:0510,0.0,0.0,0.0,13.21,3.59,0.0
20140829:0610,36.33,77.74,8.88,13.74,3.79,0.0
20140829:0710,196.13,259.43,18.19,14.8,3.52,0.0
20140829:0810,350.94,428.38,27.23,16.39,5.79,0.0
20140829:0910,108.51,146.48,35.49,17.45,6.07,0.0
20140829:1010,651.5,796.28,42.27,18.51,6.62,0.0
20140829:1110,616.44,755.71,46.69,19.57,7.24,0.0
20140829:1210,178.72,230.49,47.88,19.57,7.03,0.0
20140829:1310,169.98,220.28,45.57,19.57,6.69,0.0
20140829:1410,301.74,375.03,40.28,19.57,5.93,0.0
20140829:1510,258.77,324.26,32.93,19.57,5.52,0.0
20140829:1610,169.41,219.62,24.36,19.04,5.59,0.0
20140829:1710,97.53,139.11,15.19,18.51,5.17,0.0
20140829:1810,14.37,30.42,5.87,17.45,5.03,0.0
20140829:1910,0.0,0.0,0.0,17.45,5.31,0.0
20140829:2010,0.0,0.0,0.0,16.92,5.24,0.0
20140829:2110,0.0,0.0,0.0,16.92,5.24,0.0
20140829:2210,0.0,0.0,0.0,16.92,5.38,0.0
20140829:2310,0.0,0.0,0.0,16.92,5.38,0.0
20140830:0010,0.0,0.0,0.0,16.39,5.38,0.0
20140830:0110,0.0,0.0,0.0,16.39,5.24,0.0
20140830:0210,0.0,0.0,0.0,16.39,5.1,0.0
20140830:0310,0.0,0.0,0.0,16.39,5.17,0.0
20140830:0410,0.0,0.0,0.0,16.39,5.1,0.0
20140830:0510,0.0,0.0,0.0,16.39,5.24,0.0
20140830:0610,21.63,40.42,8.65,15.86,4.62,0.0
20140830:0710,105.8,144.21,17.97,15.86,5.17,0.0
20140830:0810,253.46,313.93,26.99,15.86,4.76,0.0
20140830:0910,459.12,555.73,35.22,16.39,5.24,0.0
20140830:1010,607.91,743.25,41.97,17.45,5.31,0.0
20140830:1110,484.19,593.12,46.35,17.98,5.1,0.0
20140830:1210,442.59,542.67,47.52,17.98,5.03,0.0
20140830:1310,291.2,361.87,45.21,17.98,4.62,0.0
20140830:1410,245.87,308.92,39.93,18.51,4.48,0.0
20140830:1510,159.11,207.12,32.59,18.51,3.93,0.0
20140830:1610,50.85,77.88,24.03,17.98,3.1,0.0
20140830:1710,26.05,46.36,14.86,17.98,3.17,0.0
20140830:1810,10.55,24.77,5.54,17.45,3.17,0.0
20140830:1910,0.0,0.0,0.0,16.92,3.03,0.0
20140830:2010,0.0,0.0,0.0,15.86,2.97,0.0
20140830:2110,0.0,0.0,0.0,15.86,2.9,0.0
20140830:2210,0.0,0.0,0.0,14.8,2.83,0.0
20140830:2310,0.0,0.0,0.0,13.74,2.83,0.0
20140831:0010,0.0,0.0,0.0,13.21,2.9,0.0
20140831:0110,0.0,0.0,0.0,13.21,2.83,0.0
20140831:0210,0.0,0.0,0.0,12.68,2.76,0.0
20140831:0310,0.0,0.0,0.0,12.68,2.55,0.0
20140831:0410,0.0,0.0,0.0,12.15,2.62,0.0
20140831:0510,0.0,0.0,0.0,12.15,2.83,0.0
20140831:0610,35.66,73.71,8.42,12.68,2.62,0.0
20140831:0710,209.26,276.96,17.73,13.74,2.9,0.0
20140831:0810,416.1,506.09,26.75,14.8,4.07,0.0
20140831:0910,536.78,652.79,34.95,15.86,4.07,0.0
20140831:1010,315.16,389.26,41.67,17.45,4.28,0.0
20140831:1110,172.21,222.16,46.02,17.98,4.41,0.0
20140831:1210,433.31,534.07,47.16,18.51,4.48,0.0
20140831:1310,272.75,341.84,44.84,19.04,4.48,0.0
20140831:1410,599.0,744.74,39.57,19.57,4.21,0.0
20140831:1510,305.43,381.02,32.25,19.57,4.0,0.0
20140831:1610,205.65,264.51,23.7,19.57,3.66,0.0
20140831:1710,134.91,198.96,14.53,19.04,2.55,0.0
20140831:1810,6.66,18.88,5.21,17.98,1.59,0.0
20140831:1910,0.0,0.0,0.0,16.92,1.52,0.0
20140831:2010,0.0,0.0,0.0,15.33,1.66,0.0
20140831:2110,0.0,0.0,0.0,13.74,2.0,0.0
20140831:2210,0.0,0.0,0.0,13.21,2.34,0.0
20140831:2310,0.0,0.0,0.0,13.21,2.48,0.0
20140901:0010,0.0,0.0,0.0,13.21,2.41,0.0
20140901:0110,0.0,0.0,0.0,12.68,2.28,0.0
20140901:0210,0.0,0.0,0.0,12.15,2.14,0.0
20140901:0310,0.0,0.0,0.0,11.61,1.86,0.0
20140901:0410,0.0,0.0,0.0,11.09,1.86,0.0
20140901:0510,0.0,0.0,0.0,11.09,1.79,0.0
20140901:0610,34.46,72.98,8.19,11.09,1.79,0.0
20140901:0710,198.57,263.2,17.5,13.74,2.14,0.0
20140901:0810,183.36,232.72,26.5,14.8,2.41,0.0
20140901:0910,198.05,249.79,34.69,15.33,3.17,0.0
20140901:1010,96.31,131.65,41.37,15.86,3.1,0.0
20140901:1110,153.07,198.4,45.68,15.86,2.9,0.0
20140901:1210,176.47,225.88,46.8,16.39,3.79,0.0
20140901:1310,130.5,172.44,44.47,16.92,3.72,0.0
20140901:1410,154.73,201.38,39.21,17.45,3.52,0.0
20140901:1510,129.42,171.61,31.9,17.45,3.31,0.0
20140901:1610,208.97,266.68,23.36,17.45,2.83,0.0
20140901:1710,71.25,104.78,14.2,17.45,2.0,0.0
20140901:1810,10.96,25.36,4.88,17.45,1.66,0.0
20140901:1910,0.0,0.0,0.0,16.92,1.66,0.0
20140901:2010,0.0,0.0,0.0,16.39,2.28,0.0
20140901:2110,0.0,0.0,0.0,16.39,2.48,0.0
20140901:2210,0.0,0.0,0.0,15.86,2.41,0.0
20140901:2310,0.0,0.0,0.0,15.33,2.28,0.0
20140902:0010,0.0,0.0,0.0,14.8,2.28,0.0
20140902:0110,0.0,0.0,0.0,14.27,2.14,0.0
20140902:0210,0.0,0.0,0.0,13.74,2.14,0.0
20140902:0310,0.0,0.0,0.0,13.21,2.14,0.0
20140902:0410,0.0,0.0,0.0,13.21,2.21,0.0
20140902:0510,0.0,0.0,0.0,13.21,2.28,0.0
20140902:0610,26.94,48.4,7.96,13.21,2.41,0.0
20140902:0710,187.28,247.42,17.27,13.74,2.97,0.0
20140902:0810,402.56,492.13,26.26,14.27,2.76,0.0
20140902:0910,593.59,730.2,34.42,14.8,2.48,0.0
20140902:1010,622.1,776.73,41.06,15.86,2.21,0.0
20140902:1110,430.83,534.74,45.34,16.92,2.14,0.0
20140902:1210,724.55,935.94,46.43,18.51,2.0,0.0
20140902:1310,543.94,692.63,44.1,19.57,1.66,0.0
20140902:1410,439.56,557.64,38.85,20.1,1.31,0.0
20140902:1510,382.56,484.57,31.55,20.1,1.17,0.0
20140902:1610,228.67,296.08,23.02,20.1,1.31,0.0
20140902:1710,136.87,208.7,13.86,19.57,1.1,0.0
20140902:1810,9.71,23.61,4.55,19.04,1.38,0.0
20140902:1910,0.0,0.0,0.0,17.98,2.14,0.0
20140902:2010,0.0,0.0,0.0,16.92,2.14,0.0
20140902:2110,0.0,0.0,0.0,16.39,2.14,0.0
20140902:2210,0.0,0.0,0.0,15.33,2.0,0.0
20140902:2310,0.0,0.0,0.0,14.8,1.93,0.0
20140903:0010,0.0,0.0,0.0,14.27,2.0,0.0
20140903:0110,0.0,0.0,0.0,14.27,2.07,0.0
20140903:0210,0.0,0.0,0.0,14.27,2.14,0.0
20140903:0310,0.0,0.0,0.0,13.74,2.07,0.0
20140903:0410,0.0,0.0,0.0,13.74,2.07,0.0
20140903:0510,0.0,0.0,0.0,13.74,2.0,0.0
20140903:0610,24.56,45.11,7.73,13.74,1.93,0.0
20140903:0710,84.72,119.09,17.04,16.39,3.31,0.0
20140903:0810,126.04,167.58,26.01,17.45,3.31,0.0
20140903:0910,278.68,348.98,34.14,19.04,3.45,0.0
20140903:1010,443.36,551.59,40.76,20.1,3.72,0.0
20140903:1110,468.38,584.68,44.99,20.1,3.52,0.0
20140903:1210,634.25,801.17,46.06,20.63,3.72,0.0
20140903:1310,396.44,495.0,43.72,20.63,3.86,0.0
20140903:1410,313.78,394.18,38.48,21.16,4.07,0.0
20140903:1510,383.87,477.04,31.2,20.63,4.34,0.0
20140903:1610,345.77,437.76,22.68,20.1,4.21,0.0
20140903:1710,132.59,201.05,13.52,19.57,3.93,0.0
20140903:1810,9.78,23.61,4.21,17.98,3.45,0.0
20140903:1910,0.0,0.0,0.0,16.92,3.24,0.0
20140903:2010,0.0,0.0,0.0,15.86,3.17,0.0
20140903:2110,0.0,0.0,0.0,14.8,2.9,0.0
20140903:2210,0.0,0.0,0.0,14.8,2.69,0.0
20140903:2310,0.0,0.0,0.0,14.27,2.62,0.0
20140904:0010,0.0,0.0,0.0,13.74,2.62,0.0
20140904:0110,0.0,0.0,0.0,13.21,2.55,0.0
20140904:0210,0.0,0.0,0.0,13.21,2.48,0.0
20140904:0310,0.0,0.0,0.0,13.21,2.41,0.0
20140904:0410,0.0,0.0,0.0,13.21,2.34,0.0
20140904:0510,0.0,0.0,0.0,13.74,2.28,0.0
20140904:0610,31.15,61.9,7.5,14.8,2.21,0.0
20140904:0710,195.2,261.01,16.8,15.86,3.1,0.0
20140904:0810,324.23,399.51,25.76,16.39,3.72,0.0
20140904:0910,253.99,318.23,33.87,18.51,4.07,0.0
20140904:1010,109.11,148.34,40.45,18.51,3.38,0.0
20140904:1110,79.28,113.11,44.65,19.57,3.93,0.0
20140904:1210,135.47,180.79,45.69,20.1,3.66,0.0
20140904:1310,99.48,138.14,43.35,20.63,3.24,0.0
20140904:1410,114.07,155.75,38.11,20.63,2.97,0.0
20140904:1510,200.82,259.1,30.84,20.63,2.83,0.0
20140904:1610,76.23,109.83,22.33,20.1,2.69,0.0
20140904:1710,66.09,99.77,13.18,20.1,2.41,0.0
20140904:1810,7.48,20.11,3.87,19.04,1.93,0.0
20140904:1910,0.0,0.0,0.0,18.51,1.45,0.0
20140904:2010,0.0,0.0,0.0,17.45,1.38,0.0
20140904:2110,0.0,0.0,0.0,16.92,1.17,0.0
20140904:2210,0.0,0.0,0.0,16.92,1.17,0.0
20140904:2310,0.0,0.0,0.0,16.39,1.1,0.0
20140905:0010,0.0,0.0,0.0,15.86,1.1,0.0
20140905:0110,0.0,0.0,0.0,15.33,1.17,0.0
20140905:0210,0.0,0.0,0.0,14.8,1.31,0.0
20140905:0310,0.0,0.0,0.0,14.8,1.45,0.0
20140905:0410,0.0,0.0,0.0,14.27,1.59,0.0
20140905:0510,0.0,0.0,0.0,14.8,1.59,0.0
20140905:0610,27.84,53.05,7.27,14.8,1.59,0.0
20140905:0710,102.04,140.31,16.57,15.33,2.21,0.0
20140905:0810,127.83,169.25,25.51,16.39,2.28,0.0
20140905:0910,300.95,374.41,33.59,16.92,2.0,0.0
20140905:1010,485.38,609.08,40.14,18.51,1.86,0.0
20140905:1110,637.48,820.7,44.3,19.57,1.72,0.0
20140905:1210,532.74,677.49,45.32,20.1,1.93,0.0
20140905:1310,407.81,512.62,42.97,20.1,2.34,0.0
20140905:1410,195.89,253.31,37.74,20.1,2.48,0.0
20140905:1510,106.05,145.56,30.48,19.57,2.55,0.0
20140905:1610,143.3,190.42,21.98,19.57,2.55,0.0
20140905:1710,60.38,91.88,12.84,19.04,2.07,0.0
20140905:1810,6.42,18.36,3.52,18.51,1.66,0.0
20140905:1910,0.0,0.0,0.0,17.98,1.17,0.0
20140905:2010,0.0,0.0,0.0,16.39,0.97,0.0
20140905:2110,0.0,0.0,0.0,16.39,0.41,0.0
20140905:2210,0.0,0.0,0.0,15.86,0.34,0.0
20140905:2310,0.0,0.0,0.0,14.27,0.97,0.0
20140906:0010,0.0,0.0,0.0,13.74,1.31,0.0
20140906:0110,0.0,0.0,0.0,13.74,1.38,0.0
20140906:0210,0.0,0.0,0.0,13.74,1.38,0.0
20140906:0310,0.0,0.0,0.0,13.74,1.31,0.0
20140906:0410,0.0,0.0,0.0,14.27,1.31,0.0
20140906:0510,0.0,0.0,0.0,14.27,1.24,0.0
20140906:0610,21.09,40.75,7.03,14.27,0.97,0.0
20140906:0710,63.26,92.87,16.33,15.86,0.69,0.0
20140906:0810,123.96,165.64,25.26,16.92,0.97,0.0
20140906:0910,278.33,351.1,33.32,17.98,1.03,0.0
20140906:1010,243.37,310.24,39.83,18.51,1.03,0.0
20140906:1110,232.38,297.6,43.95,19.04,1.31,0.0
20140906:1210,251.93,322.29,44.94,20.1,1.66,0.0
20140906:1310,231.95,297.99,42.59,20.1,1.59,0.0
20140906:1410,332.01,419.94,37.37,20.1,1.52,0.0
20140906:1510,241.72,308.49,30.12,20.1,1.79,0.0
20140906:1610,140.15,187.06,21.63,19.57,1.79,0.0
20140906:1710,72.06,108.66,12.5,19.04,1.17,0.0
20140906:1810,0.13,6.12,3.18,18.51,1.03,0.0
20140906:1910,0.0,0.0,0.0,17.45,1.52,0.0
20140906:2010,0.0,0.0,0.0,16.39,1.45,0.0
20140906:2110,0.0,0.0,0.0,15.86,1.38,0.0
20140906:2210,0.0,0.0,0.0,14.8,1.31,0.0
20140906:2310,0.0,0.0,0.0,14.27,1.31,0.0
20140907:0010,0.0,0.0,0.0,13.74,1.45,0.0
20140907:0110,0.0,0.0,0.0,13.21,1.59,0.0
20140907:0210,0.0,0.0,0.0,12.68,1.72,0.0
20140907:0310,0.0,0.0,0.0,12.15,1.86,0.0
20140907:0410,0.0,0.0,0.0,12.15,1.79,0.0
20140907:0510,0.0,0.0,0.0,11.61,1.86,0.0
20140907:0610,24.98,47.89,6.8,11.61,1.79,0.0
20140907:0710,63.5,92.01,16.09,13.21,1.79,0.0
20140907:0810,87.08,120.12,25.01,14.27,1.93,0.0
20140907:0910,145.4,188.79,33.04,14.8,1.93,0.0
20140907:1010,118.08,157.61,39.51,15.86,2.0,0.0
20140907:1110,303.59,377.92,43.6,16.92,2.41,0.0
20140907:1210,261.7,329.3,44.57,17.98,2.62,0.0
20140907:1310,754.27,968.79,42.2,17.98,2.28,0.0
20140907:1410,498.67,624.58,36.99,19.04,2.28,0.0
20140907:1510,267.35,338.11,29.76,19.57,2.07,0.0
20140907:1610,148.57,197.21,21.28,19.57,1.93,0.0
20140907:1710,50.68,79.37,12.15,19.04,2.21,0.0
20140907:1810,2.03,10.49,2.83,18.51,1.52,0.0
20140907:1910,0.0,0.0,0.0,16.92,1.93,0.0
20140907:2010,0.0,0.0,0.0,15.33,2.0,0.0
20140907:2110,0.0,0.0,0.0,14.27,2.21,0.0
20140907:2210,0.0,0.0,0.0,13.21,2.48,0.0
20140907:2310,0.0,0.0,0.0,12.68,2.48,0.0
20140908:0010,0.0,0.0,0.0,12.15,2.34,0.0
20140908:0110,0.0,0.0,0.0,11.61,2.07,0.0
20140908:0210,0.0,0.0,0.0,10.55,1.86,0.0
20140908:0310,0.0,0.0,0.0,10.55,1.66,0.0
20140908:0410,0.0,0.0,0.0,10.55,1.45,0.0
20140908:0510,0.0,0.0,0.0,10.55,1.38,0.0
20140908:0610,27.62,57.37,6.56,10.02,1.31,0.0
20140908:0710,212.14,281.96,15.85,11.61,1.03,0.0
20140908:0810,421.11,518.82,24.75,13.21,1.24,0.0
20140908:0910,581.84,726.32,32.76,15.33,1.45,0.0
20140908:1010,702.76,904.58,39.19,16.92,1.31,0.0
20140908:1110,765.61,1015.54,43.25,18.51,1.03,0.0
20140908:1210,775.53,1038.8,44.19,19.04,0.9,0.0
20140908:1310,737.39,982.87,41.82,19.57,0.83,0.0
20140908:1410,650.18,847.95,36.62,20.1,1.03,0.0
20140908:1510,496.18,632.95,29.4,20.1,1.1,0.0
20140908:1610,308.07,398.5,20.93,20.1,1.17,0.0
20140908:1710,110.2,171.87,11.8,19.57,1.17,0.0
20140908:1810,2.91,12.24,2.48,19.04,0.83,0.0
20140908:1910,0.0,0.0,0.0,17.45,0.97,0.0
20140908:2010,0.0,0.0,0.0,16.39,0.9,0.0
20140908:2110,0.0,0.0,0.0,15.33,0.69,0.0
20140908:2210,0.0,0.0,0.0,14.8,0.83,0.0
20140908:2310,0.0,0.0,0.0,13.21,0.83,0.0
20140909:0010,0.0,0.0,0.0,12.15,1.24,0.0
20140909:0110,0.0,0.0,0.0,12.15,1.38,0.0
20140909:0210,0.0,0.0,0.0,11.61,1.38,0.0
20140909:0310,0.0,0.0,0.0,11.61,1.38,0.0
20140909:0410,0.0,0.0,0.0,11.61,1.24,0.0
20140909:0510,0.0,0.0,0.0,10.55,1.38,0.0
20140909:0610,25.71,52.62,6.33,9.49,1.52,0.0
20140909:0710,193.57,257.09,15.61,12.15,1.24,0.0
20140909:0810,332.33,411.64,24.49,14.8,1.38,0.0
20140909:0910,568.97,709.17,32.47,16.39,1.86,0.0
20140909:1010,557.49,703.66,38.88,17.45,1.45,0.0
20140909:1110,589.17,752.62,42.89,17.98,1.24,0.0
20140909:1210,631.85,815.03,43.81,18.51,1.24,0.0
20140909:1310,668.41,868.7,41.43,19.04,1.24,0.0
20140909:1410,559.86,715.03,36.24,19.04,1.17,0.0
20140909:1510,437.3,551.47,29.03,19.04,1.24,0.0
20140909:1610,223.07,288.56,20.57,19.04,1.38,0.0
20140909:1710,104.03,161.7,11.45,18.51,1.52,0.0
20140909:1810,1.61,9.62,2.13,17.98,1.79,0.0
20140909:1910,0.0,0.0,0.0,16.39,2.48,0.0
20140909:2010,0.0,0.0,0.0,14.8,2.48,0.0
20140909:2110,0.0,0.0,0.0,13.74,2.34,0.0
20140909:2210,0.0,0.0,0.0,12.68,2.14,0.0
20140909:2310,0.0,0.0,0.0,12.15,1.93,0.0
20140910:0010,0.0,0.0,0.0,11.09,1.59,0.0
20140910:0110,0.0,0.0,0.0,12.15,1.17,0.0
20140910:0210,0.0,0.0,0.0,12.68,0.55,0.0
20140910:0310,0.0,0.0,0.0,12.68,0.14,0.0
20140910:0410,0.0,0.0,0.0,12.15,0.62,0.0
20140910:0510,0.0,0.0,0.0,10.55,1.17,0.0
20140910:0610,24.77,55.81,6.09,10.02,1.52,0.0
20140910:0710,206.75,276.12,15.37,12.68,1.24,0.0
20140910:0810,411.27,508.06,24.24,14.8,1.72,0.0
20140910:0910,522.06,645.19,32.19,16.39,2.28,0.0
20140910:1010,535.48,662.52,38.56,17.45,3.03,0.0
20140910:1110,323.03,401.36,42.54,17.98,3.24,0.0
20140910:1210,145.44,190.98,43.43,17.98,3.45,0.0
20140910:1310,316.22,392.75,41.04,17.98,3.38,0.0
20140910:1410,312.42,387.49,35.86,17.98,3.38,0.0
20140910:1510,416.97,513.78,28.66,17.98,3.31,0.0
20140910:1610,179.08,232.02,20.21,17.98,3.1,0.0
20140910:1710,94.41,145.47,11.1,17.45,2.55,0.0
20140910:1810,0.0,0.0,0.0,16.39,2.41,0.0
20140910:1910,0.0,0.0,0.0,15.33,2.34,0.0
20140910:2010,0.0,0.0,0.0,14.8,2.14,0.0
20140910:2110,0.0,0.0,0.0,13.21,2.14,0.0
20140910:2210,0.0,0.0,0.0,12.15,2.07,0.0
20140910:2310,0.0,0.0,0.0,11.09,2.0,0.0
20140911:0010,0.0,0.0,0.0,10.55,2.0,0.0
20140911:0110,0.0,0.0,0.0,9.49,2.0,0.0
20140911:0210,0.0,0.0,0.0,9.49,2.14,0.0
20140911:0310,0.0,0.0,0.0,9.49,2.21,0.0
20140911:0410,0.0,0.0,0.0,9.49,2.28,0.0
20140911:0510,0.0,0.0,0.0,9.49,2.34,0.0
20140911:0610,15.08,31.34,5.85,9.49,2.21,0.0
20140911:0710,51.18,76.48,15.12,11.61,2.07,0.0
20140911:0810,85.09,117.4,23.98,13.74,2.55,0.0
20140911:0910,96.52,131.65,31.9,15.33,2.83,0.0
20140911:1010,168.35,216.92,38.23,16.92,3.31,0.0
20140911:1110,283.08,353.98,42.18,17.98,2.97,0.0
20140911:1210,126.5,168.73,43.04,17.98,2.97,0.0
20140911:1310,113.22,152.97,40.65,17.98,2.97,0.0
20140911:1410,65.05,95.49,35.47,18.51,3.03,0.0
20140911:1510,144.7,190.43,28.29,18.51,2.9,0.0
20140911:1610,121.56,163.62,19.85,18.51,2.9,0.0
20140911:1710,63.77,99.11,10.74,17.98,2.41,0.0
20140911:1810,0.0,0.0,0.0,17.45,2.28,0.0
20140911:1910,0.0,0.0,0.0,15.86,2.07,0.0
20140911:2010,0.0,0.0,0.0,15.86,2.48,0.0
20140911:2110,0.0,0.0,0.0,15.33,2.41,0.0
20140911:2210,0.0,0.0,0.0,14.8,2.41,0.0
20140911:2310,0.0,0.0,0.0,14.27,2.34,0.0
20140912:0010,0.0,0.0,0.0,13.21,2.41,0.0
20140912:0110,0.0,0.0,0.0,12.68,2.48,0.0
20140912:0210,0.0,0.0,0.0,12.15,2.48,0.0
20140912:0310,0.0,0.0,0.0,12.15,2.48,0.0
20140912:0410,0.0,0.0,0.0,11.61,2.41,0.0
20140912:0510,0.0,0.0,0.0,11.61,2.34,0.0
20140912:0610,17.57,38.4,5.61,11.61,2.34,0.0
20140912:0710,123.06,166.49,14.88,14.27,3.52,0.0
20140912:0810,126.01,165.9,23.72,15.33,3.52,0.0
20140912:0910,133.1,175.38,31.61,16.92,3.66,0.0
20140912:1010,251.19,315.03,37.91,17.98,3.52,0.0
20140912:1110,721.13,911.38,41.82,19.04,3.59,0.0
20140912:1210,697.75,881.8,42.66,20.1,3.93,0.0
20140912:1310,688.04,871.22,40.26,20.1,3.52,0.0
20140912:1410,510.38,636.71,35.09,20.1,3.31,0.0
20140912:1510,489.89,611.57,27.92,20.1,3.1,0.0
20140912:1610,305.18,391.67,19.49,20.1,3.03,0.0
20140912:1710,92.87,147.69,10.39,19.04,2.55,0.0
20140912:1810,0.0,0.0,0.0,17.45,2.48,0.0
20140912:1910,0.0,0.0,0.0,16.39,2.34,0.0
20140912:2010,0.0,0.0,0.0,15.33,2.34,0.0
20140912:2110,0.0,0.0,0.0,14.27,2.48,0.0
20140912:2210,0.0,0.0,0.0,13.74,2.62,0.0
20140912:2310,0.0,0.0,0.0,13.21,2.62,0.0
20140913:0010,0.0,0.0,0.0,13.21,2.55,0.0
20140913:0110,0.0,0.0,0.0,12.68,2.28,0.0
20140913:0210,0.0,0.0,0.0,12.15,2.21,0.0
20140913:0310,0.0,0.0,0.0,11.61,2.21,0.0
20140913:0410,0.0,0.0,0.0,11.61,2.34,0.0
20140913:0510,0.0,0.0,0.0,12.15,2.48,0.0
20140913:0610,9.99,23.93,5.37,12.15,2.55,0.0
20140913:0710,46.82,71.89,14.63,14.27,3.59,0.0
20140913:0810,134.12,175.28,23.45,15.33,3.59,0.0
20140913:0910,271.57,336.21,31.32,16.92,3.93,0.0
20140913:1010,126.46,168.73,37.58,18.51,4.14,0.0
20140913:1110,234.32,296.41,41.46,19.04,4.14,0.0
20140913:1210,389.56,481.46,42.27,19.04,4.34,0.0
20140913:1310,698.83,874.99,39.87,20.1,4.76,0.0
20140913:1410,202.56,258.96,34.7,19.57,4.41,0.0
20140913:1510,272.31,340.93,27.54,19.57,4.14,0.0
20140913:1610,233.26,299.14,19.13,19.04,3.79,0.0
20140913:1710,60.66,95.99,10.03,17.98,3.38,0.0
20140913:1810,0.0,0.0,0.0,16.92,3.24,0.0
20140913:1910,0.0,0.0,0.0,16.39,3.31,0.0
20140913:2010,0.0,0.0,0.0,15.33,3.45,0.0
20140913:2110,0.0,0.0,0.0,14.27,3.38,0.0
20140913:2210,0.0,0.0,0.0,13.21,3.17,0.0
20140913:2310,0.0,0.0,0.0,12.68,2.97,0.0
20140914:0010,0.0,0.0,0.0,12.68,2.83,0.0
20140914:0110,0.0,0.0,0.0,12.68,2.76,0.0
20140914:0210,0.0,0.0,0.0,12.68,2.76,0.0
20140914:0310,0.0,0.0,0.0,12.68,2.83,0.0
20140914:0410,0.0,0.0,0.0,12.68,2.97,0.0
20140914:0510,0.0,0.0,0.0,13.21,3.1,0.0
20140914:0610,11.99,27.5,5.13,13.21,3.24,0.0
20140914:0710,109.94,150.48,14.38,14.27,3.03,0.0
20140914:0810,164.05,209.68,23.19,15.33,4.28,0.0
20140914:0910,276.41,342.03,31.03,17.45,4.48,0.0
20140914:1010,343.94,423.53,37.26,18.51,4.97,0.0
20140914:1110,139.71,184.49,41.09,19.04,5.38,0.0
20140914:1210,157.15,205.61,41.88,19.57,5.03,0.0
20140914:1310,119.71,161.32,39.47,19.57,4.9,0.0
20140914:1410,266.56,334.35,34.32,20.1,5.03,0.0
20140914:1510,369.75,455.59,27.17,19.57,5.24,0.0
20140914:1610,250.42,319.64,18.76,19.04,4.76,0.0
20140914:1710,79.84,128.04,9.67,18.51,3.93,0.0
20140914:1810,0.0,0.0,0.0,16.92,3.38,0.0
20140914:1910,0.0,0.0,0.0,15.86,3.17,0.0
20140914:2010,0.0,0.0,0.0,15.33,3.31,0.0
20140914:2110,0.0,0.0,0.0,14.8,3.31,0.0
20140914:2210,0.0,0.0,0.0,14.27,3.1,0.0
20140914:2310,0.0,0.0,0.0,13.74,2.9,0.0
20140915:0010,0.0,0.0,0.0,13.74,2.69,0.0
20140915:0110,0.0,0.0,0.0,13.74,2.76,0.0
20140915:0210,0.0,0.0,0.0,13.74,2.83,0.0
20140915:0310,0.0,0.0,0.0,13.74,2.62,0.0
20140915:0410,0.0,0.0,0.0,13.74,2.55,0.0
20140915:0510,0.0,0.0,0.0,13.74,2.21,0.0
20140915:0610,12.34,29.22,4.89,13.74,1.72,0.0
20140915:0710,52.5,79.02,14.14,14.27,2.14,0.0
20140915:0810,128.53,169.5,22.92,15.86,2.48,0.0
20140915:0910,203.98,258.81,30.74,16.92,2.28,0.0
20140915:1010,656.1,834.07,36.93,17.98,1.93,0.0
20140915:1110,722.02,934.15,40.73,18.51,1.79,0.0
20140915:1210,720.72,938.33,41.5,19.57,1.79,0.0
20140915:1310,426.37,537.52,39.08,20.1,1.86,0.0
20140915:1410,325.1,410.14,33.93,20.1,1.72,0.0
20140915:1510,298.28,377.01,26.79,20.1,1.72,0.0
20140915:1610,255.77,331.77,18.4,20.1,1.93,0.0
20140915:1710,75.08,122.01,9.31,19.04,1.79,0.0
20140915:1810,0.0,0.0,0.0,17.98,1.93,0.0
20140915:1910,0.0,0.0,0.0,16.92,2.07,0.0
20140915:2010,0.0,0.0,0.0,16.39,2.0,0.0
20140915:2110,0.0,0.0,0.0,15.86,2.07,0.0
20140915:2210,0.0,0.0,0.0,14.8,2.07,0.0
20140915:2310,0.0,0.0,0.0,14.8,2.07,0.0
20140916:0010,0.0,0.0,0.0,14.27,2.07,0.0
20140916:0110,0.0,0.0,0.0,14.27,2.0,0.0
20140916:0210,0.0,0.0,0.0,14.27,1.86,0.0
20140916:0310,0.0,0.0,0.0,13.74,1.86,0.0
20140916:0410,0.0,0.0,0.0,13.74,2.0,0.0
20140916:0510,0.0,0.0,0.0,13.74,2.21,0.0
20140916:0610,6.91,19.45,4.65,14.27,2.34,0.0
20140916:0710,90.27,126.43,13.89,14.8,2.76,0.0
20140916:0810,150.53,194.88,22.66,15.86,3.17,0.0
20140916:0910,361.19,442.89,30.44,16.92,3.38,0.0
20140916:1010,647.64,810.85,36.6,18.51,3.24,0.0
20140916:1110,556.24,697.92,40.36,20.1,3.24,0.0
20140916:1210,466.04,582.39,41.11,20.1,3.17,0.0
20140916:1310,627.5,796.07,38.68,21.16,3.24,0.0
20140916:1410,537.14,674.74,33.54,21.16,3.24,0.0
20140916:1510,453.54,569.75,26.42,21.69,3.17,0.0
20140916:1610,267.06,346.43,18.03,21.16,3.03,0.0
20140916:1710,76.95,127.86,8.95,20.1,2.62,0.0
20140916:1810,0.0,0.0,0.0,19.04,2.34,0.0
20140916:1910,0.0,0.0,0.0,17.98,2.83,0.0
20140916:2010,0.0,0.0,0.0,16.92,2.9,0.0
20140916:2110,0.0,0.0,0.0,15.86,2.9,0.0
20140916:2210,0.0,0.0,0.0,15.33,2.9,0.0
20140916:2310,0.0,0.0,0.0,15.33,2.62,0.0
20140917:0010,0.0,0.0,0.0,14.8,2.34,0.0
20140917:0110,0.0,0.0,0.0,14.27,2.34,0.0
20140917:0210,0.0,0.0,0.0,14.27,2.48,0.0
20140917:0310,0.0,0.0,0.0,13.74,2.76,0.0
20140917:0410,0.0,0.0,0.0,14.27,2.9,0.0
20140917:0510,0.0,0.0,0.0,14.27,2.97,0.0
20140917:0610,2.42,11.13,4.4,14.27,3.17,0.0
20140917:0710,25.86,45.43,13.64,14.27,3.93,0.0
20140917:0810,50.84,76.95,22.39,15.33,4.9,0.0
20140917:0910,68.17,98.27,30.15,16.39,4.62,0.0
20140917:1010,127.19,168.73,36.27,17.45,4.48,0.0
20140917:1110,130.09,173.37,40.0,19.04,4.34,0.0
20140917:1210,223.33,284.6,40.71,20.1,4.34,0.0
20140917:1310,301.62,378.17,38.29,20.63,4.28,0.0
20140917:1410,419.13,521.51,33.15,21.16,4.14,0.0
20140917:1510,250.98,318.04,26.04,21.16,3.93,0.0
20140917:1610,144.02,193.13,17.66,21.16,3.72,0.0
20140917:1710,46.84,78.53,8.59,20.1,3.24,0.0
20140917:1810,0.0,0.0,0.0,19.57,3.24,0.0
20140917:1910,0.0,0.0,0.0,18.51,3.17,0.0
20140917:2010,0.0,0.0,0.0,17.45,3.31,0.0
20140917:2110,0.0,0.0,0.0,16.92,3.45,0.0
20140917:2210,0.0,0.0,0.0,16.39,3.31,0.0
20140917:2310,0.0,0.0,0.0,15.86,2.97,0.0
20140918:0010,0.0,0.0,0.0,15.33,2.76,0.0
20140918:0110,0.0,0.0,0.0,15.33,2.76,0.0
20140918:0210,0.0,0.0,0.0,15.33,2.83,0.0
20140918:0310,0.0,0.0,0.0,15.33,2.9,0.0
20140918:0410,0.0,0.0,0.0,15.33,2.9,0.0
20140918:0510,0.0,0.0,0.0,14.8,2.97,0.0
20140918:0610,5.76,17.71,4.16,15.33,2.97,0.0
20140918:0710,111.08,153.55,13.39,15.86,3.24,0.0
20140918:0810,249.45,311.78,22.12,17.98,4.9,0.0
20140918:0910,268.06,336.03,29.85,19.57,3.79,0.0
20140918:1010,338.16,423.32,35.93,20.63,3.38,0.0
20140918:1110,512.85,647.97,39.63,22.22,3.31,0.0
20140918:1210,723.11,936.62,40.32,23.28,3.45,0.0
20140918:1310,681.72,877.71,37.89,23.81,3.66,0.0
20140918:1410,571.22,725.74,32.76,23.81,3.72,0.0
20140918:1510,292.66,373.1,25.66,23.81,3.52,0.0
20140918:1610,226.32,297.57,17.29,22.75,3.24,0.0
20140918:1710,77.29,134.01,8.23,21.69,2.34,0.0
20140918:1810,0.0,0.0,0.0,20.1,2.41,0.0
20140918:1910,0.0,0.0,0.0,19.57,2.48,0.0
20140918:2010,0.0,0.0,0.0,18.51,2.48,0.0
20140918:2110,0.0,0.0,0.0,17.45,2.34,0.0
20140918:2210,0.0,0.0,0.0,16.92,2.07,0.0
20140918:2310,0.0,0.0,0.0,15.86,1.86,0.0
20140919:0010,0.0,0.0,0.0,15.33,1.93,0.0
20140919:0110,0.0,0.0,0.0,14.8,1.86,0.0
20140919:0210,0.0,0.0,0.0,14.27,1.86,0.0
20140919:0310,0.0,0.0,0.0,14.27,1.86,0.0
20140919:0410,0.0,0.0,0.0,14.27,1.72,0.0
20140919:0510,0.0,0.0,0.0,13.74,1.79,0.0
20140919:0610,8.87,24.66,3.91,14.27,1.66,0.0
20140919:0710,87.56,123.78,13.13,15.33,2.07,0.0
20140919:0810,226.21,285.62,21.85,16.92,2.07,0.0
20140919:0910,398.58,496.78,29.55,18.51,1.86,0.0
20140919:1010,445.04,561.85,35.6,20.1,1.66,0.0
20140919:1110,473.93,602.9,39.26,20.63,1.52,0.0
20140919:1210,398.41,512.82,39.93,22.22,0.83,0.0
20140919:1310,67.09,100.13,37.49,22.75,0.41,0.0
20140919:1410,203.75,267.31,32.37,22.22,0.41,0.0
20140919:1510,191.04,248.18,25.28,20.63,1.52,0.0
20140919:1610,257.09,336.46,16.93,19.57,0.83,0.0
20140919:1710,53.33,91.29,7.86,19.57,0.83,0.0
20140919:1810,0.0,0.0,0.0,18.51,1.45,0.0
20140919:1910,0.0,0.0,0.0,17.98,1.86,0.0
20140919:2010,0.0,0.0,0.0,16.92,1.79,0.0
20140919:2110,0.0,0.0,0.0,16.39,1.86,0.0
20140919:2210,0.0,0.0,0.0,15.86,1.86,0.0
20140919:2310,0.0,0.0,0.0,15.33,1.72,0.0
20140920:0010,0.0,0.0,0.0,14.8,1.52,0.0
20140920:0110,0.0,0.0,0.0,15.33,1.24,0.0
20140920:0210,0.0,0.0,0.0,15.86,1.45,0.0
20140920:0310,0.0,0.0,0.0,15.86,1.31,0.0
20140920:0410,0.0,0.0,0.0,15.86,1.59,0.0
20140920:0510,0.0,0.0,0.0,15.86,1.79,0.0
20140920:0610,3.37,12.98,3.67,15.86,1.79,0.0
20140920:0710,83.77,119.25,12.88,15.86,2.62,0.0
20140920:0810,156.42,201.92,21.58,15.86,2.69,0.0
20140920:0910,27.6,48.21,29.25,16.92,2.83,0.0
20140920:1010,38.23,62.12,35.26,17.98,2.48,0.0
20140920:1110,81.02,114.96,38.89,18.51,2.14,0.0
20140920:1210,64.8,95.49,39.54,19.04,2.14,0.0
20140920:1310,107.09,146.48,37.09,19.04,2.48,0.0
20140920:1410,87.84,123.31,31.98,19.04,2.9,0.0
20140920:1510,46.87,73.24,24.9,19.04,3.38,0.0
20140920:1610,51.15,78.6,16.56,19.04,3.72,0.0
20140920:1710,15.14,31.52,7.5,18.51,3.52,0.0
20140920:1810,0.0,0.0,0.0,17.45,2.83,0.0
20140920:1910,0.0,0.0,0.0,16.39,2.97,0.0
20140920:2010,0.0,0.0,0.0,15.33,3.17,0.0
20140920:2110,0.0,0.0,0.0,14.8,3.45,0.0
20140920:2210,0.0,0.0,0.0,14.8,3.66,0.0
20140920:2310,0.0,0.0,0.0,14.8,3.45,0.0
20140921:0010,0.0,0.0,0.0,14.8,3.59,0.0
20140921:0110,0.0,0.0,0.0,14.27,3.72,0.0
20140921:0210,0.0,0.0,0.0,13.74,3.79,0.0
20140921:0310,0.0,0.0,0.0,13.21,3.93,0.0
20140921:0410,0.0,0.0,0.0,12.68,4.0,0.0
20140921:0510,0.0,0.0,0.0,12.15,3.93,0.0
20140921:0610,6.51,20.42,3.42,12.15,3.86,0.0
20140921:0710,186.1,248.45,12.62,12.68,3.38,0.0
20140921:0810,275.47,335.05,21.3,13.21,4.97,0.0
20140921:0910,539.18,646.9,28.95,14.8,5.17,0.0
20140921:1010,651.68,792.73,34.93,15.86,4.97,0.0
20140921:1110,715.77,879.11,38.52,16.39,4.97,0.0
20140921:1210,470.54,572.32,39.14,16.92,4.97,0.0
20140921:1310,265.03,327.97,36.69,16.92,5.1,0.0
20140921:1410,63.22,92.71,31.58,17.45,4.9,0.0
20140921:1510,161.17,207.82,24.52,17.45,4.69,0.0
20140921:1610,75.57,107.65,16.19,16.92,4.21,0.0
20140921:1710,54.42,94.52,7.14,16.39,3.24,0.0
20140921:1810,0.0,0.0,0.0,15.33,2.55,0.0
20140921:1910,0.0,0.0,0.0,13.74,3.24,0.0
20140921:2010,0.0,0.0,0.0,12.68,2.97,0.0
20140921:2110,0.0,0.0,0.0,12.15,2.55,0.0
20140921:2210,0.0,0.0,0.0,11.09,2.41,0.0
20140921:2310,0.0,0.0,0.0,10.02,2.41,0.0
20140922:0010,0.0,0.0,0.0,9.49,2.28,0.0
20140922:0110,0.0,0.0,0.0,8.96,2.14,0.0
20140922:0210,0.0,0.0,0.0,8.43,2.07,0.0
20140922:0310,0.0,0.0,0.0,7.9,2.0,0.0
20140922:0410,0.0,0.0,0.0,7.9,1.93,0.0
20140922:0510,0.0,0.0,0.0,7.37,2.21,0.0
20140922:0610,9.13,30.08,3.17,6.84,2.14,0.0
20140922:0710,136.25,181.13,12.37,8.43,1.66,0.0
20140922:0810,370.65,448.1,21.03,10.55,1.79,0.0
20140922:0910,465.71,563.94,28.65,12.68,2.07,0.0
20140922:1010,685.89,849.93,34.59,14.27,2.55,0.0
20140922:1110,732.22,914.05,38.15,15.86,3.24,0.0
20140922:1210,753.62,951.51,38.75,16.92,3.03,0.0
20140922:1310,707.7,890.33,36.29,17.45,2.97,0.0
20140922:1410,583.53,726.66,31.19,17.98,2.76,0.0
20140922:1510,439.65,545.82,24.14,17.98,2.34,0.0
20140922:1610,250.02,323.58,15.82,17.98,2.14,0.0
20140922:1710,56.93,101.53,6.78,17.45,1.24,0.0
20140922:1810,0.0,0.0,0.0,15.86,1.1,0.0
20140922:1910,0.0,0.0,0.0,14.27,1.17,0.0
20140922:2010,0.0,0.0,0.0,11.61,1.72,0.0
20140922:2110,0.0,0.0,0.0,10.55,1.72,0.0
20140922:2210,0.0,0.0,0.0,10.02,1.66,0.0
20140922:2310,0.0,0.0,0.0,10.02,1.38,0.0
20140923:0010,0.0,0.0,0.0,9.49,1.38,0.0
20140923:0110,0.0,0.0,0.0,9.49,1.38,0.0
20140923:0210,0.0,0.0,0.0,8.96,1.45,0.0
20140923:0310,0.0,0.0,0.0,7.9,1.66,0.0
20140923:0410,0.0,0.0,0.0,7.9,1.66,0.0
20140923:0510,0.0,0.0,0.0,7.9,1.59,0.0
20140923:0610,4.15,13.99,2.92,7.9,1.59,0.0
20140923:0710,158.35,210.89,12.11,9.49,1.1,0.0
20140923:0810,289.89,355.24,20.75,11.61,1.1,0.0
20140923:0910,524.87,647.55,28.34,13.74,1.24,0.0
20140923:1010,586.2,728.23,34.25,15.33,1.93,0.0
20140923:1110,522.63,647.38,37.77,16.39,2.28,0.0
20140923:1210,595.92,739.71,38.36,16.92,2.97,0.0
20140923:1310,568.0,703.96,35.89,17.45,3.03,0.0
20140923:1410,474.33,584.2,30.8,17.45,2.9,0.0
20140923:1510,324.71,401.81,23.76,17.45,2.76,0.0
20140923:1610,77.82,110.67,15.45,16.92,2.55,0.0
20140923:1710,24.14,45.89,6.41,16.39,1.86,0.0
20140923:1810,0.0,0.0,0.0,14.8,2.21,0.0
20140923:1910,0.0,0.0,0.0,14.27,2.48,0.0
20140923:2010,0.0,0.0,0.0,13.74,2.41,0.0
20140923:2110,0.0,0.0,0.0,12.68,2.28,0.0
20140923:2210,0.0,0.0,0.0,12.15,2.41,0.0
20140923:2310,0.0,0.0,0.0,11.61,2.41,0.0
20140924:0010,0.0,0.0,0.0,11.09,2.48,0.0
20140924:0110,0.0,0.0,0.0,11.09,2.62,0.0
20140924:0210,0.0,0.0,0.0,11.09,2.76,0.0
20140924:0310,0.0,0.0,0.0,11.61,2.83,0.0
20140924:0410,0.0,0.0,0.0,11.09,3.03,0.0
20140924:0510,0.0,0.0,0.0,11.09,3.17,0.0
20140924:0610,3.08,12.24,2.67,11.09,3.24,0.0
20140924:0710,105.74,145.05,11.85,11.61,2.97,0.0
20140924:0810,218.06,268.96,20.48,12.68,4.07,0.0
20140924:0910,93.47,127.01,28.04,13.74,4.0,0.0
20140924:1010,596.74,724.9,33.91,14.8,3.93,0.0
20140924:1110,522.85,636.26,37.4,15.86,4.07,0.0
20140924:1210,722.67,892.56,37.96,16.39,4.41,0.0
20140924:1310,370.7,451.46,35.49,16.92,5.1,0.0
20140924:1410,424.18,515.06,30.41,17.45,5.31,0.0
20140924:1510,387.56,472.49,23.38,17.45,5.17,0.0
20140924:1610,209.37,269.67,15.08,16.92,4.76,0.0
20140924:1710,49.36,90.32,6.05,16.39,3.93,0.0
20140924:1810,0.0,0.0,0.0,15.33,3.38,0.0
20140924:1910,0.0,0.0,0.0,14.27,3.24,0.0
20140924:2010,0.0,0.0,0.0,13.21,3.24,0.0
20140924:2110,0.0,0.0,0.0,12.68,3.17,0.0
20140924:2210,0.0,0.0,0.0,12.15,2.83,0.0
20140924:2310,0.0,0.0,0.0,10.55,2.55,0.0
20140925:0010,0.0,0.0,0.0,10.02,2.62,0.0
20140925:0110,0.0,0.0,0.0,9.49,2.55,0.0
20140925:0210,0.0,0.0,0.0,8.96,2.28,0.0
20140925:0310,0.0,0.0,0.0,8.43,2.21,0.0
20140925:0410,0.0,0.0,0.0,7.9,2.34,0.0
20140925:0510,0.0,0.0,0.0,7.37,2.28,0.0
20140925:0610,1.76,9.62,2.42,7.37,2.28,0.0
20140925:0710,153.07,202.8,11.6,8.43,2.28,0.0
20140925:0810,356.75,428.94,20.2,10.55,2.69,0.0
20140925:0910,223.39,275.65,27.73,13.21,3.17,0.0
20140925:1010,597.09,728.85,33.57,15.33,3.66,0.0
20140925:1110,242.27,302.05,37.03,16.92,4.55,0.0
20140925:1210,584.44,717.73,37.57,17.98,4.76,0.0
20140925:1310,128.97,171.43,35.09,18.51,5.03,0.0
20140925:1410,175.78,225.95,30.01,18.51,4.76,0.0
20140925:1510,272.78,339.12,23.0,18.51,4.55,0.0
20140925:1610,104.95,144.12,14.71,17.98,4.0,0.0
20140925:1710,33.82,65.96,5.69,17.98,3.72,0.0
20140925:1810,0.0,0.0,0.0,17.45,3.59,0.0
20140925:1910,0.0,0.0,0.0,16.39,3.24,0.0
20140925:2010,0.0,0.0,0.0,15.86,3.45,0.0
20140925:2110,0.0,0.0,0.0,15.33,3.52,0.0
20140925:2210,0.0,0.0,0.0,14.8,3.59,0.0
20140925:2310,0.0,0.0,0.0,14.8,3.45,0.0
20140926:0010,0.0,0.0,0.0,14.8,3.38,0.0
20140926:0110,0.0,0.0,0.0,14.8,3.45,0.0
20140926:0210,0.0,0.0,0.0,14.8,3.45,0.0
20140926:0310,0.0,0.0,0.0,14.8,3.45,0.0
20140926:0410,0.0,0.0,0.0,14.8,3.38,0.0
20140926:0510,0.0,0.0,0.0,14.8,3.45,0.0
20140926:0610,0.0,0.0,0.0,14.8,3.38,0.0
20140926:0710,66.71,98.09,11.34,15.33,3.17,0.0
20140926:0810,131.69,172.93,19.92,15.86,2.97,0.0
20140926:0910,80.46,113.11,27.42,16.39,3.17,0.0
20140926:1010,84.07,117.74,33.23,17.45,4.69,0.0
20140926:1110,139.88,184.43,36.65,18.51,4.55,0.0
20140926:1210,259.47,326.81,37.17,20.1,4.41,0.0
20140926:1310,63.86,94.56,34.69,20.1,4.07,0.0
20140926:1410,48.72,76.02,29.62,20.63,3.86,0.0
20140926:1510,236.25,299.25,22.62,20.1,3.52,0.0
20140926:1610,162.45,216.95,14.34,20.1,3.03,0.0
20140926:1710,18.7,39.53,5.33,19.57,1.79,0.0
20140926:1810,0.0,0.0,0.0,18.51,1.45,0.0
20140926:1910,0.0,0.0,0.0,17.98,1.31,0.0
20140926:2010,0.0,0.0,0.0,16.92,1.38,0.0
20140926:2110,0.0,0.0,0.0,15.86,1.59,0.0
20140926:2210,0.0,0.0,0.0,15.33,1.59,0.0
20140926:2310,0.0,0.0,0.0,14.8,1.52,0.0
20140927:0010,0.0,0.0,0.0,14.27,1.38,0.0
20140927:0110,0.0,0.0,0.0,14.27,1.17,0.0
20140927:0210,0.0,0.0,0.0,14.27,1.17,0.0
20140927:0310,0.0,0.0,0.0,13.74,1.17,0.0
20140927:0410,0.0,0.0,0.0,12.68,1.24,0.0
20140927:0510,0.0,0.0,0.0,12.68,1.24,0.0
20140927:0610,0.0,0.0,0.0,12.68,1.24,0.0
20140927:0710,73.79,106.61,11.08,13.21,1.03,0.0
20140927:0810,100.08,136.47,19.64,15.86,1.1,0.0
20140927:0910,111.27,150.13,27.12,16.39,1.1,0.0
20140927:1010,212.24,271.27,32.89,17.98,1.1,0.0
20140927:1110,403.46,510.18,36.28,19.57,1.1,0.0
20140927:1210,260.94,333.06,36.78,20.1,1.24,0.0
20140927:1310,198.75,257.92,34.29,20.63,1.52,0.0
20140927:1410,89.24,126.09,29.23,20.63,1.72,0.0
20140927:1510,115.59,157.79,22.24,20.63,1.45,0.0
20140927:1610,81.86,117.8,13.97,20.1,0.97,0.0
20140927:1710,22.51,47.51,4.96,20.1,0.83,0.0
20140927:1810,0.0,0.0,0.0,19.04,1.31,0.0
20140927:1910,0.0,0.0,0.0,17.98,1.38,0.0
20140927:2010,0.0,0.0,0.0,16.92,1.45,0.0
20140927:2110,0.0,0.0,0.0,16.39,1.38,0.0
20140927:2210,0.0,0.0,0.0,15.86,1.31,0.0
20140927:2310,0.0,0.0,0.0,14.8,1.45,0.0
20140928:0010,0.0,0.0,0.0,14.27,1.66,0.0
20140928:0110,0.0,0.0,0.0,13.74,1.72,0.0
20140928:0210,0.0,0.0,0.0,13.21,1.59,0.0
20140928:0310,0.0,0.0,0.0,12.68,1.52,0.0
20140928:0410,0.0,0.0,0.0,12.68,1.66,0.0
20140928:0510,0.0,0.0,0.0,12.68,1.79,0.0
20140928:0610,0.0,0.0,0.0,12.15,1.86,0.0
20140928:0710,154.82,210.82,10.81,13.21,1.45,0.0
20140928:0810,234.03,293.9,19.36,15.86,1.72,0.0
20140928:0910,517.15,644.93,26.81,17.45,1.79,0.0
20140928:1010,636.82,812.69,32.54,19.57,2.0,0.0
20140928:1110,702.61,908.09,35.9,20.63,2.28,0.0
20140928:1210,686.8,884.93,36.38,21.16,2.55,0.0
20140928:1310,605.41,774.72,33.89,22.22,2.62,0.0
20140928:1410,247.35,316.91,28.84,22.22,2.28,0.0
20140928:1510,183.44,239.79,21.86,21.69,1.72,0.0
20140928:1610,49.91,78.01,13.61,21.16,1.17,0.0
20140928:1710,16.33,36.8,4.6,20.63,1.03,0.0
20140928:1810,0.0,0.0,0.0,19.57,1.45,0.0
20140928:1910,0.0,0.0,0.0,19.04,1.66,0.0
20140928:2010,0.0,0.0,0.0,17.98,1.66,0.0
20140928:2110,0.0,0.0,0.0,16.92,1.38,0.0
20140928:2210,0.0,0.0,0.0,16.39,1.24,0.0
20140928:2310,0.0,0.0,0.0,15.86,1.03,0.0
20140929:0010,0.0,0.0,0.0,15.33,0.97,0.0
20140929:0110,0.0,0.0,0.0,15.33,0.41,0.0
20140929:0210,0.0,0.0,0.0,14.8,0.21,0.0
20140929:0310,0.0,0.0,0.0,14.27,0.83,0.0
20140929:0410,0.0,0.0,0.0,12.68,1.1,0.0
20140929:0510,0.0,0.0,0.0,12.68,0.83,0.0
20140929:0610,0.0,0.0,0.0,12.68,0.69,0.0
20140929:0710,53.47,81.21,10.55,13.74,0.62,0.0
20140929:0810,28.66,49.14,19.08,14.27,1.03,0.0
20140929:0910,137.12,180.19,26.5,15.86,0.97,0.0
20140929:1010,106.86,145.56,32.2,17.45,1.38,0.0
20140929:1110,57.25,86.22,35.53,19.04,2.14,0.0
20140929:1210,71.34,103.84,35.99,20.1,2.9,0.0
20140929:1310,264.95,335.18,33.5,20.63,3.03,0.0
20140929:1410,168.93,220.59,28.45,20.63,3.17,0.0
20140929:1510,160.27,209.59,21.49,20.1,3.24,0.0
20140929:1610,33.52,56.55,13.24,20.1,3.24,0.0
20140929:1710,20.33,46.08,4.24,19.57,2.76,0.0
20140929:1810,0.0,0.0,0.0,17.98,2.69,0.0
20140929:1910,0.0,0.0,0.0,16.39,2.97,0.0
20140929:2010,0.0,0.0,0.0,15.33,2.97,0.0
20140929:2110,0.0,0.0,0.0,15.33,2.9,0.0
20140929:2210,0.0,0.0,0.0,15.33,3.03,0.0
20140929:2310,0.0,0.0,0.0,15.33,2.97,0.0
20140930:0010,0.0,0.0,0.0,15.33,2.9,0.0
20140930:0110,0.0,0.0,0.0,14.8,2.69,0.0
20140930:0210,0.0,0.0,0.0,14.27,2.55,0.0
20140930:0310,0.0,0.0,0.0,13.74,2.48,0.0
20140930:0410,0.0,0.0,0.0,13.21,2.48,0.0
20140930:0510,0.0,0.0,0.0,13.21,2.34,0.0
20140930:0610,0.0,0.0,0.0,13.74,2.28,0.0
20140930:0710,143.56,196.75,10.29,14.27,2.9,0.0
20140930:0810,323.52,398.67,18.79,15.33,2.62,0.0
20140930:0910,32.79,54.7,26.18,15.86,2.55,0.0
20140930:1010,160.78,208.9,31.85,17.98,2.9,0.0
20140930:1110,457.69,565.97,35.15,18.51,3.17,0.0
20140930:1210,450.55,559.54,35.59,19.57,3.31,0.0
20140930:1310,601.7,752.42,33.1,20.1,3.72,0.0
20140930:1410,501.05,622.82,28.06,20.63,3.79,0.0
20140930:1510,224.43,285.86,21.11,20.63,3.52,0.0
20140930:1610,153.59,207.25,12.87,20.1,2.69,0.0
20140930:1710,9.5,24.88,3.89,19.57,2.62,0.0
20140930:1810,0.0,0.0,0.0,17.98,2.83,0.0
20140930:1910,0.0,0.0,0.0,16.92,3.1,0.0
20140930:2010,0.0,0.0,0.0,15.86,3.1,0.0
20140930:2110,0.0,0.0,0.0,14.8,2.97,0.0
20140930:2210,0.0,0.0,0.0,14.27,2.9,0.0
20140930:2310,0.0,0.0,0.0,14.27,3.03,0.0
20141001:0010,0.0,0.0,0.0,14.27,3.24,0.0
20141001:0110,0.0,0.0,0.0,14.8,3.52,0.0
20141001:0210,0.0,0.0,0.0,15.33,3.72,0.0
20141001:0310,0.0,0.0,0.0,15.86,3.79,0.0
20141001:0410,0.0,0.0,0.0,15.86,3.79,0.0
20141001:0510,0.0,0.0,0.0,16.39,3.72,0.0
20141001:0610,0.0,0.0,0.0,16.39,3.52,0.0
20141001:0710,32.82,55.18,10.02,16.39,2.97,0.0
20141001:0810,53.34,80.66,18.51,16.92,2.41,0.0
20141001:0910,126.09,167.31,25.87,16.92,2.48,0.0
20141001:1010,469.01,579.7,31.51,17.98,2.76,0.0
20141001:1110,451.2,559.28,34.78,19.04,3.17,0.0
20141001:1210,429.56,533.52,35.2,19.57,3.24,0.0
20141001:1310,258.43,325.27,32.7,19.57,3.38,0.0
20141001:1410,191.67,246.62,27.67,20.1,3.38,0.0
20141001:1510,189.07,243.59,20.73,20.1,3.17,0.0
20141001:1610,72.17,105.54,12.51,19.57,2.48,0.0
20141001:1710,8.84,24.85,3.53,19.04,1.79,0.0
20141001:1810,0.0,0.0,0.0,18.51,1.59,0.0
20141001:1910,0.0,0.0,0.0,17.45,1.59,0.0
20141001:2010,0.0,0.0,0.0,16.92,1.66,0.0
20141001:2110,0.0,0.0,0.0,16.39,1.59,0.0
20141001:2210,0.0,0.0,0.0,15.86,1.66,0.0
20141001:2310,0.0,0.0,0.0,15.33,1.66,0.0
20141002:0010,0.0,0.0,0.0,14.8,1.72,0.0
20141002:0110,0.0,0.0,0.0,14.27,2.0,0.0
20141002:0210,0.0,0.0,0.0,14.27,2.21,0.0
20141002:0310,0.0,0.0,0.0,14.8,2.28,0.0
20141002:0410,0.0,0.0,0.0,14.27,2.14,0.0
20141002:0510,0.0,0.0,0.0,14.27,1.72,0.0
20141002:0610,0.0,0.0,0.0,13.74,1.52,0.0
20141002:0710,96.88,137.23,9.76,13.74,1.24,0.0
20141002:0810,305.3,377.55,18.23,14.27,1.45,0.0
20141002:0910,280.32,347.36,25.56,15.33,1.24,0.0
20141002:1010,473.31,588.83,31.16,16.39,1.31,0.0
20141002:1110,483.78,604.92,34.4,17.45,1.52,0.0
20141002:1210,26.72,47.28,34.81,17.98,1.52,0.0
20141002:1310,273.02,344.94,32.31,19.04,1.45,0.0
20141002:1410,136.18,181.4,27.28,19.04,1.31,0.0
20141002:1510,191.12,246.1,20.36,19.04,1.66,0.0
20141002:1610,103.89,144.74,12.15,18.51,2.21,0.0
20141002:1710,6.9,21.0,3.17,17.45,1.72,0.0
20141002:1810,0.0,0.0,0.0,16.92,1.86,0.0
20141002:1910,0.0,0.0,0.0,16.39,2.0,0.0
20141002:2010,0.0,0.0,0.0,15.33,2.07,0.0
20141002:2110,0.0,0.0,0.0,14.8,2.07,0.0
20141002:2210,0.0,0.0,0.0,13.74,2.0,0.0
20141002:2310,0.0,0.0,0.0,13.21,1.93,0.0
20141003:0010,0.0,0.0,0.0,12.68,1.72,0.0
20141003:0110,0.0,0.0,0.0,12.15,1.86,0.0
20141003:0210,0.0,0.0,0.0,12.15,1.86,0.0
20141003:0310,0.0,0.0,0.0,12.68,1.72,0.0
20141003:0410,0.0,0.0,0.0,12.68,2.0,0.0
20141003:0510,0.0,0.0,0.0,13.21,2.69,0.0
20141003:0610,0.0,0.0,0.0,13.21,2.69,0.0
20141003:0710,148.24,203.5,9.49,13.74,2.55,0.0
20141003:0810,364.61,444.65,17.94,14.8,3.86,0.0
20141003:0910,530.84,644.1,25.25,15.86,4.0,0.0
20141003:1010,447.58,546.47,30.82,17.45,4.07,0.0
20141003:1110,489.18,600.31,34.03,18.51,4.41,0.0
20141003:1210,416.02,512.77,34.41,19.57,4.55,0.0
20141003:1310,583.4,721.91,31.91,19.57,4.48,0.0
20141003:1410,355.49,439.24,26.9,19.57,4.07,0.0
20141003:1510,323.93,402.86,19.99,19.57,3.93,0.0
20141003:1610,205.2,272.24,11.79,19.04,3.31,0.0
20141003:1710,9.36,27.29,2.82,17.98,2.9,0.0
20141003:1810,0.0,0.0,0.0,16.92,2.9,0.0
20141003:1910,0.0,0.0,0.0,15.86,3.03,0.0
20141003:2010,0.0,0.0,0.0,14.8,3.17,0.0
20141003:2110,0.0,0.0,0.0,14.8,3.17,0.0
20141003:2210,0.0,0.0,0.0,14.27,3.24,0.0
20141003:2310,0.0,0.0,0.0,14.8,3.24,0.0
20141004:0010,0.0,0.0,0.0,14.27,3.24,0.0
20141004:0110,0.0,0.0,0.0,14.8,3.38,0.0
20141004:0210,0.0,0.0,0.0,14.8,3.52,0.0
20141004:0310,0.0,0.0,0.0,15.33,3.66,0.0
20141004:0410,0.0,0.0,0.0,15.33,3.86,0.0
20141004:0510,0.0,0.0,0.0,15.86,4.21,0.0
20141004:0610,0.0,0.0,0.0,15.86,4.34,0.0
20141004:0710,36.55,60.15,9.23,15.86,4.55,0.0
20141004:0810,336.8,412.96,17.65,16.39,4.76,0.0
20141004:0910,158.73,204.01,24.93,16.92,5.59,0.0
20141004:1010,47.45,73.24,30.47,16.92,5.52,0.0
20141004:1110,32.28,53.77,33.66,14.8,4.9,0.0
20141004:1210,26.72,46.36,34.02,13.21,4.55,0.0
20141004:1310,35.68,57.48,31.52,12.15,4.0,0.0
20141004:1410,32.05,52.85,26.51,11.61,3.45,0.0
20141004:1510,339.31,406.58,19.61,11.61,3.72,0.0
20141004:1610,215.09,275.63,11.43,11.61,3.59,0.0
20141004:1710,5.8,19.39,2.47,11.61,2.83,0.0
20141004:1810,0.0,0.0,0.0,10.55,2.28,0.0
20141004:1910,0.0,0.0,0.0,9.49,2.0,0.0
20141004:2010,0.0,0.0,0.0,8.96,2.14,0.0
20141004:2110,0.0,0.0,0.0,8.43,2.28,0.0
20141004:2210,0.0,0.0,0.0,7.37,2.41,0.0
20141004:2310,0.0,0.0,0.0,6.84,2.34,0.0
20141005:0010,0.0,0.0,0.0,6.31,2.14,0.0
20141005:0110,0.0,0.0,0.0,5.78,1.86,0.0
20141005:0210,0.0,0.0,0.0,5.78,1.66,0.0
20141005:0310,0.0,0.0,0.0,5.25,1.66,0.0
20141005:0410,0.0,0.0,0.0,4.72,1.72,0.0
20141005:0510,0.0,0.0,0.0,4.72,1.59,0.0
20141005:0610,0.0,0.0,0.0,5.25,1.24,0.0
20141005:0710,150.51,200.17,8.96,5.25,0.97,0.0
20141005:0810,364.78,441.04,17.37,7.9,0.48,0.0
20141005:0910,526.32,643.44,24.62,10.02,0.55,0.0
20141005:1010,676.56,850.45,30.13,12.15,0.9,0.0
20141005:1110,740.91,942.26,33.28,13.21,1.24,0.0
20141005:1210,719.34,913.12,33.63,13.74,1.31,0.0
20141005:1310,597.05,746.87,31.13,14.8,1.31,0.0
20141005:1410,436.66,537.44,26.13,14.8,1.24,0.0
20141005:1510,212.05,266.24,19.24,14.8,1.38,0.0
20141005:1610,129.43,174.31,11.07,14.27,1.66,0.0
20141005:1710,1.96,10.2,2.12,13.74,1.66,0.0
20141005:1810,0.0,0.0,0.0,12.15,2.07,0.0
20141005:1910,0.0,0.0,0.0,11.61,2.41,0.0
20141005:2010,0.0,0.0,0.0,10.02,2.62,0.0
20141005:2110,0.0,0.0,0.0,9.49,2.62,0.0
20141005:2210,0.0,0.0,0.0,9.49,2.9,0.0
20141005:2310,0.0,0.0,0.0,8.96,3.03,0.0
20141006:0010,0.0,0.0,0.0,8.43,3.24,0.0
20141006:0110,0.0,0.0,0.0,8.96,3.66,0.0
20141006:0210,0.0,0.0,0.0,9.49,4.07,0.0
20141006:0310,0.0,0.0,0.0,10.02,4.34,0.0
20141006:0410,0.0,0.0,0.0,10.55,4.76,0.0
20141006:0510,0.0,0.0,0.0,11.09,4.9,0.0
20141006:0610,0.0,0.0,0.0,11.09,4.9,0.0
20141006:0710,20.6,38.01,8.69,11.09,5.66,0.0
20141006:0810,35.9,57.48,17.08,11.09,5.79,0.0
20141006:0910,54.94,80.66,24.3,11.61,6.0,0.0
20141006:1010,257.62,309.93,29.78,11.61,6.62,0.0
20141006:1110,48.11,72.31,32.91,11.09,6.55,0.0
20141006:1210,76.43,105.69,33.24,11.09,6.28,0.0
20141006:1310,101.62,134.43,30.73,10.55,6.07,0.0
20141006:1410,24.15,42.65,25.75,11.09,5.93,0.0
20141006:1510,132.26,169.18,18.87,11.09,5.52,0.0
20141006:1610,114.4,153.84,10.71,12.15,4.83,0.0
20141006:1710,0.0,0.0,0.0,12.15,3.72,0.0
20141006:1810,0.0,0.0,0.0,12.68,2.34,0.0
20141006:1910,0.0,0.0,0.0,12.15,2.21,0.0
20141006:2010,0.0,0.0,0.0,11.61,2.83,0.0
20141006:2110,0.0,0.0,0.0,10.55,2.62,0.0
20141006:2210,0.0,0.0,0.0,9.49,2.14,0.0
20141006:2310,0.0,0.0,0.0,8.96,2.14,0.0
20141007:0010,0.0,0.0,0.0,8.96,2.21,0.0
20141007:0110,0.0,0.0,0.0,8.43,2.41,0.0
20141007:0210,0.0,0.0,0.0,8.43,2.69,0.0
20141007:0310,0.0,0.0,0.0,9.49,2.9,0.0
20141007:0410,0.0,0.0,0.0,9.49,3.31,0.0
20141007:0510,0.0,0.0,0.0,9.49,3.38,0.0
20141007:0610,0.0,0.0,0.0,9.49,3.59,0.0
20141007:0710,150.1,202.52,8.42,9.49,4.41,0.0
20141007:0810,368.23,437.44,16.79,9.49,4.28,0.0
20141007:0910,558.95,652.7,23.99,10.02,5.86,0.0
20141007:1010,702.47,825.66,29.43,11.09,6.9,0.0
20141007:1110,728.75,865.03,32.54,12.68,7.17,0.0
20141007:1210,629.55,747.84,32.86,13.21,6.55,0.0
20141007:1310,651.49,777.48,30.35,14.27,6.62,0.0
20141007:1410,561.0,667.11,25.37,14.27,6.34,0.0
20141007:1510,431.08,515.43,18.51,13.74,5.86,0.0
20141007:1610,195.44,254.27,10.36,13.21,4.55,0.0
20141007:1710,0.0,0.0,0.0,12.15,3.93,0.0
20141007:1810,0.0,0.0,0.0,11.09,3.66,0.0
20141007:1910,0.0,0.0,0.0,10.02,3.59,0.0
20141007:2010,0.0,0.0,0.0,9.49,3.66,0.0
20141007:2110,0.0,0.0,0.0,9.49,3.1,0.0
20141007:2210,0.0,0.0,0.0,8.96,3.1,0.0
20141007:2310,0.0,0.0,0.0,8.43,2.9,0.0
20141008:0010,0.0,0.0,0.0,8.43,2.76,0.0
20141008:0110,0.0,0.0,0.0,8.96,2.83,0.0
20141008:0210,0.0,0.0,0.0,9.49,3.1,0.0
20141008:0310,0.0,0.0,0.0,9.49,3.17,0.0
20141008:0410,0.0,0.0,0.0,9.49,3.31,0.0
20141008:0510,0.0,0.0,0.0,9.49,3.52,0.0
20141008:0610,0.0,0.0,0.0,10.55,3.66,0.0
20141008:0710,79.69,115.01,8.15,11.61,3.66,0.0
20141008:0810,212.41,262.69,16.5,12.68,3.79,0.0
20141008:0910,47.42,72.31,23.67,13.74,4.55,0.0
20141008:1010,27.29,47.28,29.09,14.27,4.34,0.0
20141008:1110,687.79,837.66,32.16,15.33,4.83,0.0
20141008:1210,195.14,244.64,32.47,15.33,5.93,0.0
20141008:1310,457.28,546.21,29.96,15.33,6.62,0.0
20141008:1410,543.7,650.85,24.99,15.86,6.48,0.0
20141008:1510,377.08,456.31,18.14,16.39,6.69,0.0
20141008:1610,166.79,220.6,10.0,15.33,7.1,0.0
20141008:1710,0.0,0.0,0.0,13.74,5.79,0.0
20141008:1810,0.0,0.0,0.0,13.21,5.38,0.0
20141008:1910,0.0,0.0,0.0,13.21,5.1,0.0
20141008:2010,0.0,0.0,0.0,12.68,4.9,0.0
20141008:2110,0.0,0.0,0.0,12.15,4.97,0.0
20141008:2210,0.0,0.0,0.0,12.15,5.17,0.0
20141008:2310,0.0,0.0,0.0,12.15,5.31,0.0
20141009:0010,0.0,0.0,0.0,12.15,5.31,0.0
20141009:0110,0.0,0.0,0.0,12.15,5.38,0.0
20141009:0210,0.0,0.0,0.0,12.15,5.59,0.0
20141009:0310,0.0,0.0,0.0,12.15,5.66,0.0
20141009:0410,0.0,0.0,0.0,12.68,5.72,0.0
20141009:0510,0.0,0.0,0.0,12.15,5.79,0.0
20141009:0610,0.0,0.0,0.0,12.68,5.93,0.0
20141009:0710,95.58,135.68,7.89,12.68,6.14,0.0
20141009:0810,316.54,382.57,16.21,13.74,6.34,0.0
20141009:0910,198.78,246.11,23.35,14.27,7.52,0.0
20141009:1010,409.58,486.57,28.74,14.27,7.24,0.0
20141009:1110,758.83,913.91,31.79,15.86,7.66,0.0
20141009:1210,699.56,841.61,32.08,16.39,7.79,0.0
20141009:1310,21.42,39.87,29.57,16.39,8.0,0.0
20141009:1410,16.13,32.45,24.61,14.8,8.34,0.0
20141009:1510,154.34,196.38,17.78,14.8,8.83,0.0
20141009:1610,1.95,10.2,9.65,14.27,7.24,0.0
20141009:1710,0.0,0.0,0.0,13.74,6.83,0.0
20141009:1810,0.0,0.0,0.0,13.21,6.21,0.0
20141009:1910,0.0,0.0,0.0,12.68,5.93,0.0
20141009:2010,0.0,0.0,0.0,12.68,5.59,0.0
20141009:2110,0.0,0.0,0.0,12.15,5.03,0.0
20141009:2210,0.0,0.0,0.0,12.15,4.62,0.0
20141009:2310,0.0,0.0,0.0,11.61,4.41,0.0
20141010:0010,0.0,0.0,0.0,11.61,4.21,0.0
20141010:0110,0.0,0.0,0.0,11.09,4.07,0.0
20141010:0210,0.0,0.0,0.0,10.55,3.86,0.0
20141010:0310,0.0,0.0,0.0,10.02,3.45,0.0
20141010:0410,0.0,0.0,0.0,9.49,3.45,0.0
20141010:0510,0.0,0.0,0.0,9.49,2.83,0.0
20141010:0610,0.0,0.0,0.0,9.49,2.69,0.0
20141010:0710,45.91,71.43,7.62,9.49,2.76,0.0
20141010:0810,115.17,150.94,15.92,11.61,2.55,0.0
20141010:0910,303.13,367.27,23.04,13.74,3.31,0.0
20141010:1010,616.22,745.24,28.4,15.33,4.83,0.0
20141010:1110,30.66,51.92,31.42,15.86,5.1,0.0
20141010:1210,732.77,897.55,31.7,16.39,5.24,0.0
20141010:1310,431.8,518.17,29.19,15.86,6.14,0.0
20141010:1410,531.82,639.29,24.24,15.86,5.52,0.0
20141010:1510,94.93,129.18,17.42,15.33,5.1,0.0
20141010:1610,31.69,53.3,9.3,14.8,4.14,0.0
20141010:1710,0.0,0.0,0.0,13.74,3.72,0.0
20141010:1810,0.0,0.0,0.0,12.68,3.24,0.0
20141010:1910,0.0,0.0,0.0,12.15,2.83,0.0
20141010:2010,0.0,0.0,0.0,11.61,2.55,0.0
20141010:2110,0.0,0.0,0.0,11.09,2.55,0.0
20141010:2210,0.0,0.0,0.0,11.09,2.62,0.0
20141010:2310,0.0,0.0,0.0,11.09,2.34,0.0
20141011:0010,0.0,0.0,0.0,10.55,2.21,0.0
20141011:0110,0.0,0.0,0.0,10.55,2.21,0.0
20141011:0210,0.0,0.0,0.0,10.55,2.28,0.0
20141011:0310,0.0,0.0,0.0,10.55,2.28,0.0
20141011:0410,0.0,0.0,0.0,10.55,2.14,0.0
20141011:0510,0.0,0.0,0.0,10.55,2.28,0.0
20141011:0610,0.0,0.0,0.0,10.02,2.07,0.0
20141011:0710,34.62,56.96,7.34,10.02,1.93,0.0
20141011:0810,362.97,441.01,15.63,11.61,2.07,0.0
20141011:0910,205.78,255.27,22.72,13.21,2.62,0.0
20141011:1010,44.2,68.61,28.05,14.27,2.62,0.0
20141011:1110,485.46,590.06,31.05,14.8,2.97,0.0
20141011:1210,56.11,83.44,31.32,15.33,3.31,0.0
20141011:1310,636.46,778.97,28.81,15.33,3.59,0.0
20141011:1410,499.59,606.0,23.87,15.86,3.79,0.0
20141011:1510,242.61,300.77,17.06,15.86,3.93,0.0
20141011:1610,166.71,223.29,8.96,15.33,3.72,0.0
20141011:1710,0.0,0.0,0.0,13.74,3.1,0.0
20141011:1810,0.0,0.0,0.0,12.68,2.69,0.0
20141011:1910,0.0,0.0,0.0,11.61,2.41,0.0
20141011:2010,0.0,0.0,0.0,10.55,2.14,0.0
20141011:2110,0.0,0.0,0.0,9.49,2.0,0.0
20141011:2210,0.0,0.0,0.0,8.96,2.07,0.0
20141011:2310,0.0,0.0,0.0,7.9,1.86,0.0
20141012:0010,0.0,0.0,0.0,7.37,1.79,0.0
20141012:0110,0.0,0.0,0.0,7.37,1.59,0.0
20141012:0210,0.0,0.0,0.0,7.37,1.52,0.0
20141012:0310,0.0,0.0,0.0,7.9,0.69,0.0
20141012:0410,0.0,0.0,0.0,7.9,0.41,0.0
20141012:0510,0.0,0.0,0.0,7.37,0.83,0.0
20141012:0610,0.0,0.0,0.0,6.31,0.97,0.0
20141012:0710,36.22,58.57,7.07,6.84,1.17,0.0
20141012:0810,185.74,229.35,15.34,8.43,1.59,0.0
20141012:0910,233.06,282.35,22.41,9.49,2.07,0.0
20141012:1010,434.46,518.62,27.71,10.55,2.28,0.0
20141012:1110,264.13,321.38,30.68,12.15,2.83,0.0
20141012:1210,252.62,310.49,30.94,14.27,3.45,0.0
20141012:1310,198.7,248.62,28.43,14.8,3.93,0.0
20141012:1410,174.06,219.83,23.5,14.8,4.28,0.0
20141012:1510,75.12,105.54,16.71,14.27,4.55,0.0
20141012:1610,19.61,37.08,8.62,13.74,3.93,0.0
20141012:1710,0.0,0.0,0.0,12.68,4.28,0.0
20141012:1810,0.0,0.0,0.0,12.15,4.62,0.0
20141012:1910,0.0,0.0,0.0,12.15,4.76,0.0
20141012:2010,0.0,0.0,0.0,12.15,5.03,0.0
20141012:2110,0.0,0.0,0.0,12.15,5.31,0.0
20141012:2210,0.0,0.0,0.0,12.15,5.66,0.0
20141012:2310,0.0,0.0,0.0,12.15,5.93,0.0
20141013:0010,0.0,0.0,0.0,12.15,6.28,0.0
20141013:0110,0.0,0.0,0.0,12.15,6.62,0.0
20141013:0210,0.0,0.0,0.0,12.15,6.76,0.0
20141013:0310,0.0,0.0,0.0,12.15,6.48,0.0
20141013:0410,0.0,0.0,0.0,12.15,5.66,0.0
20141013:0510,0.0,0.0,0.0,12.15,4.69,0.0
20141013:0610,0.0,0.0,0.0,12.15,3.72,0.0
20141013:0710,21.18,39.38,6.8,11.61,5.52,0.0
20141013:0810,30.52,50.99,15.05,12.15,4.97,0.0
20141013:0910,57.69,84.37,22.09,12.68,4.41,0.0
20141013:1010,36.23,58.41,27.36,13.21,4.21,0.0
20141013:1110,57.33,84.37,30.32,13.74,3.38,0.0
20141013:1210,95.53,129.79,30.56,14.27,3.45,0.0
20141013:1310,41.82,65.82,28.05,14.8,2.28,0.0
20141013:1410,42.69,66.75,23.13,14.27,2.41,0.0
20141013:1510,54.44,81.07,16.35,14.27,2.83,0.0
20141013:1610,98.34,137.72,8.28,13.74,2.69,0.0
20141013:1710,0.0,0.0,0.0,13.21,2.83,0.0
20141013:1810,0.0,0.0,0.0,12.68,3.38,0.0
20141013:1910,0.0,0.0,0.0,12.68,1.72,0.0
20141013:2010,0.0,0.0,0.0,12.15,1.45,0.0
20141013:2110,0.0,0.0,0.0,12.15,1.79,0.0
20141013:2210,0.0,0.0,0.0,12.15,2.07,0.0
20141013:2310,0.0,0.0,0.0,12.15,2.34,0.0
20141014:0010,0.0,0.0,0.0,12.15,2.48,0.0
20141014:0110,0.0,0.0,0.0,11.61,2.76,0.0
20141014:0210,0.0,0.0,0.0,11.61,2.83,0.0
20141014:0310,0.0,0.0,0.0,11.61,2.83,0.0
20141014:0410,0.0,0.0,0.0,11.61,2.48,0.0
20141014:0510,0.0,0.0,0.0,11.61,2.34,0.0
20141014:0610,0.0,0.0,0.0,11.61,2.41,0.0
20141014:0710,0.69,7.42,6.53,12.15,2.62,0.0
20141014:0810,14.33,29.67,14.76,12.15,2.62,0.0
20141014:0910,35.54,57.48,21.77,12.68,2.62,0.0
20141014:1010,47.62,72.31,27.02,12.68,3.17,0.0
20141014:1110,31.87,52.85,29.95,12.68,3.38,0.0
20141014:1210,45.24,69.53,30.18,13.21,3.79,0.0
20141014:1310,53.65,79.73,27.67,13.21,3.86,0.0
20141014:1410,45.74,70.46,22.77,14.27,3.45,0.0
20141014:1510,45.73,70.46,16.0,14.27,3.24,0.0
20141014:1610,41.36,66.0,7.94,13.74,3.03,0.0
20141014:1710,0.0,0.0,0.0,13.21,2.41,0.0
20141014:1810,0.0,0.0,0.0,12.68,2.21,0.0
20141014:1910,0.0,0.0,0.0,12.15,1.66,0.0
20141014:2010,0.0,0.0,0.0,12.15,1.45,0.0
20141014:2110,0.0,0.0,0.0,11.61,1.31,0.0
20141014:2210,0.0,0.0,0.0,11.09,1.1,0.0
20141014:2310,0.0,0.0,0.0,10.55,0.97,0.0
20141015:0010,0.0,0.0,0.0,10.02,1.38,0.0
20141015:0110,0.0,0.0,0.0,10.02,0.9,0.0
20141015:0210,0.0,0.0,0.0,10.02,0.83,0.0
20141015:0310,0.0,0.0,0.0,10.02,0.55,0.0
20141015:0410,0.0,0.0,0.0,10.02,0.28,0.0
20141015:0510,0.0,0.0,0.0,10.02,0.69,0.0
20141015:0610,0.0,0.0,0.0,10.55,1.1,0.0
20141015:0710,9.27,22.25,6.26,10.55,1.1,0.0
20141015:0810,84.18,115.07,14.47,11.09,1.79,0.0
20141015:0910,103.87,138.22,21.46,12.15,2.41,0.0
20141015:1010,112.74,148.89,26.68,12.68,2.83,0.0
20141015:1110,157.19,200.69,29.59,13.74,3.1,0.0
20141015:1210,247.76,305.35,29.81,14.8,3.52,0.0
20141015:1310,306.11,373.16,27.3,15.33,3.66,0.0
20141015:1410,64.55,93.64,22.41,15.33,3.1,0.0
20141015:1510,96.34,130.75,15.66,14.8,3.31,0.0
20141015:1610,6.72,18.54,7.61,13.74,3.31,0.0
20141015:1710,0.0,0.0,0.0,13.21,3.31,0.0
20141015:1810,0.0,0.0,0.0,13.21,3.52,0.0
20141015:1910,0.0,0.0,0.0,13.21,2.97,0.0
20141015:2010,0.0,0.0,0.0,13.21,3.59,0.0
20141015:2110,0.0,0.0,0.0,13.21,4.07,0.0
20141015:2210,0.0,0.0,0.0,13.21,3.59,0.0
20141015:2310,0.0,0.0,0.0,13.21,2.69,0.0
20141016:0010,0.0,0.0,0.0,13.21,2.28,0.0
20141016:0110,0.0,0.0,0.0,13.21,2.55,0.0
20141016:0210,0.0,0.0,0.0,12.68,2.9,0.0
20141016:0310,0.0,0.0,0.0,11.61,2.48,0.0
20141016:0410,0.0,0.0,0.0,11.09,2.0,0.0
20141016:0510,0.0,0.0,0.0,10.55,1.79,0.0
20141016:0610,0.0,0.0,0.0,10.55,2.14,0.0
20141016:0710,100.33,143.6,5.99,11.09,2.21,0.0
20141016:0810,276.5,337.56,14.18,12.15,2.9,0.0
20141016:0910,436.58,520.41,21.14,13.21,4.41,0.0
20141016:1010,584.72,704.7,26.34,14.27,4.21,0.0
20141016:1110,536.67,648.06,29.23,15.33,4.48,0.0
20141016:1210,508.24,615.72,29.43,16.39,4.62,0.0
20141016:1310,319.06,390.04,26.93,16.92,4.34,0.0
20141016:1410,161.42,207.57,22.05,16.92,3.31,0.0
20141016:1510,54.62,82.14,15.31,16.92,3.24,0.0
20141016:1610,35.68,59.5,7.27,16.39,2.69,0.0
20141016:1710,0.0,0.0,0.0,15.33,2.76,0.0
20141016:1810,0.0,0.0,0.0,14.27,2.76,0.0
20141016:1910,0.0,0.0,0.0,14.27,2.9,0.0
20141016:2010,0.0,0.0,0.0,14.27,3.03,0.0
20141016:2110,0.0,0.0,0.0,14.27,2.97,0.0
20141016:2210,0.0,0.0,0.0,14.27,2.83,0.0
20141016:2310,0.0,0.0,0.0,13.74,2.62,0.0
20141017:0010,0.0,0.0,0.0,13.74,2.76,0.0
20141017:0110,0.0,0.0,0.0,13.74,3.03,0.0
20141017:0210,0.0,0.0,0.0,13.74,3.24,0.0
20141017:0310,0.0,0.0,0.0,14.27,3.1,0.0
20141017:0410,0.0,0.0,0.0,13.21,3.03,0.0
20141017:0510,0.0,0.0,0.0,13.21,2.97,0.0
20141017:0610,0.0,0.0,0.0,12.68,2.9,0.0
20141017:0710,12.47,27.42,5.72,12.68,3.1,0.0
20141017:0810,271.62,334.05,13.89,13.74,3.1,0.0
20141017:0910,339.63,410.02,20.83,15.33,4.83,0.0
20141017:1010,241.58,298.65,26.0,16.39,4.83,0.0
20141017:1110,366.58,445.85,28.86,17.45,5.31,0.0
20141017:1210,467.42,567.76,29.06,17.98,5.45,0.0
20141017:1310,364.0,443.72,26.56,17.98,5.17,0.0
20141017:1410,248.78,308.6,21.69,17.98,4.97,0.0
20141017:1510,133.51,175.83,14.97,17.98,4.55,0.0
20141017:1610,18.07,35.64,6.95,16.92,4.0,0.0
20141017:1710,0.0,0.0,0.0,16.39,3.93,0.0
20141017:1810,0.0,0.0,0.0,15.86,4.0,0.0
20141017:1910,0.0,0.0,0.0,15.33,4.62,0.0
20141017:2010,0.0,0.0,0.0,15.86,4.9,0.0
20141017:2110,0.0,0.0,0.0,15.33,5.03,0.0
20141017:2210,0.0,0.0,0.0,15.33,4.97,0.0
20141017:2310,0.0,0.0,0.0,15.86,5.38,0.0
20141018:0010,0.0,0.0,0.0,15.86,5.59,0.0
20141018:0110,0.0,0.0,0.0,15.86,5.59,0.0
20141018:0210,0.0,0.0,0.0,16.39,5.45,0.0
20141018:0310,0.0,0.0,0.0,15.86,5.31,0.0
20141018:0410,0.0,0.0,0.0,16.39,5.24,0.0
20141018:0510,0.0,0.0,0.0,16.39,5.31,0.0
20141018:0610,0.0,0.0,0.0,16.92,5.52,0.0
20141018:0710,75.68,115.58,5.44,16.92,5.59,0.0
20141018:0810,155.9,202.0,13.6,17.98,5.86,0.0
20141018:0910,278.12,342.44,20.51,18.51,6.14,0.0
20141018:1010,30.98,52.85,25.66,18.51,6.34,0.0
20141018:1110,87.42,122.38,28.51,19.04,6.28,0.0
20141018:1210,111.15,150.48,28.69,19.04,6.48,0.0
20141018:1310,17.74,35.23,26.2,19.04,5.79,0.0
20141018:1410,17.69,35.23,21.34,19.57,7.1,0.0
20141018:1510,273.03,340.66,14.63,19.57,6.0,0.0
20141018:1610,113.17,161.3,6.62,19.04,5.72,0.0
20141018:1710,0.0,0.0,0.0,18.51,5.31,0.0
20141018:1810,0.0,0.0,0.0,17.45,4.97,0.0
20141018:1910,0.0,0.0,0.0,17.45,4.83,0.0
20141018:2010,0.0,0.0,0.0,17.45,4.83,0.0
20141018:2110,0.0,0.0,0.0,17.45,4.97,0.0
20141018:2210,0.0,0.0,0.0,17.45,5.03,0.0
20141018:2310,0.0,0.0,0.0,17.45,5.17,0.0
20141019:0010,0.0,0.0,0.0,16.92,5.38,0.0
20141019:0110,0.0,0.0,0.0,16.92,5.31,0.0
20141019:0210,0.0,0.0,0.0,16.92,5.31,0.0
20141019:0310,0.0,0.0,0.0,16.92,5.17,0.0
20141019:0410,0.0,0.0,0.0,16.39,4.83,0.0
20141019:0510,0.0,0.0,0.0,16.39,4.83,0.0
20141019:0610,0.0,0.0,0.0,16.39,4.97,0.0
20141019:0710,28.87,51.89,5.17,16.39,4.76,0.0
20141019:0810,43.01,67.47,13.3,15.86,4.83,0.0
20141019:0910,315.08,382.07,20.2,15.86,5.03,0.0
20141019:1010,406.24,488.63,25.32,15.86,5.31,0.0
20141019:1110,468.99,562.64,28.15,16.92,7.24,0.0
20141019:1210,247.24,306.19,28.33,17.98,7.17,0.0
20141019:1310,398.92,482.19,25.84,17.98,6.97,0.0
20141019:1410,290.4,355.28,20.99,17.98,6.83,0.0
20141019:1510,108.97,146.86,14.3,17.98,6.48,0.0
20141019:1610,58.98,90.76,6.3,16.92,5.79,0.0
20141019:1710,0.0,0.0,0.0,16.39,5.45,0.0
20141019:1810,0.0,0.0,0.0,15.33,5.24,0.0
20141019:1910,0.0,0.0,0.0,14.8,5.31,0.0
20141019:2010,0.0,0.0,0.0,14.27,5.59,0.0
20141019:2110,0.0,0.0,0.0,13.74,5.38,0.0
20141019:2210,0.0,0.0,0.0,13.74,5.24,0.0
20141019:2310,0.0,0.0,0.0,13.21,5.17,0.0
20141020:0010,0.0,0.0,0.0,13.21,5.17,0.0
20141020:0110,0.0,0.0,0.0,12.68,4.97,0.0
20141020:0210,0.0,0.0,0.0,12.68,4.62,0.0
20141020:0310,0.0,0.0,0.0,12.15,4.34,0.0
20141020:0410,0.0,0.0,0.0,12.68,4.28,0.0
20141020:0510,0.0,0.0,0.0,12.68,4.0,0.0
20141020:0610,0.0,0.0,0.0,12.68,3.86,0.0
20141020:0710,69.04,105.17,4.9,11.61,3.45,0.0
20141020:0810,281.8,343.74,13.01,12.15,3.17,0.0
20141020:0910,142.3,182.11,19.88,13.74,5.59,0.0
20141020:1010,421.31,503.78,24.98,14.8,5.38,0.0
20141020:1110,494.79,592.87,27.79,15.33,5.59,0.0
20141020:1210,103.28,139.38,27.97,15.86,5.52,0.0
20141020:1310,235.71,290.76,25.48,15.86,5.38,0.0
20141020:1410,349.66,421.82,20.64,15.86,5.38,0.0
20141020:1510,97.27,132.18,13.97,15.86,4.69,0.0
20141020:1610,27.86,49.26,5.98,15.33,4.14,0.0
20141020:1710,0.0,0.0,0.0,14.27,3.66,0.0
20141020:1810,0.0,0.0,0.0,13.74,3.66,0.0
20141020:1910,0.0,0.0,0.0,13.21,3.79,0.0
20141020:2010,0.0,0.0,0.0,13.21,3.86,0.0
20141020:2110,0.0,0.0,0.0,13.21,3.86,0.0
20141020:2210,0.0,0.0,0.0,12.68,4.14,0.0
20141020:2310,0.0,0.0,0.0,12.15,4.48,0.0
20141021:0010,0.0,0.0,0.0,12.15,4.83,0.0
20141021:0110,0.0,0.0,0.0,12.68,5.31,0.0
20141021:0210,0.0,0.0,0.0,12.68,6.0,0.0
20141021:0310,0.0,0.0,0.0,13.21,6.62,0.0
20141021:0410,0.0,0.0,0.0,13.21,6.83,0.0
20141021:0510,0.0,0.0,0.0,13.21,7.24,0.0
20141021:0610,0.0,0.0,0.0,13.74,7.86,0.0
20141021:0710,4.48,14.83,4.63,13.74,7.72,0.0
20141021:0810,138.31,177.5,12.72,13.21,7.93,0.0
20141021:0910,328.64,388.56,19.57,12.15,7.59,0.0
20141021:1010,471.8,550.81,24.65,11.61,7.59,0.0
20141021:1110,247.24,296.95,27.44,11.61,8.62,0.0
20141021:1210,79.35,109.4,27.61,12.15,8.9,0.0
20141021:1310,51.75,76.95,25.12,12.15,8.48,0.0
20141021:1410,534.97,623.61,20.3,12.15,8.76,0.0
20141021:1510,321.72,382.82,13.64,11.09,7.17,0.0
20141021:1610,1.54,9.27,5.67,11.09,7.52,0.0
20141021:1710,0.0,0.0,0.0,10.55,7.38,0.0
20141021:1810,0.0,0.0,0.0,9.49,7.38,0.0
20141021:1910,0.0,0.0,0.0,9.49,7.24,0.0
20141021:2010,0.0,0.0,0.0,9.49,7.17,0.0
20141021:2110,0.0,0.0,0.0,8.96,7.17,0.0
20141021:2210,0.0,0.0,0.0,8.43,6.69,0.0
20141021:2310,0.0,0.0,0.0,8.43,6.07,0.0
20141022:0010,0.0,0.0,0.0,7.9,5.79,0.0
20141022:0110,0.0,0.0,0.0,7.9,5.72,0.0
20141022:0210,0.0,0.0,0.0,7.9,5.52,0.0
20141022:0310,0.0,0.0,0.0,7.37,5.24,0.0
20141022:0410,0.0,0.0,0.0,7.37,5.03,0.0
20141022:0510,0.0,0.0,0.0,7.37,4.62,0.0
20141022:0610,0.0,0.0,0.0,7.37,4.28,0.0
20141022:0710,54.19,84.82,4.36,7.9,4.41,0.0
20141022:0810,284.35,339.59,12.44,8.43,4.48,0.0
20141022:0910,361.38,424.83,19.26,9.49,4.21,0.0
20141022:1010,503.08,591.66,24.31,10.55,4.55,0.0
20141022:1110,635.56,755.15,27.09,11.61,4.9,0.0
20141022:1210,535.87,637.44,27.25,12.68,4.69,0.0
20141022:1310,164.75,207.37,24.77,12.68,4.28,0.0
20141022:1410,219.77,268.91,19.96,12.68,4.21,0.0
20141022:1510,29.69,50.06,13.32,12.68,4.14,0.0
20141022:1610,25.7,46.08,5.36,12.15,3.24,0.0
20141022:1710,0.0,0.0,0.0,11.61,3.03,0.0
20141022:1810,0.0,0.0,0.0,11.09,3.03,0.0
20141022:1910,0.0,0.0,0.0,11.09,2.83,0.0
20141022:2010,0.0,0.0,0.0,10.55,3.1,0.0
20141022:2110,0.0,0.0,0.0,10.02,3.17,0.0
20141022:2210,0.0,0.0,0.0,10.02,3.17,0.0
20141022:2310,0.0,0.0,0.0,10.02,3.24,0.0
20141023:0010,0.0,0.0,0.0,9.49,3.1,0.0
20141023:0110,0.0,0.0,0.0,9.49,3.03,0.0
20141023:0210,0.0,0.0,0.0,9.49,3.1,0.0
20141023:0310,0.0,0.0,0.0,9.49,3.24,0.0
20141023:0410,0.0,0.0,0.0,9.49,3.1,0.0
20141023:0510,0.0,0.0,0.0,9.49,3.1,0.0
20141023:0610,0.0,0.0,0.0,9.49,3.17,0.0
20141023:0710,44.26,72.7,4.09,10.02,3.52,0.0
20141023:0810,149.35,189.93,12.15,11.61,3.52,0.0
20141023:0910,183.37,227.76,18.95,12.15,3.24,0.0
20141023:1010,262.35,319.27,23.98,13.74,3.86,0.0
20141023:1110,345.2,416.02,26.74,15.33,5.38,0.0
20141023:1210,152.24,195.55,26.89,15.33,4.62,0.0
20141023:1310,324.82,394.11,24.42,15.33,3.86,0.0
20141023:1410,74.4,105.32,19.62,15.33,3.38,0.0
20141023:1510,50.04,75.96,13.0,15.33,4.0,0.0
20141023:1610,37.58,63.22,5.05,15.33,4.14,0.0
20141023:1710,0.0,0.0,0.0,14.8,4.28,0.0
20141023:1810,0.0,0.0,0.0,14.8,4.41,0.0
20141023:1910,0.0,0.0,0.0,14.27,4.14,0.0
20141023:2010,0.0,0.0,0.0,14.27,4.0,0.0
20141023:2110,0.0,0.0,0.0,14.27,3.86,0.0
20141023:2210,0.0,0.0,0.0,14.27,3.72,0.0
20141023:2310,0.0,0.0,0.0,14.27,3.45,0.0
20141024:0010,0.0,0.0,0.0,13.74,3.38,0.0
20141024:0110,0.0,0.0,0.0,13.74,3.38,0.0
20141024:0210,0.0,0.0,0.0,13.74,3.17,0.0
20141024:0310,0.0,0.0,0.0,13.21,2.97,0.0
20141024:0410,0.0,0.0,0.0,13.21,2.76,0.0
20141024:0510,0.0,0.0,0.0,13.21,2.62,0.0
20141024:0610,0.0,0.0,0.0,13.21,2.55,0.0
20141024:0710,47.49,78.48,3.82,13.21,2.69,0.0
20141024:0810,91.18,124.4,11.86,13.74,2.83,0.0
20141024:0910,107.6,143.42,18.64,14.27,2.97,0.0
20141024:1010,190.21,238.83,23.65,15.33,3.79,0.0
20141024:1110,110.66,148.26,26.4,15.86,3.66,0.0
20141024:1210,73.35,104.76,26.54,16.92,4.0,0.0
20141024:1310,41.55,65.82,24.07,16.39,4.14,0.0
20141024:1410,94.33,129.29,19.29,16.39,2.97,0.0
20141024:1510,53.82,80.8,12.68,15.86,2.97,0.0
20141024:1610,53.05,84.36,4.75,15.33,2.97,0.0
20141024:1710,0.0,0.0,0.0,14.8,2.9,0.0
20141024:1810,0.0,0.0,0.0,14.27,2.9,0.0
20141024:1910,0.0,0.0,0.0,14.27,3.52,0.0
20141024:2010,0.0,0.0,0.0,14.27,3.31,0.0
20141024:2110,0.0,0.0,0.0,13.74,2.83,0.0
20141024:2210,0.0,0.0,0.0,13.21,2.55,0.0
20141024:2310,0.0,0.0,0.0,12.15,2.48,0.0
20141025:0010,0.0,0.0,0.0,12.15,2.69,0.0
20141025:0110,0.0,0.0,0.0,11.09,2.69,0.0
20141025:0210,0.0,0.0,0.0,10.02,2.41,0.0
20141025:0310,0.0,0.0,0.0,9.49,2.34,0.0
20141025:0410,0.0,0.0,0.0,9.49,2.34,0.0
20141025:0510,0.0,0.0,0.0,8.96,2.48,0.0
20141025:0610,0.0,0.0,0.0,8.43,2.55,0.0
20141025:0710,7.4,19.8,3.55,8.43,2.69,0.0
20141025:0810,72.19,100.34,11.57,9.49,2.62,0.0
20141025:0910,51.19,76.02,18.33,10.55,2.69,0.0
20141025:1010,210.87,259.02,23.32,12.15,3.45,0.0
20141025:1110,239.75,292.78,26.05,13.21,4.21,0.0
20141025:1210,199.69,248.15,26.2,14.27,5.17,0.0
20141025:1310,368.64,442.5,23.73,14.8,4.9,0.0
20141025:1410,503.09,605.7,18.96,14.8,4.07,0.0
20141025:1510,143.92,185.72,12.37,14.8,4.14,0.0
20141025:1610,25.87,47.38,4.46,14.27,3.45,0.0
20141025:1710,0.0,0.0,0.0,13.21,3.17,0.0
20141025:1810,0.0,0.0,0.0,12.15,3.24,0.0
20141025:1910,0.0,0.0,0.0,11.09,3.38,0.0
20141025:2010,0.0,0.0,0.0,10.55,3.38,0.0
20141025:2110,0.0,0.0,0.0,10.02,3.38,0.0
20141025:2210,0.0,0.0,0.0,10.02,3.38,0.0
20141025:2310,0.0,0.0,0.0,9.49,3.45,0.0
20141026:0010,0.0,0.0,0.0,9.49,3.59,0.0
20141026:0110,0.0,0.0,0.0,9.49,3.66,0.0
20141026:0210,0.0,0.0,0.0,9.49,3.59,0.0
20141026:0310,0.0,0.0,0.0,9.49,3.52,0.0
20141026:0410,0.0,0.0,0.0,10.02,3.66,0.0
20141026:0510,0.0,0.0,0.0,10.02,3.59,0.0
20141026:0610,0.0,0.0,0.0,10.02,3.59,0.0
20141026:0710,1.55,9.27,3.28,10.55,4.0,0.0
20141026:0810,64.59,91.95,11.28,11.09,4.21,0.0
20141026:0910,14.29,29.67,18.03,12.68,3.79,0.0
20141026:1010,28.09,48.21,23.0,13.74,4.48,0.0
20141026:1110,110.16,146.51,25.71,14.8,6.9,0.0
20141026:1210,66.3,95.49,25.85,15.33,6.69,0.0
20141026:1310,41.08,64.9,23.39,15.33,6.62,0.0
20141026:1410,66.06,95.2,18.64,15.33,5.52,0.0
20141026:1510,34.49,56.55,12.06,14.8,5.17,0.0
20141026:1610,10.08,24.12,4.16,13.74,4.55,0.0
20141026:1710,0.0,0.0,0.0,13.21,3.86,0.0
20141026:1810,0.0,0.0,0.0,12.68,3.66,0.0
20141026:1910,0.0,0.0,0.0,11.61,3.59,0.0
20141026:2010,0.0,0.0,0.0,11.09,3.59,0.0
20141026:2110,0.0,0.0,0.0,10.55,3.52,0.0
20141026:2210,0.0,0.0,0.0,10.02,3.45,0.0
20141026:2310,0.0,0.0,0.0,10.02,3.52,0.0
20141027:0010,0.0,0.0,0.0,10.55,3.52,0.0
20141027:0110,0.0,0.0,0.0,10.55,3.52,0.0
20141027:0210,0.0,0.0,0.0,11.09,3.52,0.0
20141027:0310,0.0,0.0,0.0,11.61,3.59,0.0
20141027:0410,0.0,0.0,0.0,12.15,3.72,0.0
20141027:0510,0.0,0.0,0.0,12.15,3.86,0.0
20141027:0610,0.0,0.0,0.0,12.15,3.93,0.0
20141027:0710,23.05,44.82,3.01,12.68,4.21,0.0
20141027:0810,233.11,287.2,11.0,12.68,4.34,0.0
20141027:0910,307.82,371.42,17.72,14.27,4.41,0.0
20141027:1010,536.11,643.29,22.67,15.33,5.17,0.0
20141027:1110,650.15,788.41,25.37,16.39,5.45,0.0
20141027:1210,653.08,793.93,25.51,16.92,5.52,0.0
20141027:1310,605.28,733.27,23.06,16.92,5.45,0.0
20141027:1410,486.44,588.23,18.32,16.92,5.03,0.0
20141027:1510,260.52,323.54,11.76,16.39,4.21,0.0
20141027:1610,50.84,82.44,3.87,15.33,4.07,0.0
20141027:1710,0.0,0.0,0.0,13.74,3.86,0.0
20141027:1810,0.0,0.0,0.0,12.68,3.59,0.0
20141027:1910,0.0,0.0,0.0,12.15,3.1,0.0
20141027:2010,0.0,0.0,0.0,12.15,2.97,0.0
20141027:2110,0.0,0.0,0.0,11.61,2.9,0.0
20141027:2210,0.0,0.0,0.0,11.61,2.9,0.0
20141027:2310,0.0,0.0,0.0,11.61,2.97,0.0
20141028:0010,0.0,0.0,0.0,11.61,3.1,0.0
20141028:0110,0.0,0.0,0.0,11.61,3.17,0.0
20141028:0210,0.0,0.0,0.0,11.61,3.24,0.0
20141028:0310,0.0,0.0,0.0,11.61,3.24,0.0
20141028:0410,0.0,0.0,0.0,11.61,3.31,0.0
20141028:0510,0.0,0.0,0.0,11.09,3.31,0.0
20141028:0610,0.0,0.0,0.0,11.09,3.38,0.0
20141028:0710,23.31,45.37,2.74,11.61,3.45,0.0
20141028:0810,242.64,298.32,10.71,12.15,3.59,0.0
20141028:0910,423.44,504.96,17.42,13.74,4.83,0.0
20141028:1010,558.88,672.54,22.35,14.8,4.41,0.0
20141028:1110,633.61,769.05,25.04,15.86,4.76,0.0
20141028:1210,636.39,773.96,25.17,16.39,4.9,0.0
20141028:1310,592.7,720.32,22.73,16.92,4.83,0.0
20141028:1410,477.62,576.85,18.0,16.39,4.76,0.0
20141028:1510,257.64,319.54,11.46,15.86,4.14,0.0
20141028:1610,48.21,79.1,3.59,14.8,3.93,0.0
20141028:1710,0.0,0.0,0.0,13.74,3.66,0.0
20141028:1810,0.0,0.0,0.0,12.68,3.59,0.0
20141028:1910,0.0,0.0,0.0,13.21,4.07,0.0
20141028:2010,0.0,0.0,0.0,13.21,4.14,0.0
20141028:2110,0.0,0.0,0.0,13.21,3.79,0.0
20141028:2210,0.0,0.0,0.0,13.74,3.72,0.0
20141028:2310,0.0,0.0,0.0,14.27,3.45,0.0
20141029:0010,0.0,0.0,0.0,14.8,3.38,0.0
20141029:0110,0.0,0.0,0.0,14.8,3.38,0.0
20141029:0210,0.0,0.0,0.0,14.8,3.24,0.0
20141029:0310,0.0,0.0,0.0,14.8,2.83,0.0
20141029:0410,0.0,0.0,0.0,14.8,2.14,0.0
20141029:0510,0.0,0.0,0.0,14.27,2.0,0.0
20141029:0610,0.0,0.0,0.0,13.74,1.72,0.0
20141029:0710,14.61,32.67,2.47,13.21,1.93,0.0
20141029:0810,44.77,69.05,10.43,13.21,2.14,0.0
20141029:0910,50.49,76.02,17.11,13.21,2.07,0.0
20141029:1010,13.62,28.74,22.03,12.68,2.0,0.0
20141029:1110,41.51,64.9,24.71,12.68,2.21,0.0
20141029:1210,42.27,65.82,24.84,12.68,2.34,0.0
20141029:1310,48.47,73.24,22.4,12.15,2.41,0.0
20141029:1410,16.34,32.45,17.69,12.15,2.76,0.0
20141029:1510,11.72,25.96,11.16,12.15,2.62,0.0
20141029:1610,7.05,19.5,3.31,12.15,2.48,0.0
20141029:1710,0.0,0.0,0.0,12.15,2.62,0.0
20141029:1810,0.0,0.0,0.0,12.15,2.83,0.0
20141029:1910,0.0,0.0,0.0,12.68,2.14,0.0
20141029:2010,0.0,0.0,0.0,13.21,2.0,0.0
20141029:2110,0.0,0.0,0.0,13.21,1.93,0.0
20141029:2210,0.0,0.0,0.0,13.21,2.0,0.0
20141029:2310,0.0,0.0,0.0,13.74,2.0,0.0
20141030:0010,0.0,0.0,0.0,13.74,2.0,0.0
20141030:0110,0.0,0.0,0.0,13.74,2.41,0.0
20141030:0210,0.0,0.0,0.0,13.74,2.97,0.0
20141030:0310,0.0,0.0,0.0,14.27,3.03,0.0
20141030:0410,0.0,0.0,0.0,14.27,3.03,0.0
20141030:0510,0.0,0.0,0.0,14.27,2.97,0.0
20141030:0610,0.0,0.0,0.0,13.74,3.1,0.0
20141030:0710,1.08,8.34,2.21,13.74,2.83,0.0
20141030:0810,152.96,196.94,10.15,14.27,2.9,0.0
20141030:0910,168.15,212.6,16.81,14.8,3.59,0.0
20141030:1010,86.66,119.92,21.71,15.86,4.21,0.0
20141030:1110,194.23,244.27,24.38,16.39,4.41,0.0
20141030:1210,252.11,311.37,24.51,16.92,4.48,0.0
20141030:1310,214.21,268.18,22.08,17.45,4.21,0.0
20141030:1410,211.3,264.8,17.38,17.45,3.79,0.0
20141030:1510,204.13,259.26,10.87,17.45,3.38,0.0
20141030:1610,50.78,84.13,3.04,16.92,2.62,0.0
20141030:1710,0.0,0.0,0.0,15.33,2.62,0.0
20141030:1810,0.0,0.0,0.0,14.27,2.9,0.0
20141030:1910,0.0,0.0,0.0,13.74,2.62,0.0
20141030:2010,0.0,0.0,0.0,13.21,2.76,0.0
20141030:2110,0.0,0.0,0.0,12.68,2.83,0.0
20141030:2210,0.0,0.0,0.0,12.68,2.9,0.0
20141030:2310,0.0,0.0,0.0,13.21,2.97,0.0
20141031:0010,0.0,0.0,0.0,13.21,3.03,0.0
20141031:0110,0.0,0.0,0.0,13.74,3.1,0.0
20141031:0210,0.0,0.0,0.0,13.74,3.17,0.0
20141031:0310,0.0,0.0,0.0,13.74,3.1,0.0
20141031:0410,0.0,0.0,0.0,13.74,3.1,0.0
20141031:0510,0.0,0.0,0.0,13.74,3.1,0.0
20141031:0610,0.0,0.0,0.0,13.74,3.17,0.0
20141031:0710,0.0,0.0,0.0,13.74,3.17,0.0
20141031:0810,61.61,89.73,9.87,14.27,3.24,0.0
20141031:0910,177.16,223.54,16.52,15.33,3.24,0.0
20141031:1010,347.96,424.64,21.4,16.92,3.45,0.0
20141031:1110,559.54,689.07,24.05,18.51,3.86,0.0
20141031:1210,570.61,705.93,24.18,19.57,4.07,0.0
20141031:1310,541.31,669.32,21.76,20.1,4.14,0.0
20141031:1410,407.29,502.92,17.08,20.1,3.86,0.0
20141031:1510,203.89,260.35,10.59,19.04,4.21,0.0
20141031:1610,38.6,67.89,2.77,17.98,4.07,0.0
20141031:1710,0.0,0.0,0.0,16.92,3.93,0.0
20141031:1810,0.0,0.0,0.0,15.86,3.79,0.0
20141031:1910,0.0,0.0,0.0,15.86,4.07,0.0
20141031:2010,0.0,0.0,0.0,15.86,4.14,0.0
20141031:2110,0.0,0.0,0.0,15.33,4.21,0.0
20141031:2210,0.0,0.0,0.0,15.33,4.21,0.0
20141031:2310,0.0,0.0,0.0,15.33,4.14,0.0
20141101:0010,0.0,0.0,0.0,14.8,4.21,0.0
20141101:0110,0.0,0.0,0.0,14.8,4.34,0.0
20141101:0210,0.0,0.0,0.0,14.8,4.55,0.0
20141101:0310,0.0,0.0,0.0,15.33,4.69,0.0
20141101:0410,0.0,0.0,0.0,15.86,4.76,0.0
20141101:0510,0.0,0.0,0.0,15.86,4.62,0.0
20141101:0610,0.0,0.0,0.0,15.86,4.34,0.0
20141101:0710,0.0,0.0,0.0,15.33,3.79,0.0
20141101:0810,41.96,66.1,9.59,15.33,3.38,0.0
20141101:0910,25.0,44.5,16.22,15.33,3.31,0.0
20141101:1010,38.78,62.12,21.09,15.33,3.45,0.0
20141101:1110,297.76,362.57,23.73,15.33,3.72,0.0
20141101:1210,620.77,756.64,23.86,15.86,4.07,0.0
20141101:1310,394.52,476.43,21.45,16.39,4.69,0.0
20141101:1410,355.16,429.81,16.78,16.39,4.9,0.0
20141101:1510,135.78,176.8,10.31,15.33,4.9,0.0
20141101:1610,20.9,41.89,2.5,14.27,4.62,0.0
20141101:1710,0.0,0.0,0.0,13.21,4.62,0.0
20141101:1810,0.0,0.0,0.0,12.68,4.76,0.0
20141101:1910,0.0,0.0,0.0,12.68,5.17,0.0
20141101:2010,0.0,0.0,0.0,12.68,5.45,0.0
20141101:2110,0.0,0.0,0.0,13.21,5.72,0.0
20141101:2210,0.0,0.0,0.0,13.21,6.14,0.0
20141101:2310,0.0,0.0,0.0,13.21,6.48,0.0
20141102:0010,0.0,0.0,0.0,13.74,6.69,0.0
20141102:0110,0.0,0.0,0.0,14.27,6.62,0.0
20141102:0210,0.0,0.0,0.0,14.27,6.69,0.0
20141102:0310,0.0,0.0,0.0,14.27,6.62,0.0
20141102:0410,0.0,0.0,0.0,13.74,6.48,0.0
20141102:0510,0.0,0.0,0.0,13.74,6.55,0.0
20141102:0610,0.0,0.0,0.0,13.74,6.9,0.0
20141102:0710,0.0,0.0,0.0,13.74,6.9,0.0
20141102:0810,117.7,154.93,9.31,13.74,6.48,0.0
20141102:0910,10.36,24.1,15.92,13.74,7.03,0.0
20141102:1010,12.88,27.81,20.78,14.27,7.31,0.0
20141102:1110,48.12,73.24,23.41,14.27,6.83,0.0
20141102:1210,74.44,104.76,23.54,14.27,5.86,0.0
20141102:1310,82.94,114.73,21.14,14.27,5.17,0.0
20141102:1410,87.39,119.91,16.49,14.8,4.83,0.0
20141102:1510,64.52,93.01,10.03,14.27,4.48,0.0
20141102:1610,2.43,11.13,2.24,13.74,4.34,0.0
20141102:1710,0.0,0.0,0.0,13.21,4.28,0.0
20141102:1810,0.0,0.0,0.0,12.68,4.41,0.0
20141102:1910,0.0,0.0,0.0,11.61,4.28,0.0
20141102:2010,0.0,0.0,0.0,11.61,4.07,0.0
20141102:2110,0.0,0.0,0.0,11.09,4.0,0.0
20141102:2210,0.0,0.0,0.0,10.55,4.0,0.0
20141102:2310,0.0,0.0,0.0,10.02,4.21,0.0
20141103:0010,0.0,0.0,0.0,9.49,4.62,0.0
20141103:0110,0.0,0.0,0.0,9.49,5.03,0.0
20141103:0210,0.0,0.0,0.0,10.02,5.38,0.0
20141103:0310,0.0,0.0,0.0,10.02,5.86,0.0
20141103:0410,0.0,0.0,0.0,10.02,6.14,0.0
20141103:0510,0.0,0.0,0.0,9.49,6.0,0.0
20141103:0610,0.0,0.0,0.0,10.02,4.97,0.0
20141103:0710,0.0,0.0,0.0,9.49,4.55,0.0
20141103:0810,8.72,21.32,9.04,9.49,3.72,0.0
20141103:0910,20.75,38.01,15.63,9.49,3.24,0.0
20141103:1010,41.43,63.97,20.47,9.49,2.48,0.0
20141103:1110,30.15,50.06,23.1,9.49,2.41,0.0
20141103:1210,64.81,91.78,23.23,9.49,2.62,0.0
20141103:1310,58.36,84.37,20.84,10.02,2.9,0.0
20141103:1410,22.82,40.79,16.2,10.02,3.1,0.0
20141103:1510,156.14,196.3,9.76,9.49,2.76,0.0
20141103:1610,0.0,0.0,0.0,8.96,2.69,0.0
20141103:1710,0.0,0.0,0.0,8.43,2.76,0.0
20141103:1810,0.0,0.0,0.0,7.9,2.76,0.0
20141103:1910,0.0,0.0,0.0,6.84,2.62,0.0
20141103:2010,0.0,0.0,0.0,6.31,2.62,0.0
20141103:2110,0.0,0.0,0.0,5.78,2.69,0.0
20141103:2210,0.0,0.0,0.0,5.78,2.76,0.0
20141103:2310,0.0,0.0,0.0,5.78,2.62,0.0
20141104:0010,0.0,0.0,0.0,5.78,2.48,0.0
20141104:0110,0.0,0.0,0.0,5.78,2.41,0.0
20141104:0210,0.0,0.0,0.0,5.78,2.28,0.0
20141104:0310,0.0,0.0,0.0,6.31,2.07,0.0
20141104:0410,0.0,0.0,0.0,5.78,1.86,0.0
20141104:0510,0.0,0.0,0.0,6.31,1.45,0.0
20141104:0610,0.0,0.0,0.0,5.78,1.38,0.0
20141104:0710,0.0,0.0,0.0,4.72,1.72,0.0
20141104:0810,237.22,285.75,8.76,4.72,1.45,0.0
20141104:0910,446.13,526.85,15.34,6.84,1.45,0.0
20141104:1010,577.01,696.48,20.17,8.43,1.1,0.0
20141104:1110,640.5,787.92,22.79,9.49,0.9,0.0
20141104:1210,671.8,834.33,22.92,10.02,0.83,0.0
20141104:1310,582.07,710.14,20.54,10.55,1.17,0.0
20141104:1410,491.81,593.35,15.92,10.55,1.38,0.0
20141104:1510,55.47,81.32,9.5,10.55,0.41,0.0
20141104:1610,0.0,0.0,0.0,10.02,0.62,0.0
20141104:1710,0.0,0.0,0.0,8.96,1.59,0.0
20141104:1810,0.0,0.0,0.0,7.9,1.59,0.0
20141104:1910,0.0,0.0,0.0,7.37,1.72,0.0
20141104:2010,0.0,0.0,0.0,7.37,2.07,0.0
20141104:2110,0.0,0.0,0.0,7.37,2.41,0.0
20141104:2210,0.0,0.0,0.0,6.84,2.62,0.0
20141104:2310,0.0,0.0,0.0,6.31,2.76,0.0
20141105:0010,0.0,0.0,0.0,5.78,2.83,0.0
20141105:0110,0.0,0.0,0.0,5.78,2.83,0.0
20141105:0210,0.0,0.0,0.0,5.25,2.83,0.0
20141105:0310,0.0,0.0,0.0,5.25,2.97,0.0
20141105:0410,0.0,0.0,0.0,5.25,3.1,0.0
20141105:0510,0.0,0.0,0.0,5.25,3.03,0.0
20141105:0610,0.0,0.0,0.0,4.72,2.97,0.0
20141105:0710,0.0,0.0,0.0,4.19,2.97,0.0
20141105:0810,13.55,27.81,8.49,4.72,2.97,0.0
20141105:0910,189.15,227.57,15.06,5.78,3.24,0.0
20141105:1010,504.24,585.31,19.87,7.37,4.0,0.0
20141105:1110,122.27,156.62,22.48,8.96,4.69,0.0
20141105:1210,44.57,67.68,22.61,9.49,4.55,0.0
20141105:1310,45.33,68.61,20.24,9.49,4.21,0.0
20141105:1410,75.85,104.44,15.64,10.02,4.07,0.0
20141105:1510,74.52,102.92,9.23,9.49,4.07,0.0
20141105:1610,0.0,0.0,0.0,8.96,3.66,0.0
20141105:1710,0.0,0.0,0.0,8.43,3.31,0.0
20141105:1810,0.0,0.0,0.0,7.9,3.31,0.0
20141105:1910,0.0,0.0,0.0,7.37,3.45,0.0
20141105:2010,0.0,0.0,0.0,6.31,2.9,0.0
20141105:2110,0.0,0.0,0.0,5.78,2.62,0.0
20141105:2210,0.0,0.0,0.0,4.72,2.41,0.0
20141105:2310,0.0,0.0,0.0,3.66,2.28,0.0
20141106:0010,0.0,0.0,0.0,2.6,2.21,0.0
20141106:0110,0.0,0.0,0.0,2.07,1.93,0.0
20141106:0210,0.0,0.0,0.0,1.01,1.93,0.0
20141106:0310,0.0,0.0,0.0,1.01,1.66,0.0
20141106:0410,0.0,0.0,0.0,1.01,1.52,0.0
20141106:0510,0.0,0.0,0.0,0.48,1.52,0.0
20141106:0610,0.0,0.0,0.0,-0.04,1.79,0.0
20141106:0710,0.0,0.0,0.0,-0.04,1.66,0.0
20141106:0810,194.08,233.33,8.22,1.54,1.72,0.0
20141106:0910,343.21,397.54,14.77,3.66,2.0,0.0
20141106:1010,565.84,665.13,19.57,6.84,2.48,0.0
20141106:1110,610.91,725.41,22.18,9.49,3.24,0.0
20141106:1210,331.28,392.34,22.31,10.55,3.93,0.0
20141106:1310,182.19,225.04,19.95,11.61,4.69,0.0
20141106:1410,262.68,314.83,15.37,11.61,5.1,0.0
20141106:1510,53.4,78.68,8.98,11.09,5.17,0.0
20141106:1610,0.0,0.0,0.0,11.09,5.24,0.0
20141106:1710,0.0,0.0,0.0,10.55,5.52,0.0
20141106:1810,0.0,0.0,0.0,10.55,5.93,0.0
20141106:1910,0.0,0.0,0.0,10.55,6.0,0.0
20141106:2010,0.0,0.0,0.0,10.55,6.21,0.0
20141106:2110,0.0,0.0,0.0,10.55,6.28,0.0
20141106:2210,0.0,0.0,0.0,10.55,6.48,0.0
20141106:2310,0.0,0.0,0.0,10.55,6.76,0.0
20141107:0010,0.0,0.0,0.0,10.02,6.9,0.0
20141107:0110,0.0,0.0,0.0,10.55,6.97,0.0
20141107:0210,0.0,0.0,0.0,11.61,7.1,0.0
20141107:0310,0.0,0.0,0.0,12.15,7.03,0.0
20141107:0410,0.0,0.0,0.0,12.15,7.03,0.0
20141107:0510,0.0,0.0,0.0,11.61,7.31,0.0
20141107:0610,0.0,0.0,0.0,11.61,7.38,0.0
20141107:0710,0.0,0.0,0.0,12.15,6.07,0.0
20141107:0810,52.58,78.17,7.95,12.15,5.93,0.0
20141107:0910,84.23,114.46,14.49,11.61,6.41,0.0
20141107:1010,61.22,88.08,19.28,11.61,6.76,0.0
20141107:1110,405.8,474.62,21.88,11.61,7.38,0.0
20141107:1210,615.57,718.18,22.01,11.61,7.93,0.0
20141107:1310,100.69,133.34,19.67,11.61,8.07,0.0
20141107:1410,257.47,306.66,15.1,11.09,7.72,0.0
20141107:1510,162.47,203.4,8.73,10.55,6.41,0.0
20141107:1610,0.0,0.0,0.0,9.49,4.55,0.0
20141107:1710,0.0,0.0,0.0,8.96,3.72,0.0
20141107:1810,0.0,0.0,0.0,8.96,3.93,0.0
20141107:1910,0.0,0.0,0.0,8.96,3.79,0.0
20141107:2010,0.0,0.0,0.0,8.43,3.66,0.0
20141107:2110,0.0,0.0,0.0,8.43,3.72,0.0
20141107:2210,0.0,0.0,0.0,8.43,4.07,0.0
20141107:2310,0.0,0.0,0.0,8.43,4.28,0.0
20141108:0010,0.0,0.0,0.0,7.9,4.34,0.0
20141108:0110,0.0,0.0,0.0,7.9,4.21,0.0
20141108:0210,0.0,0.0,0.0,7.9,3.93,0.0
20141108:0310,0.0,0.0,0.0,7.9,3.72,0.0
20141108:0410,0.0,0.0,0.0,7.37,3.52,0.0
20141108:0510,0.0,0.0,0.0,7.37,3.31,0.0
20141108:0610,0.0,0.0,0.0,7.37,3.17,0.0
20141108:0710,0.0,0.0,0.0,8.96,3.93,0.0
20141108:0810,28.64,48.17,7.69,9.49,4.9,0.0
20141108:0910,96.0,127.32,14.21,10.55,5.79,0.0
20141108:1010,99.47,131.79,18.99,11.09,6.62,0.0
20141108:1110,187.17,230.53,21.58,12.15,7.03,0.0
20141108:1210,120.81,157.02,21.72,12.68,6.55,0.0
20141108:1310,31.19,51.92,19.39,12.68,7.24,0.0
20141108:1410,11.66,25.96,14.84,13.21,7.31,0.0
20141108:1510,5.64,16.69,8.49,12.15,7.45,0.0
20141108:1610,0.0,0.0,0.0,12.15,6.83,0.0
20141108:1710,0.0,0.0,0.0,11.61,6.28,0.0
20141108:1810,0.0,0.0,0.0,11.09,5.66,0.0
20141108:1910,0.0,0.0,0.0,10.55,3.86,0.0
20141108:2010,0.0,0.0,0.0,10.55,3.17,0.0
20141108:2110,0.0,0.0,0.0,10.55,2.83,0.0
20141108:2210,0.0,0.0,0.0,10.02,2.14,0.0
20141108:2310,0.0,0.0,0.0,9.49,1.72,0.0
20141109:0010,0.0,0.0,0.0,9.49,1.38,0.0
20141109:0110,0.0,0.0,0.0,8.96,1.17,0.0
20141109:0210,0.0,0.0,0.0,8.43,1.24,0.0
20141109:0310,0.0,0.0,0.0,7.9,1.31,0.0
20141109:0410,0.0,0.0,0.0,6.84,1.66,0.0
20141109:0510,0.0,0.0,0.0,6.84,1.59,0.0
20141109:0610,0.0,0.0,0.0,6.31,1.59,0.0
20141109:0710,0.0,0.0,0.0,6.84,1.45,0.0
20141109:0810,65.07,91.55,7.42,6.84,1.24,0.0
20141109:0910,136.87,172.12,13.94,7.37,1.24,0.0
20141109:1010,174.84,216.15,18.7,8.96,1.24,0.0
20141109:1110,161.02,201.17,21.29,9.49,1.66,0.0
20141109:1210,647.97,789.04,21.44,11.09,2.07,0.0
20141109:1310,559.02,670.12,19.12,11.61,2.83,0.0
20141109:1410,442.14,527.23,14.58,11.61,2.97,0.0
20141109:1510,223.6,276.86,8.25,11.61,2.48,0.0
20141109:1610,0.0,0.0,0.0,10.02,2.28,0.0
20141109:1710,0.0,0.0,0.0,9.49,2.41,0.0
20141109:1810,0.0,0.0,0.0,8.96,2.48,0.0
20141109:1910,0.0,0.0,0.0,7.9,2.48,0.0
20141109:2010,0.0,0.0,0.0,7.37,2.55,0.0
20141109:2110,0.0,0.0,0.0,6.84,2.62,0.0
20141109:2210,0.0,0.0,0.0,6.84,2.62,0.0
20141109:2310,0.0,0.0,0.0,6.84,2.55,0.0
20141110:0010,0.0,0.0,0.0,6.84,2.62,0.0
20141110:0110,0.0,0.0,0.0,6.84,2.76,0.0
20141110:0210,0.0,0.0,0.0,6.84,2.9,0.0
20141110:0310,0.0,0.0,0.0,7.37,2.97,0.0
20141110:0410,0.0,0.0,0.0,7.37,3.03,0.0
20141110:0510,0.0,0.0,0.0,7.37,3.03,0.0
20141110:0610,0.0,0.0,0.0,7.9,3.03,0.0
20141110:0710,0.0,0.0,0.0,7.9,3.1,0.0
20141110:0810,237.59,289.39,7.16,7.9,3.17,0.0
20141110:0910,315.05,373.72,13.66,9.49,2.97,0.0
20141110:1010,544.23,637.56,18.42,10.02,4.76,0.0
20141110:1110,622.19,734.66,21.01,11.09,5.03,0.0
20141110:1210,39.56,62.12,21.16,11.61,5.31,0.0
20141110:1310,56.61,82.51,18.85,11.09,5.03,0.0
20141110:1410,110.65,144.48,14.33,11.61,4.97,0.0
20141110:1510,148.79,189.04,8.01,11.09,4.41,0.0
20141110:1610,0.0,0.0,0.0,10.55,3.93,0.0
20141110:1710,0.0,0.0,0.0,10.02,3.72,0.0
20141110:1810,0.0,0.0,0.0,10.02,3.86,0.0
20141110:1910,0.0,0.0,0.0,10.55,4.9,0.0
20141110:2010,0.0,0.0,0.0,10.02,5.17,0.0
20141110:2110,0.0,0.0,0.0,10.02,5.45,0.0
20141110:2210,0.0,0.0,0.0,10.02,5.86,0.0
20141110:2310,0.0,0.0,0.0,10.55,5.86,0.0
20141111:0010,0.0,0.0,0.0,10.55,5.66,0.0
20141111:0110,0.0,0.0,0.0,10.02,5.45,0.0
20141111:0210,0.0,0.0,0.0,10.02,5.17,0.0
20141111:0310,0.0,0.0,0.0,9.49,4.97,0.0
20141111:0410,0.0,0.0,0.0,9.49,4.83,0.0
20141111:0510,0.0,0.0,0.0,9.49,4.76,0.0
20141111:0610,0.0,0.0,0.0,9.49,4.62,0.0
20141111:0710,0.0,0.0,0.0,9.49,4.97,0.0
20141111:0810,21.36,38.83,6.9,9.49,5.1,0.0
20141111:0910,47.17,70.87,13.39,10.02,4.9,0.0
20141111:1010,59.93,86.22,18.14,10.55,5.86,0.0
20141111:1110,147.5,186.09,20.72,11.61,6.0,0.0
20141111:1210,335.64,397.15,20.88,12.15,6.07,0.0
20141111:1310,71.18,100.16,18.58,12.68,6.07,0.0
20141111:1410,29.05,49.14,14.08,12.15,4.69,0.0
20141111:1510,29.91,50.24,7.79,12.15,4.62,0.0
20141111:1610,0.0,0.0,0.0,11.61,4.55,0.0
20141111:1710,0.0,0.0,0.0,11.61,4.55,0.0
20141111:1810,0.0,0.0,0.0,11.09,4.48,0.0
20141111:1910,0.0,0.0,0.0,11.61,4.69,0.0
20141111:2010,0.0,0.0,0.0,11.09,4.9,0.0
20141111:2110,0.0,0.0,0.0,11.09,5.17,0.0
20141111:2210,0.0,0.0,0.0,11.09,5.31,0.0
20141111:2310,0.0,0.0,0.0,11.09,5.17,0.0
20141112:0010,0.0,0.0,0.0,11.09,4.83,0.0
20141112:0110,0.0,0.0,0.0,11.09,4.69,0.0
20141112:0210,0.0,0.0,0.0,11.09,4.62,0.0
20141112:0310,0.0,0.0,0.0,11.09,4.62,0.0
20141112:0410,0.0,0.0,0.0,10.55,4.55,0.0
20141112:0510,0.0,0.0,0.0,10.55,4.41,0.0
20141112:0610,0.0,0.0,0.0,10.55,4.34,0.0
20141112:0710,0.0,0.0,0.0,10.02,5.17,0.0
20141112:0810,21.44,39.01,6.65,10.02,4.97,0.0
20141112:0910,192.22,234.23,13.13,10.02,4.83,0.0
20141112:1010,115.28,149.39,17.86,10.55,4.41,0.0
20141112:1110,40.4,63.04,20.45,11.09,4.48,0.0
20141112:1210,498.12,586.4,20.61,11.61,5.03,0.0
20141112:1310,566.5,668.27,18.33,11.61,5.03,0.0
20141112:1410,420.72,499.5,13.84,12.15,4.14,0.0
20141112:1510,210.94,261.18,7.56,11.61,4.07,0.0
20141112:1610,0.0,0.0,0.0,11.09,4.0,0.0
20141112:1710,0.0,0.0,0.0,10.02,3.66,0.0
20141112:1810,0.0,0.0,0.0,9.49,3.45,0.0
20141112:1910,0.0,0.0,0.0,10.02,3.59,0.0
20141112:2010,0.0,0.0,0.0,9.49,3.52,0.0
20141112:2110,0.0,0.0,0.0,9.49,3.52,0.0
20141112:2210,0.0,0.0,0.0,9.49,3.52,0.0
20141112:2310,0.0,0.0,0.0,9.49,3.45,0.0
20141113:0010,0.0,0.0,0.0,9.49,3.45,0.0
20141113:0110,0.0,0.0,0.0,9.49,3.38,0.0
20141113:0210,0.0,0.0,0.0,9.49,3.31,0.0
20141113:0310,0.0,0.0,0.0,9.49,3.17,0.0
20141113:0410,0.0,0.0,0.0,9.49,3.24,0.0
20141113:0510,0.0,0.0,0.0,9.49,3.52,0.0
20141113:0610,0.0,0.0,0.0,9.49,3.66,0.0
20141113:0710,0.0,0.0,0.0,9.49,3.79,0.0
20141113:0810,30.0,49.98,6.4,9.49,4.14,0.0
20141113:0910,30.76,50.99,12.86,10.55,4.69,0.0
20141113:1010,37.41,59.33,17.59,11.09,6.14,0.0
20141113:1110,27.03,46.36,20.18,11.09,5.38,0.0
20141113:1210,76.4,105.65,20.34,11.09,5.1,0.0
20141113:1310,180.34,221.54,18.07,11.09,6.62,0.0
20141113:1410,100.81,133.13,13.61,11.61,6.55,0.0
20141113:1510,12.38,26.89,7.35,12.15,6.28,0.0
20141113:1610,0.0,0.0,0.0,11.61,5.93,0.0
20141113:1710,0.0,0.0,0.0,12.15,5.59,0.0
20141113:1810,0.0,0.0,0.0,12.15,5.17,0.0
20141113:1910,0.0,0.0,0.0,12.15,4.83,0.0
20141113:2010,0.0,0.0,0.0,12.68,5.03,0.0
20141113:2110,0.0,0.0,0.0,12.68,5.03,0.0
20141113:2210,0.0,0.0,0.0,12.68,5.1,0.0
20141113:2310,0.0,0.0,0.0,12.68,5.24,0.0
20141114:0010,0.0,0.0,0.0,12.15,5.38,0.0
20141114:0110,0.0,0.0,0.0,12.15,5.45,0.0
20141114:0210,0.0,0.0,0.0,11.61,5.79,0.0
20141114:0310,0.0,0.0,0.0,11.61,6.21,0.0
20141114:0410,0.0,0.0,0.0,11.09,6.14,0.0
20141114:0510,0.0,0.0,0.0,11.09,6.07,0.0
20141114:0610,0.0,0.0,0.0,11.09,5.93,0.0
20141114:0710,0.0,0.0,0.0,11.09,5.66,0.0
20141114:0810,3.49,12.98,6.15,11.09,5.31,0.0
20141114:0910,15.76,31.52,12.6,11.09,4.28,0.0
20141114:1010,45.59,69.53,17.33,11.61,3.45,0.0
20141114:1110,210.83,258.53,19.91,12.15,3.1,0.0
20141114:1210,153.56,194.27,20.08,12.15,2.62,0.0
20141114:1310,50.64,76.02,17.83,12.68,2.34,0.0
20141114:1410,406.57,489.75,13.38,12.68,2.21,0.0
20141114:1510,248.93,308.96,7.14,12.15,1.72,0.0
20141114:1610,0.0,0.0,0.0,11.09,1.79,0.0
20141114:1710,0.0,0.0,0.0,10.02,1.93,0.0
20141114:1810,0.0,0.0,0.0,8.96,2.0,0.0
20141114:1910,0.0,0.0,0.0,7.9,2.21,0.0
20141114:2010,0.0,0.0,0.0,6.84,2.14,0.0
20141114:2110,0.0,0.0,0.0,6.31,2.21,0.0
20141114:2210,0.0,0.0,0.0,5.78,2.41,0.0
20141114:2310,0.0,0.0,0.0,5.78,2.41,0.0
20141115:0010,0.0,0.0,0.0,6.31,2.28,0.0
20141115:0110,0.0,0.0,0.0,6.31,2.28,0.0
20141115:0210,0.0,0.0,0.0,5.78,2.34,0.0
20141115:0310,0.0,0.0,0.0,6.31,2.41,0.0
20141115:0410,0.0,0.0,0.0,6.84,2.21,0.0
20141115:0510,0.0,0.0,0.0,6.84,2.0,0.0
20141115:0610,0.0,0.0,0.0,6.84,1.86,0.0
20141115:0710,0.0,0.0,0.0,6.31,2.07,0.0
20141115:0810,39.97,61.99,5.9,7.37,2.0,0.0
20141115:0910,44.51,67.39,12.35,8.43,1.79,0.0
20141115:1010,192.74,235.99,17.07,9.49,1.79,0.0
20141115:1110,292.32,350.21,19.65,10.55,2.14,0.0
20141115:1210,136.11,174.34,19.83,11.61,2.21,0.0
20141115:1310,64.87,92.85,17.59,12.15,1.86,0.0
20141115:1410,63.85,91.41,13.16,12.15,1.93,0.0
20141115:1510,91.67,123.84,6.94,10.55,2.0,0.0
20141115:1610,0.0,0.0,0.0,10.02,1.86,0.0
20141115:1710,0.0,0.0,0.0,9.49,2.07,0.0
20141115:1810,0.0,0.0,0.0,8.96,2.07,0.0
20141115:1910,0.0,0.0,0.0,9.49,2.0,0.0
20141115:2010,0.0,0.0,0.0,9.49,1.66,0.0
20141115:2110,0.0,0.0,0.0,9.49,1.59,0.0
20141115:2210,0.0,0.0,0.0,8.96,1.59,0.0
20141115:2310,0.0,0.0,0.0,8.96,1.86,0.0
20141116:0010,0.0,0.0,0.0,8.96,2.21,0.0
20141116:0110,0.0,0.0,0.0,8.96,2.34,0.0
20141116:0210,0.0,0.0,0.0,8.96,2.34,0.0
20141116:0310,0.0,0.0,0.0,8.96,2.41,0.0
20141116:0410,0.0,0.0,0.0,8.96,2.34,0.0
20141116:0510,0.0,0.0,0.0,8.43,2.34,0.0
20141116:0610,0.0,0.0,0.0,7.9,2.21,0.0
20141116:0710,0.0,0.0,0.0,7.9,2.07,0.0
20141116:0810,43.55,66.39,5.66,7.37,2.21,0.0
20141116:0910,70.38,97.51,12.1,8.43,2.0,0.0
20141116:1010,142.69,179.55,16.81,9.49,2.69,0.0
20141116:1110,137.88,175.04,19.39,10.02,2.28,0.0
20141116:1210,156.69,196.54,19.58,10.55,2.34,0.0
20141116:1310,61.53,88.23,17.35,10.55,2.55,0.0
20141116:1410,60.0,86.31,12.94,10.55,2.28,0.0
20141116:1510,40.89,63.54,6.74,10.02,2.34,0.0
20141116:1610,0.0,0.0,0.0,9.49,2.28,0.0
20141116:1710,0.0,0.0,0.0,9.49,2.41,0.0
20141116:1810,0.0,0.0,0.0,8.96,2.48,0.0
20141116:1910,0.0,0.0,0.0,8.96,2.28,0.0
20141116:2010,0.0,0.0,0.0,8.96,2.28,0.0
20141116:2110,0.0,0.0,0.0,8.96,2.34,0.0
20141116:2210,0.0,0.0,0.0,8.43,2.48,0.0
20141116:2310,0.0,0.0,0.0,7.9,2.69,0.0
20141117:0010,0.0,0.0,0.0,7.9,2.69,0.0
20141117:0110,0.0,0.0,0.0,7.37,2.62,0.0
20141117:0210,0.0,0.0,0.0,7.37,2.62,0.0
20141117:0310,0.0,0.0,0.0,7.37,2.83,0.0
20141117:0410,0.0,0.0,0.0,7.37,2.97,0.0
20141117:0510,0.0,0.0,0.0,7.9,2.83,0.0
20141117:0610,0.0,0.0,0.0,7.9,2.48,0.0
20141117:0710,0.0,0.0,0.0,7.9,2.14,0.0
20141117:0810,16.51,32.26,5.42,7.9,1.79,0.0
20141117:0910,41.62,63.78,11.85,7.9,1.59,0.0
20141117:1010,124.41,158.47,16.55,8.43,2.55,0.0
20141117:1110,362.07,425.44,19.14,8.96,3.17,0.0
20141117:1210,127.43,162.48,19.33,9.49,3.93,0.0
20141117:1310,95.83,126.99,17.12,9.49,3.72,0.0
20141117:1410,326.82,385.9,12.73,9.49,3.59,0.0
20141117:1510,80.14,109.79,6.55,9.49,3.24,0.0
20141117:1610,0.0,0.0,0.0,8.96,3.17,0.0
20141117:1710,0.0,0.0,0.0,8.43,2.97,0.0
20141117:1810,0.0,0.0,0.0,8.43,2.9,0.0
20141117:1910,0.0,0.0,0.0,8.43,2.69,0.0
20141117:2010,0.0,0.0,0.0,7.9,2.62,0.0
20141117:2110,0.0,0.0,0.0,7.9,2.69,0.0
20141117:2210,0.0,0.0,0.0,7.37,2.69,0.0
20141117:2310,0.0,0.0,0.0,7.37,2.62,0.0
20141118:0010,0.0,0.0,0.0,6.84,2.62,0.0
20141118:0110,0.0,0.0,0.0,6.84,2.62,0.0
20141118:0210,0.0,0.0,0.0,6.84,2.55,0.0
20141118:0310,0.0,0.0,0.0,6.31,2.55,0.0
20141118:0410,0.0,0.0,0.0,6.31,2.55,0.0
20141118:0510,0.0,0.0,0.0,6.84,2.62,0.0
20141118:0610,0.0,0.0,0.0,6.31,2.62,0.0
20141118:0710,0.0,0.0,0.0,6.84,2.69,0.0
20141118:0810,26.05,44.66,5.18,6.84,2.62,0.0
20141118:0910,13.32,27.81,11.6,7.9,2.28,0.0
20141118:1010,402.43,475.97,16.31,9.49,2.28,0.0
20141118:1110,550.3,655.95,18.89,10.55,2.76,0.0
20141118:1210,534.45,636.52,19.09,11.09,3.03,0.0
20141118:1310,296.21,354.03,16.9,11.09,2.83,0.0
20141118:1410,40.93,63.68,12.53,11.09,2.69,0.0
20141118:1510,25.62,44.57,6.36,10.55,2.0,0.0
20141118:1610,0.0,0.0,0.0,9.49,2.34,0.0
20141118:1710,0.0,0.0,0.0,8.96,2.48,0.0
20141118:1810,0.0,0.0,0.0,8.43,2.48,0.0
20141118:1910,0.0,0.0,0.0,7.9,2.62,0.0
20141118:2010,0.0,0.0,0.0,7.9,2.55,0.0
20141118:2110,0.0,0.0,0.0,7.9,2.34,0.0
20141118:2210,0.0,0.0,0.0,7.9,2.34,0.0
20141118:2310,0.0,0.0,0.0,7.9,2.28,0.0
20141119:0010,0.0,0.0,0.0,8.43,2.21,0.0
20141119:0110,0.0,0.0,0.0,8.43,2.14,0.0
20141119:0210,0.0,0.0,0.0,8.43,1.93,0.0
20141119:0310,0.0,0.0,0.0,7.9,1.86,0.0
20141119:0410,0.0,0.0,0.0,7.37,1.93,0.0
20141119:0510,0.0,0.0,0.0,7.37,1.72,0.0
20141119:0610,0.0,0.0,0.0,7.37,1.79,0.0
20141119:0710,0.0,0.0,0.0,6.84,1.93,0.0
20141119:0810,1.61,9.27,4.95,5.78,2.0,0.0
20141119:0910,100.78,131.43,11.36,7.37,1.66,0.0
20141119:1010,32.36,52.85,16.06,9.49,1.86,0.0
20141119:1110,327.05,388.14,18.65,10.02,2.62,0.0
20141119:1210,440.48,520.99,18.86,10.02,2.69,0.0
20141119:1310,533.17,636.32,16.68,10.55,2.48,0.0
20141119:1410,327.14,389.94,12.33,10.55,2.62,0.0
20141119:1510,116.8,152.64,6.18,10.02,2.34,0.0
20141119:1610,0.0,0.0,0.0,9.49,2.34,0.0
20141119:1710,0.0,0.0,0.0,8.96,2.14,0.0
20141119:1810,0.0,0.0,0.0,7.9,2.28,0.0
20141119:1910,0.0,0.0,0.0,7.9,2.48,0.0
20141119:2010,0.0,0.0,0.0,7.9,2.48,0.0
20141119:2110,0.0,0.0,0.0,7.37,2.41,0.0
20141119:2210,0.0,0.0,0.0,7.9,2.21,0.0
20141119:2310,0.0,0.0,0.0,7.9,2.07,0.0
20141120:0010,0.0,0.0,0.0,7.9,2.07,0.0
20141120:0110,0.0,0.0,0.0,7.37,1.93,0.0
20141120:0210,0.0,0.0,0.0,7.37,1.93,0.0
20141120:0310,0.0,0.0,0.0,7.9,2.0,0.0
20141120:0410,0.0,0.0,0.0,7.9,2.07,0.0
20141120:0510,0.0,0.0,0.0,7.9,2.21,0.0
20141120:0610,0.0,0.0,0.0,7.37,2.28,0.0
20141120:0710,0.0,0.0,0.0,6.84,2.07,0.0
20141120:0810,24.83,43.1,4.72,6.31,2.07,0.0
20141120:0910,126.31,159.9,11.13,7.37,1.79,0.0
20141120:1010,205.99,249.91,15.82,8.96,2.0,0.0
20141120:1110,318.88,377.48,18.41,10.02,3.31,0.0
20141120:1210,307.11,363.98,18.64,10.02,3.38,0.0
20141120:1310,483.53,571.45,16.47,10.02,2.97,0.0
20141120:1410,329.76,391.88,12.14,10.02,2.69,0.0
20141120:1510,144.84,185.03,6.01,10.02,2.21,0.0
20141120:1610,0.0,0.0,0.0,9.49,2.28,0.0
20141120:1710,0.0,0.0,0.0,8.43,2.41,0.0
20141120:1810,0.0,0.0,0.0,7.9,2.48,0.0
20141120:1910,0.0,0.0,0.0,7.9,2.76,0.0
20141120:2010,0.0,0.0,0.0,7.9,2.76,0.0
20141120:2110,0.0,0.0,0.0,8.43,2.69,0.0
20141120:2210,0.0,0.0,0.0,8.43,2.69,0.0
20141120:2310,0.0,0.0,0.0,8.43,2.62,0.0
20141121:0010,0.0,0.0,0.0,8.43,2.69,0.0
20141121:0110,0.0,0.0,0.0,8.43,2.76,0.0
20141121:0210,0.0,0.0,0.0,8.43,2.9,0.0
20141121:0310,0.0,0.0,0.0,7.9,3.03,0.0
20141121:0410,0.0,0.0,0.0,7.9,3.17,0.0
20141121:0510,0.0,0.0,0.0,7.9,3.31,0.0
20141121:0610,0.0,0.0,0.0,7.37,3.38,0.0
20141121:0710,0.0,0.0,0.0,7.37,3.24,0.0
20141121:0810,12.38,26.55,4.49,7.37,3.31,0.0
20141121:0910,94.77,124.51,10.9,7.9,3.93,0.0
20141121:1010,121.36,154.09,15.59,7.9,4.83,0.0
20141121:1110,61.26,87.15,18.18,8.43,4.0,0.0
20141121:1210,176.96,216.88,18.42,8.96,3.59,0.0
20141121:1310,81.17,110.09,16.27,8.96,3.52,0.0
20141121:1410,4.63,14.83,11.95,8.43,3.66,0.0
20141121:1510,29.57,49.2,5.84,8.43,3.31,0.0
20141121:1610,0.0,0.0,0.0,7.9,2.97,0.0
20141121:1710,0.0,0.0,0.0,7.9,2.97,0.0
20141121:1810,0.0,0.0,0.0,7.37,3.17,0.0
20141121:1910,0.0,0.0,0.0,7.37,3.24,0.0
20141121:2010,0.0,0.0,0.0,7.9,3.24,0.0
20141121:2110,0.0,0.0,0.0,7.9,3.24,0.0
20141121:2210,0.0,0.0,0.0,7.9,3.31,0.0
20141121:2310,0.0,0.0,0.0,8.43,3.31,0.0
20141122:0010,0.0,0.0,0.0,8.96,3.1,0.0
20141122:0110,0.0,0.0,0.0,9.49,3.1,0.0
20141122:0210,0.0,0.0,0.0,9.49,3.1,0.0
20141122:0310,0.0,0.0,0.0,9.49,3.24,0.0
20141122:0410,0.0,0.0,0.0,10.02,3.24,0.0
20141122:0510,0.0,0.0,0.0,10.02,3.1,0.0
20141122:0610,0.0,0.0,0.0,10.02,2.76,0.0
20141122:0710,0.0,0.0,0.0,10.02,2.48,0.0
20141122:0810,34.96,56.87,4.27,10.55,2.55,0.0
20141122:0910,17.79,34.3,10.67,11.09,2.48,0.0
20141122:1010,46.19,70.46,15.36,12.15,2.62,0.0
20141122:1110,37.79,60.26,17.96,12.68,3.03,0.0
20141122:1210,49.02,74.17,18.2,13.21,3.24,0.0
20141122:1310,31.77,52.85,16.07,13.21,2.48,0.0
20141122:1410,16.92,33.38,11.77,13.21,2.41,0.0
20141122:1510,10.38,24.1,5.68,13.21,2.34,0.0
20141122:1610,0.0,0.0,0.0,12.68,2.48,0.0
20141122:1710,0.0,0.0,0.0,12.15,2.48,0.0
20141122:1810,0.0,0.0,0.0,12.15,2.34,0.0
20141122:1910,0.0,0.0,0.0,12.15,1.79,0.0
20141122:2010,0.0,0.0,0.0,11.61,1.66,0.0
20141122:2110,0.0,0.0,0.0,11.61,1.45,0.0
20141122:2210,0.0,0.0,0.0,11.61,1.31,0.0
20141122:2310,0.0,0.0,0.0,11.61,1.17,0.0
20141123:0010,0.0,0.0,0.0,11.61,0.9,0.0
20141123:0110,0.0,0.0,0.0,11.61,0.62,0.0
20141123:0210,0.0,0.0,0.0,11.61,0.76,0.0
20141123:0310,0.0,0.0,0.0,11.09,1.38,0.0
20141123:0410,0.0,0.0,0.0,11.09,1.38,0.0
20141123:0510,0.0,0.0,0.0,10.55,1.59,0.0
20141123:0610,0.0,0.0,0.0,10.55,2.55,0.0
20141123:0710,0.0,0.0,0.0,9.49,4.21,0.0
20141123:0810,0.0,3.71,4.05,9.49,3.72,0.0
20141123:0910,3.02,12.05,10.45,8.96,3.86,0.0
20141123:1010,31.0,50.99,15.14,8.96,4.0,0.0
20141123:1110,27.31,46.36,17.74,8.96,4.21,0.0
20141123:1210,18.76,35.23,17.99,8.43,4.07,0.0
20141123:1310,25.26,43.57,15.88,7.9,3.93,0.0
20141123:1410,12.7,26.89,11.6,7.37,3.93,0.0
20141123:1510,1.59,9.27,5.53,7.37,3.38,0.0
20141123:1610,0.0,0.0,0.0,7.37,2.69,0.0
20141123:1710,0.0,0.0,0.0,7.37,2.21,0.0
20141123:1810,0.0,0.0,0.0,6.84,1.93,0.0
20141123:1910,0.0,0.0,0.0,6.84,2.48,0.0
20141123:2010,0.0,0.0,0.0,6.84,2.69,0.0
20141123:2110,0.0,0.0,0.0,6.31,2.62,0.0
20141123:2210,0.0,0.0,0.0,5.78,2.48,0.0
20141123:2310,0.0,0.0,0.0,4.72,2.41,0.0
20141124:0010,0.0,0.0,0.0,3.66,2.34,0.0
20141124:0110,0.0,0.0,0.0,3.13,2.28,0.0
20141124:0210,0.0,0.0,0.0,2.07,2.21,0.0
20141124:0310,0.0,0.0,0.0,1.54,2.28,0.0
20141124:0410,0.0,0.0,0.0,1.01,2.07,0.0
20141124:0510,0.0,0.0,0.0,0.48,1.93,0.0
20141124:0610,0.0,0.0,0.0,-0.04,1.66,0.0
20141124:0710,0.0,0.0,0.0,-0.04,1.45,0.0
20141124:0810,18.89,34.56,3.84,-0.57,1.72,0.0
20141124:0910,213.6,251.11,10.23,1.01,1.1,0.0
20141124:1010,409.86,476.16,14.92,3.66,1.1,0.0
20141124:1110,609.06,725.59,17.53,5.25,1.1,0.0
20141124:1210,493.83,582.41,17.79,6.31,1.31,0.0
20141124:1310,275.49,326.47,15.69,6.84,1.24,0.0
20141124:1410,321.51,381.22,11.43,7.37,1.17,0.0
20141124:1510,170.37,212.82,5.38,6.84,0.83,0.0
20141124:1610,0.0,0.0,0.0,5.78,1.17,0.0
20141124:1710,0.0,0.0,0.0,3.66,1.59,0.0
20141124:1810,0.0,0.0,0.0,2.6,1.66,0.0
20141124:1910,0.0,0.0,0.0,2.07,1.59,0.0
20141124:2010,0.0,0.0,0.0,2.07,1.38,0.0
20141124:2110,0.0,0.0,0.0,2.07,1.38,0.0
20141124:2210,0.0,0.0,0.0,0.48,1.66,0.0
20141124:2310,0.0,0.0,0.0,-0.04,1.38,0.0
20141125:0010,0.0,0.0,0.0,0.48,1.59,0.0
20141125:0110,0.0,0.0,0.0,1.01,1.72,0.0
20141125:0210,0.0,0.0,0.0,1.54,1.72,0.0
20141125:0310,0.0,0.0,0.0,1.54,1.93,0.0
20141125:0410,0.0,0.0,0.0,2.07,1.86,0.0
20141125:0510,0.0,0.0,0.0,2.6,1.93,0.0
20141125:0610,0.0,0.0,0.0,2.6,2.0,0.0
20141125:0710,0.0,0.0,0.0,3.66,2.55,0.0
20141125:0810,36.56,57.63,3.63,4.19,2.62,0.0
20141125:0910,4.74,14.83,10.02,4.72,2.69,0.0
20141125:1010,80.51,107.91,14.71,5.78,2.83,0.0
20141125:1110,97.26,127.55,17.32,7.37,3.17,0.0
20141125:1210,109.34,141.37,17.6,7.9,3.1,0.0
20141125:1310,7.54,19.47,15.51,8.43,3.31,0.0
20141125:1410,5.19,15.76,11.27,8.43,3.86,0.0
20141125:1510,32.89,53.38,5.24,8.43,3.86,0.0
20141125:1610,0.0,0.0,0.0,7.9,3.86,0.0
20141125:1710,0.0,0.0,0.0,7.37,3.79,0.0
20141125:1810,0.0,0.0,0.0,7.37,3.45,0.0
20141125:1910,0.0,0.0,0.0,6.84,3.52,0.0
20141125:2010,0.0,0.0,0.0,6.84,3.31,0.0
20141125:2110,0.0,0.0,0.0,6.84,3.1,0.0
20141125:2210,0.0,0.0,0.0,7.37,2.76,0.0
20141125:2310,0.0,0.0,0.0,7.37,2.48,0.0
20141126:0010,0.0,0.0,0.0,7.37,2.28,0.0
20141126:0110,0.0,0.0,0.0,7.37,2.21,0.0
20141126:0210,0.0,0.0,0.0,7.37,2.07,0.0
20141126:0310,0.0,0.0,0.0,7.37,2.28,0.0
20141126:0410,0.0,0.0,0.0,7.37,1.72,0.0
20141126:0510,0.0,0.0,0.0,7.37,1.72,0.0
20141126:0610,0.0,0.0,0.0,7.37,1.72,0.0
20141126:0710,0.0,0.0,0.0,7.9,1.31,0.0
20141126:0810,41.86,65.2,3.42,7.9,1.38,0.0
20141126:0910,16.01,31.52,9.81,7.9,1.31,0.0
20141126:1010,23.04,40.79,14.5,7.9,1.38,0.0
20141126:1110,25.87,44.5,17.12,8.43,1.38,0.0
20141126:1210,31.68,51.92,17.41,8.96,1.24,0.0
20141126:1310,128.26,163.51,15.34,8.96,1.1,0.0
20141126:1410,27.98,47.28,11.12,8.96,0.9,0.0
20141126:1510,3.02,12.05,5.11,8.96,0.9,0.0
20141126:1610,0.0,0.0,0.0,8.96,0.76,0.0
20141126:1710,0.0,0.0,0.0,8.96,0.62,0.0
20141126:1810,0.0,0.0,0.0,8.43,0.55,0.0
20141126:1910,0.0,0.0,0.0,8.43,0.97,0.0
20141126:2010,0.0,0.0,0.0,8.43,0.97,0.0
20141126:2110,0.0,0.0,0.0,8.43,1.1,0.0
20141126:2210,0.0,0.0,0.0,8.43,1.17,0.0
20141126:2310,0.0,0.0,0.0,8.96,1.17,0.0
20141127:0010,0.0,0.0,0.0,8.96,1.24,0.0
20141127:0110,0.0,0.0,0.0,8.96,0.97,0.0
20141127:0210,0.0,0.0,0.0,8.96,0.97,0.0
20141127:0310,0.0,0.0,0.0,9.49,1.24,0.0
20141127:0410,0.0,0.0,0.0,8.96,1.52,0.0
20141127:0510,0.0,0.0,0.0,8.96,1.52,0.0
20141127:0610,0.0,0.0,0.0,8.96,1.59,0.0
20141127:0710,0.0,0.0,0.0,8.96,1.1,0.0
20141127:0810,29.78,50.32,3.22,8.96,1.1,0.0
20141127:0910,40.19,62.23,9.61,8.96,1.66,0.0
20141127:1010,172.45,212.56,14.3,9.49,2.28,0.0
20141127:1110,521.44,617.14,16.93,9.49,2.69,0.0
20141127:1210,97.01,128.71,17.23,10.02,2.9,0.0
20141127:1310,28.52,48.21,15.18,10.55,2.62,0.0
20141127:1410,9.28,22.25,10.98,10.55,2.21,0.0
20141127:1510,4.57,14.83,4.98,10.55,1.03,0.0
20141127:1610,0.0,0.0,0.0,9.49,1.45,0.0
20141127:1710,0.0,0.0,0.0,8.43,2.0,0.0
20141127:1810,0.0,0.0,0.0,8.43,2.28,0.0
20141127:1910,0.0,0.0,0.0,8.96,2.62,0.0
20141127:2010,0.0,0.0,0.0,8.96,2.41,0.0
20141127:2110,0.0,0.0,0.0,8.96,2.48,0.0
20141127:2210,0.0,0.0,0.0,8.43,2.62,0.0
20141127:2310,0.0,0.0,0.0,8.43,2.76,0.0
20141128:0010,0.0,0.0,0.0,8.96,2.9,0.0
20141128:0110,0.0,0.0,0.0,8.96,3.03,0.0
20141128:0210,0.0,0.0,0.0,9.49,3.17,0.0
20141128:0310,0.0,0.0,0.0,9.49,3.31,0.0
20141128:0410,0.0,0.0,0.0,9.49,3.38,0.0
20141128:0510,0.0,0.0,0.0,9.49,3.31,0.0
20141128:0610,0.0,0.0,0.0,9.49,3.24,0.0
20141128:0710,0.0,0.0,0.0,9.49,3.45,0.0
20141128:0810,8.65,21.43,3.03,9.49,3.59,0.0
20141128:0910,9.94,23.18,9.41,10.02,3.79,0.0
20141128:1010,37.49,59.33,14.11,10.55,5.03,0.0
20141128:1110,129.93,165.69,16.74,11.09,5.17,0.0
20141128:1210,199.84,243.85,17.05,11.61,5.24,0.0
20141128:1310,181.03,223.17,15.02,11.61,4.14,0.0
20141128:1410,328.81,391.45,10.84,11.61,3.93,0.0
20141128:1510,96.9,130.29,4.86,11.09,3.72,0.0
20141128:1610,0.0,0.0,0.0,10.02,3.59,0.0
20141128:1710,0.0,0.0,0.0,9.49,3.52,0.0
20141128:1810,0.0,0.0,0.0,9.49,3.52,0.0
20141128:1910,0.0,0.0,0.0,9.49,3.38,0.0
20141128:2010,0.0,0.0,0.0,10.02,3.24,0.0
20141128:2110,0.0,0.0,0.0,10.02,2.9,0.0
20141128:2210,0.0,0.0,0.0,10.55,2.9,0.0
20141128:2310,0.0,0.0,0.0,10.02,3.17,0.0
20141129:0010,0.0,0.0,0.0,10.02,3.52,0.0
20141129:0110,0.0,0.0,0.0,9.49,3.38,0.0
20141129:0210,0.0,0.0,0.0,9.49,3.24,0.0
20141129:0310,0.0,0.0,0.0,9.49,3.1,0.0
20141129:0410,0.0,0.0,0.0,8.96,2.9,0.0
20141129:0510,0.0,0.0,0.0,8.43,2.97,0.0
20141129:0610,0.0,0.0,0.0,7.9,2.9,0.0
20141129:0710,0.0,0.0,0.0,7.37,2.69,0.0
20141129:0810,9.06,21.95,2.84,7.9,2.48,0.0
20141129:0910,82.2,110.78,9.22,8.43,2.28,0.0
20141129:1010,220.63,265.89,13.92,8.96,2.21,0.0
20141129:1110,283.0,336.72,16.56,9.49,2.48,0.0
20141129:1210,553.24,661.99,16.88,10.55,2.34,0.0
20141129:1310,390.79,465.87,14.87,11.09,2.14,0.0
20141129:1410,55.59,81.17,10.71,11.09,1.86,0.0
20141129:1510,108.78,144.22,4.75,10.55,1.86,0.0
20141129:1610,0.0,0.0,0.0,9.49,1.86,0.0
20141129:1710,0.0,0.0,0.0,8.43,1.59,0.0
20141129:1810,0.0,0.0,0.0,6.84,1.79,0.0
20141129:1910,0.0,0.0,0.0,6.31,1.52,0.0
20141129:2010,0.0,0.0,0.0,5.78,1.59,0.0
20141129:2110,0.0,0.0,0.0,5.25,1.66,0.0
20141129:2210,0.0,0.0,0.0,4.72,1.52,0.0
20141129:2310,0.0,0.0,0.0,4.72,1.38,0.0
20141130:0010,0.0,0.0,0.0,5.78,0.62,0.0
20141130:0110,0.0,0.0,0.0,4.72,1.17,0.0
20141130:0210,0.0,0.0,0.0,3.66,1.1,0.0
20141130:0310,0.0,0.0,0.0,4.19,1.1,0.0
20141130:0410,0.0,0.0,0.0,5.25,1.31,0.0
20141130:0510,0.0,0.0,0.0,5.78,1.59,0.0
20141130:0610,0.0,0.0,0.0,6.31,1.86,0.0
20141130:0710,0.0,0.0,0.0,7.9,2.0,0.0
20141130:0810,2.53,11.13,2.65,8.43,2.21,0.0
20141130:0910,21.5,38.94,9.03,8.96,2.14,0.0
20141130:1010,229.51,276.65,13.74,9.49,2.07,0.0
20141130:1110,175.57,216.11,16.38,10.02,3.31,0.0
20141130:1210,355.03,418.7,16.72,10.55,3.79,0.0
20141130:1310,286.25,340.81,14.72,11.09,3.93,0.0
20141130:1410,288.66,343.31,10.58,10.55,4.21,0.0
20141130:1510,13.09,27.74,4.64,10.02,3.93,0.0
20141130:1610,0.0,0.0,0.0,9.49,3.79,0.0
20141130:1710,0.0,0.0,0.0,9.49,3.79,0.0
20141130:1810,0.0,0.0,0.0,9.49,3.93,0.0
20141130:1910,0.0,0.0,0.0,9.49,4.14,0.0
20141130:2010,0.0,0.0,0.0,9.49,4.28,0.0
20141130:2110,0.0,0.0,0.0,9.49,4.41,0.0
20141130:2210,0.0,0.0,0.0,9.49,4.34,0.0
20141130:2310,0.0,0.0,0.0,9.49,4.28,0.0
20141201:0010,0.0,0.0,0.0,8.96,4.21,0.0
20141201:0110,0.0,0.0,0.0,8.43,4.0,0.0
20141201:0210,0.0,0.0,0.0,7.9,4.21,0.0
20141201:0310,0.0,0.0,0.0,7.37,4.28,0.0
20141201:0410,0.0,0.0,0.0,6.84,4.34,0.0
20141201:0510,0.0,0.0,0.0,6.31,4.14,0.0
20141201:0610,0.0,0.0,0.0,6.31,3.86,0.0
20141201:0710,0.0,0.0,0.0,6.31,4.34,0.0
20141201:0810,0.0,4.64,2.47,6.31,4.0,0.0
20141201:0910,13.44,27.81,8.85,6.31,4.14,0.0
20141201:1010,26.2,44.5,13.56,6.31,4.14,0.0
20141201:1110,28.35,47.28,16.21,6.84,3.93,0.0
20141201:1210,23.93,41.72,16.57,6.84,3.72,0.0
20141201:1310,16.12,31.52,14.59,6.84,3.38,0.0
20141201:1410,17.51,33.38,10.46,6.84,3.17,0.0
20141201:1510,20.48,37.38,4.54,6.84,2.97,0.0
20141201:1610,0.0,0.0,0.0,6.31,2.76,0.0
20141201:1710,0.0,0.0,0.0,6.31,2.28,0.0
20141201:1810,0.0,0.0,0.0,6.31,2.21,0.0
20141201:1910,0.0,0.0,0.0,5.78,2.0,0.0
20141201:2010,0.0,0.0,0.0,5.78,1.59,0.0
20141201:2110,0.0,0.0,0.0,5.78,1.86,0.0
20141201:2210,0.0,0.0,0.0,5.78,2.07,0.0
20141201:2310,0.0,0.0,0.0,5.78,2.41,0.0
20141202:0010,0.0,0.0,0.0,5.78,2.55,0.0
20141202:0110,0.0,0.0,0.0,5.78,2.83,0.0
20141202:0210,0.0,0.0,0.0,5.78,3.1,0.0
20141202:0310,0.0,0.0,0.0,5.78,3.31,0.0
20141202:0410,0.0,0.0,0.0,5.78,2.97,0.0
20141202:0510,0.0,0.0,0.0,5.78,2.76,0.0
20141202:0610,0.0,0.0,0.0,5.78,2.62,0.0
20141202:0710,0.0,0.0,0.0,6.31,2.41,0.0
20141202:0810,0.0,3.71,2.29,6.31,3.03,0.0
20141202:0910,0.0,0.0,0.0,6.84,4.07,0.0
20141202:1010,0.0,0.0,0.0,7.37,4.83,0.0
20141202:1110,0.0,0.0,0.0,7.37,5.72,0.0
20141202:1210,0.0,0.0,0.0,7.37,6.14,0.0
20141202:1310,0.0,0.0,0.0,7.37,6.41,0.0
20141202:1410,0.0,0.0,0.0,7.37,6.76,0.0
20141202:1510,0.0,0.0,0.0,7.37,6.55,0.0
20141202:1610,0.0,0.0,0.0,7.37,6.55,0.0
20141202:1710,0.0,0.0,0.0,7.37,6.55,0.0
20141202:1810,0.0,0.0,0.0,7.37,6.55,0.0
20141202:1910,0.0,0.0,0.0,6.84,6.69,0.0
20141202:2010,0.0,0.0,0.0,6.84,6.62,0.0
20141202:2110,0.0,0.0,0.0,6.84,6.41,0.0
20141202:2210,0.0,0.0,0.0,6.31,6.21,0.0
20141202:2310,0.0,0.0,0.0,6.31,6.07,0.0
20141203:0010,0.0,0.0,0.0,6.31,6.0,0.0
20141203:0110,0.0,0.0,0.0,6.84,5.93,0.0
20141203:0210,0.0,0.0,0.0,6.31,5.86,0.0
20141203:0310,0.0,0.0,0.0,6.31,5.66,0.0
20141203:0410,0.0,0.0,0.0,6.31,5.59,0.0
20141203:0510,0.0,0.0,0.0,6.31,5.52,0.0
20141203:0610,0.0,0.0,0.0,6.31,5.38,0.0
20141203:0710,0.0,0.0,0.0,5.78,5.31,0.0
20141203:0810,0.0,0.0,0.0,5.78,4.9,0.0
20141203:0910,51.61,74.62,8.51,5.78,4.83,0.0
20141203:1010,189.48,227.29,13.22,6.31,4.07,0.0
20141203:1110,558.0,645.87,15.89,6.84,4.21,0.0
20141203:1210,454.72,526.55,16.28,7.37,4.0,0.0
20141203:1310,0.0,0.0,0.0,7.37,3.72,0.0
20141203:1410,0.0,0.0,0.0,7.9,3.86,0.0
20141203:1510,38.1,59.73,4.37,7.9,4.41,0.0
20141203:1610,0.0,0.0,0.0,7.37,4.14,0.0
20141203:1710,0.0,0.0,0.0,7.37,4.0,0.0
20141203:1810,0.0,0.0,0.0,6.84,3.86,0.0
20141203:1910,0.0,0.0,0.0,6.84,4.0,0.0
20141203:2010,0.0,0.0,0.0,6.31,3.86,0.0
20141203:2110,0.0,0.0,0.0,6.31,3.72,0.0
20141203:2210,0.0,0.0,0.0,5.78,3.52,0.0
20141203:2310,0.0,0.0,0.0,5.78,3.45,0.0
20141204:0010,0.0,0.0,0.0,5.78,3.38,0.0
20141204:0110,0.0,0.0,0.0,5.25,3.24,0.0
20141204:0210,0.0,0.0,0.0,4.72,3.24,0.0
20141204:0310,0.0,0.0,0.0,4.72,3.03,0.0
20141204:0410,0.0,0.0,0.0,4.19,2.97,0.0
20141204:0510,0.0,0.0,0.0,4.19,2.9,0.0
20141204:0610,0.0,0.0,0.0,3.66,2.62,0.0
20141204:0710,0.0,0.0,0.0,3.66,2.76,0.0
20141204:0810,0.0,0.0,0.0,3.66,2.28,0.0
20141204:0910,17.8,33.38,8.34,3.66,2.69,0.0
20141204:1010,31.04,50.06,13.06,3.66,2.0,0.0
20141204:1110,34.09,53.77,15.75,3.66,2.0,0.0
20141204:1210,42.6,63.97,16.14,3.66,1.59,0.0
20141204:1310,50.34,72.99,14.22,3.66,1.24,0.0
20141204:1410,25.76,43.57,10.15,3.66,1.1,0.0
20141204:1510,32.64,52.25,4.29,3.66,1.1,0.0
20141204:1610,0.0,0.0,0.0,3.66,0.9,0.0
20141204:1710,0.0,0.0,0.0,3.66,0.76,0.0
20141204:1810,0.0,0.0,0.0,3.66,0.55,0.0
20141204:1910,0.0,0.0,0.0,3.66,0.28,0.0
20141204:2010,0.0,0.0,0.0,3.66,0.34,0.0
20141204:2110,0.0,0.0,0.0,3.66,0.21,0.0
20141204:2210,0.0,0.0,0.0,3.66,0.14,0.0
20141204:2310,0.0,0.0,0.0,3.66,0.83,0.0
20141205:0010,0.0,0.0,0.0,3.66,1.03,0.0
20141205:0110,0.0,0.0,0.0,3.66,1.24,0.0
20141205:0210,0.0,0.0,0.0,3.66,1.45,0.0
20141205:0310,0.0,0.0,0.0,3.13,1.52,0.0
20141205:0410,0.0,0.0,0.0,3.13,1.59,0.0
20141205:0510,0.0,0.0,0.0,3.13,1.59,0.0
20141205:0610,0.0,0.0,0.0,3.66,1.52,0.0
20141205:0710,0.0,0.0,0.0,3.66,1.86,0.0
20141205:0810,0.0,0.0,0.0,3.66,1.72,0.0
20141205:0910,350.38,408.05,8.19,3.66,1.72,0.0
20141205:1010,286.99,334.91,12.91,4.72,1.93,0.0
20141205:1110,92.02,120.86,15.6,5.78,2.55,0.0
20141205:1210,137.08,170.7,16.02,6.31,3.17,0.0
20141205:1310,44.56,66.75,14.11,5.78,3.17,0.0
20141205:1410,12.81,26.89,10.06,5.78,3.31,0.0
20141205:1510,44.58,67.06,4.21,5.78,3.86,0.0
20141205:1610,0.0,0.0,0.0,5.78,3.86,0.0
20141205:1710,0.0,0.0,0.0,5.25,3.86,0.0
20141205:1810,0.0,0.0,0.0,4.19,3.72,0.0
20141205:1910,0.0,0.0,0.0,3.13,3.45,0.0
20141205:2010,0.0,0.0,0.0,2.6,3.24,0.0
20141205:2110,0.0,0.0,0.0,2.07,3.31,0.0
20141205:2210,0.0,0.0,0.0,1.54,3.17,0.0
20141205:2310,0.0,0.0,0.0,1.54,3.17,0.0
20141206:0010,0.0,0.0,0.0,1.01,3.17,0.0
20141206:0110,0.0,0.0,0.0,0.48,3.17,0.0
20141206:0210,0.0,0.0,0.0,0.48,3.1,0.0
20141206:0310,0.0,0.0,0.0,-0.04,3.03,0.0
20141206:0410,0.0,0.0,0.0,-0.57,2.83,0.0
20141206:0510,0.0,0.0,0.0,-1.1,2.69,0.0
20141206:0610,0.0,0.0,0.0,-1.1,2.69,0.0
20141206:0710,0.0,0.0,0.0,-1.1,2.62,0.0
20141206:0810,0.0,0.0,0.0,-1.63,2.55,0.0
20141206:0910,296.46,338.39,8.03,-1.1,2.21,0.0
20141206:1010,447.36,508.61,12.77,0.48,2.0,0.0
20141206:1110,551.39,634.91,15.47,2.07,2.0,0.0
20141206:1210,567.29,658.09,15.9,3.13,1.93,0.0
20141206:1310,501.19,582.72,14.01,4.19,1.72,0.0
20141206:1410,378.62,439.69,9.98,4.19,1.79,0.0
20141206:1510,136.96,171.99,4.15,3.66,1.66,0.0
20141206:1610,0.0,0.0,0.0,2.6,2.14,0.0
20141206:1710,0.0,0.0,0.0,1.01,2.28,0.0
20141206:1810,0.0,0.0,0.0,0.48,2.34,0.0
20141206:1910,0.0,0.0,0.0,-0.04,2.34,0.0
20141206:2010,0.0,0.0,0.0,-0.04,2.48,0.0
20141206:2110,0.0,0.0,0.0,0.48,2.76,0.0
20141206:2210,0.0,0.0,0.0,0.48,3.03,0.0
20141206:2310,0.0,0.0,0.0,1.54,3.24,0.0
20141207:0010,0.0,0.0,0.0,2.6,3.45,0.0
20141207:0110,0.0,0.0,0.0,3.66,3.59,0.0
20141207:0210,0.0,0.0,0.0,4.19,4.0,0.0
20141207:0310,0.0,0.0,0.0,5.25,4.07,0.0
20141207:0410,0.0,0.0,0.0,5.78,4.41,0.0
20141207:0510,0.0,0.0,0.0,6.84,4.69,0.0
20141207:0610,0.0,0.0,0.0,7.37,4.97,0.0
20141207:0710,0.0,0.0,0.0,7.9,4.9,0.0
20141207:0810,0.0,0.0,0.0,8.43,4.76,0.0
20141207:0910,38.95,60.4,7.89,8.43,5.03,0.0
20141207:1010,292.89,343.71,12.63,8.96,5.31,0.0
20141207:1110,58.47,84.05,15.34,9.49,5.66,0.0
20141207:1210,471.0,544.9,15.79,9.49,6.41,0.0
20141207:1310,99.75,130.67,13.92,9.49,6.21,0.0
20141207:1410,27.4,46.36,9.91,8.43,5.86,0.0
20141207:1510,51.71,75.77,4.09,6.84,4.97,0.0
20141207:1610,0.0,0.0,0.0,5.78,4.48,0.0
20141207:1710,0.0,0.0,0.0,4.72,4.21,0.0
20141207:1810,0.0,0.0,0.0,3.66,4.07,0.0
20141207:1910,0.0,0.0,0.0,3.13,3.79,0.0
20141207:2010,0.0,0.0,0.0,2.6,3.86,0.0
20141207:2110,0.0,0.0,0.0,2.07,3.72,0.0
20141207:2210,0.0,0.0,0.0,1.54,3.79,0.0
20141207:2310,0.0,0.0,0.0,1.54,3.86,0.0
20141208:0010,0.0,0.0,0.0,1.54,3.79,0.0
20141208:0110,0.0,0.0,0.0,1.54,3.72,0.0
20141208:0210,0.0,0.0,0.0,1.01,3.66,0.0
20141208:0310,0.0,0.0,0.0,1.01,3.52,0.0
20141208:0410,0.0,0.0,0.0,1.54,3.45,0.0
20141208:0510,0.0,0.0,0.0,2.07,3.24,0.0
20141208:0610,0.0,0.0,0.0,2.07,3.03,0.0
20141208:0710,0.0,0.0,0.0,2.07,3.38,0.0
20141208:0810,0.0,0.0,0.0,2.07,3.52,0.0
20141208:0910,343.47,394.18,7.75,2.6,3.79,0.0
20141208:1010,449.24,513.45,12.49,3.66,3.38,0.0
20141208:1110,543.5,621.69,15.22,4.72,4.34,0.0
20141208:1210,342.09,392.55,15.68,5.25,4.9,0.0
20141208:1310,445.03,509.22,13.83,5.78,4.97,0.0
20141208:1410,211.86,251.06,9.84,5.78,4.83,0.0
20141208:1510,173.57,213.12,4.04,5.25,4.69,0.0
20141208:1610,0.0,0.0,0.0,4.19,4.55,0.0
20141208:1710,0.0,0.0,0.0,3.66,4.83,0.0
20141208:1810,0.0,0.0,0.0,3.66,4.83,0.0
20141208:1910,0.0,0.0,0.0,3.13,4.9,0.0
20141208:2010,0.0,0.0,0.0,3.13,4.62,0.0
20141208:2110,0.0,0.0,0.0,2.6,4.14,0.0
20141208:2210,0.0,0.0,0.0,2.07,3.79,0.0
20141208:2310,0.0,0.0,0.0,1.54,3.59,0.0
20141209:0010,0.0,0.0,0.0,1.01,3.38,0.0
20141209:0110,0.0,0.0,0.0,1.01,3.1,0.0
20141209:0210,0.0,0.0,0.0,-0.04,2.69,0.0
20141209:0310,0.0,0.0,0.0,-0.57,2.34,0.0
20141209:0410,0.0,0.0,0.0,-1.1,2.41,0.0
20141209:0510,0.0,0.0,0.0,-1.63,2.28,0.0
20141209:0610,0.0,0.0,0.0,-2.16,2.21,0.0
20141209:0710,0.0,0.0,0.0,-2.16,2.21,0.0
20141209:0810,0.0,0.0,0.0,-2.16,2.07,0.0
20141209:0910,138.15,167.12,7.61,-1.1,2.07,0.0
20141209:1010,360.64,410.4,12.37,1.01,2.28,0.0
20141209:1110,164.94,198.42,15.11,3.13,2.97,0.0
20141209:1210,128.49,160.05,15.58,4.72,3.59,0.0
20141209:1310,294.14,341.4,13.75,5.78,4.0,0.0
20141209:1410,16.87,32.45,9.78,6.31,5.03,0.0
20141209:1510,1.15,8.34,4.0,6.84,5.59,0.0
20141209:1610,0.0,0.0,0.0,7.9,6.28,0.0
20141209:1710,0.0,0.0,0.0,8.43,6.9,0.0
20141209:1810,0.0,0.0,0.0,8.96,7.24,0.0
20141209:1910,0.0,0.0,0.0,9.49,7.72,0.0
20141209:2010,0.0,0.0,0.0,9.49,7.79,0.0
20141209:2110,0.0,0.0,0.0,10.02,7.72,0.0
20141209:2210,0.0,0.0,0.0,10.02,7.66,0.0
20141209:2310,0.0,0.0,0.0,10.55,7.72,0.0
20141210:0010,0.0,0.0,0.0,10.55,7.79,0.0
20141210:0110,0.0,0.0,0.0,11.09,7.52,0.0
20141210:0210,0.0,0.0,0.0,10.55,7.79,0.0
20141210:0310,0.0,0.0,0.0,9.49,7.45,0.0
20141210:0410,0.0,0.0,0.0,8.43,6.48,0.0
20141210:0510,0.0,0.0,0.0,7.37,5.86,0.0
20141210:0610,0.0,0.0,0.0,6.31,5.38,0.0
20141210:0710,0.0,0.0,0.0,6.84,5.1,0.0
20141210:0810,0.0,0.0,0.0,5.78,4.48,0.0
20141210:0910,278.68,325.45,7.49,5.25,4.55,0.0
20141210:1010,425.6,487.45,12.25,5.78,4.97,0.0
20141210:1110,511.65,589.33,15.0,6.84,4.69,0.0
20141210:1210,530.62,611.09,15.49,7.37,5.31,0.0
20141210:1310,487.34,561.95,13.68,7.9,5.45,0.0
20141210:1410,354.83,412.34,9.72,7.9,5.38,0.0
20141210:1510,134.22,170.5,3.96,7.37,4.97,0.0
20141210:1610,0.0,0.0,0.0,6.84,5.1,0.0
20141210:1710,0.0,0.0,0.0,5.78,5.17,0.0
20141210:1810,0.0,0.0,0.0,5.25,5.1,0.0
20141210:1910,0.0,0.0,0.0,5.25,5.38,0.0
20141210:2010,0.0,0.0,0.0,5.25,5.52,0.0
20141210:2110,0.0,0.0,0.0,5.25,5.79,0.0
20141210:2210,0.0,0.0,0.0,5.25,6.07,0.0
20141210:2310,0.0,0.0,0.0,5.25,6.28,0.0
20141211:0010,0.0,0.0,0.0,5.25,6.34,0.0
20141211:0110,0.0,0.0,0.0,5.25,6.41,0.0
20141211:0210,0.0,0.0,0.0,5.25,6.69,0.0
20141211:0310,0.0,0.0,0.0,5.25,6.9,0.0
20141211:0410,0.0,0.0,0.0,5.25,7.17,0.0
20141211:0510,0.0,0.0,0.0,5.25,7.1,0.0
20141211:0610,0.0,0.0,0.0,5.25,6.97,0.0
20141211:0710,0.0,0.0,0.0,5.78,6.97,0.0
20141211:0810,0.0,0.0,0.0,6.31,7.03,0.0
20141211:0910,185.67,223.17,7.36,6.31,6.83,0.0
20141211:1010,78.7,105.72,12.14,6.84,6.76,0.0
20141211:1110,459.43,527.25,14.9,7.37,5.93,0.0
20141211:1210,277.4,323.58,15.41,7.9,7.17,0.0
20141211:1310,315.0,365.0,13.61,7.9,6.97,0.0
20141211:1410,113.83,144.73,9.68,7.37,7.03,0.0
20141211:1510,117.11,150.61,3.93,6.84,6.21,0.0
20141211:1610,0.0,0.0,0.0,6.31,5.86,0.0
20141211:1710,0.0,0.0,0.0,5.78,5.38,0.0
20141211:1810,0.0,0.0,0.0,5.78,5.1,0.0
20141211:1910,0.0,0.0,0.0,6.84,5.66,0.0
20141211:2010,0.0,0.0,0.0,7.37,6.48,0.0
20141211:2110,0.0,0.0,0.0,7.37,6.28,0.0
20141211:2210,0.0,0.0,0.0,7.37,6.0,0.0
20141211:2310,0.0,0.0,0.0,7.9,6.07,0.0
20141212:0010,0.0,0.0,0.0,7.9,6.28,0.0
20141212:0110,0.0,0.0,0.0,7.9,6.48,0.0
20141212:0210,0.0,0.0,0.0,8.43,7.17,0.0
20141212:0310,0.0,0.0,0.0,8.43,8.48,0.0
20141212:0410,0.0,0.0,0.0,8.96,9.59,0.0
20141212:0510,0.0,0.0,0.0,9.49,9.79,0.0
20141212:0610,0.0,0.0,0.0,9.49,8.41,0.0
20141212:0710,0.0,0.0,0.0,9.49,7.38,0.0
20141212:0810,0.0,0.0,0.0,9.49,6.48,0.0
20141212:0910,52.81,76.92,7.25,8.96,5.45,0.0
20141212:1010,79.05,106.93,12.03,8.43,5.03,0.0
20141212:1110,47.25,70.46,14.81,7.9,4.55,0.0
20141212:1210,198.82,238.63,15.34,7.37,4.07,0.0
20141212:1310,212.56,253.19,13.56,6.84,3.66,0.0
20141212:1410,248.53,293.97,9.64,6.84,3.1,0.0
20141212:1510,142.16,178.82,3.91,5.78,2.9,0.0
20141212:1610,0.0,0.0,0.0,5.25,2.69,0.0
20141212:1710,0.0,0.0,0.0,4.72,2.62,0.0
20141212:1810,0.0,0.0,0.0,4.19,2.69,0.0
20141212:1910,0.0,0.0,0.0,3.13,3.1,0.0
20141212:2010,0.0,0.0,0.0,3.13,2.97,0.0
20141212:2110,0.0,0.0,0.0,2.6,2.9,0.0
20141212:2210,0.0,0.0,0.0,2.6,2.76,0.0
20141212:2310,0.0,0.0,0.0,2.07,2.41,0.0
20141213:0010,0.0,0.0,0.0,2.07,2.48,0.0
20141213:0110,0.0,0.0,0.0,1.54,2.34,0.0
20141213:0210,0.0,0.0,0.0,1.54,2.21,0.0
20141213:0310,0.0,0.0,0.0,1.54,2.14,0.0
20141213:0410,0.0,0.0,0.0,1.01,2.07,0.0
20141213:0510,0.0,0.0,0.0,-0.04,2.07,0.0
20141213:0610,0.0,0.0,0.0,-0.57,2.07,0.0
20141213:0710,0.0,0.0,0.0,-0.57,2.0,0.0
20141213:0810,0.0,0.0,0.0,-1.1,2.0,0.0
20141213:0910,307.57,352.18,7.14,-1.1,1.66,0.0
20141213:1010,494.04,566.99,11.94,1.01,1.52,0.0
20141213:1110,543.87,630.95,14.73,3.13,1.72,0.0
20141213:1210,556.86,649.12,15.27,4.19,1.86,0.0
20141213:1310,503.11,585.23,13.51,4.72,1.93,0.0
20141213:1410,378.71,440.32,9.61,4.72,1.93,0.0
20141213:1510,143.55,179.67,3.9,4.19,1.66,0.0
20141213:1610,0.0,0.0,0.0,3.13,2.0,0.0
20141213:1710,0.0,0.0,0.0,1.01,2.07,0.0
20141213:1810,0.0,0.0,0.0,-0.04,1.93,0.0
20141213:1910,0.0,0.0,0.0,-1.1,2.14,0.0
20141213:2010,0.0,0.0,0.0,-1.1,2.14,0.0
20141213:2110,0.0,0.0,0.0,-1.63,2.34,0.0
20141213:2210,0.0,0.0,0.0,-1.63,2.34,0.0
20141213:2310,0.0,0.0,0.0,-1.63,2.55,0.0
20141214:0010,0.0,0.0,0.0,-1.63,2.62,0.0
20141214:0110,0.0,0.0,0.0,-1.63,2.76,0.0
20141214:0210,0.0,0.0,0.0,-1.1,2.97,0.0
20141214:0310,0.0,0.0,0.0,-1.1,3.1,0.0
20141214:0410,0.0,0.0,0.0,-0.57,3.24,0.0
20141214:0510,0.0,0.0,0.0,-0.04,3.38,0.0
20141214:0610,0.0,0.0,0.0,-0.04,3.52,0.0
20141214:0710,0.0,0.0,0.0,1.01,3.79,0.0
20141214:0810,0.0,0.0,0.0,1.54,3.86,0.0
20141214:0910,187.18,222.4,7.04,2.6,4.07,0.0
20141214:1010,448.39,511.92,11.84,4.72,4.55,0.0
20141214:1110,234.02,275.89,14.65,6.84,5.03,0.0
20141214:1210,601.12,695.17,15.21,7.9,5.52,0.0
20141214:1310,541.9,626.86,13.47,8.43,5.52,0.0
20141214:1410,188.68,227.99,9.59,8.43,5.59,0.0
20141214:1510,78.82,107.66,3.89,7.9,5.24,0.0
20141214:1610,0.0,0.0,0.0,7.37,5.24,0.0
20141214:1710,0.0,0.0,0.0,7.37,5.38,0.0
20141214:1810,0.0,0.0,0.0,7.9,5.52,0.0
20141214:1910,0.0,0.0,0.0,8.43,5.66,0.0
20141214:2010,0.0,0.0,0.0,8.43,5.59,0.0
20141214:2110,0.0,0.0,0.0,8.43,5.72,0.0
20141214:2210,0.0,0.0,0.0,8.43,5.93,0.0
20141214:2310,0.0,0.0,0.0,8.96,5.93,0.0
20141215:0010,0.0,0.0,0.0,8.96,4.97,0.0
20141215:0110,0.0,0.0,0.0,8.43,4.34,0.0
20141215:0210,0.0,0.0,0.0,7.9,3.93,0.0
20141215:0310,0.0,0.0,0.0,6.84,4.0,0.0
20141215:0410,0.0,0.0,0.0,6.31,3.86,0.0
20141215:0510,0.0,0.0,0.0,5.78,3.66,0.0
20141215:0610,0.0,0.0,0.0,5.78,3.17,0.0
20141215:0710,0.0,0.0,0.0,4.72,3.17,0.0
20141215:0810,0.0,0.0,0.0,3.66,3.17,0.0
20141215:0910,251.99,295.42,6.95,3.66,3.03,0.0
20141215:1010,442.71,510.85,11.76,4.72,2.69,0.0
20141215:1110,537.06,625.6,14.58,6.31,2.83,0.0
20141215:1210,577.91,674.8,15.16,6.84,3.17,0.0
20141215:1310,248.46,293.75,13.43,7.9,4.0,0.0
20141215:1410,254.39,302.41,9.57,7.9,2.62,0.0
20141215:1510,52.29,76.72,3.89,7.37,2.21,0.0
20141215:1610,0.0,0.0,0.0,6.31,2.07,0.0
20141215:1710,0.0,0.0,0.0,5.25,1.93,0.0
20141215:1810,0.0,0.0,0.0,4.72,2.07,0.0
20141215:1910,0.0,0.0,0.0,4.72,1.72,0.0
20141215:2010,0.0,0.0,0.0,5.25,1.79,0.0
20141215:2110,0.0,0.0,0.0,4.19,1.86,0.0
20141215:2210,0.0,0.0,0.0,3.66,2.0,0.0
20141215:2310,0.0,0.0,0.0,2.6,2.28,0.0
20141216:0010,0.0,0.0,0.0,1.54,2.34,0.0
20141216:0110,0.0,0.0,0.0,1.01,2.21,0.0
20141216:0210,0.0,0.0,0.0,0.48,2.28,0.0
20141216:0310,0.0,0.0,0.0,-0.04,2.48,0.0
20141216:0410,0.0,0.0,0.0,-0.57,2.48,0.0
20141216:0510,0.0,0.0,0.0,-0.57,2.62,0.0
20141216:0610,0.0,0.0,0.0,-0.57,2.69,0.0
20141216:0710,0.0,0.0,0.0,-0.04,2.76,0.0
20141216:0810,0.0,0.0,0.0,-0.04,2.83,0.0
20141216:0910,259.17,300.07,6.86,1.01,2.9,0.0
20141216:1010,439.83,501.75,11.68,2.6,2.9,0.0
20141216:1110,546.37,630.47,14.52,4.72,3.1,0.0
20141216:1210,544.78,630.38,15.11,5.78,3.38,0.0
20141216:1310,491.68,568.58,13.41,6.31,3.52,0.0
20141216:1410,310.81,363.42,9.56,6.84,3.38,0.0
20141216:1510,117.77,151.49,3.89,6.31,2.97,0.0
20141216:1610,0.0,0.0,0.0,4.72,2.55,0.0
20141216:1710,0.0,0.0,0.0,4.19,2.55,0.0
20141216:1810,0.0,0.0,0.0,3.66,2.55,0.0
20141216:1910,0.0,0.0,0.0,3.13,2.55,0.0
20141216:2010,0.0,0.0,0.0,3.66,2.76,0.0
20141216:2110,0.0,0.0,0.0,3.66,3.17,0.0
20141216:2210,0.0,0.0,0.0,4.72,3.59,0.0
20141216:2310,0.0,0.0,0.0,5.78,4.14,0.0
20141217:0010,0.0,0.0,0.0,6.84,4.69,0.0
20141217:0110,0.0,0.0,0.0,7.37,5.72,0.0
20141217:0210,0.0,0.0,0.0,8.43,6.14,0.0
20141217:0310,0.0,0.0,0.0,9.49,5.59,0.0
20141217:0410,0.0,0.0,0.0,9.49,5.45,0.0
20141217:0510,0.0,0.0,0.0,10.02,5.79,0.0
20141217:0610,0.0,0.0,0.0,10.55,5.86,0.0
20141217:0710,0.0,0.0,0.0,10.02,5.17,0.0
20141217:0810,0.0,0.0,0.0,10.02,5.03,0.0
20141217:0910,14.51,29.67,6.78,10.02,4.83,0.0
20141217:1010,84.84,114.13,11.61,10.02,4.69,0.0
20141217:1110,189.92,231.59,14.47,10.55,4.76,0.0
20141217:1210,292.21,346.25,15.08,11.09,5.03,0.0
20141217:1310,9.26,22.25,13.39,11.09,4.62,0.0
20141217:1410,25.57,44.5,9.56,11.09,4.14,0.0
20141217:1510,157.31,199.87,3.91,11.09,3.72,0.0
20141217:1610,0.0,0.0,0.0,10.55,3.45,0.0
20141217:1710,0.0,0.0,0.0,10.55,3.24,0.0
20141217:1810,0.0,0.0,0.0,10.55,3.17,0.0
20141217:1910,0.0,0.0,0.0,10.02,4.07,0.0
20141217:2010,0.0,0.0,0.0,10.02,4.55,0.0
20141217:2110,0.0,0.0,0.0,10.55,4.97,0.0
20141217:2210,0.0,0.0,0.0,10.55,5.24,0.0
20141217:2310,0.0,0.0,0.0,10.55,5.31,0.0
20141218:0010,0.0,0.0,0.0,10.55,5.31,0.0
20141218:0110,0.0,0.0,0.0,10.55,5.17,0.0
20141218:0210,0.0,0.0,0.0,10.55,5.24,0.0
20141218:0310,0.0,0.0,0.0,11.09,5.17,0.0
20141218:0410,0.0,0.0,0.0,11.09,5.17,0.0
20141218:0510,0.0,0.0,0.0,11.09,5.31,0.0
20141218:0610,0.0,0.0,0.0,11.09,5.45,0.0
20141218:0710,0.0,0.0,0.0,11.09,5.79,0.0
20141218:0810,0.0,0.0,0.0,10.55,6.07,0.0
20141218:0910,26.43,45.45,6.7,11.09,6.41,0.0
20141218:1010,9.89,23.18,11.55,11.09,6.55,0.0
20141218:1110,52.71,77.71,14.42,11.09,6.76,0.0
20141218:1210,11.77,25.96,15.05,11.61,6.97,0.0
20141218:1310,26.97,46.36,13.38,11.61,7.03,0.0
20141218:1410,30.51,50.75,9.56,11.61,7.03,0.0
20141218:1510,0.31,6.49,3.93,11.61,6.9,0.0
20141218:1610,0.0,0.0,0.0,11.61,6.83,0.0
20141218:1710,0.0,0.0,0.0,11.61,6.83,0.0
20141218:1810,0.0,0.0,0.0,11.61,6.83,0.0
20141218:1910,0.0,0.0,0.0,11.61,7.17,0.0
20141218:2010,0.0,0.0,0.0,11.61,7.17,0.0
20141218:2110,0.0,0.0,0.0,11.61,7.17,0.0
20141218:2210,0.0,0.0,0.0,11.09,7.03,0.0
20141218:2310,0.0,0.0,0.0,11.09,7.03,0.0
20141219:0010,0.0,0.0,0.0,11.09,6.97,0.0
20141219:0110,0.0,0.0,0.0,11.09,6.97,0.0
20141219:0210,0.0,0.0,0.0,11.61,6.97,0.0
20141219:0310,0.0,0.0,0.0,11.61,6.69,0.0
20141219:0410,0.0,0.0,0.0,11.09,6.41,0.0
20141219:0510,0.0,0.0,0.0,11.09,6.14,0.0
20141219:0610,0.0,0.0,0.0,11.09,6.14,0.0
20141219:0710,0.0,0.0,0.0,11.09,5.03,0.0
20141219:0810,0.0,0.0,0.0,10.02,4.9,0.0
20141219:0910,151.2,188.7,6.63,9.49,4.69,0.0
20141219:1010,244.06,289.46,11.5,8.96,5.24,0.0
20141219:1110,519.09,600.43,14.38,8.43,5.38,0.0
20141219:1210,526.5,609.04,15.03,8.43,5.38,0.0
20141219:1310,492.19,568.79,13.37,8.43,5.52,0.0
20141219:1410,366.43,426.21,9.58,8.43,5.45,0.0
20141219:1510,129.92,165.62,3.95,7.9,5.38,0.0
20141219:1610,0.0,0.0,0.0,7.37,5.17,0.0
20141219:1710,0.0,0.0,0.0,6.84,5.17,0.0
20141219:1810,0.0,0.0,0.0,6.31,5.1,0.0
20141219:1910,0.0,0.0,0.0,6.31,4.83,0.0
20141219:2010,0.0,0.0,0.0,5.78,4.55,0.0
20141219:2110,0.0,0.0,0.0,5.25,4.41,0.0
20141219:2210,0.0,0.0,0.0,5.25,4.41,0.0
20141219:2310,0.0,0.0,0.0,5.25,4.41,0.0
20141220:0010,0.0,0.0,0.0,4.72,4.55,0.0
20141220:0110,0.0,0.0,0.0,4.72,4.62,0.0
20141220:0210,0.0,0.0,0.0,4.72,4.28,0.0
20141220:0310,0.0,0.0,0.0,4.72,4.34,0.0
20141220:0410,0.0,0.0,0.0,4.72,4.21,0.0
20141220:0510,0.0,0.0,0.0,4.19,4.41,0.0
20141220:0610,0.0,0.0,0.0,4.72,4.48,0.0
20141220:0710,0.0,0.0,0.0,5.25,4.9,0.0
20141220:0810,0.0,0.0,0.0,5.25,5.38,0.0
20141220:0910,22.75,39.98,6.57,5.78,5.17,0.0
20141220:1010,278.46,323.61,11.45,6.31,5.59,0.0
20141220:1110,439.5,506.53,14.35,7.37,4.9,0.0
20141220:1210,508.63,586.29,15.01,7.9,5.52,0.0
20141220:1310,253.66,298.91,13.38,8.43,5.79,0.0
20141220:1410,152.48,188.08,9.6,8.43,5.72,0.0
20141220:1510,78.0,106.59,3.99,7.9,5.03,0.0
20141220:1610,0.0,0.0,0.0,7.37,4.48,0.0
20141220:1710,0.0,0.0,0.0,6.84,4.07,0.0
20141220:1810,0.0,0.0,0.0,6.31,3.86,0.0
20141220:1910,0.0,0.0,0.0,5.78,3.79,0.0
20141220:2010,0.0,0.0,0.0,5.25,3.66,0.0
20141220:2110,0.0,0.0,0.0,4.72,3.45,0.0
20141220:2210,0.0,0.0,0.0,4.19,3.1,0.0
20141220:2310,0.0,0.0,0.0,3.66,2.76,0.0
20141221:0010,0.0,0.0,0.0,3.13,2.69,0.0
20141221:0110,0.0,0.0,0.0,3.13,2.69,0.0
20141221:0210,0.0,0.0,0.0,2.6,2.9,0.0
20141221:0310,0.0,0.0,0.0,2.6,3.1,0.0
20141221:0410,0.0,0.0,0.0,3.13,3.38,0.0
20141221:0510,0.0,0.0,0.0,3.66,3.66,0.0
20141221:0610,0.0,0.0,0.0,4.72,4.0,0.0
20141221:0710,0.0,0.0,0.0,6.31,4.21,0.0
20141221:0810,0.0,0.0,0.0,6.31,4.62,0.0
20141221:0910,50.8,73.97,6.52,6.84,5.24,0.0
20141221:1010,94.77,124.12,11.41,7.9,5.66,0.0
20141221:1110,135.86,169.53,14.32,7.9,5.93,0.0
20141221:1210,73.19,100.6,15.01,8.43,4.76,0.0
20141221:1310,37.03,58.41,13.39,8.96,5.03,0.0
20141221:1410,50.74,74.63,9.63,9.49,5.93,0.0
20141221:1510,2.03,10.2,4.03,9.49,6.07,0.0
20141221:1610,0.0,0.0,0.0,9.49,6.21,0.0
20141221:1710,0.0,0.0,0.0,9.49,6.48,0.0
20141221:1810,0.0,0.0,0.0,9.49,6.55,0.0
20141221:1910,0.0,0.0,0.0,9.49,6.55,0.0
20141221:2010,0.0,0.0,0.0,10.02,6.76,0.0
20141221:2110,0.0,0.0,0.0,10.02,6.9,0.0
20141221:2210,0.0,0.0,0.0,10.55,6.97,0.0
20141221:2310,0.0,0.0,0.0,10.55,7.03,0.0
20141222:0010,0.0,0.0,0.0,10.55,7.03,0.0
20141222:0110,0.0,0.0,0.0,10.55,7.03,0.0
20141222:0210,0.0,0.0,0.0,10.55,7.03,0.0
20141222:0310,0.0,0.0,0.0,10.55,6.9,0.0
20141222:0410,0.0,0.0,0.0,10.55,6.9,0.0
20141222:0510,0.0,0.0,0.0,10.55,6.9,0.0
20141222:0610,0.0,0.0,0.0,10.55,6.9,0.0
20141222:0710,0.0,0.0,0.0,11.09,7.31,0.0
20141222:0810,0.0,0.0,0.0,11.09,7.45,0.0
20141222:0910,20.81,38.15,6.47,10.55,7.66,0.0
20141222:1010,19.26,36.16,11.38,10.55,7.72,0.0
20141222:1110,43.63,66.75,14.31,10.55,7.79,0.0
20141222:1210,46.71,70.46,15.01,10.55,7.52,0.0
20141222:1310,18.57,35.23,13.41,10.55,7.38,0.0
20141222:1410,29.83,49.78,9.66,11.09,7.31,0.0
20141222:1510,11.1,24.98,4.08,11.09,7.03,0.0
20141222:1610,0.0,0.0,0.0,11.09,6.83,0.0
20141222:1710,0.0,0.0,0.0,11.09,6.76,0.0
20141222:1810,0.0,0.0,0.0,10.55,6.69,0.0
20141222:1910,0.0,0.0,0.0,10.55,7.1,0.0
20141222:2010,0.0,0.0,0.0,10.55,7.03,0.0
20141222:2110,0.0,0.0,0.0,10.55,6.97,0.0
20141222:2210,0.0,0.0,0.0,10.02,6.9,0.0
20141222:2310,0.0,0.0,0.0,10.02,6.76,0.0
20141223:0010,0.0,0.0,0.0,10.02,6.62,0.0
20141223:0110,0.0,0.0,0.0,9.49,6.41,0.0
20141223:0210,0.0,0.0,0.0,9.49,6.28,0.0
20141223:0310,0.0,0.0,0.0,9.49,6.14,0.0
20141223:0410,0.0,0.0,0.0,9.49,6.07,0.0
20141223:0510,0.0,0.0,0.0,9.49,6.0,0.0
20141223:0610,0.0,0.0,0.0,9.49,6.0,0.0
20141223:0710,0.0,0.0,0.0,10.02,6.55,0.0
20141223:0810,0.0,0.0,0.0,10.02,6.62,0.0
20141223:0910,66.41,93.26,6.43,10.55,6.69,0.0
20141223:1010,134.79,169.87,11.35,10.55,6.83,0.0
20141223:1110,302.28,355.96,14.3,11.09,6.9,0.0
20141223:1210,209.19,252.73,15.02,11.09,6.69,0.0
20141223:1310,156.62,194.61,13.44,11.09,6.34,0.0
20141223:1410,31.22,51.65,9.7,11.61,6.55,0.0
20141223:1510,31.5,52.09,4.13,11.09,6.34,0.0
20141223:1610,0.0,0.0,0.0,10.02,6.28,0.0
20141223:1710,0.0,0.0,0.0,10.02,6.28,0.0
20141223:1810,0.0,0.0,0.0,10.02,6.21,0.0
20141223:1910,0.0,0.0,0.0,10.02,6.34,0.0
20141223:2010,0.0,0.0,0.0,10.02,6.41,0.0
20141223:2110,0.0,0.0,0.0,9.49,6.34,0.0
20141223:2210,0.0,0.0,0.0,9.49,6.34,0.0
20141223:2310,0.0,0.0,0.0,10.02,6.48,0.0
20141224:0010,0.0,0.0,0.0,10.02,6.62,0.0
20141224:0110,0.0,0.0,0.0,10.55,6.76,0.0
20141224:0210,0.0,0.0,0.0,11.09,6.69,0.0
20141224:0310,0.0,0.0,0.0,11.09,6.69,0.0
20141224:0410,0.0,0.0,0.0,11.09,6.55,0.0
20141224:0510,0.0,0.0,0.0,11.61,6.34,0.0
20141224:0610,0.0,0.0,0.0,11.09,5.66,0.0
20141224:0710,0.0,0.0,0.0,11.09,5.24,0.0
20141224:0810,0.0,0.0,0.0,10.55,4.41,0.0
20141224:0910,13.88,28.74,6.4,9.49,4.34,0.0
20141224:1010,92.28,122.27,11.33,9.49,4.21,0.0
20141224:1110,500.57,581.78,14.3,8.43,4.34,0.0
20141224:1210,517.63,599.0,15.03,7.9,4.76,0.0
20141224:1310,47.43,70.4,13.47,7.37,4.97,0.0
20141224:1410,22.43,39.87,9.75,7.37,5.03,0.0
20141224:1510,71.23,98.49,4.19,7.37,4.41,0.0
20141224:1610,0.0,0.0,0.0,6.31,3.93,0.0
20141224:1710,0.0,0.0,0.0,5.78,3.93,0.0
20141224:1810,0.0,0.0,0.0,5.25,3.79,0.0
20141224:1910,0.0,0.0,0.0,4.72,4.07,0.0
20141224:2010,0.0,0.0,0.0,4.72,3.93,0.0
20141224:2110,0.0,0.0,0.0,4.19,3.93,0.0
20141224:2210,0.0,0.0,0.0,4.19,4.0,0.0
20141224:2310,0.0,0.0,0.0,4.19,4.0,0.0
20141225:0010,0.0,0.0,0.0,4.19,4.0,0.0
20141225:0110,0.0,0.0,0.0,3.66,3.86,0.0
20141225:0210,0.0,0.0,0.0,3.66,3.79,0.0
20141225:0310,0.0,0.0,0.0,3.66,3.66,0.0
20141225:0410,0.0,0.0,0.0,3.13,3.59,0.0
20141225:0510,0.0,0.0,0.0,3.13,3.45,0.0
20141225:0610,0.0,0.0,0.0,2.6,3.45,0.0
20141225:0710,0.0,0.0,0.0,2.6,3.66,0.0
20141225:0810,0.0,0.0,0.0,2.6,3.59,0.0
20141225:0910,242.48,284.38,6.37,3.13,3.38,0.0
20141225:1010,403.73,462.47,11.32,4.19,3.52,0.0
20141225:1110,524.65,603.18,14.3,5.25,3.79,0.0
20141225:1210,470.73,541.87,15.06,6.31,4.14,0.0
20141225:1310,425.41,490.84,13.51,6.84,4.21,0.0
20141225:1410,382.1,443.1,9.81,6.84,4.0,0.0
20141225:1510,184.3,225.63,4.26,6.31,3.66,0.0
20141225:1610,0.0,0.0,0.0,5.25,3.52,0.0
20141225:1710,0.0,0.0,0.0,4.19,3.24,0.0
20141225:1810,0.0,0.0,0.0,3.66,3.03,0.0
20141225:1910,0.0,0.0,0.0,3.13,2.76,0.0
20141225:2010,0.0,0.0,0.0,2.6,2.76,0.0
20141225:2110,0.0,0.0,0.0,2.07,2.69,0.0
20141225:2210,0.0,0.0,0.0,1.01,2.69,0.0
20141225:2310,0.0,0.0,0.0,1.01,2.62,0.0
20141226:0010,0.0,0.0,0.0,0.48,2.55,0.0
20141226:0110,0.0,0.0,0.0,-0.04,2.41,0.0
20141226:0210,0.0,0.0,0.0,-0.57,2.34,0.0
20141226:0310,0.0,0.0,0.0,-0.57,2.14,0.0
20141226:0410,0.0,0.0,0.0,-1.1,1.93,0.0
20141226:0510,0.0,0.0,0.0,-0.57,1.52,0.0
20141226:0610,0.0,0.0,0.0,-0.57,1.59,0.0
20141226:0710,0.0,0.0,0.0,-0.57,1.52,0.0
20141226:0810,0.0,0.0,0.0,-0.04,1.45,0.0
20141226:0910,46.8,67.68,6.35,-0.04,1.31,0.0
20141226:1010,96.57,123.29,11.32,1.01,1.45,0.0
20141226:1110,142.87,174.24,14.32,2.07,1.66,0.0
20141226:1210,175.68,210.49,15.09,3.13,2.0,0.0
20141226:1310,83.11,109.84,13.56,3.66,2.21,0.0
20141226:1410,25.72,43.57,9.87,4.19,2.21,0.0
20141226:1510,90.81,119.53,4.34,4.19,2.55,0.0
20141226:1610,0.0,0.0,0.0,4.19,2.9,0.0
20141226:1710,0.0,0.0,0.0,4.19,3.59,0.0
20141226:1810,0.0,0.0,0.0,4.19,4.48,0.0
20141226:1910,0.0,0.0,0.0,4.72,5.59,0.0
20141226:2010,0.0,0.0,0.0,5.78,5.38,0.0
20141226:2110,0.0,0.0,0.0,6.84,4.62,0.0
20141226:2210,0.0,0.0,0.0,7.37,4.28,0.0
20141226:2310,0.0,0.0,0.0,8.43,5.17,0.0
20141227:0010,0.0,0.0,0.0,8.43,5.86,0.0
20141227:0110,0.0,0.0,0.0,6.84,7.31,0.0
20141227:0210,0.0,0.0,0.0,3.13,8.07,0.0
20141227:0310,0.0,0.0,0.0,2.07,9.31,0.0
20141227:0410,0.0,0.0,0.0,2.07,9.93,0.0
20141227:0510,0.0,0.0,0.0,2.07,9.93,0.0
20141227:0610,0.0,0.0,0.0,2.07,9.17,0.0
20141227:0710,0.0,0.0,0.0,2.6,8.07,0.0
20141227:0810,0.0,0.0,0.0,2.6,7.31,0.0
20141227:0910,41.27,61.76,6.34,2.6,6.28,0.0
20141227:1010,85.85,111.78,11.32,2.6,5.38,0.0
20141227:1110,101.31,128.76,14.34,2.6,6.55,0.0
20141227:1210,58.77,82.26,15.13,3.13,6.21,0.0
20141227:1310,21.47,38.01,13.62,3.13,5.93,0.0
20141227:1410,22.87,39.87,9.95,3.66,5.79,0.0
20141227:1510,0.0,4.64,4.42,3.13,4.34,0.0
20141227:1610,0.0,0.0,0.0,2.6,3.66,0.0
20141227:1710,0.0,0.0,0.0,1.54,3.59,0.0
20141227:1810,0.0,0.0,0.0,1.01,4.07,0.0
20141227:1910,0.0,0.0,0.0,0.48,4.07,0.0
20141227:2010,0.0,0.0,0.0,0.48,4.14,0.0
20141227:2110,0.0,0.0,0.0,1.01,4.76,0.0
20141227:2210,0.0,0.0,0.0,1.01,4.34,0.0
20141227:2310,0.0,0.0,0.0,1.54,4.34,0.0
20141228:0010,0.0,0.0,0.0,1.54,4.21,0.0
20141228:0110,0.0,0.0,0.0,1.01,4.21,0.0
20141228:0210,0.0,0.0,0.0,1.01,4.21,0.0
20141228:0310,0.0,0.0,0.0,1.01,4.14,0.0
20141228:0410,0.0,0.0,0.0,1.54,4.28,0.0
20141228:0510,0.0,0.0,0.0,1.54,4.55,0.0
20141228:0610,0.0,0.0,0.0,1.54,4.62,0.0
20141228:0710,0.0,0.0,0.0,1.54,4.83,0.0
20141228:0810,0.0,0.0,0.0,1.01,4.55,0.0
20141228:0910,229.63,267.29,6.34,1.01,4.14,0.0
20141228:1010,190.95,224.73,11.33,2.07,3.93,0.0
20141228:1110,522.34,597.32,14.37,3.13,3.1,0.0
20141228:1210,519.36,596.54,15.18,4.19,3.17,0.0
20141228:1310,459.52,530.39,13.68,5.25,2.9,0.0
20141228:1410,363.66,422.28,10.02,5.25,2.41,0.0
20141228:1510,171.33,209.73,4.51,4.19,2.0,0.0
20141228:1610,0.0,0.0,0.0,2.6,2.41,0.0
20141228:1710,0.0,0.0,0.0,1.54,2.62,0.0
20141228:1810,0.0,0.0,0.0,0.48,2.69,0.0
20141228:1910,0.0,0.0,0.0,-0.57,2.34,0.0
20141228:2010,0.0,0.0,0.0,-1.1,2.07,0.0
20141228:2110,0.0,0.0,0.0,-2.16,2.07,0.0
20141228:2210,0.0,0.0,0.0,-2.69,2.34,0.0
20141228:2310,0.0,0.0,0.0,-2.69,2.62,0.0
20141229:0010,0.0,0.0,0.0,-2.16,2.69,0.0
20141229:0110,0.0,0.0,0.0,-2.16,2.69,0.0
20141229:0210,0.0,0.0,0.0,-2.16,2.76,0.0
20141229:0310,0.0,0.0,0.0,-1.63,2.83,0.0
20141229:0410,0.0,0.0,0.0,-1.63,2.9,0.0
20141229:0510,0.0,0.0,0.0,-1.63,2.97,0.0
20141229:0610,0.0,0.0,0.0,-1.1,3.03,0.0
20141229:0710,0.0,0.0,0.0,-1.1,3.38,0.0
20141229:0810,0.0,0.0,0.0,-1.1,3.24,0.0
20141229:0910,230.75,266.85,6.34,-1.1,3.1,0.0
20141229:1010,408.49,462.0,11.35,0.48,2.76,0.0
20141229:1110,541.82,617.11,14.41,2.07,3.1,0.0
20141229:1210,553.57,633.4,15.23,3.13,3.24,0.0
20141229:1310,505.88,578.99,13.76,3.66,3.24,0.0
20141229:1410,374.09,430.26,10.11,4.19,3.17,0.0
20141229:1510,160.03,196.24,4.61,3.66,2.62,0.0
20141229:1610,0.0,0.0,0.0,2.07,2.48,0.0
20141229:1710,0.0,0.0,0.0,1.01,2.34,0.0
20141229:1810,0.0,0.0,0.0,-0.04,2.28,0.0
20141229:1910,0.0,0.0,0.0,-1.1,2.21,0.0
20141229:2010,0.0,0.0,0.0,-1.1,2.28,0.0
20141229:2110,0.0,0.0,0.0,-1.63,2.28,0.0
20141229:2210,0.0,0.0,0.0,-2.16,2.28,0.0
20141229:2310,0.0,0.0,0.0,-2.16,2.28,0.0
20141230:0010,0.0,0.0,0.0,-2.69,2.21,0.0
20141230:0110,0.0,0.0,0.0,-2.69,2.34,0.0
20141230:0210,0.0,0.0,0.0,-2.69,2.41,0.0
20141230:0310,0.0,0.0,0.0,-2.69,2.21,0.0
20141230:0410,0.0,0.0,0.0,-3.22,2.28,0.0
20141230:0510,0.0,0.0,0.0,-3.22,2.14,0.0
20141230:0610,0.0,0.0,0.0,-3.22,2.14,0.0
20141230:0710,0.0,0.0,0.0,-3.22,2.41,0.0
20141230:0810,0.0,0.0,0.0,-2.69,2.28,0.0
20141230:0910,221.64,256.47,6.35,-2.16,2.34,0.0
20141230:1010,390.44,442.36,11.38,-0.04,2.14,0.0
20141230:1110,522.32,597.64,14.45,2.07,2.41,0.0
20141230:1210,526.55,606.1,15.3,3.13,2.34,0.0
20141230:1310,463.5,533.17,13.83,3.66,2.34,0.0
20141230:1410,55.49,78.6,10.2,3.66,2.34,0.0
20141230:1510,64.86,89.76,4.71,3.66,2.41,0.0
20141230:1610,0.0,0.0,0.0,2.6,2.55,0.0
20141230:1710,0.0,0.0,0.0,1.01,2.62,0.0
20141230:1810,0.0,0.0,0.0,0.48,2.62,0.0
20141230:1910,0.0,0.0,0.0,0.48,2.69,0.0
20141230:2010,0.0,0.0,0.0,-0.57,2.62,0.0
20141230:2110,0.0,0.0,0.0,-1.1,2.55,0.0
20141230:2210,0.0,0.0,0.0,-1.1,2.48,0.0
20141230:2310,0.0,0.0,0.0,-1.63,2.34,0.0
20141231:0010,0.0,0.0,0.0,-2.16,2.41,0.0
20141231:0110,0.0,0.0,0.0,-2.16,2.34,0.0
20141231:0210,0.0,0.0,0.0,-2.16,2.41,0.0
20141231:0310,0.0,0.0,0.0,-2.69,2.34,0.0
20141231:0410,0.0,0.0,0.0,-2.16,2.48,0.0
20141231:0510,0.0,0.0,0.0,-1.63,2.55,0.0
20141231:0610,0.0,0.0,0.0,-1.63,2.69,0.0
20141231:0710,0.0,0.0,0.0,-1.1,2.9,0.0
20141231:0810,0.0,0.0,0.0,-0.57,2.97,0.0
20141231:0910,194.73,230.1,6.37,1.01,3.03,0.0
20141231:1010,56.88,79.88,11.41,2.6,3.31,0.0
20141231:1110,86.54,113.53,14.5,3.66,3.38,0.0
20141231:1210,440.91,506.64,15.37,4.72,3.1,0.0
20141231:1310,222.78,262.79,13.92,5.25,3.45,0.0
20141231:1410,116.46,146.78,10.3,5.25,3.79,0.0
20141231:1510,26.76,45.02,4.82,5.25,3.72,0.0
20141231:1610,0.0,0.0,0.0,4.72,3.86,0.0
20141231:1710,0.0,0.0,0.0,4.19,4.07,0.0
20141231:1810,0.0,0.0,0.0,4.19,4.21,0.0
20141231:1910,0.0,0.0,0.0,4.72,4.34,0.0
20141231:2010,0.0,0.0,0.0,5.25,4.41,0.0
20141231:2110,0.0,0.0,0.0,5.25,4.41,0.0
20141231:2210,0.0,0.0,0.0,4.72,4.48,0.0
20141231:2310,0.0,0.0,0.0,4.72,4.48,0.0

P: PV system power (W)
G(i): Global irradiance on the inclined plane (plane of the array) (W/m2)
H_sun: Sun height (degree)
T2m: 2-m air temperature (degree Celsius)
WS10m: 10-m total wind speed (m/s)
Int: 1 means solar radiation values are reconstructed



PVGIS (c) European Union, 2001-2026