Latitude (decimal degrees):	51.507
Longitude (decimal degrees):	-0.128
Elevation (m):	19
Radiation database:	PVGIS-SARAH2


Slope: 35 deg. 
Azimuth: 0 deg. 
Nominal power of the PV system (c-Si) (kWp):	1.0
System losses (%):	14.0
time,P,G(i),H_sun,T2m,WS10m,Int
20120101:0010,0.0,0.0,0.0,11.09,5.03,0.0
20120101:0110,0.0,0.0,0.0,11.09,5.1,0.0
20120101:0210,0.0,0.0,0.0,11.09,5.1,0.0
20120101:0310,0.0,0.0,0.0,11.61,5.03,0.0
20120101:0410,0.0,0.0,0.0,11.61,5.03,0.0
20120101:0510,0.0,0.0,0.0,11.09,4.97,0.0
20120101:0610,0.0,0.0,0.0,11.09,4.97,0.0
20120101:0710,0.0,0.0,0.0,11.09,4.62,0.0
20120101:0810,0.0,0.0,0.0,11.09,4.69,0.0
20120101:0910,92.38,123.55,6.4,11.09,4.83,0.0
20120101:1010,91.83,122.45,11.47,11.09,5.45,0.0
20120101:1110,55.62,81.39,14.58,11.61,5.45,0.0
20120101:1210,57.85,84.06,15.47,11.61,4.97,0.0
20120101:1310,40.31,63.04,14.04,11.61,4.9,0.0
20120101:1410,25.5,44.5,10.44,11.61,4.28,0.0
20120101:1510,19.86,37.05,4.96,11.09,3.59,0.0
20120101:1610,0.0,0.0,0.0,10.55,3.45,0.0
20120101:1710,0.0,0.0,0.0,10.55,3.93,0.0
20120101:1810,0.0,0.0,0.0,10.02,3.66,0.0
20120101:1910,0.0,0.0,0.0,10.02,4.55,0.0
20120101:2010,0.0,0.0,0.0,9.49,4.34,0.0
20120101:2110,0.0,0.0,0.0,8.96,4.83,0.0
20120101:2210,0.0,0.0,0.0,7.9,4.9,0.0
20120101:2310,0.0,0.0,0.0,6.84,4.34,0.0
20120102:0010,0.0,0.0,0.0,6.84,3.93,0.0
20120102:0110,0.0,0.0,0.0,5.78,3.79,0.0
20120102:0210,0.0,0.0,0.0,5.25,3.52,0.0
20120102:0310,0.0,0.0,0.0,4.72,3.38,0.0
20120102:0410,0.0,0.0,0.0,4.72,3.31,0.0
20120102:0510,0.0,0.0,0.0,4.19,3.52,0.0
20120102:0610,0.0,0.0,0.0,4.72,3.93,0.0
20120102:0710,0.0,0.0,0.0,4.19,3.86,0.0
20120102:0810,0.0,0.0,0.0,4.19,4.14,0.0
20120102:0910,251.97,295.44,6.43,4.19,4.62,0.0
20120102:1010,434.8,496.16,11.52,4.72,4.76,0.0
20120102:1110,531.47,610.37,14.65,5.78,4.41,0.0
20120102:1210,567.02,650.51,15.56,6.31,5.31,0.0
20120102:1310,520.26,595.77,14.14,6.84,5.93,0.0
20120102:1410,405.46,466.89,10.55,6.84,5.38,0.0
20120102:1510,178.07,217.74,5.08,6.84,5.17,0.0
20120102:1610,0.0,0.0,0.0,6.31,5.03,0.0
20120102:1710,0.0,0.0,0.0,5.25,4.97,0.0
20120102:1810,0.0,0.0,0.0,4.72,4.97,0.0
20120102:1910,0.0,0.0,0.0,4.72,5.1,0.0
20120102:2010,0.0,0.0,0.0,4.72,4.83,0.0
20120102:2110,0.0,0.0,0.0,4.72,4.76,0.0
20120102:2210,0.0,0.0,0.0,4.72,4.69,0.0
20120102:2310,0.0,0.0,0.0,5.25,4.55,0.0
20120103:0010,0.0,0.0,0.0,5.25,4.69,0.0
20120103:0110,0.0,0.0,0.0,6.31,5.24,0.0
20120103:0210,0.0,0.0,0.0,6.84,6.28,0.0
20120103:0310,0.0,0.0,0.0,7.9,7.93,0.0
20120103:0410,0.0,0.0,0.0,8.43,9.03,0.0
20120103:0510,0.0,0.0,0.0,8.96,9.79,0.0
20120103:0610,0.0,0.0,0.0,10.02,10.21,0.0
20120103:0710,0.0,0.0,0.0,10.55,10.62,0.0
20120103:0810,0.0,0.0,0.0,11.09,10.76,0.0
20120103:0910,0.31,6.49,6.47,11.61,11.1,0.0
20120103:1010,32.14,52.85,11.58,11.61,11.31,0.0
20120103:1110,21.27,38.94,14.73,11.61,11.66,0.0
20120103:1210,8.01,20.4,15.65,11.61,10.48,0.0
20120103:1310,40.03,62.12,14.25,9.49,8.14,0.0
20120103:1410,51.14,74.67,10.67,7.9,8.0,0.0
20120103:1510,189.81,230.65,5.21,7.9,9.03,0.0
20120103:1610,0.0,0.0,0.0,7.37,8.34,0.0
20120103:1710,0.0,0.0,0.0,6.84,7.79,0.0
20120103:1810,0.0,0.0,0.0,6.31,7.31,0.0
20120103:1910,0.0,0.0,0.0,6.31,6.62,0.0
20120103:2010,0.0,0.0,0.0,6.31,6.41,0.0
20120103:2110,0.0,0.0,0.0,5.78,6.48,0.0
20120103:2210,0.0,0.0,0.0,5.78,6.76,0.0
20120103:2310,0.0,0.0,0.0,5.78,7.1,0.0
20120104:0010,0.0,0.0,0.0,6.31,7.1,0.0
20120104:0110,0.0,0.0,0.0,6.31,7.1,0.0
20120104:0210,0.0,0.0,0.0,5.78,6.9,0.0
20120104:0310,0.0,0.0,0.0,5.25,6.76,0.0
20120104:0410,0.0,0.0,0.0,4.72,6.62,0.0
20120104:0510,0.0,0.0,0.0,4.72,6.41,0.0
20120104:0610,0.0,0.0,0.0,4.72,6.14,0.0
20120104:0710,0.0,0.0,0.0,4.72,6.14,0.0
20120104:0810,0.0,0.0,0.0,4.72,5.66,0.0
20120104:0910,278.05,325.12,6.52,5.25,5.59,0.0
20120104:1010,137.78,170.09,11.64,5.78,5.45,0.0
20120104:1110,202.4,241.19,14.81,6.84,5.66,0.0
20120104:1210,374.65,431.62,15.75,6.84,5.03,0.0
20120104:1310,26.88,45.43,14.37,6.84,4.76,0.0
20120104:1410,61.72,86.71,10.8,7.37,6.28,0.0
20120104:1510,27.51,46.35,5.35,7.9,6.21,0.0
20120104:1610,0.0,0.0,0.0,7.9,6.55,0.0
20120104:1710,0.0,0.0,0.0,7.9,7.45,0.0
20120104:1810,0.0,0.0,0.0,7.9,7.86,0.0
20120104:1910,0.0,0.0,0.0,7.9,8.48,0.0
20120104:2010,0.0,0.0,0.0,7.9,8.83,0.0
20120104:2110,0.0,0.0,0.0,7.37,9.03,0.0
20120104:2210,0.0,0.0,0.0,7.37,9.45,0.0
20120104:2310,0.0,0.0,0.0,7.37,9.93,0.0
20120105:0010,0.0,0.0,0.0,7.9,10.28,0.0
20120105:0110,0.0,0.0,0.0,8.43,10.28,0.0
20120105:0210,0.0,0.0,0.0,9.49,10.21,0.0
20120105:0310,0.0,0.0,0.0,10.02,9.93,0.0
20120105:0410,0.0,0.0,0.0,10.02,9.59,0.0
20120105:0510,0.0,0.0,0.0,10.55,9.38,0.0
20120105:0610,0.0,0.0,0.0,10.55,8.9,0.0
20120105:0710,0.0,0.0,0.0,10.02,9.72,0.0
20120105:0810,0.0,0.0,0.0,9.49,9.24,0.0
20120105:0910,265.22,313.52,6.58,8.43,8.76,0.0
20120105:1010,339.35,392.06,11.71,8.43,8.55,0.0
20120105:1110,518.71,594.39,14.9,7.9,7.03,0.0
20120105:1210,126.26,159.26,15.86,8.43,8.34,0.0
20120105:1310,278.09,323.96,14.5,7.9,7.72,0.0
20120105:1410,89.97,118.49,10.94,7.9,9.52,0.0
20120105:1510,224.92,269.55,5.49,7.9,8.62,0.0
20120105:1610,0.0,0.0,0.0,7.9,7.93,0.0
20120105:1710,0.0,0.0,0.0,7.37,7.66,0.0
20120105:1810,0.0,0.0,0.0,7.37,7.45,0.0
20120105:1910,0.0,0.0,0.0,6.84,6.69,0.0
20120105:2010,0.0,0.0,0.0,6.31,6.21,0.0
20120105:2110,0.0,0.0,0.0,6.31,6.07,0.0
20120105:2210,0.0,0.0,0.0,6.31,6.07,0.0
20120105:2310,0.0,0.0,0.0,6.31,6.14,0.0
20120106:0010,0.0,0.0,0.0,6.31,5.93,0.0
20120106:0110,0.0,0.0,0.0,5.78,5.72,0.0
20120106:0210,0.0,0.0,0.0,5.78,5.38,0.0
20120106:0310,0.0,0.0,0.0,5.25,5.1,0.0
20120106:0410,0.0,0.0,0.0,4.72,4.83,0.0
20120106:0510,0.0,0.0,0.0,4.19,4.48,0.0
20120106:0610,0.0,0.0,0.0,4.19,4.14,0.0
20120106:0710,0.0,0.0,0.0,3.66,3.59,0.0
20120106:0810,0.0,0.0,0.0,3.13,3.1,0.0
20120106:0910,164.11,198.75,6.64,3.13,2.9,0.0
20120106:1010,346.4,399.78,11.8,4.19,2.55,0.0
20120106:1110,493.76,570.06,15.0,5.78,3.38,0.0
20120106:1210,486.31,562.09,15.98,6.84,3.93,0.0
20120106:1310,398.99,460.44,14.63,6.84,4.28,0.0
20120106:1410,373.05,432.29,11.08,6.84,4.07,0.0
20120106:1510,229.55,275.79,5.64,6.84,3.66,0.0
20120106:1610,0.0,0.0,0.0,6.31,3.17,0.0
20120106:1710,0.0,0.0,0.0,5.78,3.38,0.0
20120106:1810,0.0,0.0,0.0,6.31,3.86,0.0
20120106:1910,0.0,0.0,0.0,6.84,4.14,0.0
20120106:2010,0.0,0.0,0.0,7.37,4.48,0.0
20120106:2110,0.0,0.0,0.0,7.37,4.62,0.0
20120106:2210,0.0,0.0,0.0,7.9,4.69,0.0
20120106:2310,0.0,0.0,0.0,8.43,4.9,0.0
20120107:0010,0.0,0.0,0.0,8.96,5.03,0.0
20120107:0110,0.0,0.0,0.0,8.96,5.31,0.0
20120107:0210,0.0,0.0,0.0,9.49,5.52,0.0
20120107:0310,0.0,0.0,0.0,10.02,5.52,0.0
20120107:0410,0.0,0.0,0.0,9.49,5.52,0.0
20120107:0510,0.0,0.0,0.0,10.02,5.59,0.0
20120107:0610,0.0,0.0,0.0,10.02,5.52,0.0
20120107:0710,0.0,0.0,0.0,9.49,5.52,0.0
20120107:0810,0.0,0.0,0.0,8.96,5.03,0.0
20120107:0910,86.6,115.68,6.71,8.43,4.97,0.0
20120107:1010,143.88,178.4,11.88,7.9,5.03,0.0
20120107:1110,208.23,249.09,15.11,7.9,4.83,0.0
20120107:1210,249.18,294.4,16.11,8.43,5.45,0.0
20120107:1310,138.89,173.39,14.77,8.43,5.45,0.0
20120107:1410,30.35,50.06,11.23,8.43,4.83,0.0
20120107:1510,202.02,245.23,5.79,7.9,4.83,0.0
20120107:1610,0.0,0.0,0.0,7.37,4.48,0.0
20120107:1710,0.0,0.0,0.0,6.84,4.34,0.0
20120107:1810,0.0,0.0,0.0,6.84,4.21,0.0
20120107:1910,0.0,0.0,0.0,6.84,4.41,0.0
20120107:2010,0.0,0.0,0.0,6.84,4.28,0.0
20120107:2110,0.0,0.0,0.0,6.31,4.07,0.0
20120107:2210,0.0,0.0,0.0,6.31,3.86,0.0
20120107:2310,0.0,0.0,0.0,5.78,3.86,0.0
20120108:0010,0.0,0.0,0.0,5.25,3.72,0.0
20120108:0110,0.0,0.0,0.0,4.72,3.66,0.0
20120108:0210,0.0,0.0,0.0,4.72,4.14,0.0
20120108:0310,0.0,0.0,0.0,4.72,3.72,0.0
20120108:0410,0.0,0.0,0.0,4.19,3.72,0.0
20120108:0510,0.0,0.0,0.0,4.19,3.66,0.0
20120108:0610,0.0,0.0,0.0,4.19,3.59,0.0
20120108:0710,0.0,0.0,0.0,5.25,3.52,0.0
20120108:0810,0.0,0.0,0.0,4.72,3.38,0.0
20120108:0910,21.04,37.75,6.78,5.25,3.24,0.0
20120108:1010,27.74,46.36,11.98,5.78,2.83,0.0
20120108:1110,38.16,59.33,15.23,6.84,3.52,0.0
20120108:1210,37.32,58.41,16.24,7.37,4.41,0.0
20120108:1310,52.53,76.62,14.91,7.9,4.21,0.0
20120108:1410,67.48,93.61,11.38,7.9,4.07,0.0
20120108:1510,86.46,115.79,5.95,7.9,2.97,0.0
20120108:1610,0.0,0.0,0.0,7.37,2.28,0.0
20120108:1710,0.0,0.0,0.0,6.84,2.14,0.0
20120108:1810,0.0,0.0,0.0,6.31,2.48,0.0
20120108:1910,0.0,0.0,0.0,7.37,2.9,0.0
20120108:2010,0.0,0.0,0.0,7.9,2.97,0.0
20120108:2110,0.0,0.0,0.0,8.43,2.9,0.0
20120108:2210,0.0,0.0,0.0,7.9,2.97,0.0
20120108:2310,0.0,0.0,0.0,7.9,3.24,0.0
20120109:0010,0.0,0.0,0.0,7.9,3.45,0.0
20120109:0110,0.0,0.0,0.0,7.37,3.66,0.0
20120109:0210,0.0,0.0,0.0,7.37,3.66,0.0
20120109:0310,0.0,0.0,0.0,7.37,3.59,0.0
20120109:0410,0.0,0.0,0.0,7.37,3.38,0.0
20120109:0510,0.0,0.0,0.0,7.37,3.38,0.0
20120109:0610,0.0,0.0,0.0,7.37,3.52,0.0
20120109:0710,0.0,0.0,0.0,6.84,3.52,0.0
20120109:0810,0.0,0.0,0.0,6.84,3.72,0.0
20120109:0910,32.97,53.08,6.87,7.9,3.86,0.0
20120109:1010,26.58,45.43,12.08,8.96,4.07,0.0
20120109:1110,20.05,37.08,15.35,9.49,4.07,0.0
20120109:1210,169.67,209.04,16.38,10.55,5.86,0.0
20120109:1310,481.24,564.84,15.07,10.55,4.34,0.0
20120109:1410,21.35,38.94,11.54,10.55,4.21,0.0
20120109:1510,41.71,64.39,6.12,10.55,3.72,0.0
20120109:1610,0.0,0.0,0.0,10.55,3.45,0.0
20120109:1710,0.0,0.0,0.0,10.02,3.1,0.0
20120109:1810,0.0,0.0,0.0,10.02,2.69,0.0
20120109:1910,0.0,0.0,0.0,10.02,2.69,0.0
20120109:2010,0.0,0.0,0.0,9.49,2.34,0.0
20120109:2110,0.0,0.0,0.0,9.49,2.07,0.0
20120109:2210,0.0,0.0,0.0,8.96,1.93,0.0
20120109:2310,0.0,0.0,0.0,8.43,2.21,0.0
20120110:0010,0.0,0.0,0.0,7.9,2.34,0.0
20120110:0110,0.0,0.0,0.0,7.9,2.28,0.0
20120110:0210,0.0,0.0,0.0,8.43,2.28,0.0
20120110:0310,0.0,0.0,0.0,8.96,2.28,0.0
20120110:0410,0.0,0.0,0.0,8.96,2.48,0.0
20120110:0510,0.0,0.0,0.0,8.96,2.76,0.0
20120110:0610,0.0,0.0,0.0,8.96,2.83,0.0
20120110:0710,0.0,0.0,0.0,8.43,2.97,0.0
20120110:0810,0.0,0.0,0.0,8.43,3.1,0.0
20120110:0910,96.22,127.07,6.96,8.96,3.38,0.0
20120110:1010,87.36,116.71,12.19,8.96,3.59,0.0
20120110:1110,373.33,436.86,15.48,9.49,4.21,0.0
20120110:1210,36.07,57.48,16.52,10.02,4.62,0.0
20120110:1310,54.27,79.36,15.22,10.02,3.79,0.0
20120110:1410,53.59,78.39,11.71,10.02,3.38,0.0
20120110:1510,24.3,42.66,6.29,10.02,3.03,0.0
20120110:1610,0.0,0.0,0.0,9.49,2.97,0.0
20120110:1710,0.0,0.0,0.0,9.49,3.31,0.0
20120110:1810,0.0,0.0,0.0,9.49,3.59,0.0
20120110:1910,0.0,0.0,0.0,8.96,3.31,0.0
20120110:2010,0.0,0.0,0.0,8.43,3.38,0.0
20120110:2110,0.0,0.0,0.0,7.9,3.38,0.0
20120110:2210,0.0,0.0,0.0,7.37,3.31,0.0
20120110:2310,0.0,0.0,0.0,7.37,3.31,0.0
20120111:0010,0.0,0.0,0.0,6.84,3.31,0.0
20120111:0110,0.0,0.0,0.0,6.84,3.45,0.0
20120111:0210,0.0,0.0,0.0,7.37,3.59,0.0
20120111:0310,0.0,0.0,0.0,7.37,3.59,0.0
20120111:0410,0.0,0.0,0.0,7.37,3.72,0.0
20120111:0510,0.0,0.0,0.0,7.37,3.52,0.0
20120111:0610,0.0,0.0,0.0,7.37,3.45,0.0
20120111:0710,0.0,0.0,0.0,7.37,2.97,0.0
20120111:0810,0.0,0.0,0.0,7.37,2.97,0.0
20120111:0910,184.91,226.21,7.05,7.9,2.83,0.0
20120111:1010,419.06,492.12,12.31,8.43,2.69,0.0
20120111:1110,541.16,636.32,15.61,8.96,3.31,0.0
20120111:1210,568.77,666.22,16.68,9.49,4.41,0.0
20120111:1310,248.1,296.25,15.39,10.02,4.07,0.0
20120111:1410,33.06,53.77,11.88,10.02,3.59,0.0
20120111:1510,24.83,43.33,6.47,10.02,2.97,0.0
20120111:1610,0.0,0.0,0.0,10.02,2.83,0.0
20120111:1710,0.0,0.0,0.0,9.49,3.03,0.0
20120111:1810,0.0,0.0,0.0,9.49,3.1,0.0
20120111:1910,0.0,0.0,0.0,8.96,3.38,0.0
20120111:2010,0.0,0.0,0.0,8.43,3.31,0.0
20120111:2110,0.0,0.0,0.0,7.9,3.66,0.0
20120111:2210,0.0,0.0,0.0,7.37,3.86,0.0
20120111:2310,0.0,0.0,0.0,6.84,4.07,0.0
20120112:0010,0.0,0.0,0.0,6.84,4.28,0.0
20120112:0110,0.0,0.0,0.0,7.37,4.48,0.0
20120112:0210,0.0,0.0,0.0,7.37,4.55,0.0
20120112:0310,0.0,0.0,0.0,6.84,4.69,0.0
20120112:0410,0.0,0.0,0.0,7.37,4.55,0.0
20120112:0510,0.0,0.0,0.0,7.37,5.03,0.0
20120112:0610,0.0,0.0,0.0,7.37,5.52,0.0
20120112:0710,0.0,0.0,0.0,8.43,5.66,0.0
20120112:0810,0.0,0.0,0.0,8.43,5.79,0.0
20120112:0910,188.57,229.94,7.16,8.96,5.86,0.0
20120112:1010,63.11,89.21,12.43,9.49,5.59,0.0
20120112:1110,193.3,235.09,15.76,10.02,4.55,0.0
20120112:1210,516.45,606.1,16.84,10.55,4.55,0.0
20120112:1310,19.19,36.16,15.56,11.09,4.62,0.0
20120112:1410,355.1,418.96,12.06,11.61,5.31,0.0
20120112:1510,228.73,277.69,6.65,10.55,5.17,0.0
20120112:1610,0.0,0.0,0.0,9.49,4.55,0.0
20120112:1710,0.0,0.0,0.0,8.43,3.93,0.0
20120112:1810,0.0,0.0,0.0,6.84,3.38,0.0
20120112:1910,0.0,0.0,0.0,6.84,3.17,0.0
20120112:2010,0.0,0.0,0.0,6.31,3.03,0.0
20120112:2110,0.0,0.0,0.0,5.25,2.83,0.0
20120112:2210,0.0,0.0,0.0,4.19,2.76,0.0
20120112:2310,0.0,0.0,0.0,3.66,2.76,0.0
20120113:0010,0.0,0.0,0.0,2.6,2.69,0.0
20120113:0110,0.0,0.0,0.0,2.07,2.76,0.0
20120113:0210,0.0,0.0,0.0,2.07,2.69,0.0
20120113:0310,0.0,0.0,0.0,1.54,2.62,0.0
20120113:0410,0.0,0.0,0.0,1.54,2.62,0.0
20120113:0510,0.0,0.0,0.0,1.01,2.62,0.0
20120113:0610,0.0,0.0,0.0,1.01,2.62,0.0
20120113:0710,0.0,0.0,0.0,0.48,2.48,0.0
20120113:0810,0.0,0.0,0.0,0.48,2.41,0.0
20120113:0910,267.12,309.79,7.27,0.48,2.14,0.0
20120113:1010,131.04,161.96,12.56,3.13,2.07,0.0
20120113:1110,276.98,322.24,15.91,4.19,2.41,0.0
20120113:1210,541.74,628.86,17.0,4.72,2.41,0.0
20120113:1310,390.38,452.12,15.74,5.25,2.34,0.0
20120113:1410,245.89,289.39,12.25,5.25,2.41,0.0
20120113:1510,229.53,274.84,6.84,5.25,1.79,0.0
20120113:1610,0.0,0.0,0.0,4.19,1.45,0.0
20120113:1710,0.0,0.0,0.0,2.6,1.72,0.0
20120113:1810,0.0,0.0,0.0,1.01,1.93,0.0
20120113:1910,0.0,0.0,0.0,-0.04,2.0,0.0
20120113:2010,0.0,0.0,0.0,-0.57,1.93,0.0
20120113:2110,0.0,0.0,0.0,-1.1,1.79,0.0
20120113:2210,0.0,0.0,0.0,-1.1,1.72,0.0
20120113:2310,0.0,0.0,0.0,-1.1,1.59,0.0
20120114:0010,0.0,0.0,0.0,-1.1,1.45,0.0
20120114:0110,0.0,0.0,0.0,-1.63,1.38,0.0
20120114:0210,0.0,0.0,0.0,-2.16,1.52,0.0
20120114:0310,0.0,0.0,0.0,-2.16,1.59,0.0
20120114:0410,0.0,0.0,0.0,-2.69,1.59,0.0
20120114:0510,0.0,0.0,0.0,-2.69,1.66,0.0
20120114:0610,0.0,0.0,0.0,-2.69,1.59,0.0
20120114:0710,0.0,0.0,0.0,-2.69,0.9,0.0
20120114:0810,0.0,0.0,0.0,-2.16,1.17,0.0
20120114:0910,251.32,291.05,7.39,-1.63,1.1,0.0
20120114:1010,428.84,487.51,12.7,-1.1,1.17,0.0
20120114:1110,538.42,617.31,16.06,-0.57,1.17,0.0
20120114:1210,583.5,675.71,17.18,0.48,1.17,0.0
20120114:1310,528.36,610.45,15.93,1.01,1.1,0.0
20120114:1410,434.24,500.04,12.44,1.54,1.17,0.0
20120114:1510,259.99,304.72,7.03,1.54,1.45,0.0
20120114:1610,0.0,0.0,0.0,1.01,1.79,0.0
20120114:1710,0.0,0.0,0.0,1.01,2.14,0.0
20120114:1810,0.0,0.0,0.0,1.01,2.34,0.0
20120114:1910,0.0,0.0,0.0,0.48,2.28,0.0
20120114:2010,0.0,0.0,0.0,-0.04,2.28,0.0
20120114:2110,0.0,0.0,0.0,-0.57,2.28,0.0
20120114:2210,0.0,0.0,0.0,-0.57,2.21,0.0
20120114:2310,0.0,0.0,0.0,-1.1,2.14,0.0
20120115:0010,0.0,0.0,0.0,-1.63,2.07,0.0
20120115:0110,0.0,0.0,0.0,-1.63,2.14,0.0
20120115:0210,0.0,0.0,0.0,-1.63,2.28,0.0
20120115:0310,0.0,0.0,0.0,-1.63,2.34,0.0
20120115:0410,0.0,0.0,0.0,-1.1,2.41,0.0
20120115:0510,0.0,0.0,0.0,-1.1,2.55,0.0
20120115:0610,0.0,0.0,0.0,-1.1,2.55,0.0
20120115:0710,0.0,0.0,0.0,-1.1,2.62,0.0
20120115:0810,0.0,0.0,0.0,-1.1,2.76,0.0
20120115:0910,257.81,297.97,7.51,-0.04,2.83,0.0
20120115:1010,442.02,503.69,12.84,2.07,2.76,0.0
20120115:1110,540.87,620.23,16.23,3.66,3.24,0.0
20120115:1210,579.92,667.22,17.36,4.72,3.79,0.0
20120115:1310,360.78,414.07,16.12,4.72,3.86,0.0
20120115:1410,418.33,479.91,12.64,4.72,3.72,0.0
20120115:1510,259.87,306.26,7.23,4.72,3.45,0.0
20120115:1610,0.0,0.0,0.0,3.66,3.45,0.0
20120115:1710,0.0,0.0,0.0,2.07,3.45,0.0
20120115:1810,0.0,0.0,0.0,1.54,3.52,0.0
20120115:1910,0.0,0.0,0.0,1.54,3.72,0.0
20120115:2010,0.0,0.0,0.0,1.54,3.66,0.0
20120115:2110,0.0,0.0,0.0,1.01,3.59,0.0
20120115:2210,0.0,0.0,0.0,1.01,3.38,0.0
20120115:2310,0.0,0.0,0.0,0.48,3.17,0.0
20120116:0010,0.0,0.0,0.0,0.48,2.9,0.0
20120116:0110,0.0,0.0,0.0,-0.57,2.69,0.0
20120116:0210,0.0,0.0,0.0,-0.57,2.62,0.0
20120116:0310,0.0,0.0,0.0,-1.1,2.62,0.0
20120116:0410,0.0,0.0,0.0,-1.63,2.62,0.0
20120116:0510,0.0,0.0,0.0,-1.63,2.55,0.0
20120116:0610,0.0,0.0,0.0,-2.16,2.48,0.0
20120116:0710,0.0,0.0,0.0,-2.16,2.69,0.0
20120116:0810,0.0,0.0,0.0,-2.16,2.69,0.0
20120116:0910,263.05,302.6,7.65,-1.1,2.55,0.0
20120116:1010,461.14,524.13,13.0,1.01,2.48,0.0
20120116:1110,573.89,658.09,16.4,3.13,3.17,0.0
20120116:1210,604.41,698.74,17.55,4.19,3.1,0.0
20120116:1310,523.29,604.85,16.32,4.72,2.76,0.0
20120116:1410,435.34,503.48,12.84,4.72,2.41,0.0
20120116:1510,230.78,274.42,7.43,4.19,2.0,0.0
20120116:1610,0.0,0.0,0.0,3.13,2.28,0.0
20120116:1710,0.0,0.0,0.0,1.54,2.41,0.0
20120116:1810,0.0,0.0,0.0,-0.04,2.34,0.0
20120116:1910,0.0,0.0,0.0,-0.57,2.28,0.0
20120116:2010,0.0,0.0,0.0,-1.63,2.48,0.0
20120116:2110,0.0,0.0,0.0,-1.63,2.55,0.0
20120116:2210,0.0,0.0,0.0,-1.63,2.62,0.0
20120116:2310,0.0,0.0,0.0,-1.63,2.55,0.0
20120117:0010,0.0,0.0,0.0,-2.16,2.48,0.0
20120117:0110,0.0,0.0,0.0,-2.16,2.48,0.0
20120117:0210,0.0,0.0,0.0,-2.16,2.41,0.0
20120117:0310,0.0,0.0,0.0,-2.16,2.14,0.0
20120117:0410,0.0,0.0,0.0,-2.16,1.72,0.0
20120117:0510,0.0,0.0,0.0,-2.69,1.93,0.0
20120117:0610,0.0,0.0,0.0,-3.22,2.14,0.0
20120117:0710,0.0,0.0,0.0,-2.69,1.93,0.0
20120117:0810,0.0,0.0,0.0,-3.22,2.0,0.0
20120117:0910,275.83,316.19,7.79,-2.16,1.79,0.0
20120117:1010,370.43,424.07,13.16,1.01,1.45,0.0
20120117:1110,462.37,534.25,16.58,3.13,1.59,0.0
20120117:1210,154.4,189.21,17.74,4.72,1.86,0.0
20120117:1310,228.1,270.5,16.52,5.25,1.79,0.0
20120117:1410,281.42,330.05,13.05,5.25,1.72,0.0
20120117:1510,151.06,185.7,7.64,4.19,2.0,0.0
20120117:1610,0.0,0.0,0.0,3.13,2.21,0.0
20120117:1710,0.0,0.0,0.0,2.07,2.34,0.0
20120117:1810,0.0,0.0,0.0,1.54,2.34,0.0
20120117:1910,0.0,0.0,0.0,0.48,2.41,0.0
20120117:2010,0.0,0.0,0.0,1.01,2.34,0.0
20120117:2110,0.0,0.0,0.0,2.07,2.34,0.0
20120117:2210,0.0,0.0,0.0,2.6,2.48,0.0
20120117:2310,0.0,0.0,0.0,2.6,2.76,0.0
20120118:0010,0.0,0.0,0.0,2.6,3.03,0.0
20120118:0110,0.0,0.0,0.0,2.6,3.31,0.0
20120118:0210,0.0,0.0,0.0,3.13,3.52,0.0
20120118:0310,0.0,0.0,0.0,4.19,3.79,0.0
20120118:0410,0.0,0.0,0.0,5.25,4.14,0.0
20120118:0510,0.0,0.0,0.0,5.78,4.41,0.0
20120118:0610,0.0,0.0,0.0,6.84,4.69,0.0
20120118:0710,0.0,0.0,0.0,6.84,5.03,0.0
20120118:0810,0.0,0.0,0.0,6.84,5.17,0.0
20120118:0910,13.37,27.81,7.93,7.37,5.1,0.0
20120118:1010,18.82,35.23,13.32,7.9,4.83,0.0
20120118:1110,32.59,52.85,16.76,8.43,4.62,0.0
20120118:1210,50.11,74.17,17.94,8.96,4.34,0.0
20120118:1310,26.51,45.43,16.73,9.49,4.28,0.0
20120118:1410,17.91,34.3,13.27,10.02,4.21,0.0
20120118:1510,14.46,29.67,7.85,10.55,4.14,0.0
20120118:1610,0.0,0.0,0.0,10.55,3.93,0.0
20120118:1710,0.0,0.0,0.0,10.55,3.66,0.0
20120118:1810,0.0,0.0,0.0,10.02,3.52,0.0
20120118:1910,0.0,0.0,0.0,10.02,3.24,0.0
20120118:2010,0.0,0.0,0.0,9.49,3.38,0.0
20120118:2110,0.0,0.0,0.0,9.49,3.52,0.0
20120118:2210,0.0,0.0,0.0,9.49,3.86,0.0
20120118:2310,0.0,0.0,0.0,10.02,4.21,0.0
20120119:0010,0.0,0.0,0.0,10.02,4.76,0.0
20120119:0110,0.0,0.0,0.0,10.02,4.9,0.0
20120119:0210,0.0,0.0,0.0,10.02,4.69,0.0
20120119:0310,0.0,0.0,0.0,9.49,4.62,0.0
20120119:0410,0.0,0.0,0.0,10.02,5.1,0.0
20120119:0510,0.0,0.0,0.0,10.55,6.41,0.0
20120119:0610,0.0,0.0,0.0,11.09,7.03,0.0
20120119:0710,0.0,0.0,0.0,11.09,7.03,0.0
20120119:0810,0.0,0.0,0.0,10.55,6.48,0.0
20120119:0910,36.72,58.23,8.08,10.55,5.93,0.0
20120119:1010,107.22,139.33,13.49,10.02,6.14,0.0
20120119:1110,215.0,258.32,16.95,9.49,5.38,0.0
20120119:1210,127.6,161.9,18.15,8.96,5.17,0.0
20120119:1310,578.0,674.31,16.95,9.49,5.17,0.0
20120119:1410,251.2,298.41,13.49,9.49,5.1,0.0
20120119:1510,228.75,275.18,8.07,8.96,5.03,0.0
20120119:1610,0.0,0.0,0.0,7.9,4.62,0.0
20120119:1710,0.0,0.0,0.0,6.84,4.76,0.0
20120119:1810,0.0,0.0,0.0,6.84,5.03,0.0
20120119:1910,0.0,0.0,0.0,6.84,5.59,0.0
20120119:2010,0.0,0.0,0.0,6.84,6.07,0.0
20120119:2110,0.0,0.0,0.0,6.31,6.21,0.0
20120119:2210,0.0,0.0,0.0,6.31,5.86,0.0
20120119:2310,0.0,0.0,0.0,5.78,5.59,0.0
20120120:0010,0.0,0.0,0.0,5.25,5.45,0.0
20120120:0110,0.0,0.0,0.0,4.72,5.38,0.0
20120120:0210,0.0,0.0,0.0,4.19,5.45,0.0
20120120:0310,0.0,0.0,0.0,4.19,5.52,0.0
20120120:0410,0.0,0.0,0.0,4.19,5.45,0.0
20120120:0510,0.0,0.0,0.0,3.66,5.45,0.0
20120120:0610,0.0,0.0,0.0,3.66,5.1,0.0
20120120:0710,0.0,0.0,0.0,4.19,5.52,0.0
20120120:0810,0.0,0.0,0.0,5.25,5.79,0.0
20120120:0910,38.89,59.89,8.24,6.31,6.14,0.0
20120120:1010,35.92,56.55,13.67,6.84,6.48,0.0
20120120:1110,61.81,87.41,17.15,7.9,5.79,0.0
20120120:1210,78.16,106.13,18.36,7.9,6.0,0.0
20120120:1310,18.77,35.23,17.17,8.43,6.34,0.0
20120120:1410,241.73,286.08,13.71,8.43,6.0,0.0
20120120:1510,48.48,71.8,8.3,8.43,5.79,0.0
20120120:1610,0.0,0.0,0.0,8.43,5.52,0.0
20120120:1710,0.0,0.0,0.0,8.43,5.24,0.0
20120120:1810,0.0,0.0,0.0,7.9,4.69,0.0
20120120:1910,0.0,0.0,0.0,7.9,4.69,0.0
20120120:2010,0.0,0.0,0.0,7.37,4.28,0.0
20120120:2110,0.0,0.0,0.0,7.37,4.0,0.0
20120120:2210,0.0,0.0,0.0,6.84,3.86,0.0
20120120:2310,0.0,0.0,0.0,6.84,3.93,0.0
20120121:0010,0.0,0.0,0.0,7.37,4.14,0.0
20120121:0110,0.0,0.0,0.0,7.9,4.55,0.0
20120121:0210,0.0,0.0,0.0,8.43,5.31,0.0
20120121:0310,0.0,0.0,0.0,9.49,5.79,0.0
20120121:0410,0.0,0.0,0.0,10.02,6.0,0.0
20120121:0510,0.0,0.0,0.0,10.02,6.14,0.0
20120121:0610,0.0,0.0,0.0,10.02,6.14,0.0
20120121:0710,0.0,0.0,0.0,10.02,6.48,0.0
20120121:0810,0.0,0.0,0.0,9.49,6.62,0.0
20120121:0910,28.48,47.95,8.41,10.02,6.69,0.0
20120121:1010,351.09,409.7,13.86,10.02,6.76,0.0
20120121:1110,358.72,418.93,17.36,10.55,6.83,0.0
20120121:1210,194.06,236.19,18.58,10.55,6.48,0.0
20120121:1310,85.23,115.27,17.4,10.55,5.79,0.0
20120121:1410,403.95,470.81,13.94,10.55,6.62,0.0
20120121:1510,11.22,25.03,8.52,10.02,6.55,0.0
20120121:1610,0.0,0.0,0.0,8.96,6.41,0.0
20120121:1710,0.0,0.0,0.0,8.43,6.0,0.0
20120121:1810,0.0,0.0,0.0,7.9,5.86,0.0
20120121:1910,0.0,0.0,0.0,7.9,6.0,0.0
20120121:2010,0.0,0.0,0.0,7.9,5.93,0.0
20120121:2110,0.0,0.0,0.0,7.37,5.66,0.0
20120121:2210,0.0,0.0,0.0,6.84,5.31,0.0
20120121:2310,0.0,0.0,0.0,6.84,5.24,0.0
20120122:0010,0.0,0.0,0.0,6.31,5.03,0.0
20120122:0110,0.0,0.0,0.0,5.78,4.83,0.0
20120122:0210,0.0,0.0,0.0,5.25,4.83,0.0
20120122:0310,0.0,0.0,0.0,4.72,4.9,0.0
20120122:0410,0.0,0.0,0.0,4.72,5.31,0.0
20120122:0510,0.0,0.0,0.0,4.72,5.66,0.0
20120122:0610,0.0,0.0,0.0,4.72,5.59,0.0
20120122:0710,0.0,0.0,0.0,5.78,6.14,0.0
20120122:0810,0.0,0.0,0.0,6.31,6.55,0.0
20120122:0910,292.67,343.29,8.58,7.37,6.9,0.0
20120122:1010,470.13,540.86,14.05,8.43,7.1,0.0
20120122:1110,222.65,265.64,17.57,8.96,6.69,0.0
20120122:1210,36.88,58.41,18.81,10.02,8.0,0.0
20120122:1310,103.71,135.76,17.63,10.02,6.97,0.0
20120122:1410,197.29,238.78,14.18,10.02,6.55,0.0
20120122:1510,136.56,172.19,8.76,9.49,5.93,0.0
20120122:1610,0.0,0.0,0.0,8.96,5.1,0.0
20120122:1710,0.0,0.0,0.0,8.43,4.69,0.0
20120122:1810,0.0,0.0,0.0,7.37,4.34,0.0
20120122:1910,0.0,0.0,0.0,6.84,4.28,0.0
20120122:2010,0.0,0.0,0.0,6.84,4.14,0.0
20120122:2110,0.0,0.0,0.0,5.78,3.59,0.0
20120122:2210,0.0,0.0,0.0,5.25,3.52,0.0
20120122:2310,0.0,0.0,0.0,4.72,3.45,0.0
20120123:0010,0.0,0.0,0.0,4.72,3.45,0.0
20120123:0110,0.0,0.0,0.0,4.72,3.38,0.0
20120123:0210,0.0,0.0,0.0,4.72,3.17,0.0
20120123:0310,0.0,0.0,0.0,4.19,3.31,0.0
20120123:0410,0.0,0.0,0.0,4.19,3.31,0.0
20120123:0510,0.0,0.0,0.0,3.66,2.97,0.0
20120123:0610,0.0,0.0,0.0,3.13,3.03,0.0
20120123:0710,0.0,0.0,0.0,3.13,3.24,0.0
20120123:0810,0.0,0.0,0.0,3.13,3.24,0.0
20120123:0910,64.98,89.44,8.76,3.66,3.38,0.0
20120123:1010,108.31,138.38,14.25,5.25,3.17,0.0
20120123:1110,168.64,205.25,17.79,6.31,3.72,0.0
20120123:1210,106.52,137.49,19.04,6.84,4.76,0.0
20120123:1310,98.97,129.57,17.87,7.9,4.69,0.0
20120123:1410,231.87,275.48,14.42,7.9,4.55,0.0
20120123:1510,55.9,80.24,8.99,7.37,3.93,0.0
20120123:1610,0.0,0.0,0.0,6.84,3.93,0.0
20120123:1710,0.0,0.0,0.0,6.31,3.86,0.0
20120123:1810,0.0,0.0,0.0,5.78,3.52,0.0
20120123:1910,0.0,0.0,0.0,5.25,3.1,0.0
20120123:2010,0.0,0.0,0.0,4.19,2.97,0.0
20120123:2110,0.0,0.0,0.0,3.13,2.83,0.0
20120123:2210,0.0,0.0,0.0,2.6,3.17,0.0
20120123:2310,0.0,0.0,0.0,2.07,2.69,0.0
20120124:0010,0.0,0.0,0.0,1.54,2.41,0.0
20120124:0110,0.0,0.0,0.0,0.48,2.55,0.0
20120124:0210,0.0,0.0,0.0,0.48,2.48,0.0
20120124:0310,0.0,0.0,0.0,-0.04,2.28,0.0
20120124:0410,0.0,0.0,0.0,-0.57,2.07,0.0
20120124:0510,0.0,0.0,0.0,-1.1,1.93,0.0
20120124:0610,0.0,0.0,0.0,-0.57,1.66,0.0
20120124:0710,0.0,0.0,0.0,1.01,1.72,0.0
20120124:0810,0.0,0.0,0.0,2.07,2.07,0.0
20120124:0910,15.78,30.59,8.94,2.6,2.69,0.0
20120124:1010,43.46,64.9,14.45,3.66,3.38,0.0
20120124:1110,183.44,219.87,18.01,4.72,3.86,0.0
20120124:1210,138.0,171.57,19.27,5.78,3.86,0.0
20120124:1310,55.33,79.73,18.12,6.84,3.24,0.0
20120124:1410,87.79,116.86,14.66,7.37,2.41,0.0
20120124:1510,64.91,90.93,9.23,7.9,2.62,0.0
20120124:1610,0.0,0.0,0.0,7.9,2.83,0.0
20120124:1710,0.0,0.0,0.0,8.43,2.69,0.0
20120124:1810,0.0,0.0,0.0,8.43,2.55,0.0
20120124:1910,0.0,0.0,0.0,8.43,2.34,0.0
20120124:2010,0.0,0.0,0.0,8.96,2.55,0.0
20120124:2110,0.0,0.0,0.0,8.96,2.62,0.0
20120124:2210,0.0,0.0,0.0,8.96,2.62,0.0
20120124:2310,0.0,0.0,0.0,8.96,2.41,0.0
20120125:0010,0.0,0.0,0.0,8.43,2.28,0.0
20120125:0110,0.0,0.0,0.0,8.43,2.21,0.0
20120125:0210,0.0,0.0,0.0,7.9,2.34,0.0
20120125:0310,0.0,0.0,0.0,7.9,2.21,0.0
20120125:0410,0.0,0.0,0.0,7.9,2.34,0.0
20120125:0510,0.0,0.0,0.0,7.9,2.55,0.0
20120125:0610,0.0,0.0,0.0,8.43,2.69,0.0
20120125:0710,0.0,0.0,0.0,7.9,2.76,0.0
20120125:0810,0.0,0.0,0.0,7.37,2.76,0.0
20120125:0910,73.31,100.38,9.14,7.37,2.83,0.0
20120125:1010,91.32,120.99,14.67,7.9,2.9,0.0
20120125:1110,48.67,72.31,18.24,8.43,4.07,0.0
20120125:1210,44.65,67.68,19.52,8.96,3.66,0.0
20120125:1310,51.38,76.02,18.37,10.02,3.72,0.0
20120125:1410,37.47,59.33,14.91,10.55,3.86,0.0
20120125:1510,38.13,59.93,9.48,10.02,3.93,0.0
20120125:1610,0.0,0.0,0.0,9.49,4.28,0.0
20120125:1710,0.0,0.0,0.0,9.49,4.55,0.0
20120125:1810,0.0,0.0,0.0,8.96,4.83,0.0
20120125:1910,0.0,0.0,0.0,8.43,4.97,0.0
20120125:2010,0.0,0.0,0.0,7.9,5.17,0.0
20120125:2110,0.0,0.0,0.0,7.9,5.17,0.0
20120125:2210,0.0,0.0,0.0,7.9,5.24,0.0
20120125:2310,0.0,0.0,0.0,7.9,5.31,0.0
20120126:0010,0.0,0.0,0.0,7.9,5.45,0.0
20120126:0110,0.0,0.0,0.0,8.43,5.66,0.0
20120126:0210,0.0,0.0,0.0,8.43,5.93,0.0
20120126:0310,0.0,0.0,0.0,8.43,6.21,0.0
20120126:0410,0.0,0.0,0.0,8.43,6.34,0.0
20120126:0510,0.0,0.0,0.0,8.43,5.72,0.0
20120126:0610,0.0,0.0,0.0,7.9,4.9,0.0
20120126:0710,0.0,0.0,0.0,7.37,4.41,0.0
20120126:0810,0.0,0.0,0.0,6.84,3.86,0.0
20120126:0910,8.88,21.32,9.33,6.31,3.1,0.0
20120126:1010,163.01,198.51,14.88,5.78,3.52,0.0
20120126:1110,179.7,217.78,18.47,6.84,4.0,0.0
20120126:1210,441.63,507.35,19.77,7.37,6.07,0.0
20120126:1310,386.19,446.54,18.62,7.9,5.52,0.0
20120126:1410,159.76,196.28,15.17,7.9,4.83,0.0
20120126:1510,125.81,159.3,9.73,7.9,4.55,0.0
20120126:1610,18.43,35.81,2.73,6.84,4.34,0.0
20120126:1710,0.0,0.0,0.0,6.31,4.41,0.0
20120126:1810,0.0,0.0,0.0,5.78,4.76,0.0
20120126:1910,0.0,0.0,0.0,5.25,4.21,0.0
20120126:2010,0.0,0.0,0.0,4.72,4.28,0.0
20120126:2110,0.0,0.0,0.0,4.19,4.41,0.0
20120126:2210,0.0,0.0,0.0,3.66,4.14,0.0
20120126:2310,0.0,0.0,0.0,2.6,3.72,0.0
20120127:0010,0.0,0.0,0.0,2.07,3.24,0.0
20120127:0110,0.0,0.0,0.0,1.54,3.52,0.0
20120127:0210,0.0,0.0,0.0,1.54,3.79,0.0
20120127:0310,0.0,0.0,0.0,2.07,3.86,0.0
20120127:0410,0.0,0.0,0.0,2.07,4.07,0.0
20120127:0510,0.0,0.0,0.0,2.6,3.93,0.0
20120127:0610,0.0,0.0,0.0,2.07,3.66,0.0
20120127:0710,0.0,0.0,0.0,2.07,3.38,0.0
20120127:0810,13.85,28.95,2.44,2.07,3.17,0.0
20120127:0910,349.16,402.96,9.54,2.6,3.03,0.0
20120127:1010,513.99,591.49,15.11,4.19,3.1,0.0
20120127:1110,612.81,712.17,18.72,5.78,3.52,0.0
20120127:1210,651.73,764.06,20.02,6.84,3.52,0.0
20120127:1310,613.54,717.64,18.89,6.84,3.38,0.0
20120127:1410,520.1,605.56,15.43,7.37,3.59,0.0
20120127:1510,290.02,342.8,9.98,7.37,3.45,0.0
20120127:1610,13.97,29.32,2.97,6.84,2.9,0.0
20120127:1710,0.0,0.0,0.0,5.25,2.9,0.0
20120127:1810,0.0,0.0,0.0,4.72,2.97,0.0
20120127:1910,0.0,0.0,0.0,4.19,2.69,0.0
20120127:2010,0.0,0.0,0.0,3.66,2.55,0.0
20120127:2110,0.0,0.0,0.0,2.6,2.34,0.0
20120127:2210,0.0,0.0,0.0,2.07,2.21,0.0
20120127:2310,0.0,0.0,0.0,1.54,2.07,0.0
20120128:0010,0.0,0.0,0.0,1.01,2.0,0.0
20120128:0110,0.0,0.0,0.0,0.48,2.14,0.0
20120128:0210,0.0,0.0,0.0,-0.04,2.34,0.0
20120128:0310,0.0,0.0,0.0,0.48,2.62,0.0
20120128:0410,0.0,0.0,0.0,1.01,2.83,0.0
20120128:0510,0.0,0.0,0.0,1.54,2.9,0.0
20120128:0610,0.0,0.0,0.0,2.07,2.9,0.0
20120128:0710,0.0,0.0,0.0,2.07,2.97,0.0
20120128:0810,0.78,7.42,2.63,2.07,2.97,0.0
20120128:0910,301.41,347.83,9.75,2.6,4.14,0.0
20120128:1010,162.35,195.73,15.34,3.66,4.55,0.0
20120128:1110,422.99,482.98,18.96,4.72,4.62,0.0
20120128:1210,221.27,261.51,20.28,5.25,4.41,0.0
20120128:1310,72.67,99.23,19.15,5.78,4.07,0.0
20120128:1410,24.73,42.65,15.69,6.31,3.86,0.0
20120128:1510,61.14,86.03,10.24,6.31,2.97,0.0
20120128:1610,13.31,28.24,3.22,5.78,2.97,0.0
20120128:1710,0.0,0.0,0.0,5.25,2.9,0.0
20120128:1810,0.0,0.0,0.0,4.19,2.97,0.0
20120128:1910,0.0,0.0,0.0,3.66,3.1,0.0
20120128:2010,0.0,0.0,0.0,3.13,2.9,0.0
20120128:2110,0.0,0.0,0.0,3.13,2.69,0.0
20120128:2210,0.0,0.0,0.0,3.13,2.55,0.0
20120128:2310,0.0,0.0,0.0,2.6,2.48,0.0
20120129:0010,0.0,0.0,0.0,1.54,2.48,0.0
20120129:0110,0.0,0.0,0.0,1.54,2.41,0.0
20120129:0210,0.0,0.0,0.0,1.54,2.41,0.0
20120129:0310,0.0,0.0,0.0,2.07,2.28,0.0
20120129:0410,0.0,0.0,0.0,1.54,2.14,0.0
20120129:0510,0.0,0.0,0.0,1.54,2.07,0.0
20120129:0610,0.0,0.0,0.0,1.54,2.14,0.0
20120129:0710,0.0,0.0,0.0,1.54,1.93,0.0
20120129:0810,0.0,4.64,2.83,2.07,2.55,0.0
20120129:0910,185.9,221.97,9.96,2.6,2.76,0.0
20120129:1010,15.04,29.67,15.57,3.13,2.62,0.0
20120129:1110,113.84,144.51,19.22,4.19,2.55,0.0
20120129:1210,184.64,222.4,20.55,4.72,2.34,0.0
20120129:1310,171.49,208.61,19.42,5.25,1.93,0.0
20120129:1410,114.88,146.14,15.96,5.25,1.79,0.0
20120129:1510,101.6,131.42,10.5,5.25,1.59,0.0
20120129:1610,8.26,20.6,3.47,4.72,1.24,0.0
20120129:1710,0.0,0.0,0.0,3.66,1.66,0.0
20120129:1810,0.0,0.0,0.0,2.6,1.93,0.0
20120129:1910,0.0,0.0,0.0,2.6,2.28,0.0
20120129:2010,0.0,0.0,0.0,2.07,2.21,0.0
20120129:2110,0.0,0.0,0.0,2.07,2.21,0.0
20120129:2210,0.0,0.0,0.0,1.54,2.07,0.0
20120129:2310,0.0,0.0,0.0,1.01,1.93,0.0
20120130:0010,0.0,0.0,0.0,1.01,1.86,0.0
20120130:0110,0.0,0.0,0.0,1.01,1.72,0.0
20120130:0210,0.0,0.0,0.0,1.01,1.59,0.0
20120130:0310,0.0,0.0,0.0,1.01,1.45,0.0
20120130:0410,0.0,0.0,0.0,0.48,1.45,0.0
20120130:0510,0.0,0.0,0.0,-0.04,1.59,0.0
20120130:0610,0.0,0.0,0.0,-0.57,1.66,0.0
20120130:0710,0.0,0.0,0.0,-0.04,1.24,0.0
20120130:0810,0.79,7.42,3.03,-0.04,1.17,0.0
20120130:0910,29.14,47.28,10.19,1.01,1.24,0.0
20120130:1010,47.01,68.61,15.81,1.54,1.38,0.0
20120130:1110,150.33,183.74,19.48,3.13,2.07,0.0
20120130:1210,91.32,119.5,20.82,3.66,2.41,0.0
20120130:1310,87.27,114.98,19.7,3.66,2.21,0.0
20120130:1410,63.47,88.27,16.23,4.19,2.28,0.0
20120130:1510,197.98,236.52,10.76,3.66,2.0,0.0
20120130:1610,25.42,44.21,3.73,3.66,1.52,0.0
20120130:1710,0.0,0.0,0.0,2.6,1.59,0.0
20120130:1810,0.0,0.0,0.0,0.48,1.86,0.0
20120130:1910,0.0,0.0,0.0,-0.04,1.79,0.0
20120130:2010,0.0,0.0,0.0,-0.57,1.79,0.0
20120130:2110,0.0,0.0,0.0,-1.63,1.79,0.0
20120130:2210,0.0,0.0,0.0,-2.16,1.86,0.0
20120130:2310,0.0,0.0,0.0,-2.69,1.86,0.0
20120131:0010,0.0,0.0,0.0,-3.22,1.93,0.0
20120131:0110,0.0,0.0,0.0,-3.22,1.93,0.0
20120131:0210,0.0,0.0,0.0,-3.75,1.86,0.0
20120131:0310,0.0,0.0,0.0,-3.75,1.86,0.0
20120131:0410,0.0,0.0,0.0,-3.75,2.07,0.0
20120131:0510,0.0,0.0,0.0,-3.75,2.14,0.0
20120131:0610,0.0,0.0,0.0,-3.22,2.21,0.0
20120131:0710,0.0,0.0,0.0,-2.16,2.34,0.0
20120131:0810,8.0,19.83,3.24,-1.63,2.34,0.0
20120131:0910,74.94,99.36,10.41,-0.04,2.07,0.0
20120131:1010,121.26,150.59,16.06,1.54,2.83,0.0
20120131:1110,31.22,50.06,19.74,2.6,2.83,0.0
20120131:1210,35.85,55.63,21.1,2.6,3.17,0.0
20120131:1310,32.0,50.99,19.98,2.6,3.52,0.0
20120131:1410,28.96,47.28,16.51,2.6,3.79,0.0
20120131:1510,82.61,108.74,11.03,2.6,3.52,0.0
20120131:1610,30.96,50.86,3.98,2.07,3.45,0.0
20120131:1710,0.0,0.0,0.0,1.54,3.72,0.0
20120131:1810,0.0,0.0,0.0,1.01,3.93,0.0
20120131:1910,0.0,0.0,0.0,-0.04,3.72,0.0
20120131:2010,0.0,0.0,0.0,-0.04,3.72,0.0
20120131:2110,0.0,0.0,0.0,-0.04,3.86,0.0
20120131:2210,0.0,0.0,0.0,0.48,4.14,0.0
20120131:2310,0.0,0.0,0.0,0.48,4.28,0.0
20120201:0010,0.0,0.0,0.0,-0.04,4.28,0.0
20120201:0110,0.0,0.0,0.0,-0.04,4.28,0.0
20120201:0210,0.0,0.0,0.0,-0.04,4.41,0.0
20120201:0310,0.0,0.0,0.0,-0.57,4.41,0.0
20120201:0410,0.0,0.0,0.0,-1.1,4.62,0.0
20120201:0510,0.0,0.0,0.0,-1.1,4.83,0.0
20120201:0610,0.0,0.0,0.0,-1.1,4.69,0.0
20120201:0710,0.0,0.0,0.0,-1.1,4.69,0.0
20120201:0810,41.51,63.77,3.46,-1.1,4.62,0.0
20120201:0910,0.0,0.0,0.0,-0.57,4.07,0.0
20120201:1010,205.47,238.23,16.31,0.48,6.69,0.0
20120201:1110,225.27,259.62,20.01,0.48,6.21,0.0
20120201:1210,298.79,338.3,21.38,1.01,6.48,0.0
20120201:1310,604.3,677.01,20.26,1.54,6.07,0.0
20120201:1410,491.83,550.44,16.79,1.54,5.86,0.0
20120201:1510,341.05,386.3,11.3,1.01,5.66,0.0
20120201:1610,80.57,109.3,4.24,0.48,5.03,0.0
20120201:1710,0.0,0.0,0.0,-0.57,4.9,0.0
20120201:1810,0.0,0.0,0.0,-1.1,4.97,0.0
20120201:1910,0.0,0.0,0.0,-1.1,5.1,0.0
20120201:2010,0.0,0.0,0.0,-1.1,5.17,0.0
20120201:2110,0.0,0.0,0.0,-1.63,5.1,0.0
20120201:2210,0.0,0.0,0.0,-1.63,5.03,0.0
20120201:2310,0.0,0.0,0.0,-1.63,4.9,0.0
20120202:0010,0.0,0.0,0.0,-1.1,4.76,0.0
20120202:0110,0.0,0.0,0.0,-1.1,4.48,0.0
20120202:0210,0.0,0.0,0.0,-1.63,4.21,0.0
20120202:0310,0.0,0.0,0.0,-2.16,4.14,0.0
20120202:0410,0.0,0.0,0.0,-2.16,4.21,0.0
20120202:0510,0.0,0.0,0.0,-2.16,4.21,0.0
20120202:0610,0.0,0.0,0.0,-2.16,4.21,0.0
20120202:0710,0.0,0.0,0.0,-2.16,4.41,0.0
20120202:0810,51.97,75.92,3.68,-2.16,4.48,0.0
20120202:0910,342.37,386.22,10.89,-1.63,3.79,0.0
20120202:1010,521.99,580.11,16.57,-0.57,5.31,0.0
20120202:1110,606.97,674.91,20.29,-0.04,6.14,0.0
20120202:1210,654.66,733.6,21.67,0.48,5.59,0.0
20120202:1310,609.31,682.07,20.55,0.48,5.31,0.0
20120202:1410,0.0,0.0,0.0,0.48,5.17,0.0
20120202:1510,360.87,407.15,11.57,-0.04,4.76,0.0
20120202:1610,92.63,122.56,4.5,-0.57,3.93,0.0
20120202:1710,0.0,0.0,0.0,-1.63,3.72,0.0
20120202:1810,0.0,0.0,0.0,-2.16,3.86,0.0
20120202:1910,0.0,0.0,0.0,-2.16,4.0,0.0
20120202:2010,0.0,0.0,0.0,-2.69,3.72,0.0
20120202:2110,0.0,0.0,0.0,-2.69,3.52,0.0
20120202:2210,0.0,0.0,0.0,-3.22,3.31,0.0
20120202:2310,0.0,0.0,0.0,-3.22,3.03,0.0
20120203:0010,0.0,0.0,0.0,-3.22,2.9,0.0
20120203:0110,0.0,0.0,0.0,-3.75,2.76,0.0
20120203:0210,0.0,0.0,0.0,-3.75,2.55,0.0
20120203:0310,0.0,0.0,0.0,-3.75,2.41,0.0
20120203:0410,0.0,0.0,0.0,-4.28,2.28,0.0
20120203:0510,0.0,0.0,0.0,-4.81,2.14,0.0
20120203:0610,0.0,0.0,0.0,-4.81,1.86,0.0
20120203:0710,0.0,0.0,0.0,-4.28,2.14,0.0
20120203:0810,21.76,38.26,3.91,-4.28,2.0,0.0
20120203:0910,128.16,155.5,11.13,-3.22,1.72,0.0
20120203:1010,516.21,585.62,16.84,-1.1,1.86,0.0
20120203:1110,606.34,693.61,20.57,-0.04,2.21,0.0
20120203:1210,654.87,754.35,21.96,0.48,2.28,0.0
20120203:1310,542.39,618.84,20.85,1.01,2.48,0.0
20120203:1410,510.53,581.92,17.36,1.54,2.69,0.0
20120203:1510,360.55,412.53,11.85,1.54,3.03,0.0
20120203:1610,77.52,105.61,4.77,0.48,2.62,0.0
20120203:1710,0.0,0.0,0.0,-0.04,2.55,0.0
20120203:1810,0.0,0.0,0.0,-1.1,2.55,0.0
20120203:1910,0.0,0.0,0.0,-0.57,2.34,0.0
20120203:2010,0.0,0.0,0.0,-1.1,2.28,0.0
20120203:2110,0.0,0.0,0.0,-1.1,2.34,0.0
20120203:2210,0.0,0.0,0.0,-1.63,2.34,0.0
20120203:2310,0.0,0.0,0.0,-2.16,2.28,0.0
20120204:0010,0.0,0.0,0.0,-3.22,2.34,0.0
20120204:0110,0.0,0.0,0.0,-3.22,2.28,0.0
20120204:0210,0.0,0.0,0.0,-3.22,2.07,0.0
20120204:0310,0.0,0.0,0.0,-2.69,1.86,0.0
20120204:0410,0.0,0.0,0.0,-2.69,1.66,0.0
20120204:0510,0.0,0.0,0.0,-2.69,1.45,0.0
20120204:0610,0.0,0.0,0.0,-2.69,1.17,0.0
20120204:0710,0.0,0.0,0.0,-3.22,0.97,0.0
20120204:0810,73.44,100.62,4.14,-3.75,0.76,0.0
20120204:0910,335.26,383.42,11.38,-3.22,0.34,0.0
20120204:1010,374.1,424.19,17.11,-1.1,1.52,0.0
20120204:1110,505.7,573.26,20.86,-0.04,2.41,0.0
20120204:1210,278.1,317.65,22.25,-0.04,3.24,0.0
20120204:1310,286.02,325.64,21.14,-0.04,3.59,0.0
20120204:1410,114.09,141.87,17.65,-0.04,4.0,0.0
20120204:1510,91.28,116.79,12.13,-0.57,3.93,0.0
20120204:1610,24.82,42.12,5.03,-1.1,3.59,0.0
20120204:1710,0.0,0.0,0.0,-1.63,4.0,0.0
20120204:1810,0.0,0.0,0.0,-2.16,4.21,0.0
20120204:1910,0.0,0.0,0.0,-1.63,4.48,0.0
20120204:2010,0.0,0.0,0.0,-1.63,4.34,0.0
20120204:2110,0.0,0.0,0.0,-1.1,5.1,0.0
20120204:2210,0.0,0.0,0.0,-0.57,5.31,0.0
20120204:2310,0.0,0.0,0.0,-0.57,5.38,0.0
20120205:0010,0.0,0.0,0.0,-0.04,5.24,0.0
20120205:0110,0.0,0.0,0.0,-0.04,5.03,0.0
20120205:0210,0.0,0.0,0.0,-0.04,4.48,0.0
20120205:0310,0.0,0.0,0.0,-0.04,3.03,0.0
20120205:0410,0.0,0.0,0.0,-0.04,1.93,0.0
20120205:0510,0.0,0.0,0.0,-0.04,1.59,0.0
20120205:0610,0.0,0.0,0.0,-0.04,1.59,0.0
20120205:0710,0.0,0.0,0.0,-0.04,1.17,0.0
20120205:0810,12.22,25.75,4.38,-0.57,0.76,0.0
20120205:0910,31.57,50.06,11.64,-0.04,0.41,0.0
20120205:1010,12.48,25.96,17.38,0.48,0.21,0.0
20120205:1110,29.18,47.28,21.15,0.48,0.07,0.0
20120205:1210,39.16,59.33,22.56,1.01,0.48,0.0
20120205:1310,65.71,89.93,21.44,1.01,0.97,0.0
20120205:1410,30.66,49.14,17.94,1.01,1.17,0.0
20120205:1510,32.88,51.92,12.41,1.54,1.17,0.0
20120205:1610,13.68,27.95,5.3,2.6,0.69,0.0
20120205:1710,0.0,0.0,0.0,1.01,1.17,0.0
20120205:1810,0.0,0.0,0.0,-0.04,1.72,0.0
20120205:1910,0.0,0.0,0.0,-0.04,1.24,0.0
20120205:2010,0.0,0.0,0.0,0.48,1.38,0.0
20120205:2110,0.0,0.0,0.0,0.48,1.31,0.0
20120205:2210,0.0,0.0,0.0,0.48,1.38,0.0
20120205:2310,0.0,0.0,0.0,0.48,1.31,0.0
20120206:0010,0.0,0.0,0.0,0.48,1.31,0.0
20120206:0110,0.0,0.0,0.0,0.48,1.31,0.0
20120206:0210,0.0,0.0,0.0,1.01,1.24,0.0
20120206:0310,0.0,0.0,0.0,1.01,1.45,0.0
20120206:0410,0.0,0.0,0.0,1.01,1.45,0.0
20120206:0510,0.0,0.0,0.0,1.01,1.45,0.0
20120206:0610,0.0,0.0,0.0,1.01,1.31,0.0
20120206:0710,0.0,0.0,0.0,1.01,0.14,0.0
20120206:0810,12.62,26.44,4.62,1.01,0.21,0.0
20120206:0910,11.1,24.1,11.9,1.01,0.62,0.0
20120206:1010,88.31,115.02,17.66,1.01,0.97,0.0
20120206:1110,132.56,163.99,21.44,1.54,1.1,0.0
20120206:1210,221.58,262.58,22.86,2.6,0.83,0.0
20120206:1310,182.1,220.75,21.75,3.66,0.21,0.0
20120206:1410,117.73,148.69,18.24,3.13,0.62,0.0
20120206:1510,160.28,195.14,12.69,3.13,1.03,0.0
20120206:1610,127.53,164.21,5.58,2.6,1.03,0.0
20120206:1710,0.0,0.0,0.0,2.07,1.31,0.0
20120206:1810,0.0,0.0,0.0,1.54,1.52,0.0
20120206:1910,0.0,0.0,0.0,1.54,1.03,0.0
20120206:2010,0.0,0.0,0.0,1.54,0.9,0.0
20120206:2110,0.0,0.0,0.0,1.01,0.83,0.0
20120206:2210,0.0,0.0,0.0,1.01,0.62,0.0
20120206:2310,0.0,0.0,0.0,1.01,0.41,0.0
20120207:0010,0.0,0.0,0.0,1.01,0.14,0.0
20120207:0110,0.0,0.0,0.0,1.01,0.14,0.0
20120207:0210,0.0,0.0,0.0,1.01,0.62,0.0
20120207:0310,0.0,0.0,0.0,0.48,0.97,0.0
20120207:0410,0.0,0.0,0.0,0.48,1.38,0.0
20120207:0510,0.0,0.0,0.0,-0.04,1.79,0.0
20120207:0610,0.0,0.0,0.0,-0.04,1.79,0.0
20120207:0710,0.0,0.0,0.0,-0.57,1.79,0.0
20120207:0810,26.66,44.84,4.87,-0.57,1.66,0.0
20120207:0910,177.98,211.25,12.17,-0.57,1.38,0.0
20120207:1010,529.62,600.97,17.95,-0.04,2.48,0.0
20120207:1110,634.81,723.94,21.75,0.48,3.03,0.0
20120207:1210,691.17,790.82,23.17,0.48,3.24,0.0
20120207:1310,535.14,604.66,22.06,0.48,3.38,0.0
20120207:1410,456.26,513.14,18.54,-0.04,3.38,0.0
20120207:1510,361.13,408.32,12.98,-0.57,3.38,0.0
20120207:1610,127.08,159.91,5.85,-1.1,3.31,0.0
20120207:1710,0.0,0.0,0.0,-2.16,3.59,0.0
20120207:1810,0.0,0.0,0.0,-3.75,3.66,0.0
20120207:1910,0.0,0.0,0.0,-4.28,3.59,0.0
20120207:2010,0.0,0.0,0.0,-4.81,3.38,0.0
20120207:2110,0.0,0.0,0.0,-4.28,3.38,0.0
20120207:2210,0.0,0.0,0.0,-3.75,3.31,0.0
20120207:2310,0.0,0.0,0.0,-3.75,3.03,0.0
20120208:0010,0.0,0.0,0.0,-3.22,3.1,0.0
20120208:0110,0.0,0.0,0.0,-2.69,3.24,0.0
20120208:0210,0.0,0.0,0.0,-2.69,3.31,0.0
20120208:0310,0.0,0.0,0.0,-2.16,3.45,0.0
20120208:0410,0.0,0.0,0.0,-1.63,3.17,0.0
20120208:0510,0.0,0.0,0.0,-1.63,3.24,0.0
20120208:0610,0.0,0.0,0.0,-1.1,3.24,0.0
20120208:0710,0.0,0.0,0.0,-1.1,3.45,0.0
20120208:0810,18.8,34.48,5.12,-1.1,3.45,0.0
20120208:0910,34.85,53.77,12.44,-0.57,3.17,0.0
20120208:1010,37.91,57.48,18.24,-0.04,3.86,0.0
20120208:1110,38.63,58.41,22.05,0.48,5.1,0.0
20120208:1210,39.42,59.33,23.49,0.48,5.03,0.0
20120208:1310,44.07,64.9,22.37,1.01,4.83,0.0
20120208:1410,47.26,68.61,18.85,1.01,4.34,0.0
20120208:1510,46.8,67.89,13.27,0.48,4.07,0.0
20120208:1610,21.97,38.54,6.12,0.48,3.45,0.0
20120208:1710,0.0,0.0,0.0,-0.04,3.24,0.0
20120208:1810,0.0,0.0,0.0,-0.04,3.17,0.0
20120208:1910,0.0,0.0,0.0,-0.57,3.17,0.0
20120208:2010,0.0,0.0,0.0,-0.57,2.9,0.0
20120208:2110,0.0,0.0,0.0,-0.57,2.41,0.0
20120208:2210,0.0,0.0,0.0,-0.57,1.86,0.0
20120208:2310,0.0,0.0,0.0,-1.1,1.66,0.0
20120209:0010,0.0,0.0,0.0,-1.63,1.86,0.0
20120209:0110,0.0,0.0,0.0,-2.16,1.86,0.0
20120209:0210,0.0,0.0,0.0,-2.16,1.72,0.0
20120209:0310,0.0,0.0,0.0,-2.69,1.72,0.0
20120209:0410,0.0,0.0,0.0,-3.22,2.07,0.0
20120209:0510,0.0,0.0,0.0,-3.22,2.14,0.0
20120209:0610,0.0,0.0,0.0,-3.75,1.93,0.0
20120209:0710,0.0,0.0,0.0,-3.22,1.52,0.0
20120209:0810,13.87,27.66,5.38,-3.22,1.45,0.0
20120209:0910,38.33,57.48,12.71,-2.69,1.52,0.0
20120209:1010,38.82,58.41,18.53,-1.1,1.24,0.0
20120209:1110,153.95,185.86,22.36,-0.57,0.9,0.0
20120209:1210,224.74,263.73,23.81,-0.04,0.48,0.0
20120209:1310,179.4,214.48,22.69,-0.04,0.21,0.0
20120209:1410,145.34,177.3,19.15,0.48,0.41,0.0
20120209:1510,113.45,142.21,13.57,0.48,0.69,0.0
20120209:1610,66.49,92.03,6.4,0.48,0.97,0.0
20120209:1710,0.0,0.0,0.0,-0.04,0.9,0.0
20120209:1810,0.0,0.0,0.0,-0.04,0.97,0.0
20120209:1910,0.0,0.0,0.0,-0.57,0.97,0.0
20120209:2010,0.0,0.0,0.0,-1.1,0.97,0.0
20120209:2110,0.0,0.0,0.0,-1.1,1.1,0.0
20120209:2210,0.0,0.0,0.0,-1.1,1.38,0.0
20120209:2310,0.0,0.0,0.0,-1.1,1.79,0.0
20120210:0010,0.0,0.0,0.0,-0.57,2.0,0.0
20120210:0110,0.0,0.0,0.0,-1.1,1.93,0.0
20120210:0210,0.0,0.0,0.0,-1.1,1.79,0.0
20120210:0310,0.0,0.0,0.0,-1.63,1.52,0.0
20120210:0410,0.0,0.0,0.0,-1.1,1.17,0.0
20120210:0510,0.0,0.0,0.0,-2.16,1.24,0.0
20120210:0610,0.0,0.0,0.0,-3.22,1.52,0.0
20120210:0710,0.0,0.0,0.0,-2.69,1.79,0.0
20120210:0810,16.59,31.25,5.65,-2.69,2.14,0.0
20120210:0910,115.22,142.07,13.0,-2.16,2.69,0.0
20120210:1010,138.09,166.99,18.83,-1.1,3.66,0.0
20120210:1110,70.8,94.56,22.68,-1.1,3.86,0.0
20120210:1210,257.83,294.5,24.13,-1.1,3.72,0.0
20120210:1310,531.42,597.58,23.01,-0.57,3.38,0.0
20120210:1410,492.18,554.13,19.46,-0.57,2.97,0.0
20120210:1510,377.88,427.16,13.86,-1.1,2.69,0.0
20120210:1610,148.79,183.86,6.68,-1.1,2.55,0.0
20120210:1710,0.0,0.0,0.0,-1.63,2.14,0.0
20120210:1810,0.0,0.0,0.0,-2.16,2.07,0.0
20120210:1910,0.0,0.0,0.0,-2.16,1.79,0.0
20120210:2010,0.0,0.0,0.0,-2.69,1.93,0.0
20120210:2110,0.0,0.0,0.0,-2.69,1.93,0.0
20120210:2210,0.0,0.0,0.0,-3.22,1.86,0.0
20120210:2310,0.0,0.0,0.0,-3.22,1.86,0.0
20120211:0010,0.0,0.0,0.0,-3.75,1.66,0.0
20120211:0110,0.0,0.0,0.0,-3.75,1.52,0.0
20120211:0210,0.0,0.0,0.0,-2.69,1.24,0.0
20120211:0310,0.0,0.0,0.0,-2.69,0.9,0.0
20120211:0410,0.0,0.0,0.0,-3.22,0.69,0.0
20120211:0510,0.0,0.0,0.0,-3.22,0.83,0.0
20120211:0610,0.0,0.0,0.0,-3.22,0.97,0.0
20120211:0710,0.0,0.0,0.0,-5.34,1.59,0.0
20120211:0810,110.38,140.42,5.91,-4.81,1.45,0.0
20120211:0910,356.41,402.67,13.28,-3.75,1.31,0.0
20120211:1010,556.73,628.74,19.14,-2.69,1.86,0.0
20120211:1110,649.91,744.49,23.0,-1.1,2.07,0.0
20120211:1210,708.27,820.98,24.46,-0.57,1.93,0.0
20120211:1310,647.84,747.4,23.34,-0.57,1.72,0.0
20120211:1410,542.7,622.99,19.78,-0.04,1.45,0.0
20120211:1510,405.37,464.24,14.16,-0.04,1.45,0.0
20120211:1610,154.75,191.25,6.96,-0.57,1.59,0.0
20120211:1710,0.0,0.0,0.0,-2.16,1.93,0.0
20120211:1810,0.0,0.0,0.0,-4.28,1.79,0.0
20120211:1910,0.0,0.0,0.0,-3.75,1.66,0.0
20120211:2010,0.0,0.0,0.0,-3.22,1.38,0.0
20120211:2110,0.0,0.0,0.0,-3.75,1.03,0.0
20120211:2210,0.0,0.0,0.0,-3.75,0.9,0.0
20120211:2310,0.0,0.0,0.0,-3.75,0.97,0.0
20120212:0010,0.0,0.0,0.0,-3.75,0.69,0.0
20120212:0110,0.0,0.0,0.0,-3.75,0.97,0.0
20120212:0210,0.0,0.0,0.0,-3.75,1.31,0.0
20120212:0310,0.0,0.0,0.0,-3.75,1.45,0.0
20120212:0410,0.0,0.0,0.0,-4.81,1.66,0.0
20120212:0510,0.0,0.0,0.0,-3.75,1.52,0.0
20120212:0610,0.0,0.0,0.0,-3.22,1.59,0.0
20120212:0710,0.0,0.0,0.0,-2.69,1.72,0.0
20120212:0810,84.24,111.85,6.19,-2.16,1.86,0.0
20120212:0910,51.83,73.34,13.57,-1.1,2.0,0.0
20120212:1010,137.6,168.04,19.45,0.48,2.41,0.0
20120212:1110,72.3,97.35,23.32,1.54,2.76,0.0
20120212:1210,35.95,55.63,24.79,2.07,3.24,0.0
20120212:1310,55.53,78.8,23.67,3.13,3.17,0.0
20120212:1410,44.36,65.82,20.09,3.13,3.38,0.0
20120212:1510,45.16,66.75,14.46,3.13,3.45,0.0
20120212:1610,44.4,66.3,7.24,2.6,3.17,0.0
20120212:1710,0.0,0.0,0.0,2.6,2.97,0.0
20120212:1810,0.0,0.0,0.0,2.07,2.83,0.0
20120212:1910,0.0,0.0,0.0,2.07,2.48,0.0
20120212:2010,0.0,0.0,0.0,1.54,2.34,0.0
20120212:2110,0.0,0.0,0.0,1.54,2.28,0.0
20120212:2210,0.0,0.0,0.0,1.01,2.21,0.0
20120212:2310,0.0,0.0,0.0,0.48,2.28,0.0
20120213:0010,0.0,0.0,0.0,-0.04,2.21,0.0
20120213:0110,0.0,0.0,0.0,-0.57,2.14,0.0
20120213:0210,0.0,0.0,0.0,-1.63,2.07,0.0
20120213:0310,0.0,0.0,0.0,-2.69,2.14,0.0
20120213:0410,0.0,0.0,0.0,-2.69,2.21,0.0
20120213:0510,0.0,0.0,0.0,-2.16,2.28,0.0
20120213:0610,0.0,0.0,0.0,-1.63,2.34,0.0
20120213:0710,0.0,0.0,0.0,-0.04,2.48,0.0
20120213:0810,49.2,72.22,6.47,1.54,2.69,0.0
20120213:0910,116.06,145.79,13.87,2.6,2.76,0.0
20120213:1010,124.86,155.85,19.76,3.13,3.03,0.0
20120213:1110,104.5,134.63,23.65,4.72,3.59,0.0
20120213:1210,149.34,184.18,25.12,5.25,4.28,0.0
20120213:1310,127.14,160.58,24.0,6.31,4.07,0.0
20120213:1410,64.34,89.93,20.41,6.31,4.48,0.0
20120213:1510,81.39,108.84,14.76,5.78,4.83,0.0
20120213:1610,10.83,24.1,7.53,5.78,4.97,0.0
20120213:1710,0.0,0.0,0.0,5.78,4.69,0.0
20120213:1810,0.0,0.0,0.0,4.72,4.48,0.0
20120213:1910,0.0,0.0,0.0,4.72,4.41,0.0
20120213:2010,0.0,0.0,0.0,4.19,4.69,0.0
20120213:2110,0.0,0.0,0.0,4.19,5.03,0.0
20120213:2210,0.0,0.0,0.0,4.19,5.17,0.0
20120213:2310,0.0,0.0,0.0,4.19,5.24,0.0
20120214:0010,0.0,0.0,0.0,4.19,5.38,0.0
20120214:0110,0.0,0.0,0.0,4.19,5.45,0.0
20120214:0210,0.0,0.0,0.0,4.19,5.52,0.0
20120214:0310,0.0,0.0,0.0,4.19,5.59,0.0
20120214:0410,0.0,0.0,0.0,4.19,5.59,0.0
20120214:0510,0.0,0.0,0.0,3.66,5.38,0.0
20120214:0610,0.0,0.0,0.0,3.13,4.76,0.0
20120214:0710,0.0,0.0,0.0,3.13,4.62,0.0
20120214:0810,12.32,25.96,6.75,3.13,4.48,0.0
20120214:0910,53.07,76.02,14.17,3.66,4.21,0.0
20120214:1010,240.46,282.74,20.08,4.72,3.45,0.0
20120214:1110,275.04,322.06,23.98,5.78,4.0,0.0
20120214:1210,81.15,109.4,25.46,6.84,4.41,0.0
20120214:1310,170.81,209.18,24.33,7.37,4.83,0.0
20120214:1410,263.31,310.71,20.73,7.9,5.1,0.0
20120214:1510,126.17,159.89,15.06,7.9,4.28,0.0
20120214:1610,16.08,31.52,7.81,7.37,3.79,0.0
20120214:1710,0.0,0.0,0.0,6.84,4.21,0.0
20120214:1810,0.0,0.0,0.0,6.84,4.62,0.0
20120214:1910,0.0,0.0,0.0,6.31,4.34,0.0
20120214:2010,0.0,0.0,0.0,6.31,4.34,0.0
20120214:2110,0.0,0.0,0.0,5.78,4.21,0.0
20120214:2210,0.0,0.0,0.0,5.25,4.21,0.0
20120214:2310,0.0,0.0,0.0,5.25,4.48,0.0
20120215:0010,0.0,0.0,0.0,5.78,4.9,0.0
20120215:0110,0.0,0.0,0.0,5.78,4.97,0.0
20120215:0210,0.0,0.0,0.0,5.25,4.97,0.0
20120215:0310,0.0,0.0,0.0,5.78,5.38,0.0
20120215:0410,0.0,0.0,0.0,5.78,5.52,0.0
20120215:0510,0.0,0.0,0.0,5.78,5.24,0.0
20120215:0610,0.0,0.0,0.0,5.25,4.9,0.0
20120215:0710,0.0,0.0,0.0,5.78,4.97,0.0
20120215:0810,66.6,93.95,7.04,5.78,4.97,0.0
20120215:0910,401.14,465.34,14.48,6.31,4.41,0.0
20120215:1010,553.46,638.56,20.4,6.84,5.03,0.0
20120215:1110,390.19,452.19,24.32,7.9,5.59,0.0
20120215:1210,95.04,126.09,25.8,8.96,5.93,0.0
20120215:1310,19.31,36.16,24.67,10.02,6.76,0.0
20120215:1410,77.33,106.26,21.05,10.02,5.38,0.0
20120215:1510,13.17,27.81,15.36,10.02,4.41,0.0
20120215:1610,19.35,36.16,8.1,9.49,4.28,0.0
20120215:1710,0.0,0.0,0.0,8.43,4.62,0.0
20120215:1810,0.0,0.0,0.0,7.37,4.69,0.0
20120215:1910,0.0,0.0,0.0,7.9,4.41,0.0
20120215:2010,0.0,0.0,0.0,7.37,4.14,0.0
20120215:2110,0.0,0.0,0.0,6.84,4.0,0.0
20120215:2210,0.0,0.0,0.0,6.84,3.86,0.0
20120215:2310,0.0,0.0,0.0,6.31,3.59,0.0
20120216:0010,0.0,0.0,0.0,5.25,3.24,0.0
20120216:0110,0.0,0.0,0.0,4.72,3.03,0.0
20120216:0210,0.0,0.0,0.0,4.19,3.03,0.0
20120216:0310,0.0,0.0,0.0,4.19,3.03,0.0
20120216:0410,0.0,0.0,0.0,4.19,3.03,0.0
20120216:0510,0.0,0.0,0.0,4.19,2.97,0.0
20120216:0610,0.0,0.0,0.0,4.19,2.76,0.0
20120216:0710,0.0,0.0,0.0,3.66,2.41,0.0
20120216:0810,45.82,68.55,7.33,3.66,2.34,0.0
20120216:0910,202.02,242.4,14.79,5.25,2.41,0.0
20120216:1010,121.4,154.48,20.73,6.84,3.31,0.0
20120216:1110,100.09,131.2,24.66,7.37,3.59,0.0
20120216:1210,370.67,434.09,26.15,8.43,4.0,0.0
20120216:1310,340.78,401.19,25.01,8.96,3.79,0.0
20120216:1410,72.07,100.13,21.38,9.49,3.93,0.0
20120216:1510,80.16,108.99,15.67,8.96,3.93,0.0
20120216:1610,92.71,125.18,8.39,8.96,3.38,0.0
20120216:1710,0.0,0.0,0.0,7.9,2.97,0.0
20120216:1810,0.0,0.0,0.0,7.37,2.62,0.0
20120216:1910,0.0,0.0,0.0,6.84,3.1,0.0
20120216:2010,0.0,0.0,0.0,6.84,3.38,0.0
20120216:2110,0.0,0.0,0.0,6.84,3.31,0.0
20120216:2210,0.0,0.0,0.0,6.31,3.1,0.0
20120216:2310,0.0,0.0,0.0,6.84,3.17,0.0
20120217:0010,0.0,0.0,0.0,6.84,3.03,0.0
20120217:0110,0.0,0.0,0.0,6.84,3.03,0.0
20120217:0210,0.0,0.0,0.0,6.84,3.17,0.0
20120217:0310,0.0,0.0,0.0,6.84,3.17,0.0
20120217:0410,0.0,0.0,0.0,6.84,3.03,0.0
20120217:0510,0.0,0.0,0.0,6.84,2.62,0.0
20120217:0610,0.0,0.0,0.0,6.84,2.48,0.0
20120217:0710,0.0,0.0,0.0,6.31,2.34,0.0
20120217:0810,172.73,218.98,7.63,6.84,2.28,0.0
20120217:0910,200.99,242.99,15.1,6.84,2.34,0.0
20120217:1010,75.01,102.91,21.06,7.9,3.59,0.0
20120217:1110,99.83,131.17,25.01,7.9,3.72,0.0
20120217:1210,19.46,36.16,26.5,8.43,3.72,0.0
20120217:1310,49.96,74.17,25.35,9.49,3.86,0.0
20120217:1410,47.49,71.39,21.71,10.02,3.45,0.0
20120217:1510,19.24,36.16,15.98,10.55,3.24,0.0
20120217:1610,77.57,107.85,8.68,10.02,2.97,0.0
20120217:1710,0.0,0.0,0.0,9.49,3.1,0.0
20120217:1810,0.0,0.0,0.0,8.96,3.31,0.0
20120217:1910,0.0,0.0,0.0,8.96,3.45,0.0
20120217:2010,0.0,0.0,0.0,8.96,3.79,0.0
20120217:2110,0.0,0.0,0.0,8.96,3.93,0.0
20120217:2210,0.0,0.0,0.0,8.43,4.0,0.0
20120217:2310,0.0,0.0,0.0,7.9,4.0,0.0
20120218:0010,0.0,0.0,0.0,7.9,4.07,0.0
20120218:0110,0.0,0.0,0.0,7.9,4.28,0.0
20120218:0210,0.0,0.0,0.0,7.37,4.48,0.0
20120218:0310,0.0,0.0,0.0,7.37,4.83,0.0
20120218:0410,0.0,0.0,0.0,7.37,5.1,0.0
20120218:0510,0.0,0.0,0.0,6.84,5.38,0.0
20120218:0610,0.0,0.0,0.0,6.84,5.72,0.0
20120218:0710,0.0,0.0,0.0,7.37,6.14,0.0
20120218:0810,67.83,95.58,7.93,7.37,6.48,0.0
20120218:0910,156.74,193.3,15.42,7.9,6.41,0.0
20120218:1010,108.84,140.97,21.4,8.43,6.83,0.0
20120218:1110,212.75,255.96,25.35,9.49,9.45,0.0
20120218:1210,120.22,154.74,26.85,10.02,9.24,0.0
20120218:1310,154.61,193.18,25.69,10.02,7.1,0.0
20120218:1410,69.02,96.42,22.03,9.49,6.55,0.0
20120218:1510,82.41,111.33,16.29,8.96,6.9,0.0
20120218:1610,60.32,86.29,8.96,7.9,7.03,0.0
20120218:1710,0.0,0.0,0.0,6.84,5.52,0.0
20120218:1810,0.0,0.0,0.0,5.78,4.9,0.0
20120218:1910,0.0,0.0,0.0,4.72,4.28,0.0
20120218:2010,0.0,0.0,0.0,4.19,4.48,0.0
20120218:2110,0.0,0.0,0.0,3.13,4.69,0.0
20120218:2210,0.0,0.0,0.0,2.6,4.83,0.0
20120218:2310,0.0,0.0,0.0,2.07,4.69,0.0
20120219:0010,0.0,0.0,0.0,2.07,4.69,0.0
20120219:0110,0.0,0.0,0.0,2.07,4.9,0.0
20120219:0210,0.0,0.0,0.0,1.54,4.97,0.0
20120219:0310,0.0,0.0,0.0,1.54,5.03,0.0
20120219:0410,0.0,0.0,0.0,1.54,4.97,0.0
20120219:0510,0.0,0.0,0.0,1.01,4.76,0.0
20120219:0610,0.0,0.0,0.0,1.01,4.55,0.0
20120219:0710,0.0,0.0,0.0,1.01,4.28,0.0
20120219:0810,208.62,252.86,8.24,1.01,4.07,0.0
20120219:0910,461.89,526.76,15.74,2.07,3.66,0.0
20120219:1010,611.55,699.13,21.74,3.66,4.48,0.0
20120219:1110,690.22,796.39,25.71,4.72,4.76,0.0
20120219:1210,417.09,478.41,27.21,5.25,5.03,0.0
20120219:1310,518.09,594.26,26.04,5.78,5.24,0.0
20120219:1410,396.34,456.55,22.36,6.31,5.03,0.0
20120219:1510,332.27,385.36,16.6,5.78,4.55,0.0
20120219:1610,216.47,264.8,9.25,5.78,3.59,0.0
20120219:1710,0.0,0.0,0.0,4.19,2.41,0.0
20120219:1810,0.0,0.0,0.0,2.6,2.14,0.0
20120219:1910,0.0,0.0,0.0,1.01,1.93,0.0
20120219:2010,0.0,0.0,0.0,-0.04,1.86,0.0
20120219:2110,0.0,0.0,0.0,-1.1,1.86,0.0
20120219:2210,0.0,0.0,0.0,-1.63,1.79,0.0
20120219:2310,0.0,0.0,0.0,-2.16,1.79,0.0
20120220:0010,0.0,0.0,0.0,-2.69,1.66,0.0
20120220:0110,0.0,0.0,0.0,-2.69,1.72,0.0
20120220:0210,0.0,0.0,0.0,-3.22,1.66,0.0
20120220:0310,0.0,0.0,0.0,-3.22,1.66,0.0
20120220:0410,0.0,0.0,0.0,-3.75,1.86,0.0
20120220:0510,0.0,0.0,0.0,-3.75,1.86,0.0
20120220:0610,0.0,0.0,0.0,-3.75,2.0,0.0
20120220:0710,0.0,0.0,0.0,-3.75,2.21,0.0
20120220:0810,175.1,212.49,8.54,-2.16,2.28,0.0
20120220:0910,413.91,474.32,16.06,1.54,2.41,0.0
20120220:1010,513.44,591.21,22.08,4.19,3.17,0.0
20120220:1110,530.46,613.15,26.06,5.78,3.93,0.0
20120220:1210,521.39,604.3,27.56,6.84,4.34,0.0
20120220:1310,573.94,665.45,26.39,6.84,4.55,0.0
20120220:1410,223.92,266.84,22.7,6.84,4.41,0.0
20120220:1510,357.15,415.57,16.91,6.84,4.34,0.0
20120220:1610,58.04,83.29,9.55,6.84,4.0,0.0
20120220:1710,0.0,0.0,0.0,5.78,3.86,0.0
20120220:1810,0.0,0.0,0.0,5.25,3.86,0.0
20120220:1910,0.0,0.0,0.0,4.72,3.93,0.0
20120220:2010,0.0,0.0,0.0,4.19,4.28,0.0
20120220:2110,0.0,0.0,0.0,4.19,4.28,0.0
20120220:2210,0.0,0.0,0.0,4.19,4.48,0.0
20120220:2310,0.0,0.0,0.0,4.19,4.07,0.0
20120221:0010,0.0,0.0,0.0,4.19,4.0,0.0
20120221:0110,0.0,0.0,0.0,4.19,3.86,0.0
20120221:0210,0.0,0.0,0.0,3.66,3.59,0.0
20120221:0310,0.0,0.0,0.0,3.66,3.52,0.0
20120221:0410,0.0,0.0,0.0,3.13,3.31,0.0
20120221:0510,0.0,0.0,0.0,3.13,3.31,0.0
20120221:0610,0.0,0.0,0.0,2.6,3.31,0.0
20120221:0710,0.0,0.0,0.0,3.13,3.38,0.0
20120221:0810,63.05,88.43,8.86,3.66,3.45,0.0
20120221:0910,438.43,509.7,16.39,5.78,3.24,0.0
20120221:1010,297.18,348.77,22.43,7.37,4.14,0.0
20120221:1110,592.31,692.4,26.42,8.96,5.03,0.0
20120221:1210,508.82,594.7,27.92,10.55,6.21,0.0
20120221:1310,432.66,506.41,26.74,10.55,5.93,0.0
20120221:1410,280.45,334.21,23.03,10.55,4.83,0.0
20120221:1510,95.56,127.0,17.22,10.02,4.69,0.0
20120221:1610,140.15,180.16,9.84,10.02,4.48,0.0
20120221:1710,0.0,0.0,0.0,8.96,4.0,0.0
20120221:1810,0.0,0.0,0.0,8.43,4.0,0.0
20120221:1910,0.0,0.0,0.0,7.9,3.86,0.0
20120221:2010,0.0,0.0,0.0,7.9,3.86,0.0
20120221:2110,0.0,0.0,0.0,7.37,4.0,0.0
20120221:2210,0.0,0.0,0.0,6.84,4.07,0.0
20120221:2310,0.0,0.0,0.0,6.84,4.07,0.0
20120222:0010,0.0,0.0,0.0,6.84,4.14,0.0
20120222:0110,0.0,0.0,0.0,6.31,4.07,0.0
20120222:0210,0.0,0.0,0.0,5.78,4.14,0.0
20120222:0310,0.0,0.0,0.0,5.78,4.28,0.0
20120222:0410,0.0,0.0,0.0,5.78,4.48,0.0
20120222:0510,0.0,0.0,0.0,5.78,4.62,0.0
20120222:0610,0.0,0.0,0.0,5.78,4.69,0.0
20120222:0710,0.0,0.0,0.0,5.78,5.03,0.0
20120222:0810,34.72,55.16,9.18,6.31,5.38,0.0
20120222:0910,27.62,46.36,16.73,6.84,5.24,0.0
20120222:1010,327.99,379.6,22.78,7.37,7.79,0.0
20120222:1110,297.17,347.55,26.78,7.9,7.17,0.0
20120222:1210,100.32,131.65,28.29,8.43,7.45,0.0
20120222:1310,43.97,66.75,27.1,8.96,7.31,0.0
20120222:1410,75.04,102.91,23.37,8.43,7.17,0.0
20120222:1510,44.97,67.68,17.53,7.9,6.83,0.0
20120222:1610,14.01,28.74,10.13,7.9,6.9,0.0
20120222:1710,0.0,0.0,0.0,7.9,6.83,0.0
20120222:1810,0.0,0.0,0.0,8.43,6.62,0.0
20120222:1910,0.0,0.0,0.0,8.43,6.69,0.0
20120222:2010,0.0,0.0,0.0,8.43,6.28,0.0
20120222:2110,0.0,0.0,0.0,8.96,5.93,0.0
20120222:2210,0.0,0.0,0.0,9.49,5.45,0.0
20120222:2310,0.0,0.0,0.0,10.02,4.83,0.0
20120223:0010,0.0,0.0,0.0,10.02,4.21,0.0
20120223:0110,0.0,0.0,0.0,10.02,3.86,0.0
20120223:0210,0.0,0.0,0.0,10.55,3.59,0.0
20120223:0310,0.0,0.0,0.0,10.55,3.38,0.0
20120223:0410,0.0,0.0,0.0,10.55,3.24,0.0
20120223:0510,0.0,0.0,0.0,10.02,3.1,0.0
20120223:0610,0.0,0.0,0.0,10.02,2.97,0.0
20120223:0710,0.0,0.0,0.0,10.55,3.17,0.0
20120223:0810,85.44,117.48,9.5,10.55,3.38,0.0
20120223:0910,220.91,269.25,17.06,11.09,3.52,0.0
20120223:1010,561.35,669.73,23.13,12.15,3.93,0.0
20120223:1110,691.18,834.22,27.15,13.21,4.48,0.0
20120223:1210,172.22,216.77,28.66,13.21,4.28,0.0
20120223:1310,611.01,733.05,27.45,13.21,4.48,0.0
20120223:1410,631.57,759.25,23.7,13.74,4.55,0.0
20120223:1510,482.33,576.37,17.84,13.21,4.41,0.0
20120223:1610,258.91,323.27,10.42,13.21,4.07,0.0
20120223:1710,0.0,0.0,0.0,12.15,3.66,0.0
20120223:1810,0.0,0.0,0.0,11.09,3.86,0.0
20120223:1910,0.0,0.0,0.0,10.55,4.41,0.0
20120223:2010,0.0,0.0,0.0,10.02,4.69,0.0
20120223:2110,0.0,0.0,0.0,10.02,4.76,0.0
20120223:2210,0.0,0.0,0.0,9.49,4.62,0.0
20120223:2310,0.0,0.0,0.0,8.96,4.28,0.0
20120224:0010,0.0,0.0,0.0,8.96,3.86,0.0
20120224:0110,0.0,0.0,0.0,8.43,3.59,0.0
20120224:0210,0.0,0.0,0.0,8.43,3.45,0.0
20120224:0310,0.0,0.0,0.0,8.96,3.52,0.0
20120224:0410,0.0,0.0,0.0,8.96,3.45,0.0
20120224:0510,0.0,0.0,0.0,8.96,3.38,0.0
20120224:0610,0.0,0.0,0.0,8.96,3.38,0.0
20120224:0710,0.0,0.0,0.0,8.96,3.66,0.0
20120224:0810,99.93,133.55,9.82,8.96,3.52,0.0
20120224:0910,117.05,150.65,17.4,8.96,4.41,0.0
20120224:1010,172.64,213.17,23.48,9.49,4.55,0.0
20120224:1110,222.92,269.95,27.51,10.02,4.76,0.0
20120224:1210,317.73,377.08,29.02,10.55,4.97,0.0
20120224:1310,688.45,819.06,27.81,11.09,4.97,0.0
20120224:1410,465.77,549.59,24.04,11.61,4.9,0.0
20120224:1510,417.08,495.35,18.16,12.15,4.62,0.0
20120224:1610,77.87,108.4,10.72,11.61,3.38,0.0
20120224:1710,0.0,0.0,0.0,11.61,2.97,0.0
20120224:1810,0.0,0.0,0.0,11.09,2.76,0.0
20120224:1910,0.0,0.0,0.0,11.09,3.1,0.0
20120224:2010,0.0,0.0,0.0,10.55,2.83,0.0
20120224:2110,0.0,0.0,0.0,10.55,2.48,0.0
20120224:2210,0.0,0.0,0.0,10.02,2.21,0.0
20120224:2310,0.0,0.0,0.0,9.49,2.28,0.0
20120225:0010,0.0,0.0,0.0,8.43,2.14,0.0
20120225:0110,0.0,0.0,0.0,7.37,2.0,0.0
20120225:0210,0.0,0.0,0.0,6.31,2.0,0.0
20120225:0310,0.0,0.0,0.0,5.78,1.86,0.0
20120225:0410,0.0,0.0,0.0,4.72,1.52,0.0
20120225:0510,0.0,0.0,0.0,4.72,0.97,0.0
20120225:0610,0.0,0.0,0.0,4.72,1.59,0.0
20120225:0710,0.0,0.0,0.0,5.78,1.66,0.0
20120225:0810,57.67,82.85,10.15,6.31,1.79,0.0
20120225:0910,112.19,144.28,17.75,6.31,1.66,0.0
20120225:1010,559.9,660.77,23.84,6.84,2.21,0.0
20120225:1110,692.25,830.07,27.88,7.37,2.34,0.0
20120225:1210,663.09,791.52,29.4,8.43,2.97,0.0
20120225:1310,730.76,881.08,28.17,8.96,2.9,0.0
20120225:1410,635.45,756.15,24.38,9.49,3.31,0.0
20120225:1510,498.0,586.42,18.47,9.49,3.93,0.0
20120225:1610,270.59,331.46,11.01,9.49,3.79,0.0
20120225:1710,0.0,0.0,0.0,8.43,2.69,0.0
20120225:1810,0.0,0.0,0.0,6.84,2.21,0.0
20120225:1910,0.0,0.0,0.0,6.31,2.0,0.0
20120225:2010,0.0,0.0,0.0,4.72,2.07,0.0
20120225:2110,0.0,0.0,0.0,3.66,2.21,0.0
20120225:2210,0.0,0.0,0.0,3.13,2.34,0.0
20120225:2310,0.0,0.0,0.0,2.6,2.41,0.0
20120226:0010,0.0,0.0,0.0,2.07,2.41,0.0
20120226:0110,0.0,0.0,0.0,1.54,2.34,0.0
20120226:0210,0.0,0.0,0.0,1.54,2.41,0.0
20120226:0310,0.0,0.0,0.0,1.01,2.41,0.0
20120226:0410,0.0,0.0,0.0,1.01,2.28,0.0
20120226:0510,0.0,0.0,0.0,1.54,2.07,0.0
20120226:0610,0.0,0.0,0.0,2.07,2.0,0.0
20120226:0710,0.0,0.0,0.0,1.54,1.72,0.0
20120226:0810,243.52,295.22,10.48,2.6,1.31,0.0
20120226:0910,375.57,441.89,18.09,5.25,1.17,0.0
20120226:1010,635.46,768.51,24.21,6.84,1.03,0.0
20120226:1110,703.84,878.81,28.26,8.43,0.55,0.0
20120226:1210,685.31,857.21,29.77,9.49,0.62,0.0
20120226:1310,701.03,872.97,28.53,10.55,1.17,0.0
20120226:1410,495.71,597.93,24.72,10.55,1.45,0.0
20120226:1510,387.29,465.18,18.79,10.55,1.59,0.0
20120226:1610,160.22,204.11,11.3,10.02,1.66,0.0
20120226:1710,4.01,14.8,2.78,9.49,1.59,0.0
20120226:1810,0.0,0.0,0.0,8.43,1.72,0.0
20120226:1910,0.0,0.0,0.0,7.37,2.0,0.0
20120226:2010,0.0,0.0,0.0,6.31,2.41,0.0
20120226:2110,0.0,0.0,0.0,5.78,2.76,0.0
20120226:2210,0.0,0.0,0.0,5.78,2.83,0.0
20120226:2310,0.0,0.0,0.0,5.78,2.83,0.0
20120227:0010,0.0,0.0,0.0,5.78,2.62,0.0
20120227:0110,0.0,0.0,0.0,5.25,2.55,0.0
20120227:0210,0.0,0.0,0.0,5.25,2.62,0.0
20120227:0310,0.0,0.0,0.0,5.25,2.69,0.0
20120227:0410,0.0,0.0,0.0,5.25,2.83,0.0
20120227:0510,0.0,0.0,0.0,5.25,2.9,0.0
20120227:0610,0.0,0.0,0.0,5.78,2.62,0.0
20120227:0710,0.0,0.0,0.0,5.78,2.9,0.0
20120227:0810,112.55,146.74,10.81,6.84,2.69,0.0
20120227:0910,53.79,77.88,18.44,6.84,4.07,0.0
20120227:1010,74.25,101.98,24.57,7.9,4.21,0.0
20120227:1110,73.86,101.98,28.63,8.96,4.07,0.0
20120227:1210,58.58,84.37,30.15,9.49,4.07,0.0
20120227:1310,49.96,74.17,28.9,9.49,3.93,0.0
20120227:1410,34.55,55.63,25.06,10.02,3.45,0.0
20120227:1510,63.09,89.93,19.11,10.02,2.97,0.0
20120227:1610,52.18,77.13,11.6,10.02,3.45,0.0
20120227:1710,4.38,15.35,3.05,10.02,3.31,0.0
20120227:1810,0.0,0.0,0.0,9.49,3.1,0.0
20120227:1910,0.0,0.0,0.0,8.96,3.24,0.0
20120227:2010,0.0,0.0,0.0,8.43,3.03,0.0
20120227:2110,0.0,0.0,0.0,8.43,2.97,0.0
20120227:2210,0.0,0.0,0.0,8.43,2.9,0.0
20120227:2310,0.0,0.0,0.0,8.43,2.97,0.0
20120228:0010,0.0,0.0,0.0,8.43,2.97,0.0
20120228:0110,0.0,0.0,0.0,8.43,2.97,0.0
20120228:0210,0.0,0.0,0.0,8.43,2.83,0.0
20120228:0310,0.0,0.0,0.0,7.9,2.76,0.0
20120228:0410,0.0,0.0,0.0,7.9,2.62,0.0
20120228:0510,0.0,0.0,0.0,7.9,2.28,0.0
20120228:0610,0.0,0.0,0.0,7.9,2.21,0.0
20120228:0710,0.0,1.75,2.52,8.43,2.14,0.0
20120228:0810,49.19,73.37,11.15,8.96,2.48,0.0
20120228:0910,115.29,149.6,18.8,9.49,2.21,0.0
20120228:1010,165.37,206.76,24.94,10.02,2.28,0.0
20120228:1110,214.05,262.84,29.01,10.55,2.14,0.0
20120228:1210,0.0,0.0,0.0,11.09,2.21,0.0
20120228:1310,375.92,452.03,29.26,11.61,2.14,0.0
20120228:1410,244.5,298.93,25.4,12.15,2.21,0.0
20120228:1510,213.92,263.68,19.42,12.15,2.21,0.0
20120228:1610,248.39,310.47,11.89,12.15,2.0,0.0
20120228:1710,10.59,26.66,3.33,11.61,1.52,0.0
20120228:1810,0.0,0.0,0.0,11.09,1.59,0.0
20120228:1910,0.0,0.0,0.0,10.55,1.59,0.0
20120228:2010,0.0,0.0,0.0,10.02,1.59,0.0
20120228:2110,0.0,0.0,0.0,10.02,1.52,0.0
20120228:2210,0.0,0.0,0.0,9.49,1.59,0.0
20120228:2310,0.0,0.0,0.0,9.49,1.59,0.0
20120229:0010,0.0,0.0,0.0,8.96,1.52,0.0
20120229:0110,0.0,0.0,0.0,8.96,1.45,0.0
20120229:0210,0.0,0.0,0.0,8.43,1.45,0.0
20120229:0310,0.0,0.0,0.0,8.43,1.45,0.0
20120229:0410,0.0,0.0,0.0,8.43,1.59,0.0
20120229:0510,0.0,0.0,0.0,8.43,1.72,0.0
20120229:0610,0.0,0.0,0.0,7.9,1.86,0.0
20120229:0710,0.19,6.12,2.52,8.43,1.86,0.0
20120229:0810,47.17,70.79,11.15,8.43,2.0,0.0
20120229:0910,52.35,76.95,18.8,8.96,2.21,0.0
20120229:1010,67.77,95.49,24.94,10.02,2.34,0.0
20120229:1110,57.55,83.44,29.01,10.02,2.48,0.0
20120229:1210,0.0,0.0,0.0,10.55,2.55,0.0
20120229:1310,125.88,162.7,29.26,10.55,2.62,0.0
20120229:1410,314.0,376.75,25.4,11.09,2.62,0.0
20120229:1510,258.5,313.76,19.42,11.61,2.55,0.0
20120229:1610,120.88,158.85,11.89,11.61,2.28,0.0
20120229:1710,7.07,19.72,3.33,11.09,1.93,0.0
20120229:1810,0.0,0.0,0.0,10.02,1.79,0.0
20120229:1910,0.0,0.0,0.0,10.02,1.72,0.0
20120229:2010,0.0,0.0,0.0,9.49,1.79,0.0
20120229:2110,0.0,0.0,0.0,8.96,1.79,0.0
20120229:2210,0.0,0.0,0.0,8.43,1.66,0.0
20120229:2310,0.0,0.0,0.0,8.43,1.45,0.0
20120301:0010,0.0,0.0,0.0,7.9,1.31,0.0
20120301:0110,0.0,0.0,0.0,7.9,1.24,0.0
20120301:0210,0.0,0.0,0.0,7.37,1.31,0.0
20120301:0310,0.0,0.0,0.0,6.84,1.24,0.0
20120301:0410,0.0,0.0,0.0,6.84,0.97,0.0
20120301:0510,0.0,0.0,0.0,6.84,1.1,0.0
20120301:0610,0.0,0.0,0.0,6.84,1.1,0.0
20120301:0710,4.19,13.99,2.85,6.31,1.52,0.0
20120301:0810,249.51,306.86,11.49,6.84,1.31,0.0
20120301:0910,453.81,539.99,19.15,7.37,1.31,0.0
20120301:1010,542.67,655.0,25.31,8.96,1.17,0.0
20120301:1110,621.88,765.21,29.39,10.02,1.03,0.0
20120301:1210,0.0,0.0,0.0,11.61,1.1,0.0
20120301:1310,622.13,771.51,29.63,12.15,1.24,0.0
20120301:1410,486.04,592.95,25.74,12.68,1.38,0.0
20120301:1510,443.05,540.18,19.74,13.21,1.59,0.0
20120301:1610,215.64,271.86,12.18,12.68,1.79,0.0
20120301:1710,25.32,50.18,3.61,11.61,1.79,0.0
20120301:1810,0.0,0.0,0.0,10.02,2.21,0.0
20120301:1910,0.0,0.0,0.0,8.96,2.14,0.0
20120301:2010,0.0,0.0,0.0,7.37,1.93,0.0
20120301:2110,0.0,0.0,0.0,6.84,1.93,0.0
20120301:2210,0.0,0.0,0.0,5.78,1.86,0.0
20120301:2310,0.0,0.0,0.0,5.25,2.0,0.0
20120302:0010,0.0,0.0,0.0,4.72,1.93,0.0
20120302:0110,0.0,0.0,0.0,4.19,1.93,0.0
20120302:0210,0.0,0.0,0.0,4.19,1.86,0.0
20120302:0310,0.0,0.0,0.0,3.66,1.79,0.0
20120302:0410,0.0,0.0,0.0,3.66,1.72,0.0
20120302:0510,0.0,0.0,0.0,3.66,1.66,0.0
20120302:0610,0.0,0.0,0.0,4.19,1.45,0.0
20120302:0710,3.63,12.98,3.18,5.25,1.72,0.0
20120302:0810,34.39,54.7,11.83,6.31,1.86,0.0
20120302:0910,77.99,106.01,19.51,6.84,2.14,0.0
20120302:1010,175.6,215.66,25.68,6.84,1.93,0.0
20120302:1110,221.07,268.38,29.78,8.43,2.21,0.0
20120302:1210,54.56,79.73,31.29,9.49,2.28,0.0
20120302:1310,127.42,164.29,29.99,10.02,2.28,0.0
20120302:1410,94.69,127.01,26.09,10.55,2.41,0.0
20120302:1510,39.8,62.12,20.06,10.02,2.62,0.0
20120302:1610,60.25,86.39,12.48,8.96,2.76,0.0
20120302:1710,2.05,10.2,3.89,7.9,2.83,0.0
20120302:1810,0.0,0.0,0.0,6.84,2.76,0.0
20120302:1910,0.0,0.0,0.0,6.31,2.69,0.0
20120302:2010,0.0,0.0,0.0,6.31,2.55,0.0
20120302:2110,0.0,0.0,0.0,6.31,2.21,0.0
20120302:2210,0.0,0.0,0.0,6.31,1.79,0.0
20120302:2310,0.0,0.0,0.0,6.31,1.52,0.0
20120303:0010,0.0,0.0,0.0,6.31,1.52,0.0
20120303:0110,0.0,0.0,0.0,6.84,2.0,0.0
20120303:0210,0.0,0.0,0.0,6.84,1.66,0.0
20120303:0310,0.0,0.0,0.0,6.84,1.66,0.0
20120303:0410,0.0,0.0,0.0,6.84,2.07,0.0
20120303:0510,0.0,0.0,0.0,7.37,2.41,0.0
20120303:0610,0.0,0.0,0.0,7.9,2.83,0.0
20120303:0710,12.58,29.13,3.52,7.9,3.38,0.0
20120303:0810,26.65,45.43,12.18,8.43,4.21,0.0
20120303:0910,233.85,279.95,19.87,8.43,4.69,0.0
20120303:1010,39.32,61.19,26.06,8.96,5.31,0.0
20120303:1110,92.41,123.31,30.16,9.49,6.55,0.0
20120303:1210,226.83,273.5,31.67,9.49,6.34,0.0
20120303:1310,299.62,357.31,30.36,11.09,5.52,0.0
20120303:1410,61.64,89.0,26.43,12.68,5.72,0.0
20120303:1510,454.62,537.77,20.37,12.68,6.14,0.0
20120303:1610,171.38,216.44,12.77,11.61,4.83,0.0
20120303:1710,40.31,72.4,4.16,11.09,4.14,0.0
20120303:1810,0.0,0.0,0.0,9.49,3.72,0.0
20120303:1910,0.0,0.0,0.0,8.43,3.59,0.0
20120303:2010,0.0,0.0,0.0,7.37,3.45,0.0
20120303:2110,0.0,0.0,0.0,6.84,3.24,0.0
20120303:2210,0.0,0.0,0.0,6.31,2.9,0.0
20120303:2310,0.0,0.0,0.0,5.78,2.9,0.0
20120304:0010,0.0,0.0,0.0,5.25,2.9,0.0
20120304:0110,0.0,0.0,0.0,4.72,2.55,0.0
20120304:0210,0.0,0.0,0.0,5.25,2.48,0.0
20120304:0310,0.0,0.0,0.0,5.78,2.41,0.0
20120304:0410,0.0,0.0,0.0,6.31,2.55,0.0
20120304:0510,0.0,0.0,0.0,6.31,2.76,0.0
20120304:0610,0.0,0.0,0.0,6.31,2.76,0.0
20120304:0710,31.04,58.48,3.85,6.84,3.1,0.0
20120304:0810,54.15,78.46,12.53,6.84,3.38,0.0
20120304:0910,79.54,107.8,20.23,7.37,3.86,0.0
20120304:1010,34.18,54.7,26.44,7.9,4.14,0.0
20120304:1110,87.07,116.82,30.55,8.43,5.1,0.0
20120304:1210,41.74,63.97,32.05,8.43,5.72,0.0
20120304:1310,88.03,117.74,30.73,7.9,4.34,0.0
20120304:1410,87.62,116.82,26.78,6.84,3.86,0.0
20120304:1510,14.93,29.67,20.69,4.72,5.03,0.0
20120304:1610,56.01,79.28,13.07,3.13,6.48,0.0
20120304:1710,25.1,46.77,4.44,3.66,6.69,0.0
20120304:1810,0.0,0.0,0.0,3.66,6.07,0.0
20120304:1910,0.0,0.0,0.0,3.66,6.48,0.0
20120304:2010,0.0,0.0,0.0,3.66,6.55,0.0
20120304:2110,0.0,0.0,0.0,3.66,6.83,0.0
20120304:2210,0.0,0.0,0.0,3.13,6.97,0.0
20120304:2310,0.0,0.0,0.0,3.13,6.9,0.0
20120305:0010,0.0,0.0,0.0,3.13,6.9,0.0
20120305:0110,0.0,0.0,0.0,3.13,7.03,0.0
20120305:0210,0.0,0.0,0.0,3.13,7.03,0.0
20120305:0310,0.0,0.0,0.0,3.13,7.1,0.0
20120305:0410,0.0,0.0,0.0,3.13,6.97,0.0
20120305:0510,0.0,0.0,0.0,3.13,7.03,0.0
20120305:0610,0.0,0.0,0.0,3.13,6.9,0.0
20120305:0710,4.79,14.83,4.19,3.13,6.97,0.0
20120305:0810,117.44,148.98,12.88,3.66,6.07,0.0
20120305:0910,401.31,456.15,20.6,4.72,8.34,0.0
20120305:1010,589.5,669.92,26.82,6.31,8.76,0.0
20120305:1110,710.56,814.58,30.94,6.84,8.41,0.0
20120305:1210,617.46,707.8,32.44,7.37,8.41,0.0
20120305:1310,591.74,677.6,31.1,7.37,8.41,0.0
20120305:1410,310.17,360.45,27.12,7.37,8.55,0.0
20120305:1510,41.23,63.04,21.01,7.37,8.28,0.0
20120305:1610,5.23,15.76,13.36,7.37,6.69,0.0
20120305:1710,2.07,10.2,4.72,6.84,6.21,0.0
20120305:1810,0.0,0.0,0.0,6.84,5.86,0.0
20120305:1910,0.0,0.0,0.0,6.31,6.41,0.0
20120305:2010,0.0,0.0,0.0,5.78,6.28,0.0
20120305:2110,0.0,0.0,0.0,5.25,6.34,0.0
20120305:2210,0.0,0.0,0.0,4.72,6.21,0.0
20120305:2310,0.0,0.0,0.0,4.72,5.93,0.0
20120306:0010,0.0,0.0,0.0,4.19,5.52,0.0
20120306:0110,0.0,0.0,0.0,3.66,5.17,0.0
20120306:0210,0.0,0.0,0.0,3.66,5.1,0.0
20120306:0310,0.0,0.0,0.0,3.13,4.9,0.0
20120306:0410,0.0,0.0,0.0,3.13,4.76,0.0
20120306:0510,0.0,0.0,0.0,3.13,4.62,0.0
20120306:0610,0.0,0.0,0.0,3.13,4.34,0.0
20120306:0710,3.68,12.98,4.53,3.13,3.86,0.0
20120306:0810,37.99,58.41,13.23,3.66,3.59,0.0
20120306:0910,39.55,60.26,20.96,3.66,3.52,0.0
20120306:1010,54.33,77.88,27.2,4.72,3.66,0.0
20120306:1110,74.97,101.98,31.33,5.78,3.59,0.0
20120306:1210,122.66,156.68,32.83,6.84,2.62,0.0
20120306:1310,88.23,117.74,31.47,6.84,2.28,0.0
20120306:1410,57.46,82.51,27.46,7.37,1.79,0.0
20120306:1510,88.25,118.15,21.32,7.37,1.17,0.0
20120306:1610,47.47,70.81,13.65,7.37,0.83,0.0
20120306:1710,17.02,34.32,4.99,6.84,0.34,0.0
20120306:1810,0.0,0.0,0.0,6.84,1.45,0.0
20120306:1910,0.0,0.0,0.0,6.31,2.28,0.0
20120306:2010,0.0,0.0,0.0,5.25,2.69,0.0
20120306:2110,0.0,0.0,0.0,4.72,3.17,0.0
20120306:2210,0.0,0.0,0.0,4.19,3.52,0.0
20120306:2310,0.0,0.0,0.0,4.19,3.86,0.0
20120307:0010,0.0,0.0,0.0,4.72,4.21,0.0
20120307:0110,0.0,0.0,0.0,4.72,4.55,0.0
20120307:0210,0.0,0.0,0.0,5.25,5.03,0.0
20120307:0310,0.0,0.0,0.0,5.25,5.38,0.0
20120307:0410,0.0,0.0,0.0,5.78,5.72,0.0
20120307:0510,0.0,0.0,0.0,6.31,6.07,0.0
20120307:0610,0.0,0.0,0.0,6.84,6.41,0.0
20120307:0710,7.62,19.47,4.88,6.84,6.76,0.0
20120307:0810,19.64,36.16,13.58,6.84,7.03,0.0
20120307:0910,39.78,61.19,21.33,6.84,7.38,0.0
20120307:1010,50.59,74.17,27.58,7.37,7.31,0.0
20120307:1110,132.53,167.9,31.72,8.43,6.76,0.0
20120307:1210,96.91,127.94,33.22,8.43,5.86,0.0
20120307:1310,140.86,178.22,31.84,9.49,5.52,0.0
20120307:1410,42.19,64.9,27.81,10.02,6.21,0.0
20120307:1510,267.57,316.87,21.64,8.96,6.69,0.0
20120307:1610,71.99,99.57,13.94,8.43,6.48,0.0
20120307:1710,54.3,89.52,5.27,7.9,5.72,0.0
20120307:1810,0.0,0.0,0.0,6.84,5.03,0.0
20120307:1910,0.0,0.0,0.0,6.31,4.41,0.0
20120307:2010,0.0,0.0,0.0,5.25,4.48,0.0
20120307:2110,0.0,0.0,0.0,4.72,4.34,0.0
20120307:2210,0.0,0.0,0.0,4.19,4.28,0.0
20120307:2310,0.0,0.0,0.0,3.66,4.62,0.0
20120308:0010,0.0,0.0,0.0,3.13,4.48,0.0
20120308:0110,0.0,0.0,0.0,3.13,4.28,0.0
20120308:0210,0.0,0.0,0.0,3.13,4.21,0.0
20120308:0310,0.0,0.0,0.0,2.6,4.14,0.0
20120308:0410,0.0,0.0,0.0,2.6,3.93,0.0
20120308:0510,0.0,0.0,0.0,2.07,3.93,0.0
20120308:0610,0.0,0.0,0.0,2.07,3.59,0.0
20120308:0710,19.2,36.52,5.23,2.07,3.24,0.0
20120308:0810,141.71,176.16,13.94,3.13,2.83,0.0
20120308:0910,468.05,542.52,21.7,5.78,3.66,0.0
20120308:1010,619.07,723.83,27.97,6.84,3.86,0.0
20120308:1110,699.81,829.48,32.11,8.43,4.14,0.0
20120308:1210,489.58,577.47,33.61,9.49,3.86,0.0
20120308:1310,582.2,690.22,32.22,9.49,3.66,0.0
20120308:1410,538.63,637.33,28.15,9.49,3.38,0.0
20120308:1510,260.59,312.56,21.96,9.49,3.31,0.0
20120308:1610,75.42,104.31,14.24,9.49,2.62,0.0
20120308:1710,55.49,91.39,5.55,8.96,1.79,0.0
20120308:1810,0.0,0.0,0.0,7.9,1.93,0.0
20120308:1910,0.0,0.0,0.0,7.9,2.0,0.0
20120308:2010,0.0,0.0,0.0,7.37,2.21,0.0
20120308:2110,0.0,0.0,0.0,6.84,2.34,0.0
20120308:2210,0.0,0.0,0.0,6.84,2.48,0.0
20120308:2310,0.0,0.0,0.0,6.31,2.48,0.0
20120309:0010,0.0,0.0,0.0,5.25,2.55,0.0
20120309:0110,0.0,0.0,0.0,4.72,2.69,0.0
20120309:0210,0.0,0.0,0.0,4.72,2.69,0.0
20120309:0310,0.0,0.0,0.0,4.72,2.76,0.0
20120309:0410,0.0,0.0,0.0,4.72,2.9,0.0
20120309:0510,0.0,0.0,0.0,4.72,2.76,0.0
20120309:0610,0.0,0.0,0.0,4.72,2.97,0.0
20120309:0710,0.0,5.56,5.57,5.25,3.38,0.0
20120309:0810,6.41,17.62,14.3,6.84,3.24,0.0
20120309:0910,123.42,157.2,22.08,7.37,3.79,0.0
20120309:1010,60.47,86.22,28.35,8.43,4.07,0.0
20120309:1110,71.49,99.2,32.51,8.96,4.55,0.0
20120309:1210,53.65,78.8,34.0,10.55,5.59,0.0
20120309:1310,64.47,91.78,32.59,11.09,5.31,0.0
20120309:1410,21.24,38.94,28.5,11.61,5.17,0.0
20120309:1510,55.67,81.59,22.27,11.61,4.69,0.0
20120309:1610,18.45,35.23,14.53,11.61,4.55,0.0
20120309:1710,8.64,21.32,5.82,11.09,3.45,0.0
20120309:1810,0.0,0.0,0.0,10.55,3.1,0.0
20120309:1910,0.0,0.0,0.0,9.49,3.1,0.0
20120309:2010,0.0,0.0,0.0,9.49,3.24,0.0
20120309:2110,0.0,0.0,0.0,9.49,3.24,0.0
20120309:2210,0.0,0.0,0.0,8.96,3.1,0.0
20120309:2310,0.0,0.0,0.0,8.43,2.97,0.0
20120310:0010,0.0,0.0,0.0,8.43,3.03,0.0
20120310:0110,0.0,0.0,0.0,8.43,2.9,0.0
20120310:0210,0.0,0.0,0.0,8.43,3.03,0.0
20120310:0310,0.0,0.0,0.0,7.9,2.76,0.0
20120310:0410,0.0,0.0,0.0,7.9,2.69,0.0
20120310:0510,0.0,0.0,0.0,7.9,2.55,0.0
20120310:0610,0.0,0.0,0.0,7.9,2.48,0.0
20120310:0710,23.88,43.59,5.92,7.9,2.41,0.0
20120310:0810,96.15,127.94,14.66,8.96,3.38,0.0
20120310:0910,86.38,116.92,22.45,10.02,3.59,0.0
20120310:1010,87.39,118.67,28.74,11.09,3.38,0.0
20120310:1110,211.97,261.72,32.91,12.15,3.52,0.0
20120310:1210,221.9,273.8,34.39,12.68,3.52,0.0
20120310:1310,648.95,790.24,32.96,13.21,3.38,0.0
20120310:1410,518.84,625.34,28.84,13.74,3.59,0.0
20120310:1510,423.63,511.59,22.59,13.74,3.03,0.0
20120310:1610,74.82,105.37,14.82,13.74,2.9,0.0
20120310:1710,23.93,44.43,6.09,13.21,2.83,0.0
20120310:1810,0.0,0.0,0.0,12.68,2.62,0.0
20120310:1910,0.0,0.0,0.0,12.15,2.28,0.0
20120310:2010,0.0,0.0,0.0,11.61,2.83,0.0
20120310:2110,0.0,0.0,0.0,10.55,3.17,0.0
20120310:2210,0.0,0.0,0.0,10.02,3.17,0.0
20120310:2310,0.0,0.0,0.0,9.49,2.9,0.0
20120311:0010,0.0,0.0,0.0,7.9,2.55,0.0
20120311:0110,0.0,0.0,0.0,7.37,2.34,0.0
20120311:0210,0.0,0.0,0.0,6.84,2.28,0.0
20120311:0310,0.0,0.0,0.0,6.31,2.21,0.0
20120311:0410,0.0,0.0,0.0,5.78,2.21,0.0
20120311:0510,0.0,0.0,0.0,4.72,2.14,0.0
20120311:0610,0.0,0.0,0.0,4.72,2.14,0.0
20120311:0710,72.01,110.66,6.28,4.72,1.79,0.0
20120311:0810,129.85,165.65,15.02,6.84,1.66,0.0
20120311:0910,151.87,190.69,22.83,8.96,2.34,0.0
20120311:1010,209.79,257.14,29.13,10.02,2.62,0.0
20120311:1110,272.43,329.66,33.3,10.55,2.48,0.0
20120311:1210,426.22,512.91,34.78,11.61,2.34,0.0
20120311:1310,647.17,794.53,33.33,12.15,2.21,0.0
20120311:1410,587.24,716.25,29.19,12.68,2.28,0.0
20120311:1510,462.68,560.41,22.9,13.21,2.41,0.0
20120311:1610,285.93,355.5,15.11,13.21,2.21,0.0
20120311:1710,74.96,118.73,6.37,12.68,1.66,0.0
20120311:1810,0.0,0.0,0.0,11.61,1.59,0.0
20120311:1910,0.0,0.0,0.0,10.55,1.79,0.0
20120311:2010,0.0,0.0,0.0,8.43,1.93,0.0
20120311:2110,0.0,0.0,0.0,7.37,2.0,0.0
20120311:2210,0.0,0.0,0.0,6.84,2.07,0.0
20120311:2310,0.0,0.0,0.0,5.78,2.14,0.0
20120312:0010,0.0,0.0,0.0,5.25,2.14,0.0
20120312:0110,0.0,0.0,0.0,4.72,2.14,0.0
20120312:0210,0.0,0.0,0.0,4.19,2.21,0.0
20120312:0310,0.0,0.0,0.0,3.66,2.21,0.0
20120312:0410,0.0,0.0,0.0,3.13,2.21,0.0
20120312:0510,0.0,0.0,0.0,2.6,2.14,0.0
20120312:0610,0.0,0.0,0.0,2.6,2.0,0.0
20120312:0710,68.3,103.31,6.63,2.6,1.79,0.0
20120312:0810,218.59,265.59,15.39,5.25,1.52,0.0
20120312:0910,383.15,453.56,23.21,7.37,1.66,0.0
20120312:1010,599.09,726.29,29.52,9.49,1.59,0.0
20120312:1110,695.67,864.37,33.7,11.09,1.52,0.0
20120312:1210,710.64,894.68,35.18,12.68,1.45,0.0
20120312:1310,694.0,871.97,33.71,13.21,1.52,0.0
20120312:1410,610.84,764.07,29.53,13.74,1.1,0.0
20120312:1510,487.82,601.65,23.22,14.27,1.31,0.0
20120312:1610,264.25,332.36,15.4,14.27,1.31,0.0
20120312:1710,80.62,126.74,6.64,13.21,0.9,0.0
20120312:1810,0.0,0.0,0.0,12.15,1.66,0.0
20120312:1910,0.0,0.0,0.0,8.96,2.07,0.0
20120312:2010,0.0,0.0,0.0,7.37,1.79,0.0
20120312:2110,0.0,0.0,0.0,6.31,1.66,0.0
20120312:2210,0.0,0.0,0.0,6.31,1.45,0.0
20120312:2310,0.0,0.0,0.0,6.84,1.1,0.0
20120313:0010,0.0,0.0,0.0,6.31,1.03,0.0
20120313:0110,0.0,0.0,0.0,6.31,1.03,0.0
20120313:0210,0.0,0.0,0.0,5.78,1.03,0.0
20120313:0310,0.0,0.0,0.0,5.78,0.9,0.0
20120313:0410,0.0,0.0,0.0,6.31,0.55,0.0
20120313:0510,0.0,0.0,0.0,6.31,0.28,0.0
20120313:0610,0.0,0.0,0.0,6.31,0.21,0.0
20120313:0710,18.91,35.57,6.98,6.31,0.55,0.0
20120313:0810,48.9,72.31,15.75,6.84,1.17,0.0
20120313:0910,56.78,81.59,23.58,6.84,1.31,0.0
20120313:1010,67.15,93.64,29.92,6.84,1.59,0.0
20120313:1110,112.18,145.56,34.1,7.37,1.31,0.0
20120313:1210,114.15,148.34,35.57,8.43,1.66,0.0
20120313:1310,248.04,302.84,34.08,8.96,0.55,0.0
20120313:1410,504.63,610.4,29.88,10.02,1.24,0.0
20120313:1510,473.74,573.37,23.53,10.02,1.03,0.0
20120313:1610,300.86,370.32,15.69,10.02,1.17,0.0
20120313:1710,81.41,125.32,6.91,9.49,0.97,0.0
20120313:1810,0.0,0.0,0.0,8.96,1.17,0.0
20120313:1910,0.0,0.0,0.0,7.9,1.45,0.0
20120313:2010,0.0,0.0,0.0,7.37,1.79,0.0
20120313:2110,0.0,0.0,0.0,6.84,1.59,0.0
20120313:2210,0.0,0.0,0.0,6.31,1.52,0.0
20120313:2310,0.0,0.0,0.0,6.31,1.52,0.0
20120314:0010,0.0,0.0,0.0,5.78,1.59,0.0
20120314:0110,0.0,0.0,0.0,5.78,1.52,0.0
20120314:0210,0.0,0.0,0.0,5.25,1.45,0.0
20120314:0310,0.0,0.0,0.0,4.72,1.52,0.0
20120314:0410,0.0,0.0,0.0,4.72,1.66,0.0
20120314:0510,0.0,0.0,0.0,4.19,1.72,0.0
20120314:0610,0.0,0.0,0.0,4.19,1.66,0.0
20120314:0710,25.63,44.15,7.34,4.19,1.72,0.0
20120314:0810,59.84,84.43,16.12,4.72,1.66,0.0
20120314:0910,84.68,113.11,23.96,5.25,1.45,0.0
20120314:1010,135.31,170.6,30.31,5.78,1.31,0.0
20120314:1110,200.63,245.19,34.5,6.84,1.24,0.0
20120314:1210,592.73,716.6,35.97,7.37,1.17,0.0
20120314:1310,571.48,692.38,34.46,8.43,1.17,0.0
20120314:1410,482.51,581.66,30.22,8.96,0.97,0.0
20120314:1510,393.31,475.16,23.84,10.02,0.83,0.0
20120314:1610,253.53,313.64,15.97,10.02,0.9,0.0
20120314:1710,73.32,113.4,7.19,10.02,1.1,0.0
20120314:1810,0.0,0.0,0.0,8.96,1.59,0.0
20120314:1910,0.0,0.0,0.0,7.37,1.79,0.0
20120314:2010,0.0,0.0,0.0,6.31,2.07,0.0
20120314:2110,0.0,0.0,0.0,4.72,2.21,0.0
20120314:2210,0.0,0.0,0.0,4.19,2.14,0.0
20120314:2310,0.0,0.0,0.0,3.13,2.0,0.0
20120315:0010,0.0,0.0,0.0,2.6,2.0,0.0
20120315:0110,0.0,0.0,0.0,2.07,2.07,0.0
20120315:0210,0.0,0.0,0.0,1.54,2.0,0.0
20120315:0310,0.0,0.0,0.0,1.01,2.07,0.0
20120315:0410,0.0,0.0,0.0,1.01,2.07,0.0
20120315:0510,0.0,0.0,0.0,1.01,2.14,0.0
20120315:0610,0.0,0.0,0.0,1.01,2.34,0.0
20120315:0710,54.17,81.81,7.7,2.07,1.66,0.0
20120315:0810,186.36,227.29,16.48,4.19,1.52,0.0
20120315:0910,446.28,525.45,24.34,6.31,1.79,0.0
20120315:1010,661.42,800.76,30.7,7.9,1.66,0.0
20120315:1110,746.46,924.31,34.91,10.55,2.0,0.0
20120315:1210,760.51,947.94,36.36,12.68,2.48,0.0
20120315:1310,725.89,905.35,34.83,14.27,2.62,0.0
20120315:1410,640.1,788.63,30.56,14.8,2.83,0.0
20120315:1510,493.22,601.44,24.15,15.33,3.03,0.0
20120315:1610,294.85,366.93,16.26,14.8,3.17,0.0
20120315:1710,79.57,123.35,7.46,13.74,2.83,0.0
20120315:1810,0.0,0.0,0.0,11.61,2.76,0.0
20120315:1910,0.0,0.0,0.0,9.49,2.55,0.0
20120315:2010,0.0,0.0,0.0,8.43,2.48,0.0
20120315:2110,0.0,0.0,0.0,7.9,2.34,0.0
20120315:2210,0.0,0.0,0.0,7.9,2.28,0.0
20120315:2310,0.0,0.0,0.0,7.9,2.28,0.0
20120316:0010,0.0,0.0,0.0,7.9,2.41,0.0
20120316:0110,0.0,0.0,0.0,7.9,2.55,0.0
20120316:0210,0.0,0.0,0.0,7.37,2.28,0.0
20120316:0310,0.0,0.0,0.0,7.37,2.41,0.0
20120316:0410,0.0,0.0,0.0,6.84,2.34,0.0
20120316:0510,0.0,0.0,0.0,6.84,2.14,0.0
20120316:0610,0.0,0.0,0.0,6.84,2.07,0.0
20120316:0710,27.32,46.63,8.06,6.84,2.83,0.0
20120316:0810,58.5,83.43,16.85,6.84,3.38,0.0
20120316:0910,69.57,96.42,24.72,7.37,3.72,0.0
20120316:1010,63.8,89.93,31.1,7.9,3.86,0.0
20120316:1110,65.88,92.71,35.31,8.96,4.14,0.0
20120316:1210,49.98,74.17,36.76,9.49,4.28,0.0
20120316:1310,60.03,86.22,35.2,10.02,4.62,0.0
20120316:1410,57.52,83.44,30.9,10.55,4.62,0.0
20120316:1510,50.51,75.1,24.46,10.55,4.9,0.0
20120316:1610,56.89,82.51,16.55,10.02,5.03,0.0
20120316:1710,29.06,49.62,7.73,9.49,4.83,0.0
20120316:1810,0.0,0.0,0.0,8.43,4.21,0.0
20120316:1910,0.0,0.0,0.0,7.9,3.79,0.0
20120316:2010,0.0,0.0,0.0,7.9,3.86,0.0
20120316:2110,0.0,0.0,0.0,7.9,3.72,0.0
20120316:2210,0.0,0.0,0.0,7.9,3.72,0.0
20120316:2310,0.0,0.0,0.0,7.37,3.72,0.0
20120317:0010,0.0,0.0,0.0,7.9,3.72,0.0
20120317:0110,0.0,0.0,0.0,7.9,3.59,0.0
20120317:0210,0.0,0.0,0.0,7.9,3.38,0.0
20120317:0310,0.0,0.0,0.0,7.37,3.24,0.0
20120317:0410,0.0,0.0,0.0,6.84,3.45,0.0
20120317:0510,0.0,0.0,0.0,6.84,3.59,0.0
20120317:0610,0.0,0.0,0.0,6.84,3.72,0.0
20120317:0710,5.78,16.69,8.41,7.9,3.45,0.0
20120317:0810,50.19,74.17,17.22,8.43,3.17,0.0
20120317:0910,91.63,122.38,25.11,8.96,4.28,0.0
20120317:1010,84.98,114.96,31.49,9.49,4.76,0.0
20120317:1110,130.8,166.88,35.71,8.96,4.28,0.0
20120317:1210,123.11,158.54,37.15,9.49,4.21,0.0
20120317:1310,220.06,267.98,35.57,9.49,3.66,0.0
20120317:1410,78.99,108.47,31.25,10.02,3.17,0.0
20120317:1510,66.88,94.56,24.77,10.55,3.1,0.0
20120317:1610,127.85,164.48,16.83,9.49,3.17,0.0
20120317:1710,47.41,74.76,8.0,8.96,2.97,0.0
20120317:1810,0.0,0.0,0.0,7.9,2.9,0.0
20120317:1910,0.0,0.0,0.0,7.37,2.48,0.0
20120317:2010,0.0,0.0,0.0,6.84,2.41,0.0
20120317:2110,0.0,0.0,0.0,6.84,2.41,0.0
20120317:2210,0.0,0.0,0.0,6.31,2.41,0.0
20120317:2310,0.0,0.0,0.0,5.78,2.07,0.0
20120318:0010,0.0,0.0,0.0,5.25,2.0,0.0
20120318:0110,0.0,0.0,0.0,4.19,1.93,0.0
20120318:0210,0.0,0.0,0.0,3.66,1.86,0.0
20120318:0310,0.0,0.0,0.0,3.66,2.0,0.0
20120318:0410,0.0,0.0,0.0,3.13,2.21,0.0
20120318:0510,0.0,0.0,0.0,2.6,2.28,0.0
20120318:0610,0.0,0.0,0.0,2.07,2.28,0.0
20120318:0710,118.59,166.83,8.77,2.6,2.21,0.0
20120318:0810,349.32,412.72,17.59,5.25,3.45,0.0
20120318:0910,552.28,645.89,25.49,6.84,3.45,0.0
20120318:1010,673.5,794.55,31.89,7.37,3.72,0.0
20120318:1110,282.52,337.04,36.11,8.43,3.52,0.0
20120318:1210,101.81,134.43,37.55,9.49,3.38,0.0
20120318:1310,139.17,177.08,35.95,9.49,3.17,0.0
20120318:1410,531.19,628.41,31.59,9.49,3.52,0.0
20120318:1510,101.59,133.44,25.08,8.43,4.0,0.0
20120318:1610,87.07,116.75,17.12,7.9,4.0,0.0
20120318:1710,43.84,69.15,8.27,7.9,3.45,0.0
20120318:1810,0.0,0.0,0.0,6.84,2.34,0.0
20120318:1910,0.0,0.0,0.0,6.31,2.28,0.0
20120318:2010,0.0,0.0,0.0,4.72,2.34,0.0
20120318:2110,0.0,0.0,0.0,3.66,2.28,0.0
20120318:2210,0.0,0.0,0.0,2.6,1.86,0.0
20120318:2310,0.0,0.0,0.0,2.07,1.86,0.0
20120319:0010,0.0,0.0,0.0,1.54,1.79,0.0
20120319:0110,0.0,0.0,0.0,0.48,2.0,0.0
20120319:0210,0.0,0.0,0.0,0.48,2.28,0.0
20120319:0310,0.0,0.0,0.0,-0.04,2.34,0.0
20120319:0410,0.0,0.0,0.0,-0.04,2.28,0.0
20120319:0510,0.0,0.0,0.0,-0.57,2.21,0.0
20120319:0610,0.0,0.0,0.0,-1.1,2.28,0.0
20120319:0710,128.41,176.64,9.13,-0.57,1.86,0.0
20120319:0810,353.52,418.97,17.96,3.66,1.52,0.0
20120319:0910,558.71,661.2,25.87,6.31,1.93,0.0
20120319:1010,698.2,845.0,32.29,7.9,2.0,0.0
20120319:1110,775.51,954.77,36.52,9.49,2.28,0.0
20120319:1210,762.76,930.77,37.94,10.55,3.24,0.0
20120319:1310,414.42,493.37,36.32,11.09,3.79,0.0
20120319:1410,487.22,579.22,31.93,11.09,3.72,0.0
20120319:1510,464.27,552.41,25.39,11.09,3.52,0.0
20120319:1610,305.03,372.02,17.4,11.09,3.45,0.0
20120319:1710,109.18,162.85,8.54,10.55,2.97,0.0
20120319:1810,0.0,0.0,0.0,9.49,2.69,0.0
20120319:1910,0.0,0.0,0.0,7.37,2.69,0.0
20120319:2010,0.0,0.0,0.0,6.84,2.83,0.0
20120319:2110,0.0,0.0,0.0,5.78,2.9,0.0
20120319:2210,0.0,0.0,0.0,4.72,2.97,0.0
20120319:2310,0.0,0.0,0.0,4.19,2.9,0.0
20120320:0010,0.0,0.0,0.0,3.66,2.69,0.0
20120320:0110,0.0,0.0,0.0,3.13,2.55,0.0
20120320:0210,0.0,0.0,0.0,2.6,2.48,0.0
20120320:0310,0.0,0.0,0.0,2.07,2.48,0.0
20120320:0410,0.0,0.0,0.0,2.07,2.48,0.0
20120320:0510,0.0,0.0,0.0,1.54,2.48,0.0
20120320:0610,0.0,0.0,0.0,1.54,2.55,0.0
20120320:0710,118.23,164.23,9.49,3.13,2.48,0.0
20120320:0810,278.75,333.51,18.33,6.31,2.62,0.0
20120320:0910,536.66,629.9,26.25,8.43,3.93,0.0
20120320:1010,671.77,803.68,32.68,10.02,3.66,0.0
20120320:1110,474.31,566.09,36.92,11.09,3.38,0.0
20120320:1210,545.06,655.14,38.34,11.61,3.24,0.0
20120320:1310,643.51,781.56,36.69,12.15,3.17,0.0
20120320:1410,504.69,608.38,32.26,12.68,2.97,0.0
20120320:1510,448.78,541.05,25.7,12.68,2.69,0.0
20120320:1610,306.45,378.38,17.68,12.68,2.34,0.0
20120320:1710,106.96,160.75,8.8,12.15,1.45,0.0
20120320:1810,0.0,0.0,0.0,11.09,1.79,0.0
20120320:1910,0.0,0.0,0.0,10.02,1.86,0.0
20120320:2010,0.0,0.0,0.0,7.9,2.14,0.0
20120320:2110,0.0,0.0,0.0,6.84,2.07,0.0
20120320:2210,0.0,0.0,0.0,5.78,2.14,0.0
20120320:2310,0.0,0.0,0.0,5.25,2.07,0.0
20120321:0010,0.0,0.0,0.0,4.72,2.07,0.0
20120321:0110,0.0,0.0,0.0,4.19,2.14,0.0
20120321:0210,0.0,0.0,0.0,3.66,2.07,0.0
20120321:0310,0.0,0.0,0.0,3.66,1.93,0.0
20120321:0410,0.0,0.0,0.0,3.13,1.86,0.0
20120321:0510,0.0,0.0,0.0,3.13,1.52,0.0
20120321:0610,0.0,0.0,0.0,3.13,1.52,0.0
20120321:0710,51.23,76.13,9.85,4.19,1.31,0.0
20120321:0810,205.18,251.06,18.7,6.84,1.38,0.0
20120321:0910,482.1,577.01,26.64,8.43,1.38,0.0
20120321:1010,667.49,822.17,33.08,10.02,1.38,0.0
20120321:1110,752.22,949.58,37.32,11.61,1.38,0.0
20120321:1210,547.22,674.15,38.73,13.21,1.66,0.0
20120321:1310,669.07,830.67,37.06,13.74,2.28,0.0
20120321:1410,656.41,814.73,32.6,14.27,2.21,0.0
20120321:1510,524.06,640.42,26.01,14.27,2.41,0.0
20120321:1610,331.79,410.21,17.97,13.74,2.83,0.0
20120321:1710,113.23,169.56,9.07,12.68,2.9,0.0
20120321:1810,0.0,0.0,0.0,10.55,2.76,0.0
20120321:1910,0.0,0.0,0.0,8.96,2.76,0.0
20120321:2010,0.0,0.0,0.0,7.37,2.83,0.0
20120321:2110,0.0,0.0,0.0,6.31,2.97,0.0
20120321:2210,0.0,0.0,0.0,5.78,3.17,0.0
20120321:2310,0.0,0.0,0.0,5.25,3.31,0.0
20120322:0010,0.0,0.0,0.0,5.25,3.45,0.0
20120322:0110,0.0,0.0,0.0,5.78,3.59,0.0
20120322:0210,0.0,0.0,0.0,5.78,3.66,0.0
20120322:0310,0.0,0.0,0.0,5.78,3.59,0.0
20120322:0410,0.0,0.0,0.0,5.78,3.52,0.0
20120322:0510,0.0,0.0,0.0,5.78,3.45,0.0
20120322:0610,0.0,0.0,0.0,5.78,3.45,0.0
20120322:0710,89.81,126.35,10.22,6.31,3.45,0.0
20120322:0810,327.86,391.54,19.07,7.9,3.45,0.0
20120322:0910,513.98,608.33,27.02,10.02,3.72,0.0
20120322:1010,663.52,799.51,33.48,12.15,4.0,0.0
20120322:1110,742.05,907.64,37.72,13.74,4.28,0.0
20120322:1210,570.75,692.32,39.13,14.8,4.34,0.0
20120322:1310,368.9,447.92,37.43,15.33,4.41,0.0
20120322:1410,370.41,449.0,32.94,15.33,4.34,0.0
20120322:1510,363.98,440.08,26.31,14.8,4.28,0.0
20120322:1610,290.75,358.35,18.25,13.74,4.07,0.0
20120322:1710,91.19,135.79,9.34,12.68,3.59,0.0
20120322:1810,0.0,0.0,0.0,11.09,3.31,0.0
20120322:1910,0.0,0.0,0.0,10.02,3.38,0.0
20120322:2010,0.0,0.0,0.0,8.96,3.24,0.0
20120322:2110,0.0,0.0,0.0,8.43,3.1,0.0
20120322:2210,0.0,0.0,0.0,7.9,3.03,0.0
20120322:2310,0.0,0.0,0.0,7.37,2.83,0.0
20120323:0010,0.0,0.0,0.0,6.84,2.69,0.0
20120323:0110,0.0,0.0,0.0,6.84,2.55,0.0
20120323:0210,0.0,0.0,0.0,6.84,2.41,0.0
20120323:0310,0.0,0.0,0.0,5.78,2.28,0.0
20120323:0410,0.0,0.0,0.0,5.25,2.0,0.0
20120323:0510,0.0,0.0,0.0,4.72,1.93,0.0
20120323:0610,0.0,0.0,0.0,4.19,1.79,0.0
20120323:0710,102.9,143.5,10.58,6.31,0.97,0.0
20120323:0810,247.97,303.84,19.44,8.43,0.55,0.0
20120323:0910,450.07,548.28,27.4,11.09,0.83,0.0
20120323:1010,660.04,837.58,33.87,13.74,0.83,0.0
20120323:1110,736.97,956.48,38.13,15.33,0.97,0.0
20120323:1210,707.26,929.92,39.52,16.92,0.62,0.0
20120323:1310,649.2,837.48,37.8,17.45,1.03,0.0
20120323:1410,614.97,779.96,33.27,17.98,1.72,0.0
20120323:1510,332.33,414.5,26.61,17.98,1.72,0.0
20120323:1610,244.58,312.43,18.52,17.45,1.17,0.0
20120323:1710,107.21,163.33,9.6,16.92,0.9,0.0
20120323:1810,0.0,0.0,0.0,15.33,1.03,0.0
20120323:1910,0.0,0.0,0.0,13.21,1.03,0.0
20120323:2010,0.0,0.0,0.0,10.55,1.31,0.0
20120323:2110,0.0,0.0,0.0,8.43,1.86,0.0
20120323:2210,0.0,0.0,0.0,7.37,1.93,0.0
20120323:2310,0.0,0.0,0.0,6.84,2.0,0.0
20120324:0010,0.0,0.0,0.0,5.78,1.93,0.0
20120324:0110,0.0,0.0,0.0,5.25,1.79,0.0
20120324:0210,0.0,0.0,0.0,4.72,1.79,0.0
20120324:0310,0.0,0.0,0.0,4.19,1.86,0.0
20120324:0410,0.0,0.0,0.0,3.66,1.93,0.0
20120324:0510,0.0,0.0,0.0,3.66,1.93,0.0
20120324:0610,0.0,0.0,0.0,3.13,2.0,0.0
20120324:0710,77.7,108.92,10.94,4.72,1.52,0.0
20120324:0810,219.81,269.41,19.8,8.43,1.45,0.0
20120324:0910,529.67,643.22,27.79,11.61,1.79,0.0
20120324:1010,674.53,842.6,34.27,13.74,1.79,0.0
20120324:1110,752.18,953.17,38.53,15.33,2.28,0.0
20120324:1210,764.65,972.6,39.91,16.92,2.76,0.0
20120324:1310,742.23,943.68,38.17,17.45,2.69,0.0
20120324:1410,656.4,822.56,33.61,17.45,2.76,0.0
20120324:1510,521.87,644.15,26.92,16.92,2.76,0.0
20120324:1610,326.68,408.52,18.8,16.39,2.97,0.0
20120324:1710,113.21,169.57,9.86,14.8,2.34,0.0
20120324:1810,0.0,0.0,0.0,12.68,2.34,0.0
20120324:1910,0.0,0.0,0.0,11.09,2.55,0.0
20120324:2010,0.0,0.0,0.0,8.96,2.55,0.0
20120324:2110,0.0,0.0,0.0,7.37,2.48,0.0
20120324:2210,0.0,0.0,0.0,6.84,2.21,0.0
20120324:2310,0.0,0.0,0.0,5.78,2.07,0.0
20120325:0010,0.0,0.0,0.0,5.25,2.07,0.0
20120325:0110,0.0,0.0,0.0,4.72,2.0,0.0
20120325:0210,0.0,0.0,0.0,4.72,2.07,0.0
20120325:0310,0.0,0.0,0.0,4.19,2.14,0.0
20120325:0410,0.0,0.0,0.0,4.19,2.21,0.0
20120325:0510,0.0,0.0,0.0,4.19,2.41,0.0
20120325:0610,0.0,0.0,0.0,3.66,2.48,0.0
20120325:0710,68.92,96.84,11.3,3.66,2.48,0.0
20120325:0810,165.47,203.0,20.17,4.72,2.55,0.0
20120325:0910,312.11,367.56,28.17,6.31,2.69,0.0
20120325:1010,688.81,825.62,34.66,7.9,2.69,0.0
20120325:1110,772.09,942.03,38.93,9.49,2.9,0.0
20120325:1210,790.5,975.96,40.31,11.09,2.9,0.0
20120325:1310,727.72,892.94,38.54,12.15,3.1,0.0
20120325:1410,637.94,775.16,33.94,12.68,3.17,0.0
20120325:1510,429.37,514.52,27.22,12.15,3.24,0.0
20120325:1610,224.54,277.89,19.08,11.61,3.1,0.0
20120325:1710,59.88,89.76,10.13,10.55,2.69,0.0
20120325:1810,0.0,0.0,0.0,9.49,2.48,0.0
20120325:1910,0.0,0.0,0.0,7.9,2.55,0.0
20120325:2010,0.0,0.0,0.0,6.84,2.69,0.0
20120325:2110,0.0,0.0,0.0,6.31,2.69,0.0
20120325:2210,0.0,0.0,0.0,5.25,2.69,0.0
20120325:2310,0.0,0.0,0.0,4.72,2.69,0.0
20120326:0010,0.0,0.0,0.0,4.19,2.62,0.0
20120326:0110,0.0,0.0,0.0,3.66,2.55,0.0
20120326:0210,0.0,0.0,0.0,3.66,2.48,0.0
20120326:0310,0.0,0.0,0.0,3.13,2.41,0.0
20120326:0410,0.0,0.0,0.0,3.13,2.41,0.0
20120326:0510,0.0,0.0,0.0,2.6,2.34,0.0
20120326:0610,1.39,8.74,2.38,2.6,2.34,0.0
20120326:0710,136.73,183.86,11.66,4.19,2.28,0.0
20120326:0810,379.42,451.73,20.54,7.37,2.83,0.0
20120326:0910,579.58,690.09,28.55,9.49,3.03,0.0
20120326:1010,719.11,876.14,35.06,11.61,3.17,0.0
20120326:1110,789.69,982.04,39.33,13.74,3.31,0.0
20120326:1210,811.82,1016.32,40.7,14.8,3.52,0.0
20120326:1310,776.01,969.71,38.9,15.86,3.66,0.0
20120326:1410,681.46,840.65,34.27,15.86,3.66,0.0
20120326:1510,551.98,673.34,27.52,15.86,3.72,0.0
20120326:1610,353.3,436.95,19.36,14.8,3.52,0.0
20120326:1710,123.6,183.61,10.39,13.74,2.9,0.0
20120326:1810,0.0,0.0,0.0,11.61,2.62,0.0
20120326:1910,0.0,0.0,0.0,9.49,2.69,0.0
20120326:2010,0.0,0.0,0.0,7.9,2.69,0.0
20120326:2110,0.0,0.0,0.0,6.84,2.69,0.0
20120326:2210,0.0,0.0,0.0,5.78,2.62,0.0
20120326:2310,0.0,0.0,0.0,5.25,2.55,0.0
20120327:0010,0.0,0.0,0.0,4.19,2.41,0.0
20120327:0110,0.0,0.0,0.0,3.66,2.41,0.0
20120327:0210,0.0,0.0,0.0,3.13,2.28,0.0
20120327:0310,0.0,0.0,0.0,2.6,2.28,0.0
20120327:0410,0.0,0.0,0.0,2.07,2.28,0.0
20120327:0510,0.0,0.0,0.0,2.07,2.21,0.0
20120327:0610,3.8,13.12,2.73,1.54,2.21,0.0
20120327:0710,162.63,217.24,12.02,3.13,1.86,0.0
20120327:0810,384.59,459.68,20.91,7.37,2.14,0.0
20120327:0910,582.66,699.52,28.93,10.02,2.48,0.0
20120327:1010,715.66,879.46,35.45,12.15,2.69,0.0
20120327:1110,790.64,985.27,39.73,13.74,3.17,0.0
20120327:1210,809.17,1019.52,41.09,15.33,3.24,0.0
20120327:1310,779.33,972.74,39.27,15.86,3.79,0.0
20120327:1410,683.41,843.93,34.6,15.86,3.59,0.0
20120327:1510,548.0,671.02,27.81,15.86,3.24,0.0
20120327:1610,353.19,439.29,19.63,15.33,2.9,0.0
20120327:1710,128.96,192.25,10.65,14.27,2.14,0.0
20120327:1810,0.0,0.0,0.0,12.15,2.07,0.0
20120327:1910,0.0,0.0,0.0,10.55,2.21,0.0
20120327:2010,0.0,0.0,0.0,8.43,2.14,0.0
20120327:2110,0.0,0.0,0.0,6.84,2.21,0.0
20120327:2210,0.0,0.0,0.0,5.78,2.14,0.0
20120327:2310,0.0,0.0,0.0,4.72,2.07,0.0
20120328:0010,0.0,0.0,0.0,4.72,1.93,0.0
20120328:0110,0.0,0.0,0.0,4.19,1.86,0.0
20120328:0210,0.0,0.0,0.0,4.19,1.66,0.0
20120328:0310,0.0,0.0,0.0,4.72,1.38,0.0
20120328:0410,0.0,0.0,0.0,3.66,1.59,0.0
20120328:0510,0.0,0.0,0.0,2.6,1.86,0.0
20120328:0610,5.29,17.63,3.09,2.07,1.86,0.0
20120328:0710,164.07,220.11,12.37,4.72,1.31,0.0
20120328:0810,380.52,461.33,21.28,8.43,0.97,0.0
20120328:0910,571.69,704.45,29.31,11.61,1.03,0.0
20120328:1010,702.3,890.03,35.84,13.74,1.24,0.0
20120328:1110,773.08,996.2,40.13,15.33,1.59,0.0
20120328:1210,796.25,1044.06,41.48,16.92,1.45,0.0
20120328:1310,751.51,975.99,39.63,17.45,1.59,0.0
20120328:1410,670.29,857.78,34.93,17.98,1.66,0.0
20120328:1510,540.88,678.64,28.11,17.98,1.86,0.0
20120328:1610,345.98,438.03,19.9,17.98,2.07,0.0
20120328:1710,122.86,184.94,10.91,17.45,1.66,0.0
20120328:1810,0.0,0.0,0.0,15.86,1.79,0.0
20120328:1910,0.0,0.0,0.0,13.21,2.07,0.0
20120328:2010,0.0,0.0,0.0,11.09,1.86,0.0
20120328:2110,0.0,0.0,0.0,9.49,1.86,0.0
20120328:2210,0.0,0.0,0.0,7.37,2.0,0.0
20120328:2310,0.0,0.0,0.0,6.84,2.07,0.0
20120329:0010,0.0,0.0,0.0,6.31,2.07,0.0
20120329:0110,0.0,0.0,0.0,5.25,2.14,0.0
20120329:0210,0.0,0.0,0.0,4.72,2.21,0.0
20120329:0310,0.0,0.0,0.0,4.19,2.28,0.0
20120329:0410,0.0,0.0,0.0,3.66,2.41,0.0
20120329:0510,0.0,0.0,0.0,3.66,2.34,0.0
20120329:0610,7.02,20.3,3.44,3.13,2.48,0.0
20120329:0710,170.65,228.5,12.73,5.78,2.28,0.0
20120329:0810,376.1,451.64,21.64,8.96,2.41,0.0
20120329:0910,547.72,660.38,29.69,11.61,2.62,0.0
20120329:1010,699.1,861.92,36.24,13.74,2.97,0.0
20120329:1110,793.18,999.34,40.53,15.33,3.03,0.0
20120329:1210,800.94,1018.2,41.87,16.39,2.97,0.0
20120329:1310,762.54,963.93,39.99,16.92,3.1,0.0
20120329:1410,693.35,866.77,35.26,17.45,3.31,0.0
20120329:1510,524.29,645.64,28.41,17.45,3.38,0.0
20120329:1610,345.11,433.32,20.17,17.45,2.97,0.0
20120329:1710,0.0,0.0,0.0,16.92,2.34,0.0
20120329:1810,0.0,0.0,0.0,15.33,1.86,0.0
20120329:1910,0.0,0.0,0.0,13.21,1.72,0.0
20120329:2010,0.0,0.0,0.0,11.09,1.86,0.0
20120329:2110,0.0,0.0,0.0,8.96,2.21,0.0
20120329:2210,0.0,0.0,0.0,8.43,2.55,0.0
20120329:2310,0.0,0.0,0.0,7.9,2.83,0.0
20120330:0010,0.0,0.0,0.0,7.37,2.83,0.0
20120330:0110,0.0,0.0,0.0,6.84,2.62,0.0
20120330:0210,0.0,0.0,0.0,6.31,2.62,0.0
20120330:0310,0.0,0.0,0.0,5.78,2.55,0.0
20120330:0410,0.0,0.0,0.0,5.78,2.48,0.0
20120330:0510,0.0,0.0,0.0,5.25,2.41,0.0
20120330:0610,7.61,20.78,3.8,5.25,2.34,0.0
20120330:0710,155.21,207.6,13.09,6.84,1.93,0.0
20120330:0810,296.33,355.62,22.01,8.43,2.76,0.0
20120330:0910,511.84,613.11,30.06,10.02,2.28,0.0
20120330:1010,706.67,884.87,36.63,11.61,1.31,0.0
20120330:1110,769.54,1002.29,40.93,12.68,0.55,0.0
20120330:1210,792.46,1049.77,42.26,13.74,0.41,0.0
20120330:1310,754.99,980.71,40.35,14.8,0.97,0.0
20120330:1410,668.09,843.76,35.59,15.33,1.59,0.0
20120330:1510,529.02,653.56,28.7,15.86,2.21,0.0
20120330:1610,349.08,435.78,20.44,15.86,2.62,0.0
20120330:1710,106.7,156.51,11.43,15.33,2.55,0.0
20120330:1810,0.0,0.0,0.0,14.27,2.34,0.0
20120330:1910,0.0,0.0,0.0,11.61,2.28,0.0
20120330:2010,0.0,0.0,0.0,10.02,2.07,0.0
20120330:2110,0.0,0.0,0.0,8.96,2.14,0.0
20120330:2210,0.0,0.0,0.0,7.9,2.41,0.0
20120330:2310,0.0,0.0,0.0,7.37,2.62,0.0
20120331:0010,0.0,0.0,0.0,6.84,2.76,0.0
20120331:0110,0.0,0.0,0.0,6.31,2.76,0.0
20120331:0210,0.0,0.0,0.0,5.78,2.76,0.0
20120331:0310,0.0,0.0,0.0,5.25,2.83,0.0
20120331:0410,0.0,0.0,0.0,5.25,2.83,0.0
20120331:0510,0.0,0.0,0.0,5.25,2.76,0.0
20120331:0610,4.71,14.83,4.15,5.78,2.69,0.0
20120331:0710,68.78,96.6,13.44,6.84,2.41,0.0
20120331:0810,130.3,165.59,22.37,7.9,3.79,0.0
20120331:0910,116.62,150.84,30.44,8.96,3.93,0.0
20120331:1010,97.01,128.87,37.02,9.49,3.86,0.0
20120331:1110,86.32,116.82,41.32,10.02,4.21,0.0
20120331:1210,50.62,75.1,42.64,10.02,4.28,0.0
20120331:1310,165.15,206.51,40.71,10.02,4.48,0.0
20120331:1410,160.78,201.41,35.91,10.02,4.62,0.0
20120331:1510,154.64,193.66,28.99,9.49,5.17,0.0
20120331:1610,127.11,162.69,20.71,8.96,4.76,0.0
20120331:1710,61.0,88.69,11.68,7.9,4.83,0.0
20120331:1810,0.2,6.12,2.37,6.84,4.41,0.0
20120331:1910,0.0,0.0,0.0,6.84,3.86,0.0
20120331:2010,0.0,0.0,0.0,6.31,3.66,0.0
20120331:2110,0.0,0.0,0.0,5.78,3.17,0.0
20120331:2210,0.0,0.0,0.0,5.25,2.83,0.0
20120331:2310,0.0,0.0,0.0,4.72,2.48,0.0
20120401:0010,0.0,0.0,0.0,4.19,2.21,0.0
20120401:0110,0.0,0.0,0.0,3.66,2.14,0.0
20120401:0210,0.0,0.0,0.0,3.13,2.21,0.0
20120401:0310,0.0,0.0,0.0,2.07,2.21,0.0
20120401:0410,0.0,0.0,0.0,2.07,2.21,0.0
20120401:0510,0.0,0.0,0.0,1.01,2.14,0.0
20120401:0610,11.13,32.49,4.5,0.48,2.07,0.0
20120401:0710,158.06,206.6,13.8,3.66,1.72,0.0
20120401:0810,380.54,449.14,22.73,4.72,1.86,0.0
20120401:0910,517.19,608.93,30.81,5.25,1.72,0.0
20120401:1010,682.72,825.51,37.4,6.31,1.52,0.0
20120401:1110,797.36,987.73,41.72,6.84,1.45,0.0
20120401:1210,809.22,1011.29,43.03,7.9,1.45,0.0
20120401:1310,803.76,1004.69,41.07,8.43,1.45,0.0
20120401:1410,694.85,859.27,36.23,9.49,1.24,0.0
20120401:1510,543.07,660.62,29.28,10.02,1.17,0.0
20120401:1610,369.25,453.41,20.98,10.02,1.1,0.0
20120401:1710,132.71,190.74,11.94,10.02,1.45,0.0
20120401:1810,3.11,12.24,2.62,9.49,0.55,0.0
20120401:1910,0.0,0.0,0.0,8.43,0.76,0.0
20120401:2010,0.0,0.0,0.0,8.43,0.48,0.0
20120401:2110,0.0,0.0,0.0,6.84,1.24,0.0
20120401:2210,0.0,0.0,0.0,4.19,1.66,0.0
20120401:2310,0.0,0.0,0.0,3.13,1.72,0.0
20120402:0010,0.0,0.0,0.0,3.13,1.66,0.0
20120402:0110,0.0,0.0,0.0,2.6,1.59,0.0
20120402:0210,0.0,0.0,0.0,2.07,1.59,0.0
20120402:0310,0.0,0.0,0.0,1.54,1.59,0.0
20120402:0410,0.0,0.0,0.0,1.54,1.52,0.0
20120402:0510,0.0,0.0,0.0,1.01,1.52,0.0
20120402:0610,12.93,35.68,4.85,1.54,1.38,0.0
20120402:0710,167.26,218.17,14.15,3.13,0.69,0.0
20120402:0810,379.81,457.32,23.09,6.84,0.69,0.0
20120402:0910,562.18,681.8,31.19,8.43,0.97,0.0
20120402:1010,702.51,870.01,37.79,10.55,1.59,0.0
20120402:1110,787.35,989.81,42.11,11.61,1.93,0.0
20120402:1210,799.28,1006.86,43.41,12.15,2.14,0.0
20120402:1310,785.04,986.07,41.43,13.21,2.41,0.0
20120402:1410,693.29,855.22,36.55,13.21,2.62,0.0
20120402:1510,524.89,638.15,29.57,13.74,2.76,0.0
20120402:1610,296.05,363.95,21.25,12.68,2.97,0.0
20120402:1710,116.18,166.43,12.19,12.15,2.83,0.0
20120402:1810,4.06,13.99,2.88,11.09,2.62,0.0
20120402:1910,0.0,0.0,0.0,10.02,1.45,0.0
20120402:2010,0.0,0.0,0.0,7.9,1.86,0.0
20120402:2110,0.0,0.0,0.0,6.84,1.66,0.0
20120402:2210,0.0,0.0,0.0,6.31,1.52,0.0
20120402:2310,0.0,0.0,0.0,6.31,1.24,0.0
20120403:0010,0.0,0.0,0.0,5.78,1.31,0.0
20120403:0110,0.0,0.0,0.0,4.19,1.79,0.0
20120403:0210,0.0,0.0,0.0,3.66,1.93,0.0
20120403:0310,0.0,0.0,0.0,3.13,2.0,0.0
20120403:0410,0.0,0.0,0.0,2.6,2.0,0.0
20120403:0510,0.0,0.0,0.0,2.07,1.93,0.0
20120403:0610,15.78,36.78,5.2,2.07,1.66,0.0
20120403:0710,148.15,194.2,14.5,5.25,0.97,0.0
20120403:0810,301.67,361.74,23.45,6.84,1.31,0.0
20120403:0910,534.16,639.38,31.56,8.96,2.0,0.0
20120403:1010,608.18,735.44,38.18,10.02,2.28,0.0
20120403:1110,262.01,319.97,42.5,11.09,2.28,0.0
20120403:1210,292.2,356.35,43.79,12.15,2.55,0.0
20120403:1310,116.94,153.9,41.78,12.68,2.83,0.0
20120403:1410,132.64,172.44,36.87,13.21,2.9,0.0
20120403:1510,185.01,232.47,29.86,13.21,2.9,0.0
20120403:1610,180.35,226.03,21.51,11.61,3.66,0.0
20120403:1710,30.82,50.99,12.44,10.02,3.17,0.0
20120403:1810,0.0,1.75,3.13,8.96,2.62,0.0
20120403:1910,0.0,0.0,0.0,7.9,1.38,0.0
20120403:2010,0.0,0.0,0.0,7.37,1.17,0.0
20120403:2110,0.0,0.0,0.0,7.37,1.72,0.0
20120403:2210,0.0,0.0,0.0,6.84,1.52,0.0
20120403:2310,0.0,0.0,0.0,6.84,1.45,0.0
20120404:0010,0.0,0.0,0.0,6.84,1.38,0.0
20120404:0110,0.0,0.0,0.0,6.84,1.45,0.0
20120404:0210,0.0,0.0,0.0,6.84,1.66,0.0
20120404:0310,0.0,0.0,0.0,6.31,1.86,0.0
20120404:0410,0.0,0.0,0.0,5.78,1.66,0.0
20120404:0510,0.0,0.0,0.0,5.25,1.79,0.0
20120404:0610,16.09,40.49,5.55,4.19,1.72,0.0
20120404:0710,193.71,252.51,14.85,4.72,1.72,0.0
20120404:0810,415.64,496.2,23.81,5.78,1.1,0.0
20120404:0910,407.86,483.98,31.93,6.84,1.31,0.0
20120404:1010,523.93,625.5,38.56,7.9,1.86,0.0
20120404:1110,169.26,211.11,42.89,8.96,2.55,0.0
20120404:1210,659.42,797.67,44.17,9.49,2.69,0.0
20120404:1310,158.57,200.25,42.13,10.55,2.76,0.0
20120404:1410,81.15,111.25,37.19,10.55,2.83,0.0
20120404:1510,46.58,70.46,30.14,10.55,2.97,0.0
20120404:1610,141.02,180.25,21.78,10.55,2.76,0.0
20120404:1710,55.77,82.23,12.7,10.02,3.17,0.0
20120404:1810,5.72,16.61,3.38,8.43,3.86,0.0
20120404:1910,0.0,0.0,0.0,7.37,4.34,0.0
20120404:2010,0.0,0.0,0.0,6.84,4.0,0.0
20120404:2110,0.0,0.0,0.0,5.78,4.21,0.0
20120404:2210,0.0,0.0,0.0,5.78,4.0,0.0
20120404:2310,0.0,0.0,0.0,6.31,3.72,0.0
20120405:0010,0.0,0.0,0.0,6.31,3.66,0.0
20120405:0110,0.0,0.0,0.0,6.31,3.72,0.0
20120405:0210,0.0,0.0,0.0,6.31,4.0,0.0
20120405:0310,0.0,0.0,0.0,6.31,4.34,0.0
20120405:0410,0.0,0.0,0.0,5.78,4.41,0.0
20120405:0510,0.0,0.0,0.0,5.78,4.41,0.0
20120405:0610,8.88,21.32,5.89,6.31,4.69,0.0
20120405:0710,28.44,47.28,15.19,6.31,5.38,0.0
20120405:0810,21.78,38.94,24.16,6.84,5.79,0.0
20120405:0910,98.51,128.87,32.3,6.84,6.28,0.0
20120405:1010,85.74,114.96,38.94,7.9,6.07,0.0
20120405:1110,88.74,118.67,43.28,8.43,5.66,0.0
20120405:1210,100.73,132.58,44.55,8.96,5.72,0.0
20120405:1310,99.62,131.65,42.48,9.49,5.31,0.0
20120405:1410,105.29,138.14,37.51,9.49,5.03,0.0
20120405:1510,209.92,255.72,30.43,9.49,4.69,0.0
20120405:1610,125.27,160.65,22.04,8.96,4.41,0.0
20120405:1710,68.72,97.84,12.95,8.43,4.34,0.0
20120405:1810,6.87,18.36,3.63,7.37,3.72,0.0
20120405:1910,0.0,0.0,0.0,6.84,3.24,0.0
20120405:2010,0.0,0.0,0.0,5.78,3.24,0.0
20120405:2110,0.0,0.0,0.0,4.72,3.17,0.0
20120405:2210,0.0,0.0,0.0,3.66,3.03,0.0
20120405:2310,0.0,0.0,0.0,2.6,2.62,0.0
20120406:0010,0.0,0.0,0.0,2.07,2.28,0.0
20120406:0110,0.0,0.0,0.0,1.01,2.21,0.0
20120406:0210,0.0,0.0,0.0,-0.04,2.14,0.0
20120406:0310,0.0,0.0,0.0,-0.57,2.07,0.0
20120406:0410,0.0,0.0,0.0,-1.63,2.07,0.0
20120406:0510,0.0,0.0,0.0,-2.16,1.93,0.0
20120406:0610,25.19,52.61,6.23,-2.16,1.79,0.0
20120406:0710,202.46,257.34,15.54,0.48,1.45,0.0
20120406:0810,423.56,497.53,24.51,3.66,1.72,0.0
20120406:0910,606.95,719.29,32.66,5.78,2.0,0.0
20120406:1010,742.94,902.59,39.32,7.37,2.07,0.0
20120406:1110,826.66,1022.97,43.67,8.96,2.34,0.0
20120406:1210,827.14,1023.53,44.93,10.02,2.76,0.0
20120406:1310,778.9,959.81,42.83,11.09,2.9,0.0
20120406:1410,566.59,680.25,37.82,11.61,3.45,0.0
20120406:1510,260.61,315.17,30.71,11.09,4.21,0.0
20120406:1610,178.26,222.43,22.3,10.55,3.93,0.0
20120406:1710,42.26,65.15,13.2,9.49,2.83,0.0
20120406:1810,6.4,17.76,3.88,8.96,2.69,0.0
20120406:1910,0.0,0.0,0.0,8.43,2.41,0.0
20120406:2010,0.0,0.0,0.0,7.37,2.34,0.0
20120406:2110,0.0,0.0,0.0,7.37,2.41,0.0
20120406:2210,0.0,0.0,0.0,7.37,2.28,0.0
20120406:2310,0.0,0.0,0.0,7.37,2.28,0.0
20120407:0010,0.0,0.0,0.0,6.84,2.21,0.0
20120407:0110,0.0,0.0,0.0,6.84,2.21,0.0
20120407:0210,0.0,0.0,0.0,7.37,2.21,0.0
20120407:0310,0.0,0.0,0.0,7.37,2.14,0.0
20120407:0410,0.0,0.0,0.0,7.37,2.07,0.0
20120407:0510,0.0,0.0,0.0,7.37,2.07,0.0
20120407:0610,4.11,13.91,6.58,7.37,2.21,0.0
20120407:0710,83.36,113.41,15.88,7.37,2.41,0.0
20120407:0810,167.45,207.54,24.86,7.9,3.17,0.0
20120407:0910,107.15,139.99,33.02,8.43,3.03,0.0
20120407:1010,90.11,120.52,39.7,8.43,3.17,0.0
20120407:1110,125.76,161.32,44.05,8.96,3.66,0.0
20120407:1210,103.95,136.28,45.3,8.43,3.38,0.0
20120407:1310,97.48,128.87,43.18,8.43,3.66,0.0
20120407:1410,76.25,104.76,38.13,8.96,3.79,0.0
20120407:1510,110.53,143.7,30.99,8.43,3.66,0.0
20120407:1610,141.32,178.2,22.56,7.9,3.79,0.0
20120407:1710,63.38,90.72,13.45,7.9,3.38,0.0
20120407:1810,7.82,19.86,4.13,7.37,2.83,0.0
20120407:1910,0.0,0.0,0.0,7.37,2.21,0.0
20120407:2010,0.0,0.0,0.0,6.84,1.45,0.0
20120407:2110,0.0,0.0,0.0,6.31,0.76,0.0
20120407:2210,0.0,0.0,0.0,6.84,0.48,0.0
20120407:2310,0.0,0.0,0.0,5.78,1.17,0.0
20120408:0010,0.0,0.0,0.0,5.78,1.52,0.0
20120408:0110,0.0,0.0,0.0,5.78,1.86,0.0
20120408:0210,0.0,0.0,0.0,5.78,2.28,0.0
20120408:0310,0.0,0.0,0.0,6.31,2.69,0.0
20120408:0410,0.0,0.0,0.0,6.31,2.97,0.0
20120408:0510,0.0,0.0,0.0,6.84,3.1,0.0
20120408:0610,24.22,44.63,6.91,6.84,2.97,0.0
20120408:0710,82.44,111.98,16.22,6.84,2.34,0.0
20120408:0810,157.28,195.64,25.21,6.84,2.28,0.0
20120408:0910,186.18,229.05,33.38,7.9,2.34,0.0
20120408:1010,110.41,143.7,40.07,8.43,3.03,0.0
20120408:1110,120.35,155.75,44.43,9.49,2.76,0.0
20120408:1210,203.71,251.31,45.68,10.02,2.83,0.0
20120408:1310,183.44,228.39,43.52,10.55,3.24,0.0
20120408:1410,88.42,119.6,38.44,10.55,3.45,0.0
20120408:1510,34.37,55.63,31.27,11.09,3.66,0.0
20120408:1610,28.44,48.21,22.81,11.09,2.62,0.0
20120408:1710,44.82,68.81,13.69,11.61,2.69,0.0
20120408:1810,5.0,16.14,4.37,11.09,2.9,0.0
20120408:1910,0.0,0.0,0.0,11.09,3.66,0.0
20120408:2010,0.0,0.0,0.0,10.55,3.79,0.0
20120408:2110,0.0,0.0,0.0,9.49,3.52,0.0
20120408:2210,0.0,0.0,0.0,8.43,3.72,0.0
20120408:2310,0.0,0.0,0.0,7.9,3.86,0.0
20120409:0010,0.0,0.0,0.0,7.37,3.79,0.0
20120409:0110,0.0,0.0,0.0,7.37,3.66,0.0
20120409:0210,0.0,0.0,0.0,6.84,3.59,0.0
20120409:0310,0.0,0.0,0.0,6.84,3.66,0.0
20120409:0410,0.0,0.0,0.0,6.84,3.79,0.0
20120409:0510,0.0,0.0,0.0,6.84,3.93,0.0
20120409:0610,2.55,11.13,7.25,7.37,4.14,0.0
20120409:0710,72.54,100.39,16.56,7.9,4.55,0.0
20120409:0810,65.46,91.78,25.56,7.9,4.9,0.0
20120409:0910,110.77,143.7,33.74,8.43,5.24,0.0
20120409:1010,144.56,181.71,40.45,8.43,5.52,0.0
20120409:1110,188.29,231.15,44.81,8.96,5.79,0.0
20120409:1210,261.38,313.96,46.05,9.49,5.66,0.0
20120409:1310,160.52,200.25,43.87,9.49,6.69,0.0
20120409:1410,100.6,132.58,38.75,9.49,7.1,0.0
20120409:1510,66.65,93.64,31.55,9.49,7.31,0.0
20120409:1610,77.87,106.62,23.07,9.49,6.9,0.0
20120409:1710,25.87,44.5,13.94,8.96,6.83,0.0
20120409:1810,3.54,12.98,4.62,8.96,6.83,0.0
20120409:1910,0.0,0.0,0.0,8.96,6.83,0.0
20120409:2010,0.0,0.0,0.0,8.96,6.83,0.0
20120409:2110,0.0,0.0,0.0,8.96,6.97,0.0
20120409:2210,0.0,0.0,0.0,8.96,6.83,0.0
20120409:2310,0.0,0.0,0.0,8.96,6.76,0.0
20120410:0010,0.0,0.0,0.0,8.96,6.62,0.0
20120410:0110,0.0,0.0,0.0,8.43,5.66,0.0
20120410:0210,0.0,0.0,0.0,7.37,5.03,0.0
20120410:0310,0.0,0.0,0.0,6.31,4.55,0.0
20120410:0410,0.0,0.0,0.0,5.25,4.28,0.0
20120410:0510,0.0,0.0,0.0,4.72,4.0,0.0
20120410:0610,33.27,64.65,7.58,4.72,3.79,0.0
20120410:0710,222.03,284.28,16.89,5.78,3.59,0.0
20120410:0810,435.39,509.37,25.9,6.84,4.62,0.0
20120410:0910,425.1,495.49,34.1,8.43,5.79,0.0
20120410:1010,571.5,671.13,40.82,9.49,5.45,0.0
20120410:1110,547.17,645.41,45.19,10.02,5.31,0.0
20120410:1210,542.14,640.62,46.42,10.55,5.52,0.0
20120410:1310,642.13,765.71,44.21,11.09,4.97,0.0
20120410:1410,548.66,651.2,39.05,11.61,5.1,0.0
20120410:1510,573.25,681.42,31.82,11.61,4.69,0.0
20120410:1610,356.82,430.81,23.33,11.09,4.62,0.0
20120410:1710,98.8,136.01,14.18,8.96,4.0,0.0
20120410:1810,8.82,22.08,4.86,8.43,3.45,0.0
20120410:1910,0.0,0.0,0.0,7.9,2.97,0.0
20120410:2010,0.0,0.0,0.0,6.84,2.9,0.0
20120410:2110,0.0,0.0,0.0,6.84,2.9,0.0
20120410:2210,0.0,0.0,0.0,5.78,2.76,0.0
20120410:2310,0.0,0.0,0.0,4.72,2.76,0.0
20120411:0010,0.0,0.0,0.0,4.19,2.76,0.0
20120411:0110,0.0,0.0,0.0,3.66,2.62,0.0
20120411:0210,0.0,0.0,0.0,3.13,2.41,0.0
20120411:0310,0.0,0.0,0.0,2.6,2.28,0.0
20120411:0410,0.0,0.0,0.0,2.6,2.07,0.0
20120411:0510,0.0,0.0,0.0,2.6,2.0,0.0
20120411:0610,33.6,71.45,7.91,2.6,1.86,0.0
20120411:0710,212.27,271.67,17.23,5.25,1.52,0.0
20120411:0810,301.83,360.56,26.24,6.84,1.72,0.0
20120411:0910,514.01,615.11,34.45,8.43,1.72,0.0
20120411:1010,670.55,821.2,41.18,9.49,1.72,0.0
20120411:1110,390.89,471.94,45.57,10.55,1.86,0.0
20120411:1210,479.36,580.4,46.78,11.09,2.07,0.0
20120411:1310,147.12,188.2,44.55,11.61,2.28,0.0
20120411:1410,128.39,166.88,39.36,12.15,2.55,0.0
20120411:1510,419.22,504.96,32.09,12.15,2.69,0.0
20120411:1610,204.17,253.45,23.58,11.09,2.83,0.0
20120411:1710,79.57,111.79,14.43,10.55,2.55,0.0
20120411:1810,8.7,22.13,5.11,8.43,2.9,0.0
20120411:1910,0.0,0.0,0.0,7.37,2.14,0.0
20120411:2010,0.0,0.0,0.0,6.84,1.24,0.0
20120411:2110,0.0,0.0,0.0,6.31,1.86,0.0
20120411:2210,0.0,0.0,0.0,5.25,2.14,0.0
20120411:2310,0.0,0.0,0.0,4.72,2.21,0.0
20120412:0010,0.0,0.0,0.0,4.19,2.28,0.0
20120412:0110,0.0,0.0,0.0,3.66,2.14,0.0
20120412:0210,0.0,0.0,0.0,3.13,2.21,0.0
20120412:0310,0.0,0.0,0.0,2.6,2.14,0.0
20120412:0410,0.0,0.0,0.0,2.07,2.07,0.0
20120412:0510,0.0,0.0,0.0,1.54,2.0,0.0
20120412:0610,33.49,55.26,8.24,1.54,1.52,0.0
20120412:0710,103.17,135.42,17.56,5.25,1.24,0.0
20120412:0810,372.75,444.83,26.58,6.84,1.38,0.0
20120412:0910,603.11,729.02,34.8,8.43,1.52,0.0
20120412:1010,569.65,696.32,41.55,10.02,1.24,0.0
20120412:1110,104.09,138.14,45.94,10.55,1.38,0.0
20120412:1210,61.85,89.0,47.14,11.09,1.52,0.0
20120412:1310,88.51,120.52,44.88,11.61,1.72,0.0
20120412:1410,660.62,809.8,39.66,11.09,2.07,0.0
20120412:1510,271.76,332.02,32.36,11.61,1.79,0.0
20120412:1610,265.8,327.35,23.83,11.09,1.59,0.0
20120412:1710,6.26,17.62,14.67,10.55,1.1,0.0
20120412:1810,12.3,27.18,5.35,9.49,1.59,0.0
20120412:1910,0.0,0.0,0.0,7.9,1.1,0.0
20120412:2010,0.0,0.0,0.0,6.84,1.86,0.0
20120412:2110,0.0,0.0,0.0,6.31,1.72,0.0
20120412:2210,0.0,0.0,0.0,4.72,1.66,0.0
20120412:2310,0.0,0.0,0.0,3.66,1.66,0.0
20120413:0010,0.0,0.0,0.0,2.6,1.66,0.0
20120413:0110,0.0,0.0,0.0,2.07,1.66,0.0
20120413:0210,0.0,0.0,0.0,1.54,1.59,0.0
20120413:0310,0.0,0.0,0.0,1.54,1.31,0.0
20120413:0410,0.0,0.0,0.0,1.01,1.17,0.0
20120413:0510,0.0,0.0,0.0,1.54,0.83,0.0
20120413:0610,38.81,64.59,8.57,2.07,0.83,0.0
20120413:0710,99.35,129.79,17.88,3.66,1.79,0.0
20120413:0810,0.0,0.0,0.0,5.25,1.66,0.0
20120413:0910,190.57,233.46,35.15,6.84,1.79,0.0
20120413:1010,446.91,533.99,41.91,7.9,1.52,0.0
20120413:1110,763.08,951.97,46.31,8.96,1.45,0.0
20120413:1210,797.86,1007.87,47.51,10.55,1.59,0.0
20120413:1310,746.59,935.21,45.21,11.09,1.66,0.0
20120413:1410,261.62,320.42,39.96,11.09,1.59,0.0
20120413:1510,47.81,72.31,32.63,11.61,1.93,0.0
20120413:1610,171.99,217.4,24.08,11.61,1.79,0.0
20120413:1710,129.62,179.66,14.91,10.55,1.72,0.0
20120413:1810,8.61,22.56,5.59,9.49,1.52,0.0
20120413:1910,0.0,0.0,0.0,7.9,1.72,0.0
20120413:2010,0.0,0.0,0.0,6.84,1.93,0.0
20120413:2110,0.0,0.0,0.0,5.78,1.79,0.0
20120413:2210,0.0,0.0,0.0,4.72,1.72,0.0
20120413:2310,0.0,0.0,0.0,4.19,1.59,0.0
20120414:0010,0.0,0.0,0.0,3.66,1.66,0.0
20120414:0110,0.0,0.0,0.0,3.13,1.93,0.0
20120414:0210,0.0,0.0,0.0,3.13,1.93,0.0
20120414:0310,0.0,0.0,0.0,3.13,2.14,0.0
20120414:0410,0.0,0.0,0.0,3.13,2.28,0.0
20120414:0510,0.0,0.0,0.0,3.13,2.34,0.0
20120414:0610,22.05,38.94,8.89,4.19,2.41,0.0
20120414:0710,88.87,118.21,18.21,5.78,4.14,0.0
20120414:0810,191.51,232.42,27.24,6.31,4.21,0.0
20120414:0910,461.65,539.11,35.49,6.84,3.66,0.0
20120414:1010,689.2,822.78,42.27,7.9,3.24,0.0
20120414:1110,809.58,984.35,46.68,9.49,3.66,0.0
20120414:1210,634.33,760.85,47.86,10.02,3.66,0.0
20120414:1310,407.37,485.71,45.55,10.55,3.79,0.0
20120414:1410,277.17,334.29,40.25,10.55,4.0,0.0
20120414:1510,309.94,371.34,32.9,10.55,3.79,0.0
20120414:1610,329.55,398.26,24.33,10.55,3.93,0.0
20120414:1710,134.15,184.44,15.15,10.02,3.45,0.0
20120414:1810,14.33,30.75,5.84,9.49,3.45,0.0
20120414:1910,0.0,0.0,0.0,7.37,4.14,0.0
20120414:2010,0.0,0.0,0.0,6.84,4.21,0.0
20120414:2110,0.0,0.0,0.0,5.78,4.28,0.0
20120414:2210,0.0,0.0,0.0,5.25,4.28,0.0
20120414:2310,0.0,0.0,0.0,4.72,4.07,0.0
20120415:0010,0.0,0.0,0.0,4.19,3.86,0.0
20120415:0110,0.0,0.0,0.0,3.66,3.79,0.0
20120415:0210,0.0,0.0,0.0,3.13,3.86,0.0
20120415:0310,0.0,0.0,0.0,2.6,4.07,0.0
20120415:0410,0.0,0.0,0.0,2.6,4.14,0.0
20120415:0510,0.0,0.0,0.0,2.07,4.14,0.0
20120415:0610,43.56,83.7,9.21,2.6,4.0,0.0
20120415:0710,241.4,301.8,18.53,3.66,4.41,0.0
20120415:0810,460.0,531.65,27.57,5.25,5.45,0.0
20120415:0910,521.88,601.49,35.83,6.84,6.34,0.0
20120415:1010,613.72,712.01,42.62,7.37,6.21,0.0
20120415:1110,645.26,751.77,47.04,7.37,6.0,0.0
20120415:1210,738.82,869.92,48.22,8.43,6.07,0.0
20120415:1310,386.46,453.35,45.87,8.43,5.72,0.0
20120415:1410,577.47,672.98,40.55,8.43,5.93,0.0
20120415:1510,531.45,618.66,33.17,8.96,6.28,0.0
20120415:1610,233.18,281.47,24.57,8.43,6.0,0.0
20120415:1710,132.13,178.74,15.39,7.9,5.24,0.0
20120415:1810,17.73,34.28,6.07,7.37,4.21,0.0
20120415:1910,0.0,0.0,0.0,6.31,3.86,0.0
20120415:2010,0.0,0.0,0.0,4.72,3.52,0.0
20120415:2110,0.0,0.0,0.0,4.19,3.24,0.0
20120415:2210,0.0,0.0,0.0,3.13,3.03,0.0
20120415:2310,0.0,0.0,0.0,2.6,2.76,0.0
20120416:0010,0.0,0.0,0.0,1.54,2.55,0.0
20120416:0110,0.0,0.0,0.0,1.01,2.48,0.0
20120416:0210,0.0,0.0,0.0,0.48,2.41,0.0
20120416:0310,0.0,0.0,0.0,-0.04,2.41,0.0
20120416:0410,0.0,0.0,0.0,-0.57,2.55,0.0
20120416:0510,0.0,0.0,0.0,-1.1,2.14,0.0
20120416:0610,0.0,0.0,0.0,-0.57,1.86,0.0
20120416:0710,237.06,296.48,18.84,2.6,1.72,0.0
20120416:0810,460.26,541.82,27.89,4.72,1.93,0.0
20120416:0910,629.24,751.64,36.17,6.84,2.0,0.0
20120416:1010,725.31,870.85,42.98,7.37,2.83,0.0
20120416:1110,368.62,439.06,47.4,7.9,2.21,0.0
20120416:1210,230.72,281.6,48.57,8.43,1.66,0.0
20120416:1310,207.84,256.27,46.2,8.96,1.31,0.0
20120416:1410,260.37,316.89,40.84,8.96,1.1,0.0
20120416:1510,487.71,586.88,33.43,9.49,1.59,0.0
20120416:1610,303.9,368.58,24.82,8.96,1.93,0.0
20120416:1710,113.28,153.86,15.62,8.96,2.34,0.0
20120416:1810,17.23,34.72,6.31,8.43,2.55,0.0
20120416:1910,0.0,0.0,0.0,7.37,3.03,0.0
20120416:2010,0.0,0.0,0.0,6.84,3.31,0.0
20120416:2110,0.0,0.0,0.0,5.25,3.38,0.0
20120416:2210,0.0,0.0,0.0,4.72,3.52,0.0
20120416:2310,0.0,0.0,0.0,4.19,3.72,0.0
20120417:0010,0.0,0.0,0.0,4.72,4.14,0.0
20120417:0110,0.0,0.0,0.0,4.72,4.62,0.0
20120417:0210,0.0,0.0,0.0,4.72,5.1,0.0
20120417:0310,0.0,0.0,0.0,5.25,5.66,0.0
20120417:0410,0.0,0.0,0.0,5.78,6.34,0.0
20120417:0510,0.0,0.0,0.0,5.78,6.83,0.0
20120417:0610,10.19,23.18,9.84,5.78,7.38,0.0
20120417:0710,94.54,124.49,19.16,6.31,7.59,0.0
20120417:0810,107.5,138.51,28.21,6.31,7.52,0.0
20120417:0910,76.42,103.84,36.5,6.84,6.76,0.0
20120417:1010,333.86,392.37,43.32,7.37,5.1,0.0
20120417:1110,194.55,238.81,47.76,9.49,5.79,0.0
20120417:1210,98.92,131.65,48.92,11.09,5.93,0.0
20120417:1310,793.89,956.21,46.52,12.68,6.21,0.0
20120417:1410,522.35,620.73,41.13,12.68,5.93,0.0
20120417:1510,561.9,667.11,33.69,12.68,5.86,0.0
20120417:1610,358.1,430.66,25.06,11.61,6.41,0.0
20120417:1710,35.24,56.55,15.86,10.55,5.52,0.0
20120417:1810,1.12,8.34,6.55,9.49,5.24,0.0
20120417:1910,0.0,0.0,0.0,7.9,4.55,0.0
20120417:2010,0.0,0.0,0.0,6.84,4.28,0.0
20120417:2110,0.0,0.0,0.0,6.31,4.14,0.0
20120417:2210,0.0,0.0,0.0,5.78,4.14,0.0
20120417:2310,0.0,0.0,0.0,5.78,4.0,0.0
20120418:0010,0.0,0.0,0.0,5.78,4.07,0.0
20120418:0110,0.0,0.0,0.0,5.78,4.28,0.0
20120418:0210,0.0,0.0,0.0,5.78,4.76,0.0
20120418:0310,0.0,0.0,0.0,6.31,5.17,0.0
20120418:0410,0.0,0.0,0.0,6.31,5.52,0.0
20120418:0510,0.0,0.0,0.0,6.31,6.0,0.0
20120418:0610,31.85,52.05,10.15,6.31,6.48,0.0
20120418:0710,49.14,72.31,19.47,6.84,7.17,0.0
20120418:0810,194.03,234.58,28.53,6.84,7.52,0.0
20120418:0910,170.72,209.1,36.83,6.84,7.17,0.0
20120418:1010,118.62,152.05,43.67,7.9,6.55,0.0
20120418:1110,320.81,380.38,48.12,9.49,6.55,0.0
20120418:1210,189.8,233.24,49.27,9.49,6.41,0.0
20120418:1310,299.29,357.06,46.84,10.02,6.28,0.0
20120418:1410,462.75,544.93,41.41,10.55,5.86,0.0
20120418:1510,221.74,270.64,33.95,11.09,5.72,0.0
20120418:1610,257.83,312.53,25.3,10.55,5.72,0.0
20120418:1710,78.66,108.88,16.09,9.49,4.62,0.0
20120418:1810,18.32,36.97,6.79,8.96,3.24,0.0
20120418:1910,0.0,0.0,0.0,7.37,2.14,0.0
20120418:2010,0.0,0.0,0.0,6.84,2.34,0.0
20120418:2110,0.0,0.0,0.0,6.84,2.28,0.0
20120418:2210,0.0,0.0,0.0,6.31,2.83,0.0
20120418:2310,0.0,0.0,0.0,5.78,3.17,0.0
20120419:0010,0.0,0.0,0.0,5.78,3.38,0.0
20120419:0110,0.0,0.0,0.0,6.31,3.59,0.0
20120419:0210,0.0,0.0,0.0,6.31,3.86,0.0
20120419:0310,0.0,0.0,0.0,6.31,4.07,0.0
20120419:0410,0.0,0.0,0.0,6.31,4.14,0.0
20120419:0510,0.0,0.0,0.0,5.78,4.07,0.0
20120419:0610,50.45,78.73,10.45,5.78,3.45,0.0
20120419:0710,97.48,128.24,19.77,6.31,3.79,0.0
20120419:0810,126.89,161.13,28.84,6.84,3.66,0.0
20120419:0910,125.83,160.39,37.16,7.37,3.38,0.0
20120419:1010,281.89,336.61,44.01,7.9,3.52,0.0
20120419:1110,66.64,93.64,48.47,8.96,3.59,0.0
20120419:1210,140.22,178.0,49.62,9.49,4.0,0.0
20120419:1310,40.62,63.04,47.16,10.02,4.34,0.0
20120419:1410,232.43,282.68,41.7,10.02,4.28,0.0
20120419:1510,92.53,124.23,34.2,10.55,4.21,0.0
20120419:1610,171.11,214.65,25.54,11.09,3.93,0.0
20120419:1710,34.56,55.63,16.33,10.02,3.93,0.0
20120419:1810,13.89,32.27,7.02,8.96,3.1,0.0
20120419:1910,0.0,0.0,0.0,7.9,3.1,0.0
20120419:2010,0.0,0.0,0.0,7.37,2.97,0.0
20120419:2110,0.0,0.0,0.0,6.84,2.83,0.0
20120419:2210,0.0,0.0,0.0,6.31,2.55,0.0
20120419:2310,0.0,0.0,0.0,5.78,2.62,0.0
20120420:0010,0.0,0.0,0.0,5.25,2.83,0.0
20120420:0110,0.0,0.0,0.0,5.25,2.97,0.0
20120420:0210,0.0,0.0,0.0,4.72,2.83,0.0
20120420:0310,0.0,0.0,0.0,4.72,2.55,0.0
20120420:0410,0.0,0.0,0.0,4.19,2.34,0.0
20120420:0510,0.0,0.0,0.0,3.66,2.34,0.0
20120420:0610,55.07,98.73,10.75,4.19,2.07,0.0
20120420:0710,242.96,303.84,20.07,5.78,3.66,0.0
20120420:0810,470.85,555.21,29.15,6.84,2.97,0.0
20120420:0910,615.87,735.54,37.48,8.43,2.62,0.0
20120420:1010,611.01,737.57,44.35,10.02,2.62,0.0
20120420:1110,335.99,405.2,48.82,11.09,3.1,0.0
20120420:1210,119.07,155.75,49.96,12.15,3.86,0.0
20120420:1310,529.44,630.44,47.48,10.55,4.14,0.0
20120420:1410,495.78,589.72,41.98,11.09,4.28,0.0
20120420:1510,212.81,261.29,34.46,11.09,4.48,0.0
20120420:1610,298.32,358.46,25.78,9.49,4.83,0.0
20120420:1710,17.27,33.38,16.56,9.49,4.07,0.0
20120420:1810,23.92,43.53,7.25,8.43,3.93,0.0
20120420:1910,0.0,0.0,0.0,7.9,2.9,0.0
20120420:2010,0.0,0.0,0.0,6.84,2.76,0.0
20120420:2110,0.0,0.0,0.0,6.84,2.55,0.0
20120420:2210,0.0,0.0,0.0,6.31,2.55,0.0
20120420:2310,0.0,0.0,0.0,6.31,2.41,0.0
20120421:0010,0.0,0.0,0.0,5.78,2.48,0.0
20120421:0110,0.0,0.0,0.0,5.25,2.34,0.0
20120421:0210,0.0,0.0,0.0,4.72,2.21,0.0
20120421:0310,0.0,0.0,0.0,4.19,2.14,0.0
20120421:0410,0.0,0.0,0.0,3.13,2.21,0.0
20120421:0510,0.0,0.0,0.0,2.6,2.21,0.0
20120421:0610,53.57,104.09,11.05,3.13,1.66,0.0
20120421:0710,190.37,237.08,20.37,4.72,2.0,0.0
20120421:0810,294.86,350.98,29.46,6.84,2.48,0.0
20120421:0910,628.77,749.17,37.8,7.9,2.69,0.0
20120421:1010,585.11,700.2,44.68,8.96,2.76,0.0
20120421:1110,176.84,220.65,49.16,10.02,2.83,0.0
20120421:1210,734.94,896.05,50.29,10.55,3.31,0.0
20120421:1310,505.09,606.07,47.79,11.61,3.66,0.0
20120421:1410,582.6,700.94,42.26,12.15,3.79,0.0
20120421:1510,337.77,406.25,34.71,12.15,4.0,0.0
20120421:1610,282.68,345.01,26.01,12.15,4.28,0.0
20120421:1710,141.83,192.87,16.79,11.09,5.1,0.0
20120421:1810,22.28,42.71,7.49,10.02,3.93,0.0
20120421:1910,0.0,0.0,0.0,8.43,3.72,0.0
20120421:2010,0.0,0.0,0.0,7.37,3.72,0.0
20120421:2110,0.0,0.0,0.0,6.84,3.72,0.0
20120421:2210,0.0,0.0,0.0,6.84,3.52,0.0
20120421:2310,0.0,0.0,0.0,6.31,3.45,0.0
20120422:0010,0.0,0.0,0.0,5.78,3.31,0.0
20120422:0110,0.0,0.0,0.0,5.25,3.24,0.0
20120422:0210,0.0,0.0,0.0,4.72,3.17,0.0
20120422:0310,0.0,0.0,0.0,4.19,2.97,0.0
20120422:0410,0.0,0.0,0.0,3.66,2.76,0.0
20120422:0510,0.0,0.0,0.0,3.13,2.55,0.0
20120422:0610,60.91,104.21,11.35,3.66,2.28,0.0
20120422:0710,263.46,331.51,20.67,6.31,2.76,0.0
20120422:0810,481.28,567.69,29.76,7.9,3.66,0.0
20120422:0910,655.84,781.95,38.11,9.49,3.59,0.0
20120422:1010,677.64,814.63,45.01,10.55,3.86,0.0
20120422:1110,304.99,368.37,49.5,11.61,4.28,0.0
20120422:1210,260.75,318.96,50.63,12.68,4.41,0.0
20120422:1310,729.37,886.76,48.1,13.21,4.76,0.0
20120422:1410,438.6,524.18,42.54,12.68,4.97,0.0
20120422:1510,66.08,93.64,34.96,11.09,6.0,0.0
20120422:1610,185.98,229.84,26.25,10.02,5.72,0.0
20120422:1710,113.29,152.15,17.01,10.02,4.97,0.0
20120422:1810,19.05,39.66,7.72,9.49,4.55,0.0
20120422:1910,0.0,0.0,0.0,8.43,4.0,0.0
20120422:2010,0.0,0.0,0.0,7.37,3.79,0.0
20120422:2110,0.0,0.0,0.0,7.37,3.66,0.0
20120422:2210,0.0,0.0,0.0,6.84,3.45,0.0
20120422:2310,0.0,0.0,0.0,6.31,3.31,0.0
20120423:0010,0.0,0.0,0.0,5.78,3.1,0.0
20120423:0110,0.0,0.0,0.0,5.78,3.03,0.0
20120423:0210,0.0,0.0,0.0,5.25,3.1,0.0
20120423:0310,0.0,0.0,0.0,5.25,2.97,0.0
20120423:0410,0.0,0.0,0.0,4.72,2.48,0.0
20120423:0510,0.95,7.87,2.5,4.72,2.28,0.0
20120423:0610,60.66,91.72,11.64,5.25,1.93,0.0
20120423:0710,235.07,294.17,20.96,6.84,2.76,0.0
20120423:0810,231.39,278.49,30.05,7.9,4.62,0.0
20120423:0910,273.83,326.6,38.42,8.43,4.76,0.0
20120423:1010,158.23,197.47,45.34,8.96,5.66,0.0
20120423:1110,233.24,281.65,49.84,8.96,6.0,0.0
20120423:1210,219.19,264.84,50.96,7.9,5.59,0.0
20120423:1310,227.92,274.19,48.4,7.37,5.1,0.0
20120423:1410,185.44,226.22,42.81,6.84,4.9,0.0
20120423:1510,130.6,165.02,35.21,6.84,4.97,0.0
20120423:1610,105.19,136.55,26.48,6.84,4.83,0.0
20120423:1710,126.24,166.46,17.24,6.84,4.83,0.0
20120423:1810,23.72,41.62,7.95,6.84,4.28,0.0
20120423:1910,0.0,0.0,0.0,6.84,3.17,0.0
20120423:2010,0.0,0.0,0.0,6.84,3.24,0.0
20120423:2110,0.0,0.0,0.0,6.84,3.52,0.0
20120423:2210,0.0,0.0,0.0,6.84,3.66,0.0
20120423:2310,0.0,0.0,0.0,6.84,3.79,0.0
20120424:0010,0.0,0.0,0.0,6.84,4.0,0.0
20120424:0110,0.0,0.0,0.0,6.84,4.07,0.0
20120424:0210,0.0,0.0,0.0,6.84,4.14,0.0
20120424:0310,0.0,0.0,0.0,6.84,4.28,0.0
20120424:0410,0.0,0.0,0.0,6.84,4.41,0.0
20120424:0510,1.77,9.62,2.79,6.84,4.48,0.0
20120424:0610,23.94,41.72,11.92,6.84,4.62,0.0
20120424:0710,48.28,71.39,21.24,6.84,4.41,0.0
20120424:0810,212.92,256.64,30.35,7.37,5.86,0.0
20120424:0910,85.67,114.96,38.73,7.9,5.24,0.0
20120424:1010,95.21,126.09,45.66,8.43,5.17,0.0
20120424:1110,214.2,262.02,50.17,10.02,4.83,0.0
20120424:1210,298.78,359.17,51.29,10.55,4.69,0.0
20120424:1310,279.18,338.7,48.71,11.61,4.21,0.0
20120424:1410,406.57,488.37,43.08,12.15,3.66,0.0
20120424:1510,268.72,327.43,35.46,12.15,3.38,0.0
20120424:1610,337.94,412.19,26.71,12.15,3.31,0.0
20120424:1710,130.03,175.87,17.46,11.61,2.69,0.0
20120424:1810,19.8,41.69,8.17,11.09,2.34,0.0
20120424:1910,0.0,0.0,0.0,8.96,2.0,0.0
20120424:2010,0.0,0.0,0.0,7.9,2.07,0.0
20120424:2110,0.0,0.0,0.0,6.84,2.0,0.0
20120424:2210,0.0,0.0,0.0,5.78,2.21,0.0
20120424:2310,0.0,0.0,0.0,5.25,2.28,0.0
20120425:0010,0.0,0.0,0.0,4.72,2.34,0.0
20120425:0110,0.0,0.0,0.0,5.25,2.69,0.0
20120425:0210,0.0,0.0,0.0,5.78,3.03,0.0
20120425:0310,0.0,0.0,0.0,6.31,3.72,0.0
20120425:0410,0.0,0.0,0.0,6.84,4.48,0.0
20120425:0510,0.2,6.12,3.08,6.84,5.1,0.0
20120425:0610,9.49,22.25,12.2,6.84,6.0,0.0
20120425:0710,29.87,49.14,21.52,6.84,6.55,0.0
20120425:0810,84.59,113.11,30.64,6.84,6.9,0.0
20120425:0910,110.17,141.85,39.03,6.84,7.31,0.0
20120425:1010,75.45,102.91,45.98,7.37,7.59,0.0
20120425:1110,180.03,220.65,50.5,7.9,6.83,0.0
20120425:1210,44.73,67.68,51.61,8.96,6.62,0.0
20120425:1310,212.07,260.13,49.0,11.09,6.28,0.0
20120425:1410,377.14,448.36,43.35,12.15,6.97,0.0
20120425:1510,275.85,332.5,35.7,12.15,7.03,0.0
20120425:1610,275.94,335.16,26.94,12.15,6.48,0.0
20120425:1710,46.58,70.46,17.69,11.09,7.38,0.0
20120425:1810,9.29,22.25,8.4,10.55,7.45,0.0
20120425:1910,0.0,0.0,0.0,9.49,7.24,0.0
20120425:2010,0.0,0.0,0.0,8.96,6.83,0.0
20120425:2110,0.0,0.0,0.0,8.96,6.76,0.0
20120425:2210,0.0,0.0,0.0,9.49,6.97,0.0
20120425:2310,0.0,0.0,0.0,8.96,7.31,0.0
20120426:0010,0.0,0.0,0.0,8.43,7.52,0.0
20120426:0110,0.0,0.0,0.0,8.43,7.03,0.0
20120426:0210,0.0,0.0,0.0,8.43,6.83,0.0
20120426:0310,0.0,0.0,0.0,8.43,8.0,0.0
20120426:0410,0.0,0.0,0.0,8.43,6.76,0.0
20120426:0510,5.2,15.74,3.36,7.9,6.07,0.0
20120426:0610,51.39,76.68,12.48,8.43,6.21,0.0
20120426:0710,23.62,41.72,21.8,9.49,5.24,0.0
20120426:0810,211.67,258.86,30.92,10.55,5.72,0.0
20120426:0910,328.67,391.43,39.32,11.09,6.28,0.0
20120426:1010,73.08,101.98,46.29,11.61,6.83,0.0
20120426:1110,170.5,214.16,50.83,12.68,7.66,0.0
20120426:1210,538.55,638.43,51.93,13.21,8.28,0.0
20120426:1310,795.96,950.53,49.3,13.21,8.14,0.0
20120426:1410,437.99,519.83,43.61,13.74,8.76,0.0
20120426:1510,406.86,481.15,35.94,13.21,9.66,0.0
20120426:1610,247.46,302.46,27.16,13.21,9.03,0.0
20120426:1710,145.27,196.38,17.91,12.68,7.79,0.0
20120426:1810,17.03,39.79,8.63,11.61,7.38,0.0
20120426:1910,0.0,0.0,0.0,10.55,6.62,0.0
20120426:2010,0.0,0.0,0.0,10.02,6.48,0.0
20120426:2110,0.0,0.0,0.0,9.49,6.41,0.0
20120426:2210,0.0,0.0,0.0,9.49,6.28,0.0
20120426:2310,0.0,0.0,0.0,8.96,6.0,0.0
20120427:0010,0.0,0.0,0.0,8.96,5.66,0.0
20120427:0110,0.0,0.0,0.0,8.43,5.31,0.0
20120427:0210,0.0,0.0,0.0,8.43,5.1,0.0
20120427:0310,0.0,0.0,0.0,8.43,4.97,0.0
20120427:0410,0.0,0.0,0.0,7.9,4.69,0.0
20120427:0510,0.19,6.12,3.64,7.9,4.48,0.0
20120427:0610,70.89,115.8,12.76,8.43,4.48,0.0
20120427:0710,23.62,41.72,22.07,9.49,5.59,0.0
20120427:0810,347.04,413.33,31.2,11.09,5.93,0.0
20120427:0910,233.89,285.32,39.62,11.61,5.72,0.0
20120427:1010,55.4,81.59,46.6,12.68,5.38,0.0
20120427:1110,589.71,711.06,51.15,13.21,4.76,0.0
20120427:1210,81.65,113.11,52.25,13.74,4.55,0.0
20120427:1310,828.23,1025.5,49.59,14.27,4.34,0.0
20120427:1410,251.18,310.14,43.88,14.27,4.0,0.0
20120427:1510,496.01,598.18,36.18,14.27,4.34,0.0
20120427:1610,388.22,474.31,27.39,13.74,4.41,0.0
20120427:1710,150.42,204.94,18.13,13.21,4.21,0.0
20120427:1810,32.07,54.09,8.85,12.68,2.97,0.0
20120427:1910,0.0,0.0,0.0,11.61,1.66,0.0
20120427:2010,0.0,0.0,0.0,10.55,1.59,0.0
20120427:2110,0.0,0.0,0.0,9.49,1.03,0.0
20120427:2210,0.0,0.0,0.0,8.96,0.9,0.0
20120427:2310,0.0,0.0,0.0,8.43,1.1,0.0
20120428:0010,0.0,0.0,0.0,7.37,1.59,0.0
20120428:0110,0.0,0.0,0.0,7.37,2.0,0.0
20120428:0210,0.0,0.0,0.0,7.37,2.41,0.0
20120428:0310,0.0,0.0,0.0,7.37,2.76,0.0
20120428:0410,0.0,0.0,0.0,6.84,2.9,0.0
20120428:0510,0.55,7.0,3.91,6.84,3.24,0.0
20120428:0610,8.83,21.32,13.02,7.37,4.97,0.0
20120428:0710,57.52,82.51,22.34,7.9,5.52,0.0
20120428:0810,136.33,173.02,31.47,8.43,3.17,0.0
20120428:0910,129.32,165.02,39.9,8.43,3.52,0.0
20120428:1010,179.45,222.02,46.91,8.96,3.86,0.0
20120428:1110,159.7,199.33,51.47,8.96,4.97,0.0
20120428:1210,136.75,173.37,52.56,8.96,5.31,0.0
20120428:1310,120.34,154.83,49.88,8.96,5.38,0.0
20120428:1410,92.59,123.31,44.14,8.96,5.79,0.0
20120428:1510,62.96,89.0,36.41,8.43,6.14,0.0
20120428:1610,56.74,81.59,27.61,7.9,5.86,0.0
20120428:1710,25.42,43.57,18.35,6.84,6.69,0.0
20120428:1810,10.77,24.1,9.07,6.84,6.76,0.0
20120428:1910,0.0,0.0,0.0,6.31,7.31,0.0
20120428:2010,0.0,0.0,0.0,5.78,7.66,0.0
20120428:2110,0.0,0.0,0.0,5.78,7.86,0.0
20120428:2210,0.0,0.0,0.0,5.25,7.45,0.0
20120428:2310,0.0,0.0,0.0,5.25,7.1,0.0
20120429:0010,0.0,0.0,0.0,5.25,7.24,0.0
20120429:0110,0.0,0.0,0.0,5.25,7.59,0.0
20120429:0210,0.0,0.0,0.0,5.25,7.93,0.0
20120429:0310,0.0,0.0,0.0,5.78,8.28,0.0
20120429:0410,0.0,0.0,0.0,5.78,8.28,0.0
20120429:0510,4.19,13.99,4.18,6.31,7.93,0.0
20120429:0610,14.09,28.74,13.29,6.84,7.79,0.0
20120429:0710,18.94,35.23,22.61,6.84,8.07,0.0
20120429:0810,24.63,42.65,31.74,7.37,8.14,0.0
20120429:0910,82.58,111.25,40.19,7.9,7.79,0.0
20120429:1010,55.06,79.73,47.21,8.43,7.66,0.0
20120429:1110,91.91,122.38,51.78,8.96,7.66,0.0
20120429:1210,109.55,142.77,52.87,9.49,6.69,0.0
20120429:1310,571.53,678.26,50.17,10.02,4.62,0.0
20120429:1410,138.68,178.0,44.39,11.61,3.52,0.0
20120429:1510,159.02,203.16,36.65,14.27,4.62,0.0
20120429:1610,141.36,181.64,27.83,13.21,6.21,0.0
20120429:1710,121.92,163.39,18.56,12.68,5.86,0.0
20120429:1810,30.73,51.78,9.29,12.68,4.83,0.0
20120429:1910,0.0,0.0,0.0,10.55,4.14,0.0
20120429:2010,0.0,0.0,0.0,9.49,3.86,0.0
20120429:2110,0.0,0.0,0.0,9.49,4.14,0.0
20120429:2210,0.0,0.0,0.0,9.49,4.83,0.0
20120429:2310,0.0,0.0,0.0,9.49,5.17,0.0
20120430:0010,0.0,0.0,0.0,8.96,5.17,0.0
20120430:0110,0.0,0.0,0.0,8.96,5.1,0.0
20120430:0210,0.0,0.0,0.0,8.43,4.9,0.0
20120430:0310,0.0,0.0,0.0,7.9,4.62,0.0
20120430:0410,0.0,0.0,0.0,7.37,4.34,0.0
20120430:0510,9.19,21.86,4.45,7.37,4.07,0.0
20120430:0610,71.32,127.54,13.55,7.9,3.86,0.0
20120430:0710,282.36,356.57,22.87,10.02,4.14,0.0
20120430:0810,492.94,586.47,32.01,11.61,5.17,0.0
20120430:0910,662.03,792.39,40.46,12.68,5.17,0.0
20120430:1010,804.21,980.99,47.5,13.74,5.1,0.0
20120430:1110,605.88,736.72,52.09,14.8,4.83,0.0
20120430:1210,777.7,965.02,53.18,15.86,4.69,0.0
20120430:1310,466.12,568.66,50.45,16.92,5.31,0.0
20120430:1410,556.35,677.28,44.65,16.92,5.52,0.0
20120430:1510,477.24,578.08,36.88,15.86,4.97,0.0
20120430:1610,251.96,312.93,28.05,15.33,4.83,0.0
20120430:1710,133.26,180.94,18.77,15.33,4.55,0.0
20120430:1810,36.47,60.41,9.51,14.27,4.76,0.0
20120430:1910,0.0,0.0,0.0,13.74,4.9,0.0
20120430:2010,0.0,0.0,0.0,12.15,4.76,0.0
20120430:2110,0.0,0.0,0.0,11.61,4.48,0.0
20120430:2210,0.0,0.0,0.0,11.61,3.72,0.0
20120430:2310,0.0,0.0,0.0,11.09,4.48,0.0
20120501:0010,0.0,0.0,0.0,11.09,5.66,0.0
20120501:0110,0.0,0.0,0.0,11.61,5.86,0.0
20120501:0210,0.0,0.0,0.0,11.09,5.66,0.0
20120501:0310,0.0,0.0,0.0,11.09,5.38,0.0
20120501:0410,0.0,0.0,0.0,11.09,5.45,0.0
20120501:0510,4.06,13.99,4.71,11.09,5.38,0.0
20120501:0610,5.67,16.69,13.8,11.09,5.1,0.0
20120501:0710,25.55,44.5,23.12,11.09,3.03,0.0
20120501:0810,55.72,81.59,32.27,11.09,2.9,0.0
20120501:0910,98.93,132.58,40.74,11.61,2.07,0.0
20120501:1010,102.91,138.14,47.79,13.21,2.0,0.0
20120501:1110,233.67,292.98,52.4,14.27,1.45,0.0
20120501:1210,261.08,326.56,53.48,14.8,1.38,0.0
20120501:1310,293.83,367.17,50.73,15.86,1.52,0.0
20120501:1410,315.48,393.25,44.9,16.39,1.72,0.0
20120501:1510,485.61,604.62,37.11,16.92,1.86,0.0
20120501:1610,338.24,423.34,28.26,16.39,2.21,0.0
20120501:1710,148.75,205.29,18.99,15.86,1.93,0.0
20120501:1810,32.17,58.33,9.72,15.33,1.93,0.0
20120501:1910,0.0,0.0,0.0,14.27,1.72,0.0
20120501:2010,0.0,0.0,0.0,12.15,2.0,0.0
20120501:2110,0.0,0.0,0.0,11.09,1.59,0.0
20120501:2210,0.0,0.0,0.0,9.49,1.79,0.0
20120501:2310,0.0,0.0,0.0,8.96,1.72,0.0
20120502:0010,0.0,0.0,0.0,8.43,2.0,0.0
20120502:0110,0.0,0.0,0.0,8.43,2.28,0.0
20120502:0210,0.0,0.0,0.0,8.96,2.48,0.0
20120502:0310,0.0,0.0,0.0,8.96,2.55,0.0
20120502:0410,0.0,0.0,0.0,8.96,2.55,0.0
20120502:0510,0.0,4.37,4.96,8.96,2.48,0.0
20120502:0610,28.76,48.21,14.05,8.96,2.97,0.0
20120502:0710,81.63,111.3,23.37,9.49,3.38,0.0
20120502:0810,83.06,113.11,32.52,10.02,3.72,0.0
20120502:0910,80.42,110.33,41.0,10.55,3.45,0.0
20120502:1010,121.66,158.54,48.08,11.61,3.24,0.0
20120502:1110,70.33,99.2,52.7,12.15,3.72,0.0
20120502:1210,127.63,165.95,53.78,12.68,4.0,0.0
20120502:1310,108.22,143.7,51.01,13.21,4.97,0.0
20120502:1410,159.74,203.96,45.15,14.27,5.03,0.0
20120502:1510,73.58,103.84,37.33,14.27,4.69,0.0
20120502:1610,55.68,82.51,28.48,14.27,4.0,0.0
20120502:1710,20.29,38.01,19.2,13.74,3.38,0.0
20120502:1810,1.97,10.2,9.94,12.68,3.45,0.0
20120502:1910,0.0,0.0,0.0,11.09,3.45,0.0
20120502:2010,0.0,0.0,0.0,9.49,3.38,0.0
20120502:2110,0.0,0.0,0.0,8.43,3.24,0.0
20120502:2210,0.0,0.0,0.0,7.9,3.1,0.0
20120502:2310,0.0,0.0,0.0,7.37,2.97,0.0
20120503:0010,0.0,0.0,0.0,7.9,2.76,0.0
20120503:0110,0.0,0.0,0.0,7.9,2.62,0.0
20120503:0210,0.0,0.0,0.0,7.37,2.69,0.0
20120503:0310,0.0,0.0,0.0,7.37,2.76,0.0
20120503:0410,0.0,0.0,0.0,7.37,2.83,0.0
20120503:0510,3.16,12.24,5.22,7.37,2.97,0.0
20120503:0610,5.8,16.69,14.3,7.37,3.24,0.0
20120503:0710,20.27,37.08,23.61,7.37,2.76,0.0
20120503:0810,69.37,96.42,32.77,7.9,3.38,0.0
20120503:0910,67.43,94.56,41.27,8.96,3.59,0.0
20120503:1010,40.8,63.04,48.36,8.96,3.38,0.0
20120503:1110,59.32,85.29,52.99,9.49,3.1,0.0
20120503:1210,77.34,106.62,54.07,10.02,2.69,0.0
20120503:1310,51.32,76.02,51.28,10.02,2.48,0.0
20120503:1410,55.96,81.59,45.39,10.02,2.14,0.0
20120503:1510,50.51,75.1,37.56,10.02,2.0,0.0
20120503:1610,50.51,75.1,28.69,10.02,2.0,0.0
20120503:1710,49.87,74.17,19.41,9.49,2.07,0.0
20120503:1810,29.32,49.14,10.15,9.49,2.34,0.0
20120503:1910,0.0,0.0,0.0,7.37,2.28,0.0
20120503:2010,0.0,0.0,0.0,7.37,2.14,0.0
20120503:2110,0.0,0.0,0.0,6.84,1.93,0.0
20120503:2210,0.0,0.0,0.0,6.84,1.59,0.0
20120503:2310,0.0,0.0,0.0,6.84,1.45,0.0
20120504:0010,0.0,0.0,0.0,6.84,1.38,0.0
20120504:0110,0.0,0.0,0.0,6.84,1.52,0.0
20120504:0210,0.0,0.0,0.0,6.84,1.72,0.0
20120504:0310,0.0,0.0,0.0,6.84,1.93,0.0
20120504:0410,0.0,0.0,0.0,6.84,1.86,0.0
20120504:0510,2.22,10.49,5.46,6.84,1.79,0.0
20120504:0610,35.07,55.63,14.54,6.84,2.0,0.0
20120504:0710,72.81,100.13,23.85,6.84,2.0,0.0
20120504:0810,64.64,90.86,33.02,7.37,2.14,0.0
20120504:0910,94.5,125.16,41.52,7.37,2.28,0.0
20120504:1010,144.81,182.64,48.63,7.9,2.21,0.0
20120504:1110,59.57,85.29,53.28,8.43,2.28,0.0
20120504:1210,58.64,84.37,54.36,8.96,2.48,0.0
20120504:1310,43.85,66.75,51.55,8.96,2.76,0.0
20120504:1410,49.27,73.24,45.64,8.96,2.9,0.0
20120504:1510,42.98,65.82,37.78,9.49,2.97,0.0
20120504:1610,71.4,99.2,28.9,8.96,3.24,0.0
20120504:1710,53.2,77.88,19.61,8.96,3.52,0.0
20120504:1810,31.55,51.92,10.36,8.96,3.31,0.0
20120504:1910,0.0,0.0,0.0,8.43,3.1,0.0
20120504:2010,0.0,0.0,0.0,7.9,3.31,0.0
20120504:2110,0.0,0.0,0.0,7.9,3.66,0.0
20120504:2210,0.0,0.0,0.0,7.37,3.93,0.0
20120504:2310,0.0,0.0,0.0,7.37,3.93,0.0
20120505:0010,0.0,0.0,0.0,6.84,4.28,0.0
20120505:0110,0.0,0.0,0.0,6.84,4.62,0.0
20120505:0210,0.0,0.0,0.0,6.84,4.69,0.0
20120505:0310,0.0,0.0,0.0,6.31,4.69,0.0
20120505:0410,0.0,0.0,0.0,6.31,4.83,0.0
20120505:0510,0.0,4.37,5.7,5.78,4.55,0.0
20120505:0610,33.03,52.85,14.77,5.78,4.41,0.0
20120505:0710,15.53,30.59,24.09,5.78,4.69,0.0
20120505:0810,45.28,67.68,33.26,6.31,4.97,0.0
20120505:0910,102.1,132.58,41.78,5.78,4.21,0.0
20120505:1010,100.78,131.65,48.9,6.84,4.34,0.0
20120505:1110,105.66,137.21,53.57,6.84,3.93,0.0
20120505:1210,124.82,159.46,54.65,7.9,4.0,0.0
20120505:1310,286.69,344.17,51.82,9.49,4.28,0.0
20120505:1410,198.41,244.06,45.87,9.49,3.79,0.0
20120505:1510,195.3,240.22,38.0,9.49,4.0,0.0
20120505:1610,261.05,314.86,29.1,8.96,4.34,0.0
20120505:1710,111.75,147.04,19.82,8.43,4.34,0.0
20120505:1810,36.63,63.49,10.57,7.9,4.07,0.0
20120505:1910,0.0,0.0,0.0,7.37,3.59,0.0
20120505:2010,0.0,0.0,0.0,6.84,3.45,0.0
20120505:2110,0.0,0.0,0.0,6.31,3.45,0.0
20120505:2210,0.0,0.0,0.0,6.31,3.45,0.0
20120505:2310,0.0,0.0,0.0,5.78,3.38,0.0
20120506:0010,0.0,0.0,0.0,5.78,3.38,0.0
20120506:0110,0.0,0.0,0.0,5.78,3.38,0.0
20120506:0210,0.0,0.0,0.0,5.78,3.45,0.0
20120506:0310,0.0,0.0,0.0,5.25,3.52,0.0
20120506:0410,0.0,0.0,0.0,5.25,3.38,0.0
20120506:0510,3.2,12.24,5.94,5.25,3.1,0.0
20120506:0610,34.61,54.7,15.0,5.25,3.17,0.0
20120506:0710,43.01,64.9,24.31,5.78,3.31,0.0
20120506:0810,130.83,165.25,33.49,6.31,3.45,0.0
20120506:0910,143.7,179.86,42.02,6.84,4.21,0.0
20120506:1010,107.04,139.07,49.17,7.37,4.0,0.0
20120506:1110,100.93,132.58,53.85,7.9,3.24,0.0
20120506:1210,187.92,231.78,54.93,8.43,2.76,0.0
20120506:1310,114.89,149.26,52.08,8.96,2.48,0.0
20120506:1410,92.87,124.23,46.11,8.96,1.72,0.0
20120506:1510,92.94,124.23,38.21,8.96,2.07,0.0
20120506:1610,56.99,82.51,29.31,8.96,1.45,0.0
20120506:1710,41.49,63.97,20.02,8.96,1.38,0.0
20120506:1810,20.84,38.01,10.77,8.43,1.31,0.0
20120506:1910,0.0,0.0,0.0,6.84,1.52,0.0
20120506:2010,0.0,0.0,0.0,6.84,1.79,0.0
20120506:2110,0.0,0.0,0.0,5.78,1.86,0.0
20120506:2210,0.0,0.0,0.0,5.25,1.79,0.0
20120506:2310,0.0,0.0,0.0,4.19,1.79,0.0
20120507:0010,0.0,0.0,0.0,3.66,1.72,0.0
20120507:0110,0.0,0.0,0.0,3.66,1.59,0.0
20120507:0210,0.0,0.0,0.0,4.19,1.66,0.0
20120507:0310,0.0,0.0,0.0,3.66,1.93,0.0
20120507:0410,0.0,0.0,0.0,4.19,2.14,0.0
20120507:0510,2.74,11.37,6.17,4.19,2.07,0.0
20120507:0610,89.69,132.92,15.22,5.78,1.66,0.0
20120507:0710,281.2,350.41,24.54,7.37,2.28,0.0
20120507:0810,256.44,308.71,33.72,8.96,3.93,0.0
20120507:0910,71.72,100.13,42.26,10.55,4.28,0.0
20120507:1010,257.6,312.67,49.43,11.09,4.83,0.0
20120507:1110,108.37,142.77,54.12,11.09,3.93,0.0
20120507:1210,101.79,135.36,55.2,11.61,4.9,0.0
20120507:1310,97.0,129.79,52.33,11.61,5.31,0.0
20120507:1410,76.34,105.69,46.34,11.09,4.83,0.0
20120507:1510,538.06,641.77,38.43,11.09,3.79,0.0
20120507:1610,201.04,250.19,29.51,12.15,3.72,0.0
20120507:1710,151.03,201.12,20.22,12.68,4.34,0.0
20120507:1810,24.64,43.57,10.98,12.68,3.79,0.0
20120507:1910,0.0,0.0,0.0,11.61,3.31,0.0
20120507:2010,0.0,0.0,0.0,10.02,3.38,0.0
20120507:2110,0.0,0.0,0.0,9.49,3.66,0.0
20120507:2210,0.0,0.0,0.0,9.49,4.07,0.0
20120507:2310,0.0,0.0,0.0,9.49,4.14,0.0
20120508:0010,0.0,0.0,0.0,9.49,4.28,0.0
20120508:0110,0.0,0.0,0.0,10.02,4.21,0.0
20120508:0210,0.0,0.0,0.0,10.02,3.93,0.0
20120508:0310,0.0,0.0,0.0,10.02,3.66,0.0
20120508:0410,0.0,0.0,0.0,10.02,3.24,0.0
20120508:0510,12.05,26.23,6.39,10.02,2.83,0.0
20120508:0610,57.48,83.96,15.44,10.02,2.48,0.0
20120508:0710,141.02,181.25,24.76,10.55,2.0,0.0
20120508:0810,267.75,326.26,33.94,11.09,2.55,0.0
20120508:0910,147.33,189.13,42.5,12.68,2.69,0.0
20120508:1010,90.97,124.23,49.68,13.74,3.1,0.0
20120508:1110,111.16,148.34,54.39,14.8,3.66,0.0
20120508:1210,55.5,82.51,55.48,14.8,3.52,0.0
20120508:1310,677.93,838.27,52.59,15.33,3.66,0.0
20120508:1410,319.78,393.18,46.57,15.86,3.93,0.0
20120508:1510,338.14,414.03,38.64,15.33,3.52,0.0
20120508:1610,368.65,456.51,29.71,15.86,3.52,0.0
20120508:1710,177.87,249.75,20.41,15.86,3.24,0.0
20120508:1810,43.89,72.36,11.18,14.8,2.76,0.0
20120508:1910,0.0,4.37,2.37,13.74,2.97,0.0
20120508:2010,0.0,0.0,0.0,12.68,2.76,0.0
20120508:2110,0.0,0.0,0.0,11.09,2.55,0.0
20120508:2210,0.0,0.0,0.0,10.02,2.48,0.0
20120508:2310,0.0,0.0,0.0,9.49,2.34,0.0
20120509:0010,0.0,0.0,0.0,8.96,2.0,0.0
20120509:0110,0.0,0.0,0.0,8.96,2.0,0.0
20120509:0210,0.0,0.0,0.0,8.96,1.79,0.0
20120509:0310,0.0,0.0,0.0,8.96,1.59,0.0
20120509:0410,0.0,0.0,0.0,8.96,1.03,0.0
20120509:0510,18.48,34.98,6.61,8.96,0.83,0.0
20120509:0610,22.85,40.79,15.66,9.49,0.97,0.0
20120509:0710,48.9,73.24,24.97,10.02,1.03,0.0
20120509:0810,47.92,72.31,34.16,11.09,1.72,0.0
20120509:0910,138.65,178.93,42.73,12.15,2.07,0.0
20120509:1010,204.31,254.79,49.93,13.21,4.07,0.0
20120509:1110,145.63,188.2,54.66,14.8,4.62,0.0
20120509:1210,82.64,114.96,55.74,15.33,5.24,0.0
20120509:1310,112.84,150.19,52.84,15.33,6.28,0.0
20120509:1410,74.84,105.69,46.8,15.33,5.86,0.0
20120509:1510,107.77,144.63,38.84,15.86,6.14,0.0
20120509:1610,127.39,167.3,29.91,15.33,5.1,0.0
20120509:1710,35.14,57.48,20.61,15.33,5.79,0.0
20120509:1810,20.14,38.01,11.38,15.33,5.45,0.0
20120509:1910,0.0,1.75,2.58,14.27,4.62,0.0
20120509:2010,0.0,0.0,0.0,14.27,4.69,0.0
20120509:2110,0.0,0.0,0.0,14.27,4.97,0.0
20120509:2210,0.0,0.0,0.0,14.27,5.17,0.0
20120509:2310,0.0,0.0,0.0,13.74,5.24,0.0
20120510:0010,0.0,0.0,0.0,13.74,5.86,0.0
20120510:0110,0.0,0.0,0.0,13.74,6.69,0.0
20120510:0210,0.0,0.0,0.0,14.27,6.76,0.0
20120510:0310,0.0,0.0,0.0,14.27,6.9,0.0
20120510:0410,0.0,0.0,0.0,13.74,6.14,0.0
20120510:0510,0.16,6.12,6.83,13.74,5.93,0.0
20120510:0610,47.69,72.8,15.87,13.74,5.72,0.0
20120510:0710,76.03,106.62,25.18,14.27,6.0,0.0
20120510:0810,149.03,191.63,34.37,14.8,6.41,0.0
20120510:0910,184.46,232.74,42.95,15.33,7.24,0.0
20120510:1010,141.1,183.57,50.17,16.39,7.59,0.0
20120510:1110,230.69,288.13,54.92,16.92,7.52,0.0
20120510:1210,185.5,235.48,56.01,16.39,6.21,0.0
20120510:1310,72.37,102.91,53.08,15.33,4.0,0.0
20120510:1410,103.79,139.99,47.02,15.33,3.93,0.0
20120510:1510,76.26,107.54,39.05,15.33,3.93,0.0
20120510:1610,61.55,89.93,30.1,15.33,4.48,0.0
20120510:1710,23.68,42.65,20.8,14.8,6.07,0.0
20120510:1810,30.12,50.99,11.58,14.8,6.14,0.0
20120510:1910,0.49,7.0,2.79,14.27,6.14,0.0
20120510:2010,0.0,0.0,0.0,13.74,5.66,0.0
20120510:2110,0.0,0.0,0.0,13.74,5.45,0.0
20120510:2210,0.0,0.0,0.0,13.21,5.72,0.0
20120510:2310,0.0,0.0,0.0,13.21,5.66,0.0
20120511:0010,0.0,0.0,0.0,12.68,5.52,0.0
20120511:0110,0.0,0.0,0.0,12.15,5.45,0.0
20120511:0210,0.0,0.0,0.0,11.61,5.1,0.0
20120511:0310,0.0,0.0,0.0,11.61,4.9,0.0
20120511:0410,0.0,0.0,0.0,11.09,4.76,0.0
20120511:0510,17.71,34.1,7.04,10.55,4.69,0.0
20120511:0610,86.18,147.11,16.07,10.55,4.62,0.0
20120511:0710,229.42,285.66,25.38,11.09,5.31,0.0
20120511:0810,314.48,377.42,34.58,11.61,5.52,0.0
20120511:0910,327.34,393.08,43.17,12.15,5.45,0.0
20120511:1010,338.68,407.72,50.41,12.68,5.52,0.0
20120511:1110,513.2,616.97,55.17,13.74,5.45,0.0
20120511:1210,402.36,486.92,56.26,14.8,5.66,0.0
20120511:1310,591.47,714.02,53.32,14.8,5.86,0.0
20120511:1410,450.05,541.73,47.24,14.8,5.86,0.0
20120511:1510,421.8,506.45,39.25,14.27,5.72,0.0
20120511:1610,257.25,316.12,30.3,13.74,5.66,0.0
20120511:1710,134.5,177.58,20.99,12.68,5.03,0.0
20120511:1810,41.36,72.06,11.77,12.15,4.62,0.0
20120511:1910,3.56,13.12,2.99,11.09,4.14,0.0
20120511:2010,0.0,0.0,0.0,9.49,3.72,0.0
20120511:2110,0.0,0.0,0.0,8.96,3.79,0.0
20120511:2210,0.0,0.0,0.0,7.9,3.93,0.0
20120511:2310,0.0,0.0,0.0,7.37,3.93,0.0
20120512:0010,0.0,0.0,0.0,6.84,3.79,0.0
20120512:0110,0.0,0.0,0.0,6.84,3.72,0.0
20120512:0210,0.0,0.0,0.0,5.78,3.52,0.0
20120512:0310,0.0,0.0,0.0,5.25,3.24,0.0
20120512:0410,0.0,0.0,0.0,4.72,3.03,0.0
20120512:0510,20.95,37.6,7.24,4.72,3.1,0.0
20120512:0610,88.86,148.29,16.27,5.78,2.97,0.0
20120512:0710,292.76,361.84,25.57,7.37,3.72,0.0
20120512:0810,476.01,559.82,34.78,8.96,4.9,0.0
20120512:0910,493.54,582.9,43.38,10.02,4.69,0.0
20120512:1010,643.31,770.68,50.64,11.09,4.41,0.0
20120512:1110,727.4,883.88,55.42,12.15,4.34,0.0
20120512:1210,754.01,921.3,56.52,12.68,4.34,0.0
20120512:1310,616.37,747.51,53.56,13.21,4.14,0.0
20120512:1410,491.94,592.42,47.45,13.21,4.14,0.0
20120512:1510,395.88,477.39,39.45,13.21,3.86,0.0
20120512:1610,260.45,320.77,30.49,12.68,3.03,0.0
20120512:1710,168.21,224.85,21.18,12.15,2.41,0.0
20120512:1810,38.44,61.25,11.96,12.15,1.72,0.0
20120512:1910,4.55,14.87,3.19,11.61,1.24,0.0
20120512:2010,0.0,0.0,0.0,10.02,0.97,0.0
20120512:2110,0.0,0.0,0.0,10.02,0.62,0.0
20120512:2210,0.0,0.0,0.0,9.49,0.34,0.0
20120512:2310,0.0,0.0,0.0,8.43,0.76,0.0
20120513:0010,0.0,0.0,0.0,7.37,0.9,0.0
20120513:0110,0.0,0.0,0.0,6.31,1.1,0.0
20120513:0210,0.0,0.0,0.0,5.25,1.17,0.0
20120513:0310,0.0,0.0,0.0,4.72,1.24,0.0
20120513:0410,0.0,0.0,0.0,4.19,1.24,0.0
20120513:0510,23.03,40.23,7.44,4.19,1.1,0.0
20120513:0610,91.14,149.62,16.46,6.31,0.55,0.0
20120513:0710,286.36,361.6,25.76,8.96,0.9,0.0
20120513:0810,476.6,581.49,34.97,11.09,1.31,0.0
20120513:0910,549.41,670.57,43.59,12.15,2.0,0.0
20120513:1010,524.67,640.94,50.86,13.74,2.83,0.0
20120513:1110,590.86,724.74,55.67,14.27,3.31,0.0
20120513:1210,709.4,879.51,56.76,14.8,3.59,0.0
20120513:1310,494.35,600.43,53.8,14.27,3.93,0.0
20120513:1410,467.81,566.56,47.67,14.8,4.48,0.0
20120513:1510,329.93,400.38,39.64,14.27,4.9,0.0
20120513:1610,252.15,311.39,30.67,14.27,4.97,0.0
20120513:1710,176.22,237.48,21.37,13.74,4.76,0.0
20120513:1810,33.28,66.37,12.15,13.21,4.34,0.0
20120513:1910,5.61,16.61,3.39,11.61,4.14,0.0
20120513:2010,0.0,0.0,0.0,10.02,4.07,0.0
20120513:2110,0.0,0.0,0.0,8.96,4.0,0.0
20120513:2210,0.0,0.0,0.0,8.43,3.79,0.0
20120513:2310,0.0,0.0,0.0,7.9,3.72,0.0
20120514:0010,0.0,0.0,0.0,7.37,3.72,0.0
20120514:0110,0.0,0.0,0.0,6.84,3.72,0.0
20120514:0210,0.0,0.0,0.0,6.84,3.86,0.0
20120514:0310,0.0,0.0,0.0,6.31,3.72,0.0
20120514:0410,0.0,0.0,0.0,6.31,3.79,0.0
20120514:0510,26.97,45.47,7.63,6.31,3.86,0.0
20120514:0610,94.78,150.97,16.65,6.84,3.86,0.0
20120514:0710,242.45,297.34,25.95,7.9,4.69,0.0
20120514:0810,176.16,217.61,35.16,8.96,5.31,0.0
20120514:0910,154.38,193.77,43.79,9.49,4.97,0.0
20120514:1010,113.37,147.41,51.08,9.49,4.55,0.0
20120514:1110,109.88,143.7,55.9,10.02,4.9,0.0
20120514:1210,123.19,158.54,57.01,9.49,4.69,0.0
20120514:1310,199.92,245.13,54.02,9.49,5.24,0.0
20120514:1410,96.53,127.94,47.88,8.96,4.55,0.0
20120514:1510,130.4,166.88,39.84,9.49,3.93,0.0
20120514:1610,123.8,159.68,30.86,10.02,4.21,0.0
20120514:1710,66.33,93.64,21.55,10.02,4.21,0.0
20120514:1810,25.57,44.5,12.34,11.09,4.34,0.0
20120514:1910,6.21,17.49,3.59,10.02,3.86,0.0
20120514:2010,0.0,0.0,0.0,8.96,3.17,0.0
20120514:2110,0.0,0.0,0.0,7.9,3.03,0.0
20120514:2210,0.0,0.0,0.0,6.84,3.1,0.0
20120514:2310,0.0,0.0,0.0,6.84,3.17,0.0
20120515:0010,0.0,0.0,0.0,6.31,3.17,0.0
20120515:0110,0.0,0.0,0.0,5.78,3.24,0.0
20120515:0210,0.0,0.0,0.0,5.78,3.38,0.0
20120515:0310,0.0,0.0,0.0,5.25,3.31,0.0
20120515:0410,0.0,0.0,0.0,4.72,3.17,0.0
20120515:0510,22.94,40.23,7.82,5.25,3.31,0.0
20120515:0610,22.6,39.87,16.83,5.78,3.24,0.0
20120515:0710,33.61,53.77,26.13,6.84,4.69,0.0
20120515:0810,128.75,162.24,35.35,5.78,4.9,0.0
20120515:0910,195.77,237.31,43.99,6.31,4.69,0.0
20120515:1010,332.89,393.3,51.3,7.9,4.9,0.0
20120515:1110,343.3,408.62,56.14,10.02,5.52,0.0
20120515:1210,650.74,774.76,57.24,11.09,5.79,0.0
20120515:1310,92.24,124.23,54.25,11.61,6.07,0.0
20120515:1410,373.3,444.08,48.08,11.61,6.48,0.0
20120515:1510,547.97,640.81,40.03,10.02,6.62,0.0
20120515:1610,71.21,99.2,31.04,10.02,6.07,0.0
20120515:1710,21.54,38.94,21.73,8.96,5.72,0.0
20120515:1810,44.54,67.78,12.52,8.43,4.14,0.0
20120515:1910,0.0,2.62,3.78,7.9,3.45,0.0
20120515:2010,0.0,0.0,0.0,6.84,2.9,0.0
20120515:2110,0.0,0.0,0.0,6.31,2.9,0.0
20120515:2210,0.0,0.0,0.0,5.78,2.9,0.0
20120515:2310,0.0,0.0,0.0,4.72,2.83,0.0
20120516:0010,0.0,0.0,0.0,4.19,2.76,0.0
20120516:0110,0.0,0.0,0.0,4.19,2.83,0.0
20120516:0210,0.0,0.0,0.0,3.66,3.03,0.0
20120516:0310,0.0,0.0,0.0,3.66,3.1,0.0
20120516:0410,0.0,0.0,0.0,3.13,2.97,0.0
20120516:0510,23.88,41.1,8.0,3.13,2.76,0.0
20120516:0610,93.47,153.58,17.0,4.72,2.48,0.0
20120516:0710,300.45,370.94,26.3,6.84,3.1,0.0
20120516:0810,449.52,531.01,35.52,7.9,3.24,0.0
20120516:0910,536.07,637.65,44.18,9.49,3.31,0.0
20120516:1010,649.48,778.97,51.5,10.55,4.0,0.0
20120516:1110,476.21,571.12,56.36,11.61,4.0,0.0
20120516:1210,619.39,746.81,57.48,11.61,4.07,0.0
20120516:1310,309.16,374.19,54.47,11.61,3.79,0.0
20120516:1410,404.28,485.0,48.28,11.61,3.72,0.0
20120516:1510,105.34,139.99,40.21,12.15,3.52,0.0
20120516:1610,314.78,384.0,31.22,12.15,3.24,0.0
20120516:1710,132.48,174.46,21.91,12.15,2.76,0.0
20120516:1810,34.17,55.69,12.7,11.61,1.72,0.0
20120516:1910,5.62,16.61,3.97,11.09,0.9,0.0
20120516:2010,0.0,0.0,0.0,10.55,1.17,0.0
20120516:2110,0.0,0.0,0.0,8.43,1.38,0.0
20120516:2210,0.0,0.0,0.0,7.9,1.93,0.0
20120516:2310,0.0,0.0,0.0,7.37,2.0,0.0
20120517:0010,0.0,0.0,0.0,6.84,1.93,0.0
20120517:0110,0.0,0.0,0.0,6.84,1.79,0.0
20120517:0210,0.0,0.0,0.0,6.31,1.66,0.0
20120517:0310,0.0,0.0,0.0,5.78,1.66,0.0
20120517:0410,0.0,0.0,0.0,5.25,1.45,0.0
20120517:0510,9.89,22.74,8.18,5.25,1.66,0.0
20120517:0610,38.1,59.33,17.17,6.84,1.59,0.0
20120517:0710,91.53,122.38,26.47,8.43,1.93,0.0
20120517:0810,160.7,201.9,35.7,9.49,2.34,0.0
20120517:0910,179.34,224.0,44.36,10.55,2.76,0.0
20120517:1010,305.6,371.38,51.71,12.15,3.38,0.0
20120517:1110,341.75,415.11,56.58,13.21,3.93,0.0
20120517:1210,288.07,353.2,57.7,13.74,3.86,0.0
20120517:1310,211.95,264.95,54.68,14.27,4.0,0.0
20120517:1410,358.64,436.5,48.48,14.27,3.86,0.0
20120517:1510,385.24,466.98,40.4,14.27,4.0,0.0
20120517:1610,182.94,231.29,31.39,14.27,3.93,0.0
20120517:1710,78.2,109.21,22.08,13.74,4.0,0.0
20120517:1810,12.98,27.81,12.88,12.68,3.38,0.0
20120517:1910,0.89,7.87,4.16,11.09,3.38,0.0
20120517:2010,0.0,0.0,0.0,10.02,3.59,0.0
20120517:2110,0.0,0.0,0.0,9.49,3.31,0.0
20120517:2210,0.0,0.0,0.0,8.96,3.24,0.0
20120517:2310,0.0,0.0,0.0,8.96,3.59,0.0
20120518:0010,0.0,0.0,0.0,8.43,3.72,0.0
20120518:0110,0.0,0.0,0.0,7.9,3.66,0.0
20120518:0210,0.0,0.0,0.0,7.9,3.59,0.0
20120518:0310,0.0,0.0,0.0,7.9,3.52,0.0
20120518:0410,0.0,0.0,0.0,7.9,3.45,0.0
20120518:0510,28.75,48.1,8.35,8.43,3.31,0.0
20120518:0610,100.94,154.56,17.34,9.49,2.9,0.0
20120518:0710,129.36,167.57,26.63,11.61,3.72,0.0
20120518:0810,134.22,173.53,35.86,12.68,3.93,0.0
20120518:0910,244.11,301.17,44.54,13.74,4.14,0.0
20120518:1010,223.95,278.95,51.9,14.27,3.86,0.0
20120518:1110,495.05,604.73,56.8,14.8,3.59,0.0
20120518:1210,112.3,150.19,57.93,15.33,2.9,0.0
20120518:1310,80.92,113.11,54.9,14.8,1.93,0.0
20120518:1410,70.04,100.13,48.67,14.8,2.07,0.0
20120518:1510,101.22,137.21,40.58,14.8,1.52,0.0
20120518:1610,94.27,128.87,31.57,14.8,2.07,0.0
20120518:1710,52.41,78.8,22.25,14.8,2.9,0.0
20120518:1810,18.91,36.16,13.06,13.74,2.62,0.0
20120518:1910,0.0,4.37,4.34,12.68,2.48,0.0
20120518:2010,0.0,0.0,0.0,12.15,2.76,0.0
20120518:2110,0.0,0.0,0.0,11.61,2.76,0.0
20120518:2210,0.0,0.0,0.0,11.61,2.69,0.0
20120518:2310,0.0,0.0,0.0,11.61,2.76,0.0
20120519:0010,0.0,0.0,0.0,11.61,2.76,0.0
20120519:0110,0.0,0.0,0.0,11.09,3.17,0.0
20120519:0210,0.0,0.0,0.0,11.09,3.31,0.0
20120519:0310,0.0,0.0,0.0,10.55,3.17,0.0
20120519:0410,0.0,0.0,0.0,9.49,3.03,0.0
20120519:0510,10.26,23.61,8.51,9.49,2.9,0.0
20120519:0610,77.54,107.91,17.49,10.02,4.28,0.0
20120519:0710,178.81,225.08,26.79,11.09,3.52,0.0
20120519:0810,333.61,404.88,36.02,12.68,3.24,0.0
20120519:0910,336.41,410.6,44.71,13.74,2.97,0.0
20120519:1010,88.87,122.38,52.09,14.8,2.69,0.0
20120519:1110,116.64,155.75,57.01,15.86,2.48,0.0
20120519:1210,361.63,449.3,58.14,16.39,2.28,0.0
20120519:1310,320.71,401.05,55.1,16.92,1.93,0.0
20120519:1410,213.54,272.65,48.86,16.92,1.17,0.0
20120519:1510,198.66,254.63,40.75,16.92,1.17,0.0
20120519:1610,102.06,139.07,31.74,16.39,1.79,0.0
20120519:1710,20.8,38.94,22.42,15.33,2.34,0.0
20120519:1810,9.09,22.25,13.23,14.27,4.21,0.0
20120519:1910,7.74,20.11,4.52,13.21,3.79,0.0
20120519:2010,0.0,0.0,0.0,12.15,3.86,0.0
20120519:2110,0.0,0.0,0.0,11.09,3.86,0.0
20120519:2210,0.0,0.0,0.0,10.02,4.07,0.0
20120519:2310,0.0,0.0,0.0,9.49,3.86,0.0
20120520:0010,0.0,0.0,0.0,8.96,3.72,0.0
20120520:0110,0.0,0.0,0.0,8.43,3.52,0.0
20120520:0210,0.0,0.0,0.0,7.9,3.45,0.0
20120520:0310,0.0,0.0,0.0,7.37,3.52,0.0
20120520:0410,0.0,0.0,0.0,6.84,3.59,0.0
20120520:0510,6.89,18.36,8.67,6.84,3.59,0.0
20120520:0610,57.09,82.05,17.65,7.37,4.69,0.0
20120520:0710,127.41,162.93,26.94,8.43,4.21,0.0
20120520:0810,81.92,111.25,36.18,8.96,4.21,0.0
20120520:0910,119.6,154.83,44.87,10.02,4.55,0.0
20120520:1010,94.75,127.01,52.27,11.09,4.62,0.0
20120520:1110,137.44,177.08,57.21,12.68,4.62,0.0
20120520:1210,200.19,250.32,58.36,13.74,4.76,0.0
20120520:1310,183.72,231.78,55.3,14.27,4.83,0.0
20120520:1410,184.3,233.01,49.05,14.8,4.69,0.0
20120520:1510,170.62,217.63,40.93,15.33,4.55,0.0
20120520:1610,95.4,129.79,31.9,14.8,4.34,0.0
20120520:1710,38.27,61.19,22.59,14.27,4.55,0.0
20120520:1810,33.92,55.63,13.4,13.74,4.28,0.0
20120520:1910,2.61,11.37,4.7,11.09,4.34,0.0
20120520:2010,0.0,0.0,0.0,10.55,4.07,0.0
20120520:2110,0.0,0.0,0.0,10.02,3.93,0.0
20120520:2210,0.0,0.0,0.0,9.49,4.07,0.0
20120520:2310,0.0,0.0,0.0,8.96,4.0,0.0
20120521:0010,0.0,0.0,0.0,8.96,4.07,0.0
20120521:0110,0.0,0.0,0.0,8.43,4.14,0.0
20120521:0210,0.0,0.0,0.0,8.43,4.14,0.0
20120521:0310,0.0,0.0,0.0,8.43,3.93,0.0
20120521:0410,0.0,0.0,0.0,8.43,3.93,0.0
20120521:0510,5.72,16.61,8.83,8.43,4.07,0.0
20120521:0610,22.3,39.87,17.79,8.43,4.21,0.0
20120521:0710,94.64,126.09,27.08,9.49,4.28,0.0
20120521:0810,129.34,165.95,36.33,10.02,4.34,0.0
20120521:0910,236.38,288.33,45.03,11.09,4.9,0.0
20120521:1010,290.52,351.78,52.45,12.15,5.24,0.0
20120521:1110,423.97,510.56,57.41,13.74,5.45,0.0
20120521:1210,414.16,501.45,58.56,14.8,5.52,0.0
20120521:1310,445.61,541.35,55.5,15.86,5.45,0.0
20120521:1410,494.51,601.16,49.23,16.39,5.31,0.0
20120521:1510,477.72,582.55,41.1,17.45,5.31,0.0
20120521:1610,308.34,382.61,32.07,17.45,5.38,0.0
20120521:1710,99.8,136.93,22.75,17.45,5.1,0.0
20120521:1810,51.14,87.5,13.57,16.92,4.76,0.0
20120521:1910,9.93,23.61,4.87,15.33,4.21,0.0
20120521:2010,0.0,0.0,0.0,14.27,3.86,0.0
20120521:2110,0.0,0.0,0.0,13.21,3.79,0.0
20120521:2210,0.0,0.0,0.0,12.15,3.79,0.0
20120521:2310,0.0,0.0,0.0,11.61,3.86,0.0
20120522:0010,0.0,0.0,0.0,11.09,4.07,0.0
20120522:0110,0.0,0.0,0.0,10.55,4.21,0.0
20120522:0210,0.0,0.0,0.0,10.02,4.28,0.0
20120522:0310,0.0,0.0,0.0,9.49,4.21,0.0
20120522:0410,0.0,0.0,0.0,9.49,4.21,0.0
20120522:0510,22.45,40.23,8.97,9.49,4.0,0.0
20120522:0610,56.94,82.97,17.93,10.55,3.86,0.0
20120522:0710,135.69,174.8,27.22,12.15,5.59,0.0
20120522:0810,191.2,239.33,36.47,13.74,5.59,0.0
20120522:0910,614.43,747.52,45.18,16.39,5.24,0.0
20120522:1010,747.97,928.23,52.62,17.45,4.83,0.0
20120522:1110,804.73,1015.85,57.6,19.04,4.76,0.0
20120522:1210,816.84,1041.8,58.76,20.63,4.76,0.0
20120522:1310,768.37,977.83,55.69,21.69,4.9,0.0
20120522:1410,664.74,839.35,49.41,22.75,5.1,0.0
20120522:1510,540.45,678.84,41.26,23.28,5.03,0.0
20120522:1610,362.8,461.3,32.23,22.75,4.69,0.0
20120522:1710,187.54,265.89,22.91,22.22,3.72,0.0
20120522:1810,44.85,83.93,13.73,21.69,3.38,0.0
20120522:1910,11.97,27.11,5.04,20.1,2.62,0.0
20120522:2010,0.0,0.0,0.0,17.98,2.55,0.0
20120522:2110,0.0,0.0,0.0,16.92,2.34,0.0
20120522:2210,0.0,0.0,0.0,15.33,2.34,0.0
20120522:2310,0.0,0.0,0.0,14.27,2.48,0.0
20120523:0010,0.0,0.0,0.0,13.74,2.55,0.0
20120523:0110,0.0,0.0,0.0,13.21,2.69,0.0
20120523:0210,0.0,0.0,0.0,12.68,2.76,0.0
20120523:0310,0.0,0.0,0.0,11.61,2.76,0.0
20120523:0410,0.0,0.0,0.0,11.09,2.62,0.0
20120523:0510,33.2,54.22,9.12,11.09,2.55,0.0
20120523:0610,98.66,137.14,18.07,12.15,3.24,0.0
20120523:0710,192.18,245.03,27.36,14.8,3.31,0.0
20120523:0810,409.48,505.53,36.6,16.92,3.1,0.0
20120523:0910,617.67,771.45,45.33,17.45,2.76,0.0
20120523:1010,714.48,916.81,52.78,19.04,2.41,0.0
20120523:1110,701.7,914.32,57.78,21.16,2.28,0.0
20120523:1210,714.93,937.61,58.96,21.69,2.21,0.0
20120523:1310,669.25,878.69,55.88,22.75,2.0,0.0
20120523:1410,563.54,731.85,49.58,23.81,2.07,0.0
20120523:1510,519.91,671.19,41.43,23.81,2.0,0.0
20120523:1610,358.57,465.03,32.39,23.81,2.07,0.0
20120523:1710,178.93,251.97,23.07,23.28,2.0,0.0
20120523:1810,57.81,95.0,13.89,22.75,1.72,0.0
20120523:1910,11.24,26.23,5.21,22.22,1.66,0.0
20120523:2010,0.0,0.0,0.0,20.63,2.0,0.0
20120523:2110,0.0,0.0,0.0,19.57,2.21,0.0
20120523:2210,0.0,0.0,0.0,17.98,2.21,0.0
20120523:2310,0.0,0.0,0.0,17.45,2.14,0.0
20120524:0010,0.0,0.0,0.0,16.39,1.93,0.0
20120524:0110,0.0,0.0,0.0,15.33,1.86,0.0
20120524:0210,0.0,0.0,0.0,14.8,1.93,0.0
20120524:0310,0.0,0.0,0.0,13.74,2.07,0.0
20120524:0410,0.0,0.0,0.0,13.21,2.0,0.0
20120524:0510,32.82,54.22,9.25,13.21,1.79,0.0
20120524:0610,76.07,107.89,18.2,14.27,2.34,0.0
20120524:0710,136.29,178.38,27.48,14.8,2.62,0.0
20120524:0810,259.91,326.69,36.73,17.45,2.55,0.0
20120524:0910,587.69,739.87,45.47,17.98,2.14,0.0
20120524:1010,703.97,910.77,52.94,19.57,2.0,0.0
20120524:1110,765.22,1009.71,57.96,21.16,2.07,0.0
20120524:1210,781.88,1034.5,59.14,22.22,2.41,0.0
20120524:1310,740.97,977.27,56.06,23.28,2.48,0.0
20120524:1410,666.44,867.01,49.75,23.81,2.69,0.0
20120524:1510,544.8,697.08,41.58,23.81,2.97,0.0
20120524:1610,366.82,472.46,32.54,23.81,3.1,0.0
20120524:1710,184.83,260.9,23.22,23.28,3.17,0.0
20120524:1810,51.05,90.63,14.05,22.75,2.62,0.0
20120524:1910,13.04,28.86,5.37,21.69,2.21,0.0
20120524:2010,0.0,0.0,0.0,19.57,2.41,0.0
20120524:2110,0.0,0.0,0.0,18.51,2.55,0.0
20120524:2210,0.0,0.0,0.0,17.45,2.69,0.0
20120524:2310,0.0,0.0,0.0,16.92,2.76,0.0
20120525:0010,0.0,0.0,0.0,15.86,2.69,0.0
20120525:0110,0.0,0.0,0.0,15.33,2.76,0.0
20120525:0210,0.0,0.0,0.0,14.8,2.83,0.0
20120525:0310,0.0,0.0,0.0,14.27,2.9,0.0
20120525:0410,0.0,0.0,0.0,14.27,2.97,0.0
20120525:0510,34.06,55.97,9.38,14.27,3.1,0.0
20120525:0610,103.57,162.47,18.32,15.86,3.17,0.0
20120525:0710,287.42,370.79,27.6,17.45,3.93,0.0
20120525:0810,482.66,595.2,36.86,18.51,4.48,0.0
20120525:0910,640.87,794.77,45.61,19.57,4.83,0.0
20120525:1010,745.0,934.18,53.09,20.1,5.17,0.0
20120525:1110,807.56,1022.0,58.13,20.63,5.38,0.0
20120525:1210,824.12,1046.73,59.33,21.16,5.52,0.0
20120525:1310,784.47,989.44,56.24,21.16,5.72,0.0
20120525:1410,703.88,878.48,49.92,21.16,5.86,0.0
20120525:1510,581.49,717.57,41.74,20.63,5.93,0.0
20120525:1610,403.53,503.9,32.69,20.1,5.86,0.0
20120525:1710,197.33,277.48,23.37,19.57,5.38,0.0
20120525:1810,38.04,79.43,14.2,18.51,5.1,0.0
20120525:1910,13.37,28.86,5.53,17.45,5.59,0.0
20120525:2010,0.0,0.0,0.0,16.92,5.38,0.0
20120525:2110,0.0,0.0,0.0,16.39,5.24,0.0
20120525:2210,0.0,0.0,0.0,15.86,5.03,0.0
20120525:2310,0.0,0.0,0.0,15.33,4.76,0.0
20120526:0010,0.0,0.0,0.0,14.8,4.55,0.0
20120526:0110,0.0,0.0,0.0,14.27,4.34,0.0
20120526:0210,0.0,0.0,0.0,13.74,4.21,0.0
20120526:0310,0.0,0.0,0.0,13.21,4.21,0.0
20120526:0410,0.0,0.0,0.0,13.21,4.14,0.0
20120526:0510,32.1,53.34,9.5,13.74,4.07,0.0
20120526:0610,97.47,162.72,18.44,14.8,3.66,0.0
20120526:0710,292.52,376.19,27.72,16.92,4.34,0.0
20120526:0810,483.4,595.69,36.98,18.51,4.62,0.0
20120526:0910,644.59,798.64,45.73,19.57,4.97,0.0
20120526:1010,748.91,939.67,53.24,20.63,5.45,0.0
20120526:1110,806.41,1021.18,58.3,21.69,5.93,0.0
20120526:1210,0.0,0.0,0.0,21.69,6.14,0.0
20120526:1310,782.76,989.88,56.42,22.22,6.07,0.0
20120526:1410,704.09,883.85,50.08,22.22,5.79,0.0
20120526:1510,577.39,718.12,41.89,21.69,5.45,0.0
20120526:1610,401.12,504.61,32.84,21.16,5.24,0.0
20120526:1710,196.24,276.72,23.52,20.63,4.76,0.0
20120526:1810,40.76,82.56,14.35,19.57,4.14,0.0
20120526:1910,14.54,30.61,5.69,17.98,3.93,0.0
20120526:2010,0.0,0.0,0.0,16.92,3.72,0.0
20120526:2110,0.0,0.0,0.0,15.33,3.59,0.0
20120526:2210,0.0,0.0,0.0,14.8,3.38,0.0
20120526:2310,0.0,0.0,0.0,14.27,3.17,0.0
20120527:0010,0.0,0.0,0.0,13.74,3.17,0.0
20120527:0110,0.0,0.0,0.0,13.21,3.17,0.0
20120527:0210,0.0,0.0,0.0,13.21,3.17,0.0
20120527:0310,0.0,0.0,0.0,12.68,2.97,0.0
20120527:0410,0.0,0.0,0.0,12.68,2.83,0.0
20120527:0510,28.8,48.97,9.62,12.68,2.69,0.0
20120527:0610,98.05,163.61,18.55,14.8,2.48,0.0
20120527:0710,287.51,373.37,27.83,17.45,2.48,0.0
20120527:0810,474.37,592.22,37.09,18.51,2.69,0.0
20120527:0910,626.41,789.84,45.86,20.1,3.17,0.0
20120527:1010,726.87,933.85,53.38,21.69,3.45,0.0
20120527:1110,781.1,1015.14,58.46,22.75,3.72,0.0
20120527:1210,799.25,1041.01,59.68,23.28,4.0,0.0
20120527:1310,759.27,983.97,56.58,23.81,4.14,0.0
20120527:1410,681.28,873.52,50.24,23.81,4.07,0.0
20120527:1510,560.46,711.14,42.04,23.81,4.0,0.0
20120527:1610,392.21,501.13,32.98,23.28,4.07,0.0
20120527:1710,194.83,276.72,23.66,22.22,3.52,0.0
20120527:1810,37.97,81.17,14.5,21.16,3.1,0.0
20120527:1910,13.8,29.73,5.84,19.57,2.62,0.0
20120527:2010,0.0,0.0,0.0,17.45,2.62,0.0
20120527:2110,0.0,0.0,0.0,16.39,2.48,0.0
20120527:2210,0.0,0.0,0.0,15.33,2.28,0.0
20120527:2310,0.0,0.0,0.0,13.74,2.07,0.0
20120528:0010,0.0,0.0,0.0,12.68,1.79,0.0
20120528:0110,0.0,0.0,0.0,12.15,1.66,0.0
20120528:0210,0.0,0.0,0.0,11.61,1.59,0.0
20120528:0310,0.0,0.0,0.0,11.09,1.59,0.0
20120528:0410,0.0,0.0,0.0,10.55,1.52,0.0
20120528:0510,34.46,55.97,9.73,11.61,1.03,0.0
20120528:0610,102.78,164.76,18.66,13.74,0.69,0.0
20120528:0710,281.05,367.24,27.93,16.39,0.55,0.0
20120528:0810,456.15,582.8,37.2,17.45,0.21,0.0
20120528:0910,594.38,781.08,45.97,19.57,0.21,0.0
20120528:1010,690.02,927.03,53.51,21.16,0.55,0.0
20120528:1110,745.36,1009.15,58.61,22.22,1.03,0.0
20120528:1210,763.65,1033.9,59.84,23.28,1.45,0.0
20120528:1310,677.08,893.17,56.75,23.81,2.14,0.0
20120528:1410,655.15,853.19,50.39,23.28,2.34,0.0
20120528:1510,531.9,683.04,42.19,23.81,2.55,0.0
20120528:1610,330.84,425.97,33.12,23.28,2.69,0.0
20120528:1710,180.33,250.03,23.8,22.75,2.69,0.0
20120528:1810,61.82,100.89,14.64,22.22,2.0,0.0
20120528:1910,13.08,28.86,5.98,21.16,2.14,0.0
20120528:2010,0.0,0.0,0.0,19.57,2.48,0.0
20120528:2110,0.0,0.0,0.0,17.98,2.62,0.0
20120528:2210,0.0,0.0,0.0,16.92,2.69,0.0
20120528:2310,0.0,0.0,0.0,16.39,2.83,0.0
20120529:0010,0.0,0.0,0.0,15.33,2.9,0.0
20120529:0110,0.0,0.0,0.0,14.8,2.83,0.0
20120529:0210,0.0,0.0,0.0,14.27,2.62,0.0
20120529:0310,0.0,0.0,0.0,13.74,2.48,0.0
20120529:0410,0.0,0.0,0.0,13.21,2.41,0.0
20120529:0510,32.84,54.22,9.84,13.21,2.34,0.0
20120529:0610,101.04,165.09,18.76,14.8,2.76,0.0
20120529:0710,290.58,372.73,28.03,15.86,3.38,0.0
20120529:0810,471.23,582.47,37.3,16.92,2.97,0.0
20120529:0910,624.2,780.58,46.08,17.45,2.69,0.0
20120529:1010,718.29,921.39,53.63,18.51,2.28,0.0
20120529:1110,770.59,1008.58,58.75,19.57,2.07,0.0
20120529:1210,761.26,1001.4,60.0,20.1,1.93,0.0
20120529:1310,601.46,777.38,56.9,20.63,1.72,0.0
20120529:1410,448.24,569.92,50.54,20.63,1.79,0.0
20120529:1510,320.22,405.75,42.33,20.1,1.86,0.0
20120529:1610,263.9,336.69,33.26,19.57,2.0,0.0
20120529:1710,152.46,205.23,23.94,19.04,1.86,0.0
20120529:1810,65.18,98.33,14.78,18.51,1.72,0.0
20120529:1910,10.97,25.36,6.13,17.45,2.07,0.0
20120529:2010,0.0,0.0,0.0,16.92,2.34,0.0
20120529:2110,0.0,0.0,0.0,15.86,2.41,0.0
20120529:2210,0.0,0.0,0.0,15.33,2.55,0.0
20120529:2310,0.0,0.0,0.0,14.8,2.21,0.0
20120530:0010,0.0,0.0,0.0,14.27,2.21,0.0
20120530:0110,0.0,0.0,0.0,13.74,2.07,0.0
20120530:0210,0.0,0.0,0.0,13.21,2.0,0.0
20120530:0310,0.0,0.0,0.0,12.68,1.93,0.0
20120530:0410,0.0,0.0,0.0,12.15,1.79,0.0
20120530:0510,36.49,58.59,9.94,12.15,1.59,0.0
20120530:0610,93.1,129.53,18.85,13.74,1.52,0.0
20120530:0710,269.03,344.21,28.12,14.8,1.79,0.0
20120530:0810,472.93,592.06,37.39,16.92,1.59,0.0
20120530:0910,614.36,780.14,46.18,18.51,1.86,0.0
20120530:1010,715.13,920.91,53.75,20.1,2.55,0.0
20120530:1110,696.39,900.31,58.89,21.16,2.76,0.0
20120530:1210,551.29,706.42,60.15,22.22,2.76,0.0
20120530:1310,277.98,356.65,57.06,22.22,2.69,0.0
20120530:1410,39.46,64.9,50.68,22.75,2.9,0.0
20120530:1510,394.11,493.18,42.46,20.1,3.24,0.0
20120530:1610,348.72,441.16,33.39,19.57,2.55,0.0
20120530:1710,183.0,249.52,24.07,20.1,2.62,0.0
20120530:1810,41.69,86.01,14.92,19.57,2.55,0.0
20120530:1910,14.48,30.61,6.27,18.51,2.21,0.0
20120530:2010,0.0,0.0,0.0,17.45,2.48,0.0
20120530:2110,0.0,0.0,0.0,16.92,2.55,0.0
20120530:2210,0.0,0.0,0.0,15.86,2.55,0.0
20120530:2310,0.0,0.0,0.0,15.33,2.55,0.0
20120531:0010,0.0,0.0,0.0,14.8,2.69,0.0
20120531:0110,0.0,0.0,0.0,14.27,2.76,0.0
20120531:0210,0.0,0.0,0.0,13.74,2.83,0.0
20120531:0310,0.0,0.0,0.0,13.74,3.1,0.0
20120531:0410,0.0,0.0,0.0,13.21,2.97,0.0
20120531:0510,18.73,35.85,10.04,13.21,2.62,0.0
20120531:0610,34.72,56.55,18.94,13.21,2.97,0.0
20120531:0710,108.24,144.55,28.21,14.27,4.14,0.0
20120531:0810,227.98,284.02,37.48,14.8,3.86,0.0
20120531:0910,392.05,477.01,46.28,14.8,3.93,0.0
20120531:1010,332.67,408.93,53.87,16.39,4.76,0.0
20120531:1110,253.01,315.75,59.03,16.92,5.03,0.0
20120531:1210,445.96,548.05,60.3,17.45,4.83,0.0
20120531:1310,299.34,371.37,57.2,17.45,4.9,0.0
20120531:1410,197.95,251.8,50.82,17.45,4.69,0.0
20120531:1510,85.02,118.67,42.6,16.92,4.21,0.0
20120531:1610,181.63,232.78,33.52,16.92,3.31,0.0
20120531:1710,124.86,167.21,24.2,16.92,3.31,0.0
20120531:1810,59.12,88.67,15.05,16.92,3.79,0.0
20120531:1910,10.45,24.48,6.4,16.39,3.79,0.0
20120531:2010,0.0,0.0,0.0,15.86,3.24,0.0
20120531:2110,0.0,0.0,0.0,15.86,2.55,0.0
20120531:2210,0.0,0.0,0.0,15.33,2.28,0.0
20120531:2310,0.0,0.0,0.0,15.33,2.28,0.0
20120601:0010,0.0,0.0,0.0,15.33,2.14,0.0
20120601:0110,0.0,0.0,0.0,14.8,2.14,0.0
20120601:0210,0.0,0.0,0.0,14.8,2.14,0.0
20120601:0310,0.0,0.0,0.0,14.8,2.14,0.0
20120601:0410,0.0,0.0,0.0,14.27,2.07,0.0
20120601:0510,38.2,61.21,10.12,14.27,1.86,0.0
20120601:0610,82.5,116.03,19.02,14.8,2.48,0.0
20120601:0710,267.63,342.1,28.29,15.33,2.48,0.0
20120601:0810,454.89,561.69,37.56,15.86,2.41,0.0
20120601:0910,241.12,303.7,46.37,16.92,2.55,0.0
20120601:1010,317.51,396.88,53.97,17.45,2.41,0.0
20120601:1110,445.45,559.53,59.15,18.51,2.21,0.0
20120601:1210,110.14,150.19,60.44,19.04,2.28,0.0
20120601:1310,131.46,176.15,57.34,19.57,2.14,0.0
20120601:1410,203.85,263.2,50.96,19.57,2.07,0.0
20120601:1510,86.66,122.38,42.72,19.57,1.79,0.0
20120601:1610,66.07,97.35,33.65,19.57,1.52,0.0
20120601:1710,40.16,64.9,24.33,19.04,1.52,0.0
20120601:1810,38.09,62.12,15.18,18.51,1.59,0.0
20120601:1910,3.91,13.99,6.54,16.92,2.69,0.0
20120601:2010,0.0,0.0,0.0,15.86,2.55,0.0
20120601:2110,0.0,0.0,0.0,14.8,2.83,0.0
20120601:2210,0.0,0.0,0.0,13.74,2.9,0.0
20120601:2310,0.0,0.0,0.0,13.21,2.76,0.0
20120602:0010,0.0,0.0,0.0,13.21,2.76,0.0
20120602:0110,0.0,0.0,0.0,12.68,2.83,0.0
20120602:0210,0.0,0.0,0.0,12.68,2.83,0.0
20120602:0310,0.0,0.0,0.0,12.15,2.97,0.0
20120602:0410,0.0,0.0,0.0,12.15,2.97,0.0
20120602:0510,2.13,10.49,10.21,12.15,3.45,0.0
20120602:0610,27.59,47.28,19.1,12.15,3.86,0.0
20120602:0710,92.0,124.23,28.36,11.61,3.72,0.0
20120602:0810,108.64,143.7,37.64,12.15,4.07,0.0
20120602:0910,100.67,134.43,46.46,12.15,4.48,0.0
20120602:1010,129.36,167.81,54.07,12.68,4.55,0.0
20120602:1110,181.38,228.07,59.27,13.21,4.69,0.0
20120602:1210,238.87,295.83,60.58,14.27,4.76,0.0
20120602:1310,175.66,223.43,57.48,15.33,4.97,0.0
20120602:1410,629.31,770.46,51.09,16.39,4.76,0.0
20120602:1510,574.27,702.44,42.85,16.92,4.41,0.0
20120602:1610,290.36,360.34,33.77,16.39,4.21,0.0
20120602:1710,125.19,166.47,24.45,15.86,4.28,0.0
20120602:1810,14.79,30.59,15.3,14.8,4.14,0.0
20120602:1910,4.5,14.87,6.66,13.74,4.14,0.0
20120602:2010,0.0,0.0,0.0,12.68,4.0,0.0
20120602:2110,0.0,0.0,0.0,12.15,4.48,0.0
20120602:2210,0.0,0.0,0.0,11.09,4.55,0.0
20120602:2310,0.0,0.0,0.0,11.09,4.55,0.0
20120603:0010,0.0,0.0,0.0,11.09,4.76,0.0
20120603:0110,0.0,0.0,0.0,11.09,4.69,0.0
20120603:0210,0.0,0.0,0.0,11.09,4.34,0.0
20120603:0310,0.0,0.0,0.0,11.09,3.86,0.0
20120603:0410,0.0,0.0,0.0,11.09,3.59,0.0
20120603:0510,31.82,52.47,10.28,11.09,3.31,0.0
20120603:0610,44.03,67.68,19.17,11.61,2.55,0.0
20120603:0710,54.96,80.66,28.43,11.09,3.17,0.0
20120603:0810,65.16,92.71,37.71,11.09,3.66,0.0
20120603:0910,96.62,129.79,46.53,11.61,2.48,0.0
20120603:1010,66.58,94.56,54.16,11.61,3.79,0.0
20120603:1110,88.61,120.52,59.38,12.15,4.07,0.0
20120603:1210,116.58,152.97,60.7,12.15,3.52,0.0
20120603:1310,110.26,145.56,57.61,12.15,4.14,0.0
20120603:1410,99.01,132.58,51.21,12.15,4.07,0.0
20120603:1510,79.01,109.4,42.97,12.15,3.52,0.0
20120603:1610,51.63,76.95,33.89,12.15,4.21,0.0
20120603:1710,43.95,67.68,24.57,12.15,3.59,0.0
20120603:1810,54.6,80.99,15.42,12.15,3.79,0.0
20120603:1910,16.32,32.35,6.79,11.61,3.52,0.0
20120603:2010,0.0,0.0,0.0,11.09,3.72,0.0
20120603:2110,0.0,0.0,0.0,10.55,3.79,0.0
20120603:2210,0.0,0.0,0.0,10.55,3.66,0.0
20120603:2310,0.0,0.0,0.0,10.55,3.31,0.0
20120604:0010,0.0,0.0,0.0,10.55,2.97,0.0
20120604:0110,0.0,0.0,0.0,10.55,3.31,0.0
20120604:0210,0.0,0.0,0.0,10.55,4.41,0.0
20120604:0310,0.0,0.0,0.0,9.49,5.31,0.0
20120604:0410,0.0,0.0,0.0,8.96,6.21,0.0
20120604:0510,14.72,29.73,10.35,7.9,6.48,0.0
20120604:0610,40.42,62.12,19.24,7.37,6.21,0.0
20120604:0710,82.62,111.25,28.5,7.37,5.03,0.0
20120604:0810,135.65,171.51,37.78,7.9,4.62,0.0
20120604:0910,294.51,351.11,46.61,8.96,5.1,0.0
20120604:1010,107.2,140.92,54.25,10.55,5.1,0.0
20120604:1110,742.98,899.86,59.49,11.61,4.55,0.0
20120604:1210,126.37,164.1,60.83,12.15,4.14,0.0
20120604:1310,155.36,197.47,57.74,12.15,3.86,0.0
20120604:1410,279.48,341.05,51.33,12.68,4.0,0.0
20120604:1510,268.39,328.06,43.09,12.68,3.79,0.0
20120604:1610,373.84,455.45,34.0,12.68,3.24,0.0
20120604:1710,112.63,149.52,24.68,12.68,2.69,0.0
20120604:1810,73.07,108.6,15.54,12.15,1.93,0.0
20120604:1910,20.13,37.6,6.9,12.15,1.24,0.0
20120604:2010,0.0,0.0,0.0,11.09,0.83,0.0
20120604:2110,0.0,0.0,0.0,10.55,0.62,0.0
20120604:2210,0.0,0.0,0.0,10.02,0.76,0.0
20120604:2310,0.0,0.0,0.0,7.9,1.59,0.0
20120605:0010,0.0,0.0,0.0,7.37,1.86,0.0
20120605:0110,0.0,0.0,0.0,7.37,1.79,0.0
20120605:0210,0.0,0.0,0.0,7.37,1.79,0.0
20120605:0310,0.0,0.0,0.0,7.37,1.79,0.0
20120605:0410,0.0,0.0,0.0,7.37,1.79,0.0
20120605:0510,9.72,22.74,10.42,8.43,1.79,0.0
20120605:0610,93.33,127.21,19.3,10.02,1.93,0.0
20120605:0710,191.43,239.72,28.55,10.55,2.62,0.0
20120605:0810,212.91,262.83,37.84,11.61,3.79,0.0
20120605:0910,398.06,478.83,46.67,13.21,4.76,0.0
20120605:1010,204.56,255.24,54.33,13.74,4.97,0.0
20120605:1110,422.11,509.14,59.59,13.74,5.17,0.0
20120605:1210,444.74,535.07,60.94,13.21,5.1,0.0
20120605:1310,293.76,357.33,57.86,12.68,4.55,0.0
20120605:1410,154.22,196.55,51.45,13.21,5.52,0.0
20120605:1510,159.33,202.29,43.2,12.68,4.34,0.0
20120605:1610,64.66,92.71,34.11,12.68,3.72,0.0
20120605:1710,27.5,47.28,24.79,12.68,3.52,0.0
20120605:1810,7.38,19.47,15.65,12.15,4.41,0.0
20120605:1910,2.13,10.49,7.02,12.15,4.28,0.0
20120605:2010,0.0,0.0,0.0,12.15,4.41,0.0
20120605:2110,0.0,0.0,0.0,12.15,4.55,0.0
20120605:2210,0.0,0.0,0.0,12.15,4.55,0.0
20120605:2310,0.0,0.0,0.0,12.68,4.48,0.0
20120606:0010,0.0,0.0,0.0,12.68,3.45,0.0
20120606:0110,0.0,0.0,0.0,12.68,2.76,0.0
20120606:0210,0.0,0.0,0.0,12.68,2.34,0.0
20120606:0310,0.0,0.0,0.0,12.68,2.55,0.0
20120606:0410,2.12,10.49,2.32,12.68,2.97,0.0
20120606:0510,40.08,62.96,10.48,12.15,3.17,0.0
20120606:0610,111.44,166.28,19.35,12.68,3.38,0.0
20120606:0710,239.43,300.44,28.6,13.21,3.93,0.0
20120606:0810,406.7,494.66,37.89,14.8,4.07,0.0
20120606:0910,548.45,667.75,46.73,15.86,4.48,0.0
20120606:1010,266.42,331.52,54.4,16.92,4.9,0.0
20120606:1110,117.03,156.68,59.68,17.45,4.97,0.0
20120606:1210,525.78,644.83,61.05,17.45,5.31,0.0
20120606:1310,193.96,246.61,57.97,17.45,5.93,0.0
20120606:1410,255.03,316.36,51.56,16.39,6.07,0.0
20120606:1510,233.63,290.98,43.31,15.86,5.31,0.0
20120606:1610,191.49,242.95,34.22,16.39,4.9,0.0
20120606:1710,34.21,56.55,24.9,16.39,5.24,0.0
20120606:1810,61.55,104.61,15.75,16.39,5.17,0.0
20120606:1910,20.47,38.48,7.13,15.33,4.41,0.0
20120606:2010,0.0,0.0,0.0,14.27,4.07,0.0
20120606:2110,0.0,0.0,0.0,13.74,4.21,0.0
20120606:2210,0.0,0.0,0.0,13.21,3.66,0.0
20120606:2310,0.0,0.0,0.0,12.68,3.24,0.0
20120607:0010,0.0,0.0,0.0,12.15,2.97,0.0
20120607:0110,0.0,0.0,0.0,11.61,2.97,0.0
20120607:0210,0.0,0.0,0.0,11.61,2.83,0.0
20120607:0310,0.0,0.0,0.0,11.61,2.83,0.0
20120607:0410,0.0,0.87,2.38,11.61,2.83,0.0
20120607:0510,5.59,16.61,10.53,12.15,2.9,0.0
20120607:0610,40.04,63.04,19.4,12.68,3.1,0.0
20120607:0710,110.69,147.21,28.65,13.74,3.66,0.0
20120607:0810,261.18,321.49,37.94,14.27,4.41,0.0
20120607:0910,389.98,474.51,46.79,15.86,5.1,0.0
20120607:1010,124.12,165.02,54.47,17.45,4.97,0.0
20120607:1110,69.24,100.13,59.77,17.98,5.86,0.0
20120607:1210,86.52,120.52,61.15,17.45,6.0,0.0
20120607:1310,102.02,138.14,58.08,15.86,4.41,0.0
20120607:1410,73.77,104.76,51.66,15.86,4.48,0.0
20120607:1510,66.09,95.49,43.41,15.86,5.79,0.0
20120607:1610,137.66,179.01,34.32,15.33,6.14,0.0
20120607:1710,146.57,191.66,25.0,15.33,6.14,0.0
20120607:1810,61.33,90.5,15.86,15.86,6.97,0.0
20120607:1910,22.58,41.1,7.23,14.27,7.17,0.0
20120607:2010,0.0,0.0,0.0,13.74,6.62,0.0
20120607:2110,0.0,0.0,0.0,13.21,6.83,0.0
20120607:2210,0.0,0.0,0.0,13.21,7.24,0.0
20120607:2310,0.0,0.0,0.0,13.21,7.66,0.0
20120608:0010,0.0,0.0,0.0,13.21,8.0,0.0
20120608:0110,0.0,0.0,0.0,13.21,8.55,0.0
20120608:0210,0.0,0.0,0.0,12.68,8.76,0.0
20120608:0310,0.0,0.0,0.0,12.68,8.97,0.0
20120608:0410,0.0,1.75,2.44,12.15,9.17,0.0
20120608:0510,4.04,13.99,10.58,12.15,9.1,0.0
20120608:0610,22.55,40.79,19.44,12.68,8.9,0.0
20120608:0710,29.74,50.06,28.69,12.68,8.97,0.0
20120608:0810,149.21,190.16,37.98,13.21,8.62,0.0
20120608:0910,76.14,106.62,46.84,14.27,8.41,0.0
20120608:1010,95.54,129.79,54.53,15.33,8.9,0.0
20120608:1110,154.58,198.4,59.85,15.86,9.59,0.0
20120608:1210,121.16,159.46,61.25,15.33,9.52,0.0
20120608:1310,246.97,305.04,58.18,15.86,8.9,0.0
20120608:1410,225.34,278.54,51.77,14.8,9.38,0.0
20120608:1510,85.45,117.74,43.51,14.8,8.97,0.0
20120608:1610,85.47,117.74,34.42,14.8,9.45,0.0
20120608:1710,62.8,90.86,25.1,14.27,8.07,0.0
20120608:1810,65.81,95.35,15.96,13.74,7.52,0.0
20120608:1910,14.31,29.73,7.33,13.21,7.45,0.0
20120608:2010,0.0,0.0,0.0,12.15,6.9,0.0
20120608:2110,0.0,0.0,0.0,11.61,6.69,0.0
20120608:2210,0.0,0.0,0.0,11.09,6.69,0.0
20120608:2310,0.0,0.0,0.0,11.09,6.62,0.0
20120609:0010,0.0,0.0,0.0,11.09,6.76,0.0
20120609:0110,0.0,0.0,0.0,10.55,6.55,0.0
20120609:0210,0.0,0.0,0.0,10.55,6.48,0.0
20120609:0310,0.0,0.0,0.0,10.02,6.34,0.0
20120609:0410,2.16,10.49,2.48,10.55,6.28,0.0
20120609:0510,41.91,64.71,10.62,10.55,6.14,0.0
20120609:0610,115.44,162.4,19.48,11.09,5.03,0.0
20120609:0710,237.55,293.41,28.73,11.61,7.93,0.0
20120609:0810,410.2,487.62,38.01,12.68,7.72,0.0
20120609:0910,294.34,355.86,46.88,13.21,7.31,0.0
20120609:1010,346.63,417.66,54.59,13.74,6.97,0.0
20120609:1110,454.24,543.98,59.92,13.74,6.83,0.0
20120609:1210,393.47,474.04,61.34,14.27,6.76,0.0
20120609:1310,638.69,768.7,58.28,14.27,6.41,0.0
20120609:1410,569.77,685.89,51.86,14.8,6.0,0.0
20120609:1510,586.29,706.36,43.6,15.33,5.66,0.0
20120609:1610,380.79,465.76,34.51,15.33,4.97,0.0
20120609:1710,212.59,285.81,25.19,15.33,4.48,0.0
20120609:1810,76.38,114.33,16.05,14.8,3.66,0.0
20120609:1910,21.82,40.23,7.43,14.8,3.1,0.0
20120609:2010,0.0,0.0,0.0,13.21,2.69,0.0
20120609:2110,0.0,0.0,0.0,11.61,2.83,0.0
20120609:2210,0.0,0.0,0.0,10.55,2.69,0.0
20120609:2310,0.0,0.0,0.0,10.02,2.41,0.0
20120610:0010,0.0,0.0,0.0,8.96,2.14,0.0
20120610:0110,0.0,0.0,0.0,7.9,1.86,0.0
20120610:0210,0.0,0.0,0.0,7.37,1.59,0.0
20120610:0310,0.0,0.0,0.0,6.84,1.66,0.0
20120610:0410,2.22,10.49,2.53,6.84,1.45,0.0
20120610:0510,39.29,61.21,10.65,8.43,0.9,0.0
20120610:0610,104.75,165.62,19.51,10.55,0.62,0.0
20120610:0710,248.96,315.9,28.75,12.15,0.69,0.0
20120610:0810,271.84,337.43,38.04,13.74,1.38,0.0
20120610:0910,429.42,529.36,46.91,14.8,1.86,0.0
20120610:1010,345.66,427.54,54.63,15.33,2.21,0.0
20120610:1110,299.02,371.04,59.99,15.33,2.48,0.0
20120610:1210,205.86,260.83,61.42,15.86,2.55,0.0
20120610:1310,175.15,225.29,58.37,16.39,2.28,0.0
20120610:1410,186.09,237.59,51.95,15.86,2.34,0.0
20120610:1510,166.46,214.34,43.69,15.86,2.48,0.0
20120610:1610,177.13,226.76,34.6,15.86,2.69,0.0
20120610:1710,51.65,77.88,25.28,14.8,2.76,0.0
20120610:1810,51.01,77.1,16.14,14.27,2.69,0.0
20120610:1910,18.68,35.85,7.52,13.74,2.69,0.0
20120610:2010,0.0,0.0,0.0,13.21,3.17,0.0
20120610:2110,0.0,0.0,0.0,12.15,3.1,0.0
20120610:2210,0.0,0.0,0.0,12.15,2.97,0.0
20120610:2310,0.0,0.0,0.0,11.61,3.45,0.0
20120611:0010,0.0,0.0,0.0,11.61,3.93,0.0
20120611:0110,0.0,0.0,0.0,11.61,4.41,0.0
20120611:0210,0.0,0.0,0.0,11.61,4.41,0.0
20120611:0310,0.0,0.0,0.0,11.09,4.55,0.0
20120611:0410,0.0,1.75,2.56,11.09,4.76,0.0
20120611:0510,23.61,41.97,10.68,11.09,4.83,0.0
20120611:0610,83.95,115.48,19.53,11.09,4.9,0.0
20120611:0710,91.46,123.31,28.78,11.09,3.93,0.0
20120611:0810,68.33,96.42,38.07,11.09,3.86,0.0
20120611:0910,93.9,126.09,46.95,11.09,4.21,0.0
20120611:1010,74.52,103.84,54.68,11.61,4.34,0.0
20120611:1110,71.37,100.13,60.04,11.61,4.62,0.0
20120611:1210,128.91,166.88,61.5,12.15,4.69,0.0
20120611:1310,71.2,100.13,58.45,12.15,4.9,0.0
20120611:1410,78.53,108.47,52.04,11.61,4.76,0.0
20120611:1510,62.71,89.93,43.78,11.61,4.83,0.0
20120611:1610,68.82,97.35,34.68,12.15,4.69,0.0
20120611:1710,76.14,105.69,25.36,11.61,4.76,0.0
20120611:1810,31.34,51.92,16.22,11.61,5.1,0.0
20120611:1910,0.52,7.0,7.6,11.09,4.76,0.0
20120611:2010,0.0,0.0,0.0,11.09,5.03,0.0
20120611:2110,0.0,0.0,0.0,11.09,4.76,0.0
20120611:2210,0.0,0.0,0.0,10.55,4.69,0.0
20120611:2310,0.0,0.0,0.0,10.55,4.69,0.0
20120612:0010,0.0,0.0,0.0,10.55,4.69,0.0
20120612:0110,0.0,0.0,0.0,10.02,4.76,0.0
20120612:0210,0.0,0.0,0.0,10.02,4.76,0.0
20120612:0310,0.0,0.0,0.0,10.02,4.76,0.0
20120612:0410,0.9,7.87,2.59,10.02,4.76,0.0
20120612:0510,2.17,10.49,10.71,10.02,4.9,0.0
20120612:0610,18.61,35.23,19.55,10.02,4.9,0.0
20120612:0710,24.2,42.65,28.8,10.55,4.55,0.0
20120612:0810,45.1,68.61,38.09,10.55,4.55,0.0
20120612:0910,70.95,99.2,46.97,10.55,4.62,0.0
20120612:1010,77.75,107.54,54.71,11.61,5.03,0.0
20120612:1110,93.28,126.09,60.1,12.68,5.1,0.0
20120612:1210,81.86,113.11,61.57,13.21,4.62,0.0
20120612:1310,106.23,141.85,58.53,13.74,4.14,0.0
20120612:1410,120.61,158.54,52.12,13.74,4.14,0.0
20120612:1510,60.46,88.08,43.86,13.74,3.93,0.0
20120612:1610,75.26,105.69,34.76,13.74,3.59,0.0
20120612:1710,41.32,64.9,25.44,13.74,3.1,0.0
20120612:1810,79.02,116.15,16.3,13.21,2.62,0.0
20120612:1910,23.45,41.97,7.68,12.15,2.28,0.0
20120612:2010,0.0,0.0,0.0,11.61,1.72,0.0
20120612:2110,0.0,0.0,0.0,11.09,1.59,0.0
20120612:2210,0.0,0.0,0.0,10.02,1.45,0.0
20120612:2310,0.0,0.0,0.0,9.49,1.1,0.0
20120613:0010,0.0,0.0,0.0,8.96,1.03,0.0
20120613:0110,0.0,0.0,0.0,8.43,1.1,0.0
20120613:0210,0.0,0.0,0.0,7.9,1.31,0.0
20120613:0310,0.0,0.0,0.0,7.9,1.17,0.0
20120613:0410,1.76,9.62,2.62,7.37,1.1,0.0
20120613:0510,30.87,50.72,10.73,7.9,0.9,0.0
20120613:0610,100.35,164.27,19.57,9.49,0.83,0.0
20120613:0710,292.93,374.19,28.81,11.09,0.9,0.0
20120613:0810,476.85,588.77,38.1,12.15,0.83,0.0
20120613:0910,598.89,750.03,46.99,13.21,0.9,0.0
20120613:1010,578.39,727.84,54.74,14.27,1.03,0.0
20120613:1110,643.72,820.53,60.14,15.33,1.24,0.0
20120613:1210,408.31,507.88,61.63,15.33,1.52,0.0
20120613:1310,209.1,265.45,58.6,15.86,1.79,0.0
20120613:1410,214.27,271.76,52.19,15.86,1.59,0.0
20120613:1510,312.62,389.77,43.93,15.86,1.45,0.0
20120613:1610,420.94,527.45,34.84,15.86,1.52,0.0
20120613:1710,190.56,250.99,25.52,15.33,1.86,0.0
20120613:1810,63.26,109.12,16.38,15.33,1.86,0.0
20120613:1910,21.87,40.23,7.76,14.27,1.79,0.0
20120613:2010,0.0,0.0,0.0,13.21,1.79,0.0
20120613:2110,0.0,0.0,0.0,11.61,1.86,0.0
20120613:2210,0.0,0.0,0.0,10.55,1.79,0.0
20120613:2310,0.0,0.0,0.0,9.49,2.0,0.0
20120614:0010,0.0,0.0,0.0,8.43,2.21,0.0
20120614:0110,0.0,0.0,0.0,7.9,2.34,0.0
20120614:0210,0.0,0.0,0.0,7.37,2.41,0.0
20120614:0310,0.0,0.0,0.0,7.37,2.55,0.0
20120614:0410,2.21,10.49,2.63,7.37,2.55,0.0
20120614:0510,34.45,55.09,10.74,7.9,2.55,0.0
20120614:0610,98.13,163.08,19.58,10.55,2.69,0.0
20120614:0710,285.79,360.58,28.82,12.15,3.38,0.0
20120614:0810,433.57,524.46,38.11,13.74,4.07,0.0
20120614:0910,498.87,603.44,47.0,15.33,5.1,0.0
20120614:1010,490.42,595.19,54.76,15.86,5.45,0.0
20120614:1110,740.69,910.58,60.18,16.39,5.66,0.0
20120614:1210,751.21,923.9,61.68,16.39,5.79,0.0
20120614:1310,533.34,651.28,58.67,17.45,6.07,0.0
20120614:1410,516.02,628.14,52.26,17.45,6.28,0.0
20120614:1510,176.17,225.64,44.0,17.45,6.14,0.0
20120614:1610,87.51,121.45,34.91,16.92,5.79,0.0
20120614:1710,32.11,53.77,25.59,15.86,4.97,0.0
20120614:1810,11.52,25.96,16.45,15.33,4.76,0.0
20120614:1910,3.5,13.12,7.83,13.74,4.83,0.0
20120614:2010,0.0,0.0,0.0,13.21,4.9,0.0
20120614:2110,0.0,0.0,0.0,12.68,5.24,0.0
20120614:2210,0.0,0.0,0.0,12.68,5.31,0.0
20120614:2310,0.0,0.0,0.0,12.68,5.52,0.0
20120615:0010,0.0,0.0,0.0,12.68,5.52,0.0
20120615:0110,0.0,0.0,0.0,12.68,5.31,0.0
20120615:0210,0.0,0.0,0.0,12.68,4.41,0.0
20120615:0310,0.0,0.0,0.0,12.68,3.31,0.0
20120615:0410,0.51,7.0,2.65,12.68,3.03,0.0
20120615:0510,33.65,55.09,10.74,12.68,3.24,0.0
20120615:0610,68.8,98.14,19.58,13.21,3.72,0.0
20120615:0710,207.45,262.76,28.82,14.8,4.48,0.0
20120615:0810,477.71,578.32,38.11,15.33,5.24,0.0
20120615:0910,256.14,317.16,47.01,15.86,5.45,0.0
20120615:1010,476.08,578.25,54.78,16.39,5.86,0.0
20120615:1110,188.04,239.19,60.21,16.92,5.72,0.0
20120615:1210,730.16,898.26,61.73,17.45,6.34,0.0
20120615:1310,283.03,350.57,58.73,17.45,6.69,0.0
20120615:1410,400.21,487.84,52.33,17.45,6.97,0.0
20120615:1510,179.84,229.52,44.07,17.45,7.38,0.0
20120615:1610,294.1,363.15,34.97,17.45,7.66,0.0
20120615:1710,65.04,94.56,25.65,16.92,7.45,0.0
20120615:1810,63.7,93.42,16.52,15.86,5.86,0.0
20120615:1910,25.1,44.6,7.89,15.33,5.86,0.0
20120615:2010,0.0,0.0,0.0,14.27,5.17,0.0
20120615:2110,0.0,0.0,0.0,13.74,4.83,0.0
20120615:2210,0.0,0.0,0.0,13.21,4.62,0.0
20120615:2310,0.0,0.0,0.0,12.68,4.55,0.0
20120616:0010,0.0,0.0,0.0,12.68,4.55,0.0
20120616:0110,0.0,0.0,0.0,12.15,4.76,0.0
20120616:0210,0.0,0.0,0.0,12.15,4.97,0.0
20120616:0310,0.0,0.0,0.0,12.15,5.17,0.0
20120616:0410,0.0,1.75,2.65,12.15,5.31,0.0
20120616:0510,8.92,21.86,10.75,12.68,5.66,0.0
20120616:0610,111.17,164.71,19.58,13.21,6.28,0.0
20120616:0710,288.06,361.72,28.81,13.74,8.34,0.0
20120616:0810,420.82,504.36,38.11,14.8,8.14,0.0
20120616:0910,545.21,649.84,47.01,14.8,7.93,0.0
20120616:1010,161.21,205.82,54.79,15.33,8.21,0.0
20120616:1110,116.74,154.83,60.24,15.86,8.21,0.0
20120616:1210,558.25,672.54,61.77,16.39,8.48,0.0
20120616:1310,541.52,651.24,58.78,16.39,8.76,0.0
20120616:1410,603.22,722.41,52.39,16.39,9.31,0.0
20120616:1510,380.6,459.06,44.13,16.39,9.38,0.0
20120616:1610,195.08,245.56,35.04,16.39,9.59,0.0
20120616:1710,81.02,113.11,25.72,15.86,7.93,0.0
20120616:1810,79.57,115.14,16.58,15.33,7.79,0.0
20120616:1910,24.58,43.72,7.95,14.27,7.45,0.0
20120616:2010,0.0,0.0,0.0,13.74,7.24,0.0
20120616:2110,0.0,0.0,0.0,13.74,6.83,0.0
20120616:2210,0.0,0.0,0.0,13.21,6.55,0.0
20120616:2310,0.0,0.0,0.0,13.21,6.0,0.0
20120617:0010,0.0,0.0,0.0,12.68,5.72,0.0
20120617:0110,0.0,0.0,0.0,12.68,5.38,0.0
20120617:0210,0.0,0.0,0.0,12.15,5.03,0.0
20120617:0310,0.0,0.0,0.0,11.61,4.83,0.0
20120617:0410,1.71,9.62,2.65,11.09,4.55,0.0
20120617:0510,33.94,55.09,10.74,11.09,4.28,0.0
20120617:0610,113.41,158.57,19.57,12.15,4.48,0.0
20120617:0710,263.56,331.17,28.81,13.74,5.72,0.0
20120617:0810,447.76,541.14,38.1,14.8,5.24,0.0
20120617:0910,371.61,451.58,47.01,15.33,5.17,0.0
20120617:1010,377.44,461.5,54.79,16.39,5.17,0.0
20120617:1110,393.53,482.31,60.25,16.92,5.24,0.0
20120617:1210,548.5,672.42,61.81,17.45,5.52,0.0
20120617:1310,674.66,834.54,58.83,17.45,4.9,0.0
20120617:1410,632.28,776.97,52.44,17.45,5.03,0.0
20120617:1510,571.6,700.48,44.18,17.45,4.55,0.0
20120617:1610,342.47,425.04,35.09,17.45,4.07,0.0
20120617:1710,165.93,218.39,25.77,17.45,3.52,0.0
20120617:1810,31.9,53.77,16.63,16.92,2.97,0.0
20120617:1910,4.94,15.74,8.01,15.86,2.62,0.0
20120617:2010,0.0,0.0,0.0,14.8,2.0,0.0
20120617:2110,0.0,0.0,0.0,14.27,1.59,0.0
20120617:2210,0.0,0.0,0.0,13.21,1.45,0.0
20120617:2310,0.0,0.0,0.0,12.68,1.45,0.0
20120618:0010,0.0,0.0,0.0,12.15,1.31,0.0
20120618:0110,0.0,0.0,0.0,12.15,0.97,0.0
20120618:0210,0.0,0.0,0.0,11.61,0.69,0.0
20120618:0310,0.0,0.0,0.0,11.61,1.17,0.0
20120618:0410,0.0,1.75,2.65,11.61,1.59,0.0
20120618:0510,10.13,23.61,10.73,11.61,1.72,0.0
20120618:0610,50.74,76.02,19.56,12.15,1.86,0.0
20120618:0710,248.81,313.61,28.79,12.15,2.07,0.0
20120618:0810,264.31,326.63,38.09,13.74,2.48,0.0
20120618:0910,281.43,347.98,47.0,14.8,2.83,0.0
20120618:1010,543.63,668.46,54.79,15.33,3.17,0.0
20120618:1110,100.83,137.21,60.27,16.39,3.45,0.0
20120618:1210,618.45,771.35,61.84,16.92,3.31,0.0
20120618:1310,708.79,890.43,58.87,17.45,3.52,0.0
20120618:1410,531.24,657.33,52.49,17.45,3.52,0.0
20120618:1510,252.5,316.71,44.24,17.45,3.59,0.0
20120618:1610,273.81,342.66,35.14,17.45,3.66,0.0
20120618:1710,135.15,179.7,25.82,17.45,3.31,0.0
20120618:1810,75.05,119.12,16.68,16.92,2.76,0.0
20120618:1910,24.33,43.72,8.06,15.86,2.97,0.0
20120618:2010,0.0,0.0,0.0,14.8,3.1,0.0
20120618:2110,0.0,0.0,0.0,13.21,2.83,0.0
20120618:2210,0.0,0.0,0.0,11.61,2.48,0.0
20120618:2310,0.0,0.0,0.0,11.09,2.34,0.0
20120619:0010,0.0,0.0,0.0,10.02,2.34,0.0
20120619:0110,0.0,0.0,0.0,9.49,2.28,0.0
20120619:0210,0.0,0.0,0.0,8.96,2.21,0.0
20120619:0310,0.0,0.0,0.0,8.43,2.07,0.0
20120619:0410,0.54,7.0,2.64,8.43,1.86,0.0
20120619:0510,39.22,61.21,10.72,8.96,1.59,0.0
20120619:0610,95.83,160.48,19.54,11.61,1.93,0.0
20120619:0710,285.28,364.66,28.77,13.21,2.41,0.0
20120619:0810,439.62,539.49,38.07,14.27,2.28,0.0
20120619:0910,564.17,698.65,46.98,15.86,2.48,0.0
20120619:1010,554.82,691.18,54.78,16.92,2.69,0.0
20120619:1110,508.27,633.39,60.27,17.45,2.83,0.0
20120619:1210,448.99,560.29,61.86,17.98,2.76,0.0
20120619:1310,193.35,248.46,58.9,17.98,2.48,0.0
20120619:1410,284.85,358.85,52.53,17.98,2.07,0.0
20120619:1510,436.83,548.89,44.28,18.51,1.72,0.0
20120619:1610,258.97,329.07,35.19,17.98,1.38,0.0
20120619:1710,170.57,226.61,25.87,17.98,1.17,0.0
20120619:1810,69.46,102.22,16.73,17.98,0.97,0.0
20120619:1910,14.56,30.61,8.1,17.45,1.17,0.0
20120619:2010,0.0,0.0,0.0,16.39,1.59,0.0
20120619:2110,0.0,0.0,0.0,14.27,1.66,0.0
20120619:2210,0.0,0.0,0.0,13.21,1.59,0.0
20120619:2310,0.0,0.0,0.0,12.15,1.38,0.0
20120620:0010,0.0,0.0,0.0,12.68,0.97,0.0
20120620:0110,0.0,0.0,0.0,12.68,0.62,0.0
20120620:0210,0.0,0.0,0.0,12.15,0.41,0.0
20120620:0310,0.0,0.0,0.0,11.61,0.48,0.0
20120620:0410,1.72,9.62,2.62,10.55,1.1,0.0
20120620:0510,36.87,58.59,10.7,10.02,1.24,0.0
20120620:0610,97.05,160.64,19.52,13.21,1.1,0.0
20120620:0710,281.32,366.31,28.75,14.8,0.9,0.0
20120620:0810,466.96,586.08,38.05,16.92,1.38,0.0
20120620:0910,515.52,647.79,46.96,17.98,1.86,0.0
20120620:1010,582.82,737.07,54.77,19.04,2.48,0.0
20120620:1110,784.42,1011.27,60.27,19.57,3.03,0.0
20120620:1210,721.9,923.49,61.87,19.57,3.17,0.0
20120620:1310,769.99,985.52,58.93,19.57,3.38,0.0
20120620:1410,695.41,876.43,52.57,19.57,3.72,0.0
20120620:1510,537.44,666.55,44.32,19.04,3.86,0.0
20120620:1610,395.65,494.0,35.23,19.04,4.0,0.0
20120620:1710,222.8,305.34,25.91,18.51,4.21,0.0
20120620:1810,51.04,103.5,16.77,17.45,4.07,0.0
20120620:1910,26.19,46.35,8.14,16.92,3.86,0.0
20120620:2010,0.0,0.0,0.0,15.33,3.86,0.0
20120620:2110,0.0,0.0,0.0,14.27,3.86,0.0
20120620:2210,0.0,0.0,0.0,13.21,3.59,0.0
20120620:2310,0.0,0.0,0.0,13.21,3.45,0.0
20120621:0010,0.0,0.0,0.0,12.68,3.93,0.0
20120621:0110,0.0,0.0,0.0,12.68,4.14,0.0
20120621:0210,0.0,0.0,0.0,13.21,4.21,0.0
20120621:0310,0.0,0.0,0.0,13.74,4.34,0.0
20120621:0410,0.0,2.62,2.6,13.74,4.41,0.0
20120621:0510,18.59,35.85,10.67,14.8,4.55,0.0
20120621:0610,77.02,109.05,19.49,15.33,4.28,0.0
20120621:0710,184.96,236.71,28.72,15.33,3.45,0.0
20120621:0810,200.52,253.69,38.02,15.86,3.31,0.0
20120621:0910,73.49,104.76,46.93,16.39,3.38,0.0
20120621:1010,66.22,96.42,54.75,17.45,3.79,0.0
20120621:1110,114.99,154.83,60.26,17.98,4.0,0.0
20120621:1210,97.32,134.43,61.88,19.04,4.28,0.0
20120621:1310,211.83,271.3,58.96,19.57,3.86,0.0
20120621:1410,108.89,148.34,52.6,19.04,3.72,0.0
20120621:1510,187.59,241.76,44.36,19.04,3.72,0.0
20120621:1610,270.12,337.88,35.27,17.45,3.93,0.0
20120621:1710,168.03,219.06,25.95,15.86,3.66,0.0
20120621:1810,21.52,39.87,16.8,15.33,4.83,0.0
20120621:1910,24.56,43.72,8.17,14.27,5.31,0.0
20120621:2010,0.0,0.0,0.0,13.21,4.21,0.0
20120621:2110,0.0,0.0,0.0,12.68,5.31,0.0
20120621:2210,0.0,0.0,0.0,12.15,6.07,0.0
20120621:2310,0.0,0.0,0.0,11.61,5.72,0.0
20120622:0010,0.0,0.0,0.0,11.61,5.45,0.0
20120622:0110,0.0,0.0,0.0,11.61,5.59,0.0
20120622:0210,0.0,0.0,0.0,11.61,5.52,0.0
20120622:0310,0.0,0.0,0.0,11.61,5.59,0.0
20120622:0410,1.7,9.62,2.57,11.61,5.52,0.0
20120622:0510,37.4,59.46,10.64,11.61,5.72,0.0
20120622:0610,27.53,47.28,19.45,12.68,5.17,0.0
20120622:0710,74.67,104.76,28.69,13.74,6.48,0.0
20120622:0810,195.19,244.02,37.99,14.27,6.97,0.0
20120622:0910,151.77,194.69,46.9,14.8,7.1,0.0
20120622:1010,64.94,93.64,54.72,14.8,7.24,0.0
20120622:1110,184.76,234.56,60.24,16.92,8.28,0.0
20120622:1210,474.11,572.75,61.88,16.39,7.93,0.0
20120622:1310,584.91,707.89,58.97,17.45,8.41,0.0
20120622:1410,214.25,268.71,52.62,16.92,8.34,0.0
20120622:1510,133.28,175.22,44.39,17.45,8.0,0.0
20120622:1610,303.54,372.11,35.3,16.39,8.0,0.0
20120622:1710,224.49,299.95,25.98,16.39,6.62,0.0
20120622:1810,72.82,105.35,16.83,16.39,6.21,0.0
20120622:1910,7.1,19.24,8.2,15.33,6.55,0.0
20120622:2010,0.0,0.0,0.0,14.27,5.86,0.0
20120622:2110,0.0,0.0,0.0,13.74,5.66,0.0
20120622:2210,0.0,0.0,0.0,13.21,5.66,0.0
20120622:2310,0.0,0.0,0.0,12.68,5.45,0.0
20120623:0010,0.0,0.0,0.0,12.15,5.24,0.0
20120623:0110,0.0,0.0,0.0,11.61,5.1,0.0
20120623:0210,0.0,0.0,0.0,11.61,4.97,0.0
20120623:0310,0.0,0.0,0.0,11.09,4.76,0.0
20120623:0410,1.72,9.62,2.53,10.55,4.48,0.0
20120623:0510,35.35,56.84,10.6,11.09,4.55,0.0
20120623:0610,100.32,159.68,19.42,11.61,4.07,0.0
20120623:0710,255.57,319.88,28.65,13.21,6.83,0.0
20120623:0810,349.59,423.24,37.95,14.8,6.55,0.0
20120623:0910,544.18,655.05,46.87,15.33,6.07,0.0
20120623:1010,498.38,603.68,54.69,15.86,5.86,0.0
20120623:1110,308.72,380.24,60.22,16.39,5.38,0.0
20120623:1210,651.14,797.05,61.87,17.45,6.48,0.0
20120623:1310,550.62,670.86,58.98,17.45,6.62,0.0
20120623:1410,119.56,159.46,52.64,17.45,6.07,0.0
20120623:1510,177.74,227.49,44.41,17.45,6.07,0.0
20120623:1610,265.86,330.2,35.33,16.39,4.9,0.0
20120623:1710,207.23,270.87,26.01,15.33,4.76,0.0
20120623:1810,28.66,49.14,16.86,14.8,4.62,0.0
20120623:1910,6.59,18.36,8.22,14.27,4.69,0.0
20120623:2010,0.0,0.0,0.0,13.74,4.14,0.0
20120623:2110,0.0,0.0,0.0,13.21,3.72,0.0
20120623:2210,0.0,0.0,0.0,12.68,3.79,0.0
20120623:2310,0.0,0.0,0.0,12.15,3.45,0.0
20120624:0010,0.0,0.0,0.0,11.61,3.59,0.0
20120624:0110,0.0,0.0,0.0,11.61,4.41,0.0
20120624:0210,0.0,0.0,0.0,12.15,5.17,0.0
20120624:0310,0.0,0.0,0.0,12.15,5.79,0.0
20120624:0410,0.0,2.62,2.49,12.15,6.07,0.0
20120624:0510,2.13,10.49,10.56,12.15,5.86,0.0
20120624:0610,11.02,25.03,19.37,13.21,5.59,0.0
20120624:0710,40.64,63.97,28.6,13.74,5.38,0.0
20120624:0810,74.44,104.76,37.9,14.27,5.86,0.0
20120624:0910,250.71,308.03,46.82,14.27,6.41,0.0
20120624:1010,371.13,450.2,54.65,15.33,6.21,0.0
20120624:1110,581.4,708.2,60.19,16.92,6.34,0.0
20120624:1210,171.86,220.65,61.86,17.45,6.14,0.0
20120624:1310,650.21,797.18,58.98,17.45,6.0,0.0
20120624:1410,177.58,228.07,52.66,17.98,5.59,0.0
20120624:1510,448.72,550.47,44.43,18.51,5.38,0.0
20120624:1610,341.76,422.97,35.35,17.98,5.38,0.0
20120624:1710,204.87,269.86,26.03,17.45,5.03,0.0
20120624:1810,59.95,110.94,16.88,17.45,4.21,0.0
20120624:1910,23.54,42.85,8.24,16.92,3.38,0.0
20120624:2010,0.0,0.0,0.0,15.86,3.17,0.0
20120624:2110,0.0,0.0,0.0,14.8,3.03,0.0
20120624:2210,0.0,0.0,0.0,14.27,3.1,0.0
20120624:2310,0.0,0.0,0.0,13.21,3.17,0.0
20120625:0010,0.0,0.0,0.0,12.68,3.03,0.0
20120625:0110,0.0,0.0,0.0,11.61,2.9,0.0
20120625:0210,0.0,0.0,0.0,11.09,2.69,0.0
20120625:0310,0.0,0.0,0.0,11.09,2.69,0.0
20120625:0410,0.0,4.37,2.45,10.55,2.55,0.0
20120625:0510,30.5,50.72,10.51,10.55,2.41,0.0
20120625:0610,87.7,154.3,19.32,12.15,2.62,0.0
20120625:0710,282.87,363.74,28.55,14.27,3.03,0.0
20120625:0810,460.04,564.08,37.85,15.33,3.1,0.0
20120625:0910,554.66,685.49,46.78,16.92,3.17,0.0
20120625:1010,465.45,575.55,54.61,17.45,3.45,0.0
20120625:1110,503.82,625.57,60.16,17.98,3.59,0.0
20120625:1210,346.58,432.61,61.84,18.51,3.45,0.0
20120625:1310,502.24,628.03,58.98,18.51,2.97,0.0
20120625:1410,310.44,389.88,52.66,19.04,3.03,0.0
20120625:1510,294.95,371.0,44.44,19.04,2.83,0.0
20120625:1610,287.82,364.62,35.36,19.04,2.14,0.0
20120625:1710,178.44,237.2,26.04,18.51,1.38,0.0
20120625:1810,81.06,120.2,16.89,18.51,0.83,0.0
20120625:1910,19.51,37.6,8.25,17.98,1.38,0.0
20120625:2010,0.0,0.0,0.0,16.92,1.93,0.0
20120625:2110,0.0,0.0,0.0,15.86,1.93,0.0
20120625:2210,0.0,0.0,0.0,15.33,1.93,0.0
20120625:2310,0.0,0.0,0.0,14.8,1.93,0.0
20120626:0010,0.0,0.0,0.0,13.74,2.0,0.0
20120626:0110,0.0,0.0,0.0,12.68,1.86,0.0
20120626:0210,0.0,0.0,0.0,12.15,1.72,0.0
20120626:0310,0.0,0.0,0.0,11.09,1.59,0.0
20120626:0410,0.0,5.25,2.4,10.55,1.59,0.0
20120626:0510,32.47,53.34,10.46,11.09,1.38,0.0
20120626:0610,107.51,152.22,19.27,13.21,1.31,0.0
20120626:0710,184.55,238.0,28.5,15.33,1.38,0.0
20120626:0810,459.24,575.02,37.8,16.92,1.59,0.0
20120626:0910,612.7,772.31,46.72,17.45,1.93,0.0
20120626:1010,716.21,917.66,54.56,18.51,2.28,0.0
20120626:1110,771.86,1003.34,60.12,19.57,2.41,0.0
20120626:1210,815.86,1065.24,61.81,20.63,2.9,0.0
20120626:1310,521.87,658.92,58.97,21.16,3.52,0.0
20120626:1410,287.6,364.14,52.66,21.16,4.21,0.0
20120626:1510,311.68,390.46,44.45,20.1,4.48,0.0
20120626:1610,174.69,226.72,35.37,19.57,4.28,0.0
20120626:1710,98.39,135.86,26.05,19.04,4.21,0.0
20120626:1810,42.57,67.68,16.9,18.51,4.0,0.0
20120626:1910,3.89,13.99,8.26,17.45,3.24,0.0
20120626:2010,0.0,0.0,0.0,17.45,3.24,0.0
20120626:2110,0.0,0.0,0.0,17.45,2.97,0.0
20120626:2210,0.0,0.0,0.0,16.92,2.9,0.0
20120626:2310,0.0,0.0,0.0,16.92,3.03,0.0
20120627:0010,0.0,0.0,0.0,16.92,2.97,0.0
20120627:0110,0.0,0.0,0.0,16.92,3.03,0.0
20120627:0210,0.0,0.0,0.0,16.92,2.9,0.0
20120627:0310,0.0,0.0,0.0,16.92,3.1,0.0
20120627:0410,0.84,7.87,2.34,16.39,3.17,0.0
20120627:0510,37.15,60.34,10.4,16.39,3.45,0.0
20120627:0610,93.33,155.91,19.21,16.92,3.72,0.0
20120627:0710,223.89,287.52,28.44,17.45,4.41,0.0
20120627:0810,291.38,363.27,37.74,17.98,4.07,0.0
20120627:0910,340.37,422.31,46.67,18.51,4.28,0.0
20120627:1010,170.36,221.58,54.51,19.57,4.41,0.0
20120627:1110,673.67,849.41,60.07,20.1,4.28,0.0
20120627:1210,225.61,288.96,61.78,20.63,4.21,0.0
20120627:1310,133.34,178.93,58.95,21.16,4.14,0.0
20120627:1410,160.1,211.38,52.66,21.16,3.24,0.0
20120627:1510,181.59,238.06,44.45,20.63,1.38,0.0
20120627:1610,69.49,101.98,35.38,20.63,1.59,0.0
20120627:1710,37.79,62.12,26.06,20.1,1.93,0.0
20120627:1810,17.0,34.3,16.91,19.57,2.07,0.0
20120627:1910,0.82,7.87,8.26,19.04,1.93,0.0
20120627:2010,0.0,0.0,0.0,17.98,1.93,0.0
20120627:2110,0.0,0.0,0.0,17.45,1.1,0.0
20120627:2210,0.0,0.0,0.0,17.45,1.1,0.0
20120627:2310,0.0,0.0,0.0,16.39,1.59,0.0
20120628:0010,0.0,0.0,0.0,15.86,1.59,0.0
20120628:0110,0.0,0.0,0.0,15.33,1.72,0.0
20120628:0210,0.0,0.0,0.0,15.33,1.72,0.0
20120628:0310,0.0,0.0,0.0,15.33,2.28,0.0
20120628:0410,0.0,0.0,0.0,15.86,2.9,0.0
20120628:0510,15.23,31.48,10.34,16.92,2.97,0.0
20120628:0610,100.15,142.19,19.15,17.45,3.1,0.0
20120628:0710,52.05,79.73,28.38,19.04,2.83,0.0
20120628:0810,299.65,378.71,37.68,20.63,3.45,0.0
20120628:0910,301.27,380.48,46.6,21.69,4.76,0.0
20120628:1010,703.1,894.4,54.45,23.81,5.31,0.0
20120628:1110,759.68,978.98,60.02,24.34,5.03,0.0
20120628:1210,776.23,1010.46,61.74,25.4,4.83,0.0
20120628:1310,468.19,598.07,58.93,25.4,4.69,0.0
20120628:1410,593.0,758.89,52.65,25.4,4.69,0.0
20120628:1510,484.05,615.66,44.45,25.4,4.69,0.0
20120628:1610,392.68,501.21,35.38,24.87,5.17,0.0
20120628:1710,219.47,303.93,26.06,23.81,5.52,0.0
20120628:1810,52.88,107.53,16.9,21.69,5.38,0.0
20120628:1910,22.65,41.97,8.25,19.04,5.03,0.0
20120628:2010,0.0,0.0,0.0,17.45,5.03,0.0
20120628:2110,0.0,0.0,0.0,16.39,4.83,0.0
20120628:2210,0.0,0.0,0.0,14.8,4.55,0.0
20120628:2310,0.0,0.0,0.0,14.27,4.28,0.0
20120629:0010,0.0,0.0,0.0,13.21,4.14,0.0
20120629:0110,0.0,0.0,0.0,12.68,4.21,0.0
20120629:0210,0.0,0.0,0.0,12.68,4.34,0.0
20120629:0310,0.0,0.0,0.0,13.21,4.69,0.0
20120629:0410,0.0,0.0,0.0,13.74,5.03,0.0
20120629:0510,34.8,56.84,10.27,14.27,5.38,0.0
20120629:0610,91.2,127.56,19.08,15.33,4.76,0.0
20120629:0710,150.36,194.46,28.31,15.33,6.0,0.0
20120629:0810,361.06,438.25,37.61,16.39,8.07,0.0
20120629:0910,581.42,700.76,46.54,16.92,7.45,0.0
20120629:1010,88.15,122.38,54.38,17.45,6.97,0.0
20120629:1110,114.63,153.9,59.95,17.98,6.97,0.0
20120629:1210,342.24,421.67,61.69,18.51,7.45,0.0
20120629:1310,791.87,974.71,58.9,19.04,7.79,0.0
20120629:1410,710.16,868.88,52.63,19.04,7.52,0.0
20120629:1510,408.49,500.43,44.44,19.57,7.86,0.0
20120629:1610,291.4,362.32,35.37,19.04,7.72,0.0
20120629:1710,157.82,207.45,26.05,18.51,7.1,0.0
20120629:1810,81.91,123.88,16.9,17.98,6.28,0.0
20120629:1910,23.5,42.85,8.24,17.45,5.79,0.0
20120629:2010,0.0,0.0,0.0,16.39,5.45,0.0
20120629:2110,0.0,0.0,0.0,15.86,5.31,0.0
20120629:2210,0.0,0.0,0.0,15.86,5.24,0.0
20120629:2310,0.0,0.0,0.0,15.33,5.1,0.0
20120630:0010,0.0,0.0,0.0,15.33,5.1,0.0
20120630:0110,0.0,0.0,0.0,15.33,5.1,0.0
20120630:0210,0.0,0.0,0.0,15.33,4.76,0.0
20120630:0310,0.0,0.0,0.0,15.33,4.48,0.0
20120630:0410,0.0,0.0,0.0,14.8,4.48,0.0
20120630:0510,33.91,55.97,10.2,15.33,4.76,0.0
20120630:0610,81.37,114.64,19.01,15.33,5.03,0.0
20120630:0710,47.72,73.24,28.24,15.86,6.07,0.0
20120630:0810,406.59,494.26,37.54,16.39,6.21,0.0
20120630:0910,346.22,425.02,46.46,17.45,5.72,0.0
20120630:1010,559.31,685.61,54.31,17.98,5.59,0.0
20120630:1110,646.07,796.12,59.89,18.51,6.07,0.0
20120630:1210,798.21,991.03,61.64,19.04,6.76,0.0
20120630:1310,623.44,765.57,58.86,19.04,6.97,0.0
20120630:1410,554.22,676.4,52.61,18.51,6.9,0.0
20120630:1510,540.9,658.49,44.42,18.51,6.76,0.0
20120630:1610,419.51,515.37,35.36,17.98,6.34,0.0
20120630:1710,222.39,295.98,26.04,17.45,6.0,0.0
20120630:1810,59.76,111.66,16.88,16.92,5.66,0.0
20120630:1910,21.66,40.23,8.22,16.39,5.1,0.0
20120630:2010,0.0,0.0,0.0,15.33,4.62,0.0
20120630:2110,0.0,0.0,0.0,14.27,4.41,0.0
20120630:2210,0.0,0.0,0.0,13.21,4.14,0.0
20120630:2310,0.0,0.0,0.0,13.21,3.86,0.0
20120701:0010,0.0,0.0,0.0,12.15,3.66,0.0
20120701:0110,0.0,0.0,0.0,12.15,3.59,0.0
20120701:0210,0.0,0.0,0.0,11.61,3.45,0.0
20120701:0310,0.0,0.0,0.0,11.09,3.52,0.0
20120701:0410,0.0,0.0,0.0,10.55,3.59,0.0
20120701:0510,29.13,48.97,10.12,10.55,3.52,0.0
20120701:0610,90.07,150.96,18.93,11.61,4.21,0.0
20120701:0710,259.9,327.65,28.16,12.68,5.03,0.0
20120701:0810,431.84,519.58,37.46,13.74,5.31,0.0
20120701:0910,394.6,475.38,46.39,14.27,5.66,0.0
20120701:1010,113.58,151.12,54.23,15.33,5.79,0.0
20120701:1110,605.94,736.77,59.82,15.86,5.79,0.0
20120701:1210,253.91,316.25,61.58,16.92,5.86,0.0
20120701:1310,493.42,602.31,58.82,17.45,6.07,0.0
20120701:1410,94.35,129.79,52.58,17.45,6.07,0.0
20120701:1510,588.14,713.74,44.4,17.45,6.21,0.0
20120701:1610,355.49,437.65,35.34,17.45,5.79,0.0
20120701:1710,144.94,190.85,26.02,17.45,5.72,0.0
20120701:1810,42.81,67.68,16.86,17.45,4.41,0.0
20120701:1910,24.94,44.6,8.2,16.39,3.86,0.0
20120701:2010,0.0,0.0,0.0,15.33,3.93,0.0
20120701:2110,0.0,0.0,0.0,14.27,3.86,0.0
20120701:2210,0.0,0.0,0.0,13.21,4.0,0.0
20120701:2310,0.0,0.0,0.0,12.68,4.0,0.0
20120702:0010,0.0,0.0,0.0,13.21,4.0,0.0
20120702:0110,0.0,0.0,0.0,13.21,3.93,0.0
20120702:0210,0.0,0.0,0.0,12.68,3.72,0.0
20120702:0310,0.0,0.0,0.0,12.68,3.72,0.0
20120702:0410,0.0,0.0,0.0,12.68,3.93,0.0
20120702:0510,28.75,48.97,10.04,13.21,4.34,0.0
20120702:0610,43.49,67.68,18.85,14.27,3.93,0.0
20120702:0710,107.23,143.44,28.08,14.27,4.07,0.0
20120702:0810,88.08,121.45,37.38,15.33,4.48,0.0
20120702:0910,173.1,221.78,46.31,16.92,5.45,0.0
20120702:1010,171.31,219.72,54.15,16.92,5.45,0.0
20120702:1110,252.13,314.67,59.74,17.45,6.14,0.0
20120702:1210,423.49,517.17,61.51,16.92,5.86,0.0
20120702:1310,279.3,344.75,58.77,16.39,6.34,0.0
20120702:1410,100.39,136.28,52.54,16.39,6.28,0.0
20120702:1510,87.93,121.45,44.38,15.86,5.38,0.0
20120702:1610,94.17,128.87,35.32,15.86,4.76,0.0
20120702:1710,44.67,69.53,26.0,15.86,4.9,0.0
20120702:1810,7.22,19.47,16.84,15.86,4.62,0.0
20120702:1910,3.94,13.99,8.17,15.86,4.28,0.0
20120702:2010,0.0,0.0,0.0,15.86,4.34,0.0
20120702:2110,0.0,0.0,0.0,15.33,4.07,0.0
20120702:2210,0.0,0.0,0.0,15.33,3.86,0.0
20120702:2310,0.0,0.0,0.0,15.33,3.59,0.0
20120703:0010,0.0,0.0,0.0,14.8,3.31,0.0
20120703:0110,0.0,0.0,0.0,14.8,3.17,0.0
20120703:0210,0.0,0.0,0.0,14.8,3.17,0.0
20120703:0310,0.0,0.0,0.0,14.8,3.1,0.0
20120703:0410,0.0,0.0,0.0,14.8,3.1,0.0
20120703:0510,18.58,35.85,9.96,14.8,3.1,0.0
20120703:0610,44.74,69.53,18.77,15.33,3.31,0.0
20120703:0710,82.41,114.96,28.0,15.33,2.9,0.0
20120703:0810,102.73,139.07,37.3,15.86,3.86,0.0
20120703:0910,123.18,163.17,46.22,16.39,4.97,0.0
20120703:1010,153.81,199.33,54.06,16.92,5.24,0.0
20120703:1110,235.32,295.15,59.65,17.45,5.79,0.0
20120703:1210,195.99,250.32,61.43,18.51,5.59,0.0
20120703:1310,234.22,296.06,58.71,19.04,5.66,0.0
20120703:1410,155.08,203.04,52.5,19.57,5.66,0.0
20120703:1510,125.6,167.81,44.35,19.04,5.45,0.0
20120703:1610,85.98,120.52,35.29,18.51,4.9,0.0
20120703:1710,73.78,105.69,25.97,17.98,4.55,0.0
20120703:1810,16.54,33.38,16.81,17.45,3.66,0.0
20120703:1910,1.22,8.74,8.13,16.92,3.52,0.0
20120703:2010,0.0,0.0,0.0,16.92,3.52,0.0
20120703:2110,0.0,0.0,0.0,16.39,3.59,0.0
20120703:2210,0.0,0.0,0.0,16.39,3.59,0.0
20120703:2310,0.0,0.0,0.0,15.86,3.52,0.0
20120704:0010,0.0,0.0,0.0,15.86,3.38,0.0
20120704:0110,0.0,0.0,0.0,15.86,3.31,0.0
20120704:0210,0.0,0.0,0.0,15.86,3.17,0.0
20120704:0310,0.0,0.0,0.0,15.86,3.1,0.0
20120704:0410,0.0,0.0,0.0,15.86,2.97,0.0
20120704:0510,3.94,13.99,9.86,15.86,2.97,0.0
20120704:0610,26.26,46.36,18.68,16.39,2.76,0.0
20120704:0710,108.58,146.22,27.91,16.39,4.62,0.0
20120704:0810,136.54,179.02,37.21,16.39,4.07,0.0
20120704:0910,199.06,253.24,46.13,17.45,4.28,0.0
20120704:1010,112.75,152.05,53.97,17.98,4.62,0.0
20120704:1110,317.55,395.86,59.56,18.51,4.28,0.0
20120704:1210,458.28,569.29,61.35,19.04,4.21,0.0
20120704:1310,459.25,572.02,58.64,19.57,4.07,0.0
20120704:1410,393.26,488.37,52.46,19.04,4.07,0.0
20120704:1510,333.14,416.43,44.31,19.57,3.72,0.0
20120704:1610,366.61,460.29,35.26,20.1,3.79,0.0
20120704:1710,79.8,114.03,25.94,20.1,3.52,0.0
20120704:1810,74.7,110.19,16.77,19.57,3.03,0.0
20120704:1910,6.4,18.36,8.09,19.04,2.83,0.0
20120704:2010,0.0,0.0,0.0,17.98,2.55,0.0
20120704:2110,0.0,0.0,0.0,17.45,2.34,0.0
20120704:2210,0.0,0.0,0.0,17.45,2.21,0.0
20120704:2310,0.0,0.0,0.0,16.92,2.0,0.0
20120705:0010,0.0,0.0,0.0,16.39,1.72,0.0
20120705:0110,0.0,0.0,0.0,16.39,1.31,0.0
20120705:0210,0.0,0.0,0.0,15.33,1.17,0.0
20120705:0310,0.0,0.0,0.0,14.27,1.17,0.0
20120705:0410,0.0,0.0,0.0,14.27,0.9,0.0
20120705:0510,35.27,57.71,9.77,14.8,0.69,0.0
20120705:0610,75.15,107.77,18.58,15.33,0.48,0.0
20120705:0710,241.32,313.23,27.81,15.33,0.97,0.0
20120705:0810,352.1,441.88,37.11,16.39,0.9,0.0
20120705:0910,375.05,473.0,46.03,17.45,0.76,0.0
20120705:1010,246.95,317.81,53.87,19.04,0.41,0.0
20120705:1110,271.54,347.67,59.46,20.1,1.45,0.0
20120705:1210,226.52,292.09,61.26,20.63,2.14,0.0
20120705:1310,478.88,607.79,58.57,21.16,2.62,0.0
20120705:1410,397.19,503.32,52.4,21.69,2.76,0.0
20120705:1510,470.66,594.8,44.26,21.69,2.9,0.0
20120705:1610,356.38,452.21,35.22,21.16,2.83,0.0
20120705:1710,184.85,247.39,25.9,20.63,2.34,0.0
20120705:1810,76.63,113.99,16.73,20.1,1.79,0.0
20120705:1910,18.2,35.85,8.04,18.51,1.86,0.0
20120705:2010,0.0,0.0,0.0,17.45,1.79,0.0
20120705:2110,0.0,0.0,0.0,16.92,1.66,0.0
20120705:2210,0.0,0.0,0.0,16.39,1.45,0.0
20120705:2310,0.0,0.0,0.0,15.86,1.38,0.0
20120706:0010,0.0,0.0,0.0,15.33,1.45,0.0
20120706:0110,0.0,0.0,0.0,14.27,1.45,0.0
20120706:0210,0.0,0.0,0.0,13.74,1.17,0.0
20120706:0310,0.0,0.0,0.0,13.21,0.9,0.0
20120706:0410,0.0,0.0,0.0,13.21,1.31,0.0
20120706:0510,17.43,34.1,9.67,13.21,1.24,0.0
20120706:0610,20.96,38.94,18.48,13.74,1.38,0.0
20120706:0710,36.6,59.33,27.72,14.8,1.66,0.0
20120706:0810,56.68,84.37,37.02,15.86,2.55,0.0
20120706:0910,106.73,144.63,45.93,16.92,2.9,0.0
20120706:1010,88.86,123.31,53.77,16.92,3.66,0.0
20120706:1110,109.31,147.41,59.36,16.92,4.14,0.0
20120706:1210,103.55,140.92,61.17,17.45,4.21,0.0
20120706:1310,641.55,801.76,58.5,18.51,4.0,0.0
20120706:1410,581.46,725.11,52.34,19.04,3.79,0.0
20120706:1510,370.0,461.66,44.21,19.57,3.52,0.0
20120706:1610,403.8,501.61,35.17,17.98,3.72,0.0
20120706:1710,190.39,250.87,25.86,17.98,3.38,0.0
20120706:1810,59.67,111.69,16.68,17.45,3.38,0.0
20120706:1910,25.59,45.47,7.99,16.39,2.97,0.0
20120706:2010,0.0,0.0,0.0,15.33,2.62,0.0
20120706:2110,0.0,0.0,0.0,14.8,2.69,0.0
20120706:2210,0.0,0.0,0.0,13.74,2.34,0.0
20120706:2310,0.0,0.0,0.0,13.21,2.48,0.0
20120707:0010,0.0,0.0,0.0,12.68,2.14,0.0
20120707:0110,0.0,0.0,0.0,12.15,1.93,0.0
20120707:0210,0.0,0.0,0.0,12.15,1.79,0.0
20120707:0310,0.0,0.0,0.0,11.61,1.79,0.0
20120707:0410,0.0,0.0,0.0,11.61,1.93,0.0
20120707:0510,33.7,55.09,9.56,12.15,1.86,0.0
20120707:0610,94.68,133.35,18.38,13.74,3.1,0.0
20120707:0710,179.18,229.9,27.61,14.8,3.24,0.0
20120707:0810,257.99,321.58,36.91,15.86,3.03,0.0
20120707:0910,301.13,374.28,45.83,16.92,3.1,0.0
20120707:1010,394.44,488.24,53.66,17.45,3.31,0.0
20120707:1110,346.41,429.23,59.25,17.45,3.86,0.0
20120707:1210,414.64,509.91,61.07,16.92,4.28,0.0
20120707:1310,304.27,376.15,58.41,15.86,3.66,0.0
20120707:1410,272.6,339.6,52.27,16.39,3.31,0.0
20120707:1510,349.21,431.97,44.16,16.92,3.03,0.0
20120707:1610,202.82,257.65,35.12,16.92,3.38,0.0
20120707:1710,39.31,63.04,25.81,16.39,3.72,0.0
20120707:1810,31.33,52.85,16.63,15.86,2.41,0.0
20120707:1910,0.48,7.0,7.93,15.86,2.41,0.0
20120707:2010,0.0,0.0,0.0,15.33,2.21,0.0
20120707:2110,0.0,0.0,0.0,14.8,2.21,0.0
20120707:2210,0.0,0.0,0.0,14.27,2.21,0.0
20120707:2310,0.0,0.0,0.0,14.27,1.79,0.0
20120708:0010,0.0,0.0,0.0,14.8,1.86,0.0
20120708:0110,0.0,0.0,0.0,14.27,1.79,0.0
20120708:0210,0.0,0.0,0.0,14.27,2.0,0.0
20120708:0310,0.0,0.0,0.0,14.27,1.59,0.0
20120708:0410,0.0,0.0,0.0,14.27,1.24,0.0
20120708:0510,30.53,51.59,9.46,14.27,0.14,0.0
20120708:0610,8.47,21.32,18.27,14.27,0.14,0.0
20120708:0710,77.14,108.47,27.51,14.27,1.38,0.0
20120708:0810,115.19,153.9,36.81,15.33,1.86,0.0
20120708:0910,35.79,58.41,45.72,15.33,2.14,0.0
20120708:1010,103.98,140.92,53.55,16.39,3.52,0.0
20120708:1110,113.25,152.05,59.13,16.92,4.14,0.0
20120708:1210,426.98,526.25,60.96,17.45,4.28,0.0
20120708:1310,170.33,219.72,58.32,17.45,3.86,0.0
20120708:1410,441.62,548.57,52.2,18.51,3.38,0.0
20120708:1510,76.34,109.4,44.1,19.04,3.17,0.0
20120708:1610,168.25,219.48,35.07,19.04,2.48,0.0
20120708:1710,154.91,205.65,25.75,18.51,2.28,0.0
20120708:1810,80.04,119.4,16.57,17.45,2.21,0.0
20120708:1910,18.93,36.73,7.87,17.45,1.31,0.0
20120708:2010,0.0,0.0,0.0,16.92,1.66,0.0
20120708:2110,0.0,0.0,0.0,15.86,1.72,0.0
20120708:2210,0.0,0.0,0.0,14.8,2.14,0.0
20120708:2310,0.0,0.0,0.0,14.8,2.41,0.0
20120709:0010,0.0,0.0,0.0,14.27,2.69,0.0
20120709:0110,0.0,0.0,0.0,13.74,2.9,0.0
20120709:0210,0.0,0.0,0.0,13.74,2.9,0.0
20120709:0310,0.0,0.0,0.0,13.21,2.83,0.0
20120709:0410,0.0,0.0,0.0,13.21,2.76,0.0
20120709:0510,7.18,19.24,9.34,13.21,2.55,0.0
20120709:0610,71.92,102.42,18.16,13.74,3.66,0.0
20120709:0710,105.03,141.6,27.4,15.33,3.66,0.0
20120709:0810,74.3,105.69,36.7,16.39,3.72,0.0
20120709:0910,184.74,236.14,45.61,16.92,3.72,0.0
20120709:1010,176.19,226.21,53.43,16.92,3.66,0.0
20120709:1110,94.05,129.79,59.01,17.45,3.38,0.0
20120709:1210,278.25,349.41,60.85,17.98,3.17,0.0
20120709:1310,92.79,128.87,58.23,18.51,3.45,0.0
20120709:1410,161.06,209.53,52.12,17.98,3.31,0.0
20120709:1510,89.63,125.16,44.03,18.51,2.97,0.0
20120709:1610,119.43,160.39,35.0,17.98,2.83,0.0
20120709:1710,45.75,71.39,25.69,17.45,3.17,0.0
20120709:1810,7.15,19.47,16.5,17.45,2.69,0.0
20120709:1910,7.6,20.11,7.8,16.39,2.76,0.0
20120709:2010,0.0,0.0,0.0,15.86,2.48,0.0
20120709:2110,0.0,0.0,0.0,15.33,2.48,0.0
20120709:2210,0.0,0.0,0.0,15.33,2.28,0.0
20120709:2310,0.0,0.0,0.0,14.27,2.41,0.0
20120710:0010,0.0,0.0,0.0,13.74,2.28,0.0
20120710:0110,0.0,0.0,0.0,13.74,2.28,0.0
20120710:0210,0.0,0.0,0.0,13.74,2.21,0.0
20120710:0310,0.0,0.0,0.0,13.74,2.14,0.0
20120710:0410,0.0,0.0,0.0,13.74,2.28,0.0
20120710:0510,30.69,51.59,9.23,13.74,2.41,0.0
20120710:0610,84.12,118.31,18.05,13.21,2.34,0.0
20120710:0710,48.11,73.24,27.29,13.74,2.83,0.0
20120710:0810,127.28,166.88,36.58,14.27,3.24,0.0
20120710:0910,333.15,408.48,45.49,15.33,3.66,0.0
20120710:1010,218.02,274.66,53.31,16.39,3.86,0.0
20120710:1110,224.9,283.74,58.89,16.92,3.59,0.0
20120710:1210,411.34,508.58,60.72,17.45,3.72,0.0
20120710:1310,184.56,236.41,58.12,17.45,4.07,0.0
20120710:1410,82.86,115.89,52.04,16.39,3.79,0.0
20120710:1510,116.05,155.75,43.95,17.45,3.86,0.0
20120710:1610,116.72,156.68,34.94,17.45,3.31,0.0
20120710:1710,203.51,268.88,25.62,17.45,3.31,0.0
20120710:1810,72.74,106.3,16.43,16.92,3.66,0.0
20120710:1910,10.54,24.48,7.72,14.8,2.41,0.0
20120710:2010,0.0,0.0,0.0,14.8,2.62,0.0
20120710:2110,0.0,0.0,0.0,13.74,2.83,0.0
20120710:2210,0.0,0.0,0.0,13.74,2.97,0.0
20120710:2310,0.0,0.0,0.0,13.21,2.9,0.0
20120711:0010,0.0,0.0,0.0,12.68,2.83,0.0
20120711:0110,0.0,0.0,0.0,12.15,2.83,0.0
20120711:0210,0.0,0.0,0.0,11.61,2.76,0.0
20120711:0310,0.0,0.0,0.0,11.09,2.9,0.0
20120711:0410,0.0,0.0,0.0,10.55,2.83,0.0
20120711:0510,31.81,52.47,9.1,11.09,2.9,0.0
20120711:0610,97.17,138.86,17.93,11.61,3.03,0.0
20120711:0710,194.7,246.91,27.17,13.21,4.28,0.0
20120711:0810,451.83,547.71,36.47,14.27,4.21,0.0
20120711:0910,330.11,404.19,45.37,15.33,4.07,0.0
20120711:1010,67.37,97.35,53.18,16.39,4.21,0.0
20120711:1110,697.96,868.28,58.75,17.45,4.41,0.0
20120711:1210,598.69,738.46,60.6,17.45,4.76,0.0
20120711:1310,786.74,979.74,58.01,16.39,4.41,0.0
20120711:1410,676.52,837.45,51.94,17.45,4.34,0.0
20120711:1510,280.52,348.47,43.87,17.45,4.76,0.0
20120711:1610,58.22,86.22,34.86,16.39,5.66,0.0
20120711:1710,121.06,160.62,25.55,15.33,4.76,0.0
20120711:1810,6.66,18.54,16.36,15.33,3.79,0.0
20120711:1910,17.89,34.98,7.64,15.33,3.31,0.0
20120711:2010,0.0,0.0,0.0,13.74,3.03,0.0
20120711:2110,0.0,0.0,0.0,12.15,3.17,0.0
20120711:2210,0.0,0.0,0.0,12.15,3.24,0.0
20120711:2310,0.0,0.0,0.0,12.15,3.66,0.0
20120712:0010,0.0,0.0,0.0,11.61,4.14,0.0
20120712:0110,0.0,0.0,0.0,11.09,3.31,0.0
20120712:0210,0.0,0.0,0.0,10.55,3.03,0.0
20120712:0310,0.0,0.0,0.0,10.02,2.83,0.0
20120712:0410,0.0,0.0,0.0,9.49,2.69,0.0
20120712:0510,23.11,41.1,8.98,9.49,2.55,0.0
20120712:0610,77.14,137.24,17.81,10.55,2.69,0.0
20120712:0710,267.96,343.13,27.05,11.61,3.1,0.0
20120712:0810,437.15,531.02,36.34,13.21,3.03,0.0
20120712:0910,589.71,723.14,45.24,14.8,2.97,0.0
20120712:1010,640.56,793.0,53.05,15.86,3.31,0.0
20120712:1110,559.35,692.69,58.62,16.92,3.52,0.0
20120712:1210,391.84,485.05,60.46,17.45,3.59,0.0
20120712:1310,662.89,826.86,57.89,17.45,3.79,0.0
20120712:1410,181.83,232.98,51.84,17.45,4.41,0.0
20120712:1510,172.64,221.06,43.79,16.39,4.48,0.0
20120712:1610,49.3,75.1,34.78,15.33,4.14,0.0
20120712:1710,58.75,86.22,25.47,14.27,3.79,0.0
20120712:1810,23.09,41.72,16.27,13.74,3.66,0.0
20120712:1910,1.26,8.74,7.55,13.21,3.79,0.0
20120712:2010,0.0,0.0,0.0,13.74,4.41,0.0
20120712:2110,0.0,0.0,0.0,13.74,4.69,0.0
20120712:2210,0.0,0.0,0.0,13.74,4.69,0.0
20120712:2310,0.0,0.0,0.0,13.74,5.31,0.0
20120713:0010,0.0,0.0,0.0,14.27,5.59,0.0
20120713:0110,0.0,0.0,0.0,14.27,5.1,0.0
20120713:0210,0.0,0.0,0.0,13.74,4.55,0.0
20120713:0310,0.0,0.0,0.0,13.74,3.86,0.0
20120713:0410,0.0,0.0,0.0,13.74,3.24,0.0
20120713:0510,12.41,27.11,8.85,13.74,2.69,0.0
20120713:0610,75.24,107.42,17.68,14.27,2.69,0.0
20120713:0710,250.35,322.98,26.92,14.8,3.59,0.0
20120713:0810,341.64,417.92,36.22,15.33,4.34,0.0
20120713:0910,363.38,444.31,45.11,16.39,4.83,0.0
20120713:1010,352.52,434.52,52.91,17.45,4.69,0.0
20120713:1110,379.78,467.76,58.47,17.45,4.69,0.0
20120713:1210,534.38,657.86,60.32,17.45,4.62,0.0
20120713:1310,280.62,350.76,57.77,17.98,4.21,0.0
20120713:1410,177.57,228.07,51.74,17.45,4.28,0.0
20120713:1510,147.63,192.84,43.7,17.45,4.28,0.0
20120713:1610,54.06,81.59,34.7,17.45,4.48,0.0
20120713:1710,114.72,154.54,25.38,17.45,4.48,0.0
20120713:1810,75.28,110.38,16.19,16.39,3.45,0.0
20120713:1910,7.05,19.24,7.45,16.39,3.1,0.0
20120713:2010,0.0,0.0,0.0,15.86,2.97,0.0
20120713:2110,0.0,0.0,0.0,15.33,2.69,0.0
20120713:2210,0.0,0.0,0.0,14.27,2.62,0.0
20120713:2310,0.0,0.0,0.0,13.74,2.69,0.0
20120714:0010,0.0,0.0,0.0,13.74,2.76,0.0
20120714:0110,0.0,0.0,0.0,13.21,2.62,0.0
20120714:0210,0.0,0.0,0.0,12.68,2.62,0.0
20120714:0310,0.0,0.0,0.0,12.68,2.76,0.0
20120714:0410,0.0,0.0,0.0,12.68,2.83,0.0
20120714:0510,5.57,16.61,8.72,12.68,2.69,0.0
20120714:0610,90.0,128.17,17.55,13.21,2.9,0.0
20120714:0710,152.69,197.58,26.8,13.74,2.34,0.0
20120714:0810,129.99,170.69,36.09,14.27,1.52,0.0
20120714:0910,123.33,163.17,44.98,14.8,1.72,0.0
20120714:1010,150.89,195.62,52.77,15.33,2.41,0.0
20120714:1110,100.67,136.28,58.32,14.8,2.62,0.0
20120714:1210,360.59,445.7,60.18,16.39,3.17,0.0
20120714:1310,230.99,288.73,57.64,15.33,3.72,0.0
20120714:1410,270.31,336.23,51.63,16.39,3.79,0.0
20120714:1510,100.09,135.36,43.6,14.8,3.86,0.0
20120714:1610,66.13,95.49,34.6,15.33,3.52,0.0
20120714:1710,117.74,157.17,25.29,15.33,2.76,0.0
20120714:1810,78.18,118.78,16.09,14.8,1.93,0.0
20120714:1910,21.15,39.35,7.35,14.8,1.93,0.0
20120714:2010,0.0,0.0,0.0,13.74,2.21,0.0
20120714:2110,0.0,0.0,0.0,13.21,1.79,0.0
20120714:2210,0.0,0.0,0.0,12.68,1.59,0.0
20120714:2310,0.0,0.0,0.0,12.68,1.86,0.0
20120715:0010,0.0,0.0,0.0,12.68,2.0,0.0
20120715:0110,0.0,0.0,0.0,12.15,2.34,0.0
20120715:0210,0.0,0.0,0.0,12.15,2.28,0.0
20120715:0310,0.0,0.0,0.0,11.61,2.28,0.0
20120715:0410,0.0,0.0,0.0,11.09,1.93,0.0
20120715:0510,29.02,48.97,8.58,11.09,1.72,0.0
20120715:0610,92.35,136.77,17.42,11.61,1.72,0.0
20120715:0710,251.1,323.08,26.67,12.68,2.21,0.0
20120715:0810,406.16,496.1,35.96,13.74,2.62,0.0
20120715:0910,529.1,646.37,44.84,14.8,3.1,0.0
20120715:1010,174.78,223.43,52.62,15.86,3.79,0.0
20120715:1110,628.9,775.62,58.17,16.39,4.21,0.0
20120715:1210,705.46,878.15,60.02,16.92,4.21,0.0
20120715:1310,217.1,274.16,57.5,16.92,4.07,0.0
20120715:1410,417.29,514.1,51.51,17.45,3.93,0.0
20120715:1510,210.74,266.72,43.49,17.45,4.48,0.0
20120715:1610,260.12,325.44,34.51,17.45,4.21,0.0
20120715:1710,195.34,256.28,25.19,16.92,4.21,0.0
20120715:1810,76.93,114.98,15.99,16.39,3.86,0.0
20120715:1910,17.21,34.1,7.24,15.86,3.66,0.0
20120715:2010,0.0,0.0,0.0,14.8,3.72,0.0
20120715:2110,0.0,0.0,0.0,14.27,3.93,0.0
20120715:2210,0.0,0.0,0.0,13.21,3.93,0.0
20120715:2310,0.0,0.0,0.0,12.68,3.45,0.0
20120716:0010,0.0,0.0,0.0,12.15,3.1,0.0
20120716:0110,0.0,0.0,0.0,12.15,2.97,0.0
20120716:0210,0.0,0.0,0.0,12.68,3.31,0.0
20120716:0310,0.0,0.0,0.0,12.68,3.79,0.0
20120716:0410,0.0,0.0,0.0,12.15,4.07,0.0
20120716:0510,15.6,31.48,8.44,12.68,4.34,0.0
20120716:0610,69.08,99.02,17.28,13.21,4.14,0.0
20120716:0710,82.41,114.03,26.53,13.74,4.28,0.0
20120716:0810,134.88,175.33,35.82,14.27,4.55,0.0
20120716:0910,116.92,154.83,44.7,14.8,4.76,0.0
20120716:1010,151.28,194.69,52.47,14.8,4.83,0.0
20120716:1110,153.27,197.47,58.01,15.33,4.76,0.0
20120716:1210,180.61,229.0,59.87,15.33,5.45,0.0
20120716:1310,82.69,114.96,57.36,15.33,5.93,0.0
20120716:1410,69.99,100.13,51.39,15.86,6.21,0.0
20120716:1510,79.39,111.25,43.38,15.86,6.83,0.0
20120716:1610,134.81,176.32,34.4,16.39,7.1,0.0
20120716:1710,59.49,88.08,25.09,17.45,7.1,0.0
20120716:1810,31.87,53.77,15.89,17.45,6.83,0.0
20120716:1910,8.7,21.86,7.13,16.92,6.0,0.0
20120716:2010,0.0,0.0,0.0,16.92,5.79,0.0
20120716:2110,0.0,0.0,0.0,16.39,5.72,0.0
20120716:2210,0.0,0.0,0.0,16.39,5.45,0.0
20120716:2310,0.0,0.0,0.0,15.86,5.17,0.0
20120717:0010,0.0,0.0,0.0,15.86,4.83,0.0
20120717:0110,0.0,0.0,0.0,15.33,4.55,0.0
20120717:0210,0.0,0.0,0.0,15.33,4.41,0.0
20120717:0310,0.0,0.0,0.0,14.8,4.21,0.0
20120717:0410,0.0,0.0,0.0,14.8,3.93,0.0
20120717:0510,21.89,40.23,8.29,14.27,3.72,0.0
20120717:0610,74.78,132.32,17.14,14.8,3.38,0.0
20120717:0710,255.7,331.61,26.39,15.33,4.83,0.0
20120717:0810,176.83,225.71,35.68,16.39,4.9,0.0
20120717:0910,265.97,331.21,44.56,17.45,4.9,0.0
20120717:1010,283.65,353.11,52.32,17.98,5.1,0.0
20120717:1110,416.48,513.51,57.84,18.51,5.17,0.0
20120717:1210,460.74,568.32,59.7,19.04,5.52,0.0
20120717:1310,288.66,361.7,57.21,19.57,5.31,0.0
20120717:1410,124.54,167.81,51.26,20.63,4.97,0.0
20120717:1510,149.09,197.69,43.27,21.16,4.34,0.0
20120717:1610,92.24,129.79,34.29,21.69,4.48,0.0
20120717:1710,47.88,75.1,24.98,21.16,4.55,0.0
20120717:1810,23.64,43.57,15.77,20.63,4.34,0.0
20120717:1910,8.56,21.86,7.01,19.57,3.93,0.0
20120717:2010,0.0,0.0,0.0,18.51,3.59,0.0
20120717:2110,0.0,0.0,0.0,17.98,3.38,0.0
20120717:2210,0.0,0.0,0.0,17.45,3.31,0.0
20120717:2310,0.0,0.0,0.0,17.45,3.31,0.0
20120718:0010,0.0,0.0,0.0,16.92,3.31,0.0
20120718:0110,0.0,0.0,0.0,16.39,3.52,0.0
20120718:0210,0.0,0.0,0.0,15.86,3.59,0.0
20120718:0310,0.0,0.0,0.0,15.33,3.59,0.0
20120718:0410,0.0,0.0,0.0,14.8,3.93,0.0
20120718:0510,12.98,27.98,8.15,14.27,4.14,0.0
20120718:0610,30.83,51.92,17.0,14.8,4.76,0.0
20120718:0710,140.63,183.61,26.25,15.33,5.03,0.0
20120718:0810,167.96,214.22,35.54,15.33,5.38,0.0
20120718:0910,228.32,285.66,44.41,16.92,6.14,0.0
20120718:1010,131.42,173.37,52.16,17.45,6.07,0.0
20120718:1110,144.06,188.2,57.67,17.45,5.86,0.0
20120718:1210,364.53,448.04,59.53,17.45,5.59,0.0
20120718:1310,164.69,212.31,57.05,17.45,6.0,0.0
20120718:1410,128.74,170.59,51.12,17.98,6.21,0.0
20120718:1510,163.27,210.67,43.14,17.45,5.79,0.0
20120718:1610,201.87,255.95,34.18,17.45,5.31,0.0
20120718:1710,159.95,209.99,24.87,17.45,5.59,0.0
20120718:1810,73.29,114.9,15.66,16.92,5.66,0.0
20120718:1910,1.63,9.62,6.89,16.39,4.41,0.0
20120718:2010,0.0,0.0,0.0,15.86,4.14,0.0
20120718:2110,0.0,0.0,0.0,15.86,4.28,0.0
20120718:2210,0.0,0.0,0.0,15.33,4.41,0.0
20120718:2310,0.0,0.0,0.0,14.8,4.48,0.0
20120719:0010,0.0,0.0,0.0,13.74,4.48,0.0
20120719:0110,0.0,0.0,0.0,13.74,4.34,0.0
20120719:0210,0.0,0.0,0.0,13.74,4.28,0.0
20120719:0310,0.0,0.0,0.0,13.21,4.14,0.0
20120719:0410,0.0,0.0,0.0,12.68,4.07,0.0
20120719:0510,23.41,41.97,8.0,12.68,4.07,0.0
20120719:0610,87.24,125.89,16.86,13.21,3.86,0.0
20120719:0710,245.21,315.22,26.11,14.8,6.21,0.0
20120719:0810,331.49,404.44,35.39,15.33,5.38,0.0
20120719:0910,359.04,438.27,44.26,16.39,5.31,0.0
20120719:1010,134.47,177.08,52.0,17.45,5.38,0.0
20120719:1110,288.82,358.38,57.5,17.45,5.38,0.0
20120719:1210,214.96,272.35,59.35,17.98,4.97,0.0
20120719:1310,567.51,700.6,56.89,18.51,5.03,0.0
20120719:1410,458.56,564.27,50.98,18.51,4.97,0.0
20120719:1510,512.49,629.92,43.01,18.51,4.69,0.0
20120719:1610,299.38,374.25,34.05,18.51,4.07,0.0
20120719:1710,124.2,166.73,24.75,17.98,3.66,0.0
20120719:1810,64.29,111.04,15.53,17.45,2.69,0.0
20120719:1910,18.99,36.73,6.76,16.92,2.07,0.0
20120719:2010,0.0,0.0,0.0,15.86,1.45,0.0
20120719:2110,0.0,0.0,0.0,14.8,1.45,0.0
20120719:2210,0.0,0.0,0.0,13.74,1.59,0.0
20120719:2310,0.0,0.0,0.0,13.21,1.52,0.0
20120720:0010,0.0,0.0,0.0,12.68,1.52,0.0
20120720:0110,0.0,0.0,0.0,12.15,1.66,0.0
20120720:0210,0.0,0.0,0.0,12.15,1.72,0.0
20120720:0310,0.0,0.0,0.0,11.09,1.93,0.0
20120720:0410,0.0,0.0,0.0,10.55,1.86,0.0
20120720:0510,11.97,26.23,7.84,11.09,1.72,0.0
20120720:0610,67.57,97.48,16.71,12.68,1.72,0.0
20120720:0710,204.04,262.54,25.96,13.74,1.66,0.0
20120720:0810,147.7,191.36,35.25,14.27,1.66,0.0
20120720:0910,247.36,309.57,44.1,15.33,1.93,0.0
20120720:1010,77.43,109.4,51.83,15.86,2.14,0.0
20120720:1110,80.34,113.11,57.32,16.39,2.28,0.0
20120720:1210,142.67,187.28,59.17,16.92,2.41,0.0
20120720:1310,496.71,618.67,56.72,16.92,2.41,0.0
20120720:1410,353.99,440.4,50.83,17.45,2.62,0.0
20120720:1510,469.27,580.51,42.88,17.45,2.9,0.0
20120720:1610,315.81,394.04,33.93,17.45,2.97,0.0
20120720:1710,222.38,298.3,24.62,16.39,3.38,0.0
20120720:1810,54.98,104.6,15.4,15.86,3.03,0.0
20120720:1910,16.66,33.23,6.62,14.8,2.07,0.0
20120720:2010,0.0,0.0,0.0,13.74,1.93,0.0
20120720:2110,0.0,0.0,0.0,13.21,2.0,0.0
20120720:2210,0.0,0.0,0.0,13.21,1.72,0.0
20120720:2310,0.0,0.0,0.0,13.21,1.59,0.0
20120721:0010,0.0,0.0,0.0,12.68,1.59,0.0
20120721:0110,0.0,0.0,0.0,12.68,1.52,0.0
20120721:0210,0.0,0.0,0.0,12.68,1.66,0.0
20120721:0310,0.0,0.0,0.0,12.15,1.86,0.0
20120721:0410,0.0,0.0,0.0,12.15,1.93,0.0
20120721:0510,22.78,41.1,7.68,12.15,1.79,0.0
20120721:0610,71.86,127.42,16.55,12.68,1.86,0.0
20120721:0710,251.54,327.49,25.81,13.21,1.86,0.0
20120721:0810,413.37,507.76,35.09,14.27,2.21,0.0
20120721:0910,368.26,453.1,43.94,15.33,2.41,0.0
20120721:1010,476.5,589.62,51.66,15.86,2.28,0.0
20120721:1110,327.64,409.98,57.13,16.92,1.79,0.0
20120721:1210,506.33,640.45,58.98,17.45,1.38,0.0
20120721:1310,472.94,599.36,56.55,17.45,0.97,0.0
20120721:1410,333.48,420.66,50.67,17.98,1.17,0.0
20120721:1510,262.71,333.5,42.74,17.98,1.03,0.0
20120721:1610,203.66,262.35,33.79,18.51,1.38,0.0
20120721:1710,188.31,251.46,24.49,17.98,1.38,0.0
20120721:1810,59.12,89.35,15.27,17.98,1.1,0.0
20120721:1910,9.22,22.74,6.48,17.45,0.55,0.0
20120721:2010,0.0,0.0,0.0,16.39,1.03,0.0
20120721:2110,0.0,0.0,0.0,14.8,1.72,0.0
20120721:2210,0.0,0.0,0.0,14.27,2.0,0.0
20120721:2310,0.0,0.0,0.0,13.21,2.0,0.0
20120722:0010,0.0,0.0,0.0,12.68,2.14,0.0
20120722:0110,0.0,0.0,0.0,11.61,2.28,0.0
20120722:0210,0.0,0.0,0.0,11.61,2.14,0.0
20120722:0310,0.0,0.0,0.0,11.09,2.0,0.0
20120722:0410,0.0,0.0,0.0,10.55,2.0,0.0
20120722:0510,20.3,37.6,7.52,10.55,1.66,0.0
20120722:0610,66.42,124.42,16.4,12.68,1.24,0.0
20120722:0710,244.66,320.78,25.66,14.8,1.66,0.0
20120722:0810,418.52,520.6,34.94,16.39,1.93,0.0
20120722:0910,558.81,697.92,43.78,17.45,2.28,0.0
20120722:1010,613.78,768.36,51.48,17.98,3.03,0.0
20120722:1110,756.85,963.12,56.94,19.04,3.52,0.0
20120722:1210,804.74,1030.64,58.79,19.57,3.72,0.0
20120722:1310,771.57,985.04,56.37,20.1,3.79,0.0
20120722:1410,700.51,884.63,50.51,20.63,4.07,0.0
20120722:1510,571.41,713.18,42.59,20.63,4.07,0.0
20120722:1610,412.52,516.25,33.65,20.1,4.14,0.0
20120722:1710,219.28,299.13,24.35,19.57,3.66,0.0
20120722:1810,50.26,101.14,15.13,19.04,3.24,0.0
20120722:1910,16.38,33.23,6.33,17.98,2.9,0.0
20120722:2010,0.0,0.0,0.0,16.92,2.76,0.0
20120722:2110,0.0,0.0,0.0,15.33,2.83,0.0
20120722:2210,0.0,0.0,0.0,14.27,2.76,0.0
20120722:2310,0.0,0.0,0.0,13.21,2.69,0.0
20120723:0010,0.0,0.0,0.0,12.68,2.55,0.0
20120723:0110,0.0,0.0,0.0,12.15,2.48,0.0
20120723:0210,0.0,0.0,0.0,11.61,2.34,0.0
20120723:0310,0.0,0.0,0.0,11.09,2.28,0.0
20120723:0410,0.0,0.0,0.0,11.09,2.14,0.0
20120723:0510,21.57,39.35,7.36,11.09,2.0,0.0
20120723:0610,69.53,124.94,16.24,13.21,1.52,0.0
20120723:0710,247.24,327.57,25.5,16.39,1.86,0.0
20120723:0810,446.08,555.47,34.78,17.45,2.48,0.0
20120723:0910,594.57,744.91,43.61,19.57,3.17,0.0
20120723:1010,703.4,896.08,51.3,21.16,3.59,0.0
20120723:1110,775.58,1000.5,56.75,22.22,3.93,0.0
20120723:1210,804.63,1043.65,58.59,22.75,4.07,0.0
20120723:1310,757.27,979.51,56.18,23.28,4.0,0.0
20120723:1410,689.95,884.44,50.34,23.81,4.14,0.0
20120723:1510,565.6,717.47,42.44,23.81,4.0,0.0
20120723:1610,409.62,521.59,33.51,23.28,3.79,0.0
20120723:1710,216.25,300.88,24.21,22.75,3.38,0.0
20120723:1810,44.96,97.96,14.98,22.22,2.9,0.0
20120723:1910,14.92,31.48,6.17,20.63,2.41,0.0
20120723:2010,0.0,0.0,0.0,19.04,2.48,0.0
20120723:2110,0.0,0.0,0.0,17.45,2.41,0.0
20120723:2210,0.0,0.0,0.0,16.39,2.14,0.0
20120723:2310,0.0,0.0,0.0,14.8,2.07,0.0
20120724:0010,0.0,0.0,0.0,13.74,1.86,0.0
20120724:0110,0.0,0.0,0.0,13.21,1.38,0.0
20120724:0210,0.0,0.0,0.0,13.74,0.97,0.0
20120724:0310,0.0,0.0,0.0,14.27,0.48,0.0
20120724:0410,0.0,0.0,0.0,13.74,0.48,0.0
20120724:0510,19.29,36.73,7.19,13.74,0.34,0.0
20120724:0610,66.22,122.92,16.08,14.27,0.48,0.0
20120724:0710,242.89,327.36,25.34,17.45,0.21,0.0
20120724:0810,430.0,554.05,34.62,20.1,0.48,0.0
20120724:0910,568.53,744.63,43.44,21.69,0.62,0.0
20120724:1010,666.82,890.67,51.12,23.28,1.03,0.0
20120724:1110,737.18,1000.42,56.55,24.34,1.31,0.0
20120724:1210,762.13,1043.65,58.38,24.87,1.31,0.0
20120724:1310,719.78,979.38,55.99,25.4,1.31,0.0
20120724:1410,654.09,879.17,50.17,25.93,1.31,0.0
20120724:1510,540.25,712.51,42.28,25.93,1.31,0.0
20120724:1610,391.41,515.37,33.36,25.93,1.17,0.0
20120724:1710,208.89,296.97,24.06,25.4,0.97,0.0
20120724:1810,45.95,98.49,14.83,24.87,0.83,0.0
20120724:1910,14.7,31.48,6.01,23.28,1.45,0.0
20120724:2010,0.0,0.0,0.0,21.16,1.66,0.0
20120724:2110,0.0,0.0,0.0,19.04,1.79,0.0
20120724:2210,0.0,0.0,0.0,17.45,1.72,0.0
20120724:2310,0.0,0.0,0.0,16.39,1.79,0.0
20120725:0010,0.0,0.0,0.0,15.33,1.52,0.0
20120725:0110,0.0,0.0,0.0,15.33,1.38,0.0
20120725:0210,0.0,0.0,0.0,14.8,1.24,0.0
20120725:0310,0.0,0.0,0.0,14.8,1.38,0.0
20120725:0410,0.0,0.0,0.0,14.27,1.24,0.0
20120725:0510,20.55,38.48,7.02,14.27,1.24,0.0
20120725:0610,70.68,124.11,15.91,15.33,0.76,0.0
20120725:0710,237.27,320.64,25.18,18.51,0.28,0.0
20120725:0810,420.13,544.66,34.45,20.63,0.21,0.0
20120725:0910,555.73,739.66,43.27,22.75,0.07,0.0
20120725:1010,649.44,890.45,50.93,24.34,0.14,0.0
20120725:1110,703.69,987.15,56.34,25.4,0.14,0.0
20120725:1210,695.27,972.05,58.17,26.46,0.41,0.0
20120725:1310,652.53,898.29,55.79,26.99,0.69,0.0
20120725:1410,596.22,808.28,49.99,27.52,0.9,0.0
20120725:1510,442.67,585.65,42.11,27.52,1.1,0.0
20120725:1610,302.59,399.62,33.2,26.99,1.31,0.0
20120725:1710,151.72,211.1,23.9,26.46,1.45,0.0
20120725:1810,65.8,106.97,14.67,25.4,1.72,0.0
20120725:1910,14.66,31.48,5.85,23.81,2.34,0.0
20120725:2010,0.0,0.0,0.0,22.22,2.76,0.0
20120725:2110,0.0,0.0,0.0,20.63,2.76,0.0
20120725:2210,0.0,0.0,0.0,19.04,2.55,0.0
20120725:2310,0.0,0.0,0.0,17.45,2.34,0.0
20120726:0010,0.0,0.0,0.0,16.92,2.21,0.0
20120726:0110,0.0,0.0,0.0,15.86,2.21,0.0
20120726:0210,0.0,0.0,0.0,15.33,2.21,0.0
20120726:0310,0.0,0.0,0.0,14.8,2.21,0.0
20120726:0410,0.0,0.0,0.0,14.27,2.21,0.0
20120726:0510,19.91,37.6,6.84,14.27,2.21,0.0
20120726:0610,75.39,123.31,15.75,15.33,2.21,0.0
20120726:0710,234.1,309.03,25.02,17.45,2.9,0.0
20120726:0810,426.59,531.92,34.29,18.51,2.97,0.0
20120726:0910,580.25,729.82,43.09,20.1,2.97,0.0
20120726:1010,683.28,878.58,50.74,21.69,2.9,0.0
20120726:1110,755.74,987.13,56.13,22.75,3.03,0.0
20120726:1210,784.49,1030.53,57.95,23.28,3.17,0.0
20120726:1310,741.11,972.57,55.58,23.81,2.97,0.0
20120726:1410,669.96,872.63,49.8,24.34,2.83,0.0
20120726:1510,549.88,706.18,41.94,24.34,2.83,0.0
20120726:1610,397.53,510.61,33.04,23.81,2.83,0.0
20120726:1710,210.42,292.55,23.74,22.75,2.76,0.0
20120726:1810,47.72,97.47,14.5,21.69,2.69,0.0
20120726:1910,13.72,29.73,5.68,20.63,2.55,0.0
20120726:2010,0.0,0.0,0.0,19.04,2.55,0.0
20120726:2110,0.0,0.0,0.0,17.45,2.34,0.0
20120726:2210,0.0,0.0,0.0,16.39,2.14,0.0
20120726:2310,0.0,0.0,0.0,15.33,2.0,0.0
20120727:0010,0.0,0.0,0.0,14.27,1.79,0.0
20120727:0110,0.0,0.0,0.0,13.74,1.45,0.0
20120727:0210,0.0,0.0,0.0,14.27,1.38,0.0
20120727:0310,0.0,0.0,0.0,13.74,1.17,0.0
20120727:0410,0.0,0.0,0.0,14.27,0.83,0.0
20120727:0510,0.86,7.87,6.67,14.27,0.76,0.0
20120727:0610,69.38,102.15,15.58,15.33,0.48,0.0
20120727:0710,116.49,157.86,24.85,17.45,0.76,0.0
20120727:0810,225.14,288.69,34.12,17.98,0.62,0.0
20120727:0910,171.79,224.25,42.91,18.51,1.1,0.0
20120727:1010,266.41,340.3,50.54,20.1,1.72,0.0
20120727:1110,422.0,538.92,55.92,22.22,2.21,0.0
20120727:1210,335.71,430.51,57.73,22.75,2.21,0.0
20120727:1310,325.85,421.0,55.37,23.81,1.86,0.0
20120727:1410,206.62,271.83,49.61,23.81,1.93,0.0
20120727:1510,98.56,139.07,41.76,23.81,2.55,0.0
20120727:1610,279.56,359.49,32.87,23.28,3.17,0.0
20120727:1710,151.53,205.68,23.58,22.22,3.1,0.0
20120727:1810,18.17,36.16,14.33,21.16,2.76,0.0
20120727:1910,0.0,4.37,5.5,20.63,1.93,0.0
20120727:2010,0.0,0.0,0.0,19.57,2.55,0.0
20120727:2110,0.0,0.0,0.0,19.04,3.31,0.0
20120727:2210,0.0,0.0,0.0,17.98,3.93,0.0
20120727:2310,0.0,0.0,0.0,16.92,4.21,0.0
20120728:0010,0.0,0.0,0.0,15.86,4.21,0.0
20120728:0110,0.0,0.0,0.0,15.33,3.59,0.0
20120728:0210,0.0,0.0,0.0,14.8,3.1,0.0
20120728:0310,0.0,0.0,0.0,14.27,2.83,0.0
20120728:0410,0.0,0.0,0.0,14.27,2.55,0.0
20120728:0510,6.07,17.49,6.49,13.74,2.34,0.0
20120728:0610,10.98,25.03,15.4,13.74,2.34,0.0
20120728:0710,68.08,97.35,24.68,13.74,2.14,0.0
20120728:0810,173.1,220.8,33.94,14.27,2.0,0.0
20120728:0910,526.97,652.12,42.73,14.8,1.72,0.0
20120728:1010,650.88,821.99,50.34,15.33,1.59,0.0
20120728:1110,672.55,853.44,55.7,16.39,2.0,0.0
20120728:1210,548.74,686.86,57.5,17.45,2.55,0.0
20120728:1310,476.43,593.22,55.15,18.51,3.24,0.0
20120728:1410,529.86,657.95,49.41,18.51,3.59,0.0
20120728:1510,356.43,441.41,41.58,18.51,4.0,0.0
20120728:1610,249.7,314.45,32.69,18.51,4.28,0.0
20120728:1710,139.46,185.63,23.4,17.45,4.0,0.0
20120728:1810,59.86,101.69,14.16,17.45,3.59,0.0
20120728:1910,12.19,27.11,5.32,16.92,3.45,0.0
20120728:2010,0.0,0.0,0.0,15.33,3.31,0.0
20120728:2110,0.0,0.0,0.0,14.27,3.31,0.0
20120728:2210,0.0,0.0,0.0,13.74,3.17,0.0
20120728:2310,0.0,0.0,0.0,12.68,3.03,0.0
20120729:0010,0.0,0.0,0.0,12.15,2.97,0.0
20120729:0110,0.0,0.0,0.0,11.61,2.97,0.0
20120729:0210,0.0,0.0,0.0,11.09,3.1,0.0
20120729:0310,0.0,0.0,0.0,11.09,3.1,0.0
20120729:0410,0.0,0.0,0.0,10.55,3.1,0.0
20120729:0510,16.41,32.35,6.31,10.55,2.97,0.0
20120729:0610,64.36,117.36,15.23,11.61,2.9,0.0
20120729:0710,245.87,319.74,24.51,13.21,3.38,0.0
20120729:0810,438.05,534.17,33.77,14.8,3.66,0.0
20120729:0910,419.03,511.58,42.55,15.86,3.72,0.0
20120729:1010,293.29,364.82,50.14,17.45,3.93,0.0
20120729:1110,125.55,166.88,55.48,17.45,4.21,0.0
20120729:1210,109.16,146.48,57.27,15.86,4.62,0.0
20120729:1310,520.91,635.13,54.93,15.86,4.62,0.0
20120729:1410,154.71,200.25,49.2,16.39,4.21,0.0
20120729:1510,142.27,186.35,41.39,17.45,4.9,0.0
20120729:1610,264.09,327.07,32.51,15.86,4.9,0.0
20120729:1710,148.05,194.96,23.23,15.86,4.55,0.0
20120729:1810,50.92,96.11,13.98,16.39,4.07,0.0
20120729:1910,11.73,26.23,5.13,14.8,2.69,0.0
20120729:2010,0.0,0.0,0.0,14.27,2.41,0.0
20120729:2110,0.0,0.0,0.0,13.74,2.83,0.0
20120729:2210,0.0,0.0,0.0,13.21,3.24,0.0
20120729:2310,0.0,0.0,0.0,12.15,3.24,0.0
20120730:0010,0.0,0.0,0.0,11.09,3.1,0.0
20120730:0110,0.0,0.0,0.0,10.55,2.97,0.0
20120730:0210,0.0,0.0,0.0,10.02,2.9,0.0
20120730:0310,0.0,0.0,0.0,9.49,2.9,0.0
20120730:0410,0.0,0.0,0.0,9.49,2.83,0.0
20120730:0510,15.86,31.48,6.12,9.49,2.83,0.0
20120730:0610,63.14,115.8,15.05,10.55,2.55,0.0
20120730:0710,245.39,318.45,24.33,12.68,3.38,0.0
20120730:0810,449.28,545.61,33.59,14.27,3.93,0.0
20120730:0910,553.94,673.89,42.36,15.86,4.34,0.0
20120730:1010,466.6,569.52,49.93,16.39,4.48,0.0
20120730:1110,553.78,678.64,55.25,16.92,4.83,0.0
20120730:1210,788.47,983.61,57.03,17.45,4.97,0.0
20120730:1310,627.73,771.64,54.7,17.45,5.24,0.0
20120730:1410,523.06,638.45,48.99,17.45,5.45,0.0
20120730:1510,450.24,548.93,41.2,17.45,5.31,0.0
20120730:1610,337.01,416.63,32.33,17.45,4.76,0.0
20120730:1710,86.06,120.3,23.04,17.45,4.41,0.0
20120730:1810,51.24,78.92,13.79,16.92,3.93,0.0
20120730:1910,9.87,23.61,4.93,16.39,3.24,0.0
20120730:2010,0.0,0.0,0.0,15.33,2.62,0.0
20120730:2110,0.0,0.0,0.0,14.27,2.76,0.0
20120730:2210,0.0,0.0,0.0,13.74,2.97,0.0
20120730:2310,0.0,0.0,0.0,13.21,2.62,0.0
20120731:0010,0.0,0.0,0.0,13.21,2.07,0.0
20120731:0110,0.0,0.0,0.0,12.68,1.86,0.0
20120731:0210,0.0,0.0,0.0,12.68,1.79,0.0
20120731:0310,0.0,0.0,0.0,12.68,2.14,0.0
20120731:0410,0.0,0.0,0.0,12.15,2.28,0.0
20120731:0510,11.3,25.36,5.94,12.15,2.14,0.0
20120731:0610,29.66,50.06,14.87,12.68,2.48,0.0
20120731:0710,22.44,40.79,24.16,13.21,3.38,0.0
20120731:0810,79.96,111.25,33.41,13.74,3.38,0.0
20120731:0910,146.46,190.06,42.17,15.86,4.55,0.0
20120731:1010,205.5,260.11,49.72,16.92,4.48,0.0
20120731:1110,378.89,467.44,55.02,18.51,5.31,0.0
20120731:1210,109.09,148.34,56.79,19.04,4.97,0.0
20120731:1310,91.36,127.01,54.46,18.51,4.34,0.0
20120731:1410,59.07,88.08,48.77,18.51,4.48,0.0
20120731:1510,250.67,315.11,41.0,18.51,4.21,0.0
20120731:1610,261.62,329.58,32.14,18.51,3.45,0.0
20120731:1710,71.79,103.84,22.85,19.04,3.66,0.0
20120731:1810,8.87,22.25,13.6,18.51,3.24,0.0
20120731:1910,10.39,24.48,4.73,17.45,3.03,0.0
20120731:2010,0.0,0.0,0.0,16.92,2.9,0.0
20120731:2110,0.0,0.0,0.0,15.86,2.9,0.0
20120731:2210,0.0,0.0,0.0,14.8,2.76,0.0
20120731:2310,0.0,0.0,0.0,14.27,2.76,0.0
20120801:0010,0.0,0.0,0.0,13.74,2.76,0.0
20120801:0110,0.0,0.0,0.0,13.21,2.69,0.0
20120801:0210,0.0,0.0,0.0,13.21,2.62,0.0
20120801:0310,0.0,0.0,0.0,12.68,2.34,0.0
20120801:0410,0.0,0.0,0.0,12.68,2.21,0.0
20120801:0510,1.69,9.62,5.75,12.68,2.41,0.0
20120801:0610,69.22,102.92,14.69,14.27,2.69,0.0
20120801:0710,53.54,80.66,23.98,16.39,3.31,0.0
20120801:0810,123.75,165.2,33.23,17.98,3.86,0.0
20120801:0910,168.71,219.69,41.97,19.57,4.0,0.0
20120801:1010,77.39,111.25,49.51,20.63,4.48,0.0
20120801:1110,100.59,139.07,54.78,20.1,3.72,0.0
20120801:1210,175.41,228.07,56.54,19.57,3.45,0.0
20120801:1310,297.57,372.49,54.22,18.51,3.59,0.0
20120801:1410,612.79,763.46,48.55,19.04,4.0,0.0
20120801:1510,276.29,348.01,40.79,20.63,4.9,0.0
20120801:1610,386.09,482.4,31.94,20.63,5.24,0.0
20120801:1710,157.66,211.81,22.66,20.1,5.03,0.0
20120801:1810,55.01,85.76,13.4,19.57,4.55,0.0
20120801:1910,9.21,22.74,4.53,17.98,4.14,0.0
20120801:2010,0.0,0.0,0.0,17.45,3.66,0.0
20120801:2110,0.0,0.0,0.0,16.39,3.66,0.0
20120801:2210,0.0,0.0,0.0,15.86,3.59,0.0
20120801:2310,0.0,0.0,0.0,15.33,3.31,0.0
20120802:0010,0.0,0.0,0.0,14.8,3.03,0.0
20120802:0110,0.0,0.0,0.0,14.27,2.97,0.0
20120802:0210,0.0,0.0,0.0,14.27,2.9,0.0
20120802:0310,0.0,0.0,0.0,14.27,2.9,0.0
20120802:0410,0.0,0.0,0.0,14.27,2.83,0.0
20120802:0510,9.99,23.61,5.55,14.27,2.76,0.0
20120802:0610,68.44,102.68,14.51,14.8,2.48,0.0
20120802:0710,217.96,284.73,23.8,15.86,3.93,0.0
20120802:0810,429.32,527.25,33.04,16.92,4.21,0.0
20120802:0910,498.87,610.15,41.77,17.45,4.55,0.0
20120802:1010,207.21,262.94,49.29,17.98,5.24,0.0
20120802:1110,192.57,247.0,54.54,19.04,5.17,0.0
20120802:1210,303.3,379.03,56.29,19.57,5.38,0.0
20120802:1310,516.98,637.75,53.98,19.57,5.72,0.0
20120802:1410,669.36,828.65,48.32,19.57,5.59,0.0
20120802:1510,299.66,373.35,40.58,19.57,5.52,0.0
20120802:1610,390.81,484.21,31.73,19.04,5.45,0.0
20120802:1710,198.3,268.4,22.46,19.04,5.86,0.0
20120802:1810,37.27,84.28,13.19,17.98,5.31,0.0
20120802:1910,7.01,19.24,4.32,17.45,4.41,0.0
20120802:2010,0.0,0.0,0.0,16.92,4.0,0.0
20120802:2110,0.0,0.0,0.0,15.86,3.59,0.0
20120802:2210,0.0,0.0,0.0,15.86,3.59,0.0
20120802:2310,0.0,0.0,0.0,15.33,3.45,0.0
20120803:0010,0.0,0.0,0.0,14.8,3.38,0.0
20120803:0110,0.0,0.0,0.0,14.27,3.1,0.0
20120803:0210,0.0,0.0,0.0,13.74,2.83,0.0
20120803:0310,0.0,0.0,0.0,13.21,2.76,0.0
20120803:0410,0.0,0.0,0.0,12.68,2.76,0.0
20120803:0510,11.87,26.23,5.36,12.68,2.69,0.0
20120803:0610,59.23,110.18,14.32,13.74,2.62,0.0
20120803:0710,220.19,286.34,23.61,14.8,4.14,0.0
20120803:0810,402.82,493.0,32.85,15.86,4.0,0.0
20120803:0910,524.03,641.96,41.57,16.92,3.93,0.0
20120803:1010,501.81,616.89,49.07,17.45,4.14,0.0
20120803:1110,344.27,427.39,54.3,18.51,4.34,0.0
20120803:1210,777.22,981.06,56.03,19.04,4.48,0.0
20120803:1310,780.42,980.99,53.73,19.04,4.76,0.0
20120803:1410,347.0,430.14,48.09,19.04,4.9,0.0
20120803:1510,576.03,707.87,40.36,19.57,5.59,0.0
20120803:1610,423.64,524.27,31.53,19.04,5.59,0.0
20120803:1710,186.14,250.78,22.25,19.04,5.31,0.0
20120803:1810,43.69,87.08,12.98,17.98,4.41,0.0
20120803:1910,7.55,20.11,4.1,17.45,3.79,0.0
20120803:2010,0.0,0.0,0.0,16.39,3.52,0.0
20120803:2110,0.0,0.0,0.0,14.8,3.38,0.0
20120803:2210,0.0,0.0,0.0,14.27,3.31,0.0
20120803:2310,0.0,0.0,0.0,13.74,3.31,0.0
20120804:0010,0.0,0.0,0.0,13.74,3.17,0.0
20120804:0110,0.0,0.0,0.0,14.27,3.24,0.0
20120804:0210,0.0,0.0,0.0,14.27,2.97,0.0
20120804:0310,0.0,0.0,0.0,14.27,2.9,0.0
20120804:0410,0.0,0.0,0.0,14.27,3.03,0.0
20120804:0510,4.99,15.74,5.16,14.27,3.1,0.0
20120804:0610,54.83,107.76,14.13,14.8,2.9,0.0
20120804:0710,190.84,248.35,23.43,15.86,4.34,0.0
20120804:0810,45.9,71.39,32.66,16.92,4.07,0.0
20120804:0910,425.06,521.9,41.37,17.45,3.93,0.0
20120804:1010,243.26,306.88,48.85,18.51,4.07,0.0
20120804:1110,305.09,381.31,54.05,19.04,4.34,0.0
20120804:1210,427.69,526.99,55.77,18.51,5.1,0.0
20120804:1310,346.38,427.47,53.47,17.98,5.17,0.0
20120804:1410,315.2,391.65,47.85,18.51,4.55,0.0
20120804:1510,373.8,461.82,40.13,19.04,4.69,0.0
20120804:1610,209.43,265.59,31.31,17.98,4.97,0.0
20120804:1710,193.77,261.53,22.04,17.98,4.83,0.0
20120804:1810,44.64,86.65,12.77,17.45,3.93,0.0
20120804:1910,6.46,18.36,3.88,17.45,3.38,0.0
20120804:2010,0.0,0.0,0.0,16.39,3.03,0.0
20120804:2110,0.0,0.0,0.0,15.33,2.69,0.0
20120804:2210,0.0,0.0,0.0,14.27,2.55,0.0
20120804:2310,0.0,0.0,0.0,13.74,2.48,0.0
20120805:0010,0.0,0.0,0.0,13.21,2.34,0.0
20120805:0110,0.0,0.0,0.0,13.21,2.14,0.0
20120805:0210,0.0,0.0,0.0,12.68,2.0,0.0
20120805:0310,0.0,0.0,0.0,12.15,1.86,0.0
20120805:0410,0.0,0.0,0.0,12.68,1.59,0.0
20120805:0510,9.51,22.74,4.96,12.15,1.59,0.0
20120805:0610,67.39,107.68,13.94,13.21,1.31,0.0
20120805:0710,201.79,263.74,23.24,15.33,2.62,0.0
20120805:0810,220.93,278.76,32.47,15.86,2.0,0.0
20120805:0910,61.62,90.86,41.17,16.92,1.66,0.0
20120805:1010,61.68,90.86,48.62,16.92,2.28,0.0
20120805:1110,324.07,404.7,53.8,17.45,2.41,0.0
20120805:1210,768.35,986.63,55.5,17.98,2.62,0.0
20120805:1310,617.47,778.64,53.21,19.04,3.03,0.0
20120805:1410,583.05,729.77,47.61,19.04,3.24,0.0
20120805:1510,450.57,557.59,39.91,18.51,3.38,0.0
20120805:1610,401.15,499.01,31.09,17.98,3.52,0.0
20120805:1710,142.8,191.34,21.82,17.45,3.17,0.0
20120805:1810,51.22,88.52,12.55,16.92,2.97,0.0
20120805:1910,5.93,17.49,3.65,17.45,2.07,0.0
20120805:2010,0.0,0.0,0.0,16.39,2.14,0.0
20120805:2110,0.0,0.0,0.0,15.33,2.21,0.0
20120805:2210,0.0,0.0,0.0,14.27,2.21,0.0
20120805:2310,0.0,0.0,0.0,13.74,2.14,0.0
20120806:0010,0.0,0.0,0.0,13.74,2.0,0.0
20120806:0110,0.0,0.0,0.0,13.21,1.93,0.0
20120806:0210,0.0,0.0,0.0,13.21,2.0,0.0
20120806:0310,0.0,0.0,0.0,12.68,1.93,0.0
20120806:0410,0.0,0.0,0.0,12.15,1.72,0.0
20120806:0510,6.65,18.36,4.76,12.68,1.72,0.0
20120806:0610,54.32,82.18,13.75,13.21,1.93,0.0
20120806:0710,177.28,231.61,23.05,14.8,1.93,0.0
20120806:0810,406.67,502.08,32.28,16.39,2.9,0.0
20120806:0910,442.15,543.04,40.96,17.45,3.79,0.0
20120806:1010,621.38,768.42,48.39,17.98,4.34,0.0
20120806:1110,714.05,893.42,53.54,18.51,4.41,0.0
20120806:1210,323.05,403.41,55.23,19.04,4.07,0.0
20120806:1310,533.3,664.1,52.94,19.57,4.14,0.0
20120806:1410,94.69,131.65,47.36,19.57,3.86,0.0
20120806:1510,71.3,102.91,39.67,18.51,4.76,0.0
20120806:1610,310.34,383.52,30.87,16.92,4.97,0.0
20120806:1710,77.68,110.17,21.6,16.92,3.52,0.0
20120806:1810,29.76,50.99,12.33,16.92,4.0,0.0
20120806:1910,0.0,1.75,3.42,16.39,3.1,0.0
20120806:2010,0.0,0.0,0.0,15.86,3.17,0.0
20120806:2110,0.0,0.0,0.0,15.33,3.52,0.0
20120806:2210,0.0,0.0,0.0,14.8,3.72,0.0
20120806:2310,0.0,0.0,0.0,13.74,3.52,0.0
20120807:0010,0.0,0.0,0.0,13.74,3.17,0.0
20120807:0110,0.0,0.0,0.0,13.21,3.03,0.0
20120807:0210,0.0,0.0,0.0,12.68,2.83,0.0
20120807:0310,0.0,0.0,0.0,12.15,2.55,0.0
20120807:0410,0.0,0.0,0.0,11.61,2.62,0.0
20120807:0510,8.99,21.86,4.56,11.09,2.69,0.0
20120807:0610,57.38,86.34,13.56,12.15,2.41,0.0
20120807:0710,55.0,81.59,22.86,13.74,2.97,0.0
20120807:0810,77.24,108.47,32.08,14.8,3.86,0.0
20120807:0910,235.62,294.09,40.75,16.39,4.69,0.0
20120807:1010,277.98,345.66,48.16,17.45,4.69,0.0
20120807:1110,381.26,469.28,53.28,17.45,4.48,0.0
20120807:1210,459.39,564.89,54.95,17.45,4.34,0.0
20120807:1310,278.35,346.91,52.67,17.45,4.21,0.0
20120807:1410,84.61,118.67,47.1,17.98,4.48,0.0
20120807:1510,410.1,504.36,39.43,18.51,4.62,0.0
20120807:1610,93.94,129.79,30.64,17.98,4.41,0.0
20120807:1710,103.64,142.04,21.37,17.45,4.07,0.0
20120807:1810,42.03,67.52,12.1,17.45,3.45,0.0
20120807:1910,3.45,13.12,3.18,15.86,2.97,0.0
20120807:2010,0.0,0.0,0.0,15.86,2.97,0.0
20120807:2110,0.0,0.0,0.0,15.33,2.83,0.0
20120807:2210,0.0,0.0,0.0,15.33,2.83,0.0
20120807:2310,0.0,0.0,0.0,15.33,2.83,0.0
20120808:0010,0.0,0.0,0.0,15.33,2.97,0.0
20120808:0110,0.0,0.0,0.0,15.33,3.03,0.0
20120808:0210,0.0,0.0,0.0,15.86,3.1,0.0
20120808:0310,0.0,0.0,0.0,15.86,3.1,0.0
20120808:0410,0.0,0.0,0.0,15.86,2.97,0.0
20120808:0510,6.53,18.36,4.36,15.86,2.76,0.0
20120808:0610,32.79,54.7,13.36,15.86,2.76,0.0
20120808:0710,115.15,155.74,22.66,16.92,2.0,0.0
20120808:0810,166.2,215.6,31.88,17.45,2.14,0.0
20120808:0910,327.08,409.01,40.53,18.51,2.41,0.0
20120808:1010,493.43,622.03,47.92,19.57,2.21,0.0
20120808:1110,501.52,635.94,53.02,20.1,2.14,0.0
20120808:1210,211.35,273.89,54.67,21.16,2.41,0.0
20120808:1310,169.47,223.43,52.39,21.69,2.83,0.0
20120808:1410,221.08,285.4,46.84,21.69,3.1,0.0
20120808:1510,74.6,108.47,39.18,21.69,3.31,0.0
20120808:1610,244.07,312.74,30.4,21.16,3.1,0.0
20120808:1710,161.5,221.58,21.14,21.16,2.9,0.0
20120808:1810,44.62,82.12,11.86,20.63,2.0,0.0
20120808:1910,3.34,13.12,2.94,20.63,1.03,0.0
20120808:2010,0.0,0.0,0.0,18.51,1.17,0.0
20120808:2110,0.0,0.0,0.0,17.98,1.1,0.0
20120808:2210,0.0,0.0,0.0,17.45,1.03,0.0
20120808:2310,0.0,0.0,0.0,16.92,1.1,0.0
20120809:0010,0.0,0.0,0.0,16.92,0.97,0.0
20120809:0110,0.0,0.0,0.0,16.39,0.76,0.0
20120809:0210,0.0,0.0,0.0,16.39,0.76,0.0
20120809:0310,0.0,0.0,0.0,15.33,1.03,0.0
20120809:0410,0.0,0.0,0.0,14.8,1.1,0.0
20120809:0510,7.13,19.24,4.15,14.27,1.24,0.0
20120809:0610,52.88,102.17,13.16,15.33,0.83,0.0
20120809:0710,225.74,302.48,22.46,15.86,0.69,0.0
20120809:0810,418.54,528.77,31.68,16.92,0.69,0.0
20120809:0910,569.62,733.06,40.31,18.51,0.62,0.0
20120809:1010,672.15,893.53,47.68,20.63,0.62,0.0
20120809:1110,570.45,747.46,52.75,21.16,0.76,0.0
20120809:1210,646.11,854.49,54.39,22.22,1.24,0.0
20120809:1310,536.21,692.54,52.11,22.22,1.72,0.0
20120809:1410,588.81,764.29,46.57,22.75,1.79,0.0
20120809:1510,415.79,532.69,38.93,23.28,1.86,0.0
20120809:1610,361.13,466.03,30.16,23.28,1.93,0.0
20120809:1710,153.37,213.46,20.9,23.28,2.0,0.0
20120809:1810,40.86,67.99,11.62,22.22,1.72,0.0
20120809:1910,2.42,11.37,2.69,21.16,1.31,0.0
20120809:2010,0.0,0.0,0.0,19.04,1.24,0.0
20120809:2110,0.0,0.0,0.0,17.45,1.03,0.0
20120809:2210,0.0,0.0,0.0,17.45,0.97,0.0
20120809:2310,0.0,0.0,0.0,15.86,1.1,0.0
20120810:0010,0.0,0.0,0.0,15.33,1.17,0.0
20120810:0110,0.0,0.0,0.0,14.27,1.31,0.0
20120810:0210,0.0,0.0,0.0,13.74,1.24,0.0
20120810:0310,0.0,0.0,0.0,13.21,1.1,0.0
20120810:0410,0.0,0.0,0.0,13.21,0.97,0.0
20120810:0510,6.63,18.36,3.94,13.21,0.62,0.0
20120810:0610,56.3,101.44,12.96,13.74,0.34,0.0
20120810:0710,203.52,272.77,22.27,16.92,0.28,0.0
20120810:0810,408.69,522.05,31.47,18.51,0.41,0.0
20120810:0910,548.21,713.49,40.1,20.1,0.34,0.0
20120810:1010,641.41,864.09,47.43,21.69,0.14,0.0
20120810:1110,622.97,842.16,52.48,22.75,0.21,0.0
20120810:1210,637.2,861.01,54.1,23.28,0.48,0.0
20120810:1310,456.64,600.53,51.82,23.81,0.48,0.0
20120810:1410,445.31,581.97,46.3,23.81,0.69,0.0
20120810:1510,371.55,480.81,38.68,23.81,1.03,0.0
20120810:1610,274.98,358.11,29.91,23.81,1.45,0.0
20120810:1710,154.12,215.54,20.66,23.81,1.93,0.0
20120810:1810,44.9,78.39,11.37,22.75,2.14,0.0
20120810:1910,1.17,8.74,2.44,21.69,1.86,0.0
20120810:2010,0.0,0.0,0.0,20.1,2.28,0.0
20120810:2110,0.0,0.0,0.0,19.04,2.28,0.0
20120810:2210,0.0,0.0,0.0,17.45,2.07,0.0
20120810:2310,0.0,0.0,0.0,17.45,1.86,0.0
20120811:0010,0.0,0.0,0.0,16.39,1.79,0.0
20120811:0110,0.0,0.0,0.0,15.33,1.93,0.0
20120811:0210,0.0,0.0,0.0,14.8,2.21,0.0
20120811:0310,0.0,0.0,0.0,14.8,2.28,0.0
20120811:0410,0.0,0.0,0.0,14.8,2.21,0.0
20120811:0510,5.51,16.61,3.73,14.27,2.21,0.0
20120811:0610,56.79,100.83,12.76,14.8,2.0,0.0
20120811:0710,220.35,293.47,22.07,16.92,2.69,0.0
20120811:0810,421.64,523.78,31.27,17.98,3.1,0.0
20120811:0910,583.69,726.65,39.87,19.57,3.72,0.0
20120811:1010,701.89,880.04,47.19,20.1,4.55,0.0
20120811:1110,758.34,960.39,52.2,21.16,4.97,0.0
20120811:1210,749.06,949.82,53.8,21.69,5.17,0.0
20120811:1310,680.38,858.41,51.53,21.69,4.97,0.0
20120811:1410,433.83,541.69,46.02,21.69,4.83,0.0
20120811:1510,410.57,510.2,38.42,21.16,5.03,0.0
20120811:1610,258.58,326.72,29.66,20.1,5.17,0.0
20120811:1710,136.41,185.34,20.41,19.04,5.03,0.0
20120811:1810,44.58,75.47,11.12,18.51,4.28,0.0
20120811:1910,0.0,0.0,0.0,17.45,3.93,0.0
20120811:2010,0.0,0.0,0.0,16.39,3.86,0.0
20120811:2110,0.0,0.0,0.0,15.86,3.79,0.0
20120811:2210,0.0,0.0,0.0,15.86,3.52,0.0
20120811:2310,0.0,0.0,0.0,15.86,3.24,0.0
20120812:0010,0.0,0.0,0.0,15.33,3.1,0.0
20120812:0110,0.0,0.0,0.0,15.33,3.17,0.0
20120812:0210,0.0,0.0,0.0,15.33,3.24,0.0
20120812:0310,0.0,0.0,0.0,15.33,3.24,0.0
20120812:0410,0.0,0.0,0.0,14.8,2.97,0.0
20120812:0510,2.1,10.49,3.52,14.27,2.9,0.0
20120812:0610,56.31,98.28,12.56,15.33,2.69,0.0
20120812:0710,213.46,283.4,21.87,16.92,3.1,0.0
20120812:0810,344.54,429.82,31.06,18.51,3.1,0.0
20120812:0910,440.54,549.68,39.65,20.1,3.24,0.0
20120812:1010,421.79,530.93,46.94,21.16,3.03,0.0
20120812:1110,678.37,874.36,51.92,22.22,3.1,0.0
20120812:1210,783.13,1029.13,53.51,23.28,3.1,0.0
20120812:1310,522.8,668.17,51.23,23.81,3.38,0.0
20120812:1410,601.35,771.88,45.74,23.81,3.24,0.0
20120812:1510,356.94,455.05,38.15,23.81,2.97,0.0
20120812:1610,365.67,469.78,29.4,23.81,3.03,0.0
20120812:1710,90.65,129.5,20.16,22.75,2.9,0.0
20120812:1810,33.74,70.66,10.87,21.69,2.9,0.0
20120812:1910,0.0,0.0,0.0,20.1,2.9,0.0
20120812:2010,0.0,0.0,0.0,18.51,2.76,0.0
20120812:2110,0.0,0.0,0.0,17.45,2.48,0.0
20120812:2210,0.0,0.0,0.0,16.92,2.41,0.0
20120812:2310,0.0,0.0,0.0,15.86,2.28,0.0
20120813:0010,0.0,0.0,0.0,15.33,2.21,0.0
20120813:0110,0.0,0.0,0.0,14.8,2.28,0.0
20120813:0210,0.0,0.0,0.0,14.8,2.14,0.0
20120813:0310,0.0,0.0,0.0,14.8,2.07,0.0
20120813:0410,0.0,0.0,0.0,14.27,1.86,0.0
20120813:0510,1.66,9.62,3.3,14.27,1.86,0.0
20120813:0610,57.33,94.42,12.35,15.33,1.79,0.0
20120813:0710,137.2,183.23,21.66,16.92,2.41,0.0
20120813:0810,196.62,251.04,30.85,17.98,3.66,0.0
20120813:0910,330.41,410.2,39.42,19.04,4.28,0.0
20120813:1010,387.63,480.76,46.69,19.57,4.48,0.0
20120813:1110,450.82,559.48,51.64,19.57,4.34,0.0
20120813:1210,447.92,556.62,53.2,19.57,4.21,0.0
20120813:1310,181.22,235.0,50.93,20.1,4.41,0.0
20120813:1410,128.65,172.44,45.46,20.1,4.41,0.0
20120813:1510,159.43,209.1,37.88,20.1,4.0,0.0
20120813:1610,36.42,60.26,29.14,20.1,4.41,0.0
20120813:1710,56.46,85.29,19.9,19.57,3.86,0.0
20120813:1810,5.95,17.62,10.61,19.04,3.66,0.0
20120813:1910,0.0,0.0,0.0,17.98,3.1,0.0
20120813:2010,0.0,0.0,0.0,17.45,2.97,0.0
20120813:2110,0.0,0.0,0.0,17.45,2.9,0.0
20120813:2210,0.0,0.0,0.0,16.92,2.76,0.0
20120813:2310,0.0,0.0,0.0,16.92,2.48,0.0
20120814:0010,0.0,0.0,0.0,16.39,2.41,0.0
20120814:0110,0.0,0.0,0.0,15.86,2.34,0.0
20120814:0210,0.0,0.0,0.0,16.39,2.34,0.0
20120814:0310,0.0,0.0,0.0,16.39,2.21,0.0
20120814:0410,0.0,0.0,0.0,16.39,2.21,0.0
20120814:0510,0.47,7.0,3.09,16.92,2.21,0.0
20120814:0610,3.35,12.98,12.14,16.92,2.0,0.0
20120814:0710,121.67,164.28,21.46,17.45,2.55,0.0
20120814:0810,321.59,400.96,30.64,17.45,2.55,0.0
20120814:0910,444.42,552.08,39.19,18.51,2.76,0.0
20120814:1010,482.05,602.58,46.43,20.1,3.38,0.0
20120814:1110,334.43,422.58,51.35,21.69,3.72,0.0
20120814:1210,704.86,905.25,52.9,22.22,3.72,0.0
20120814:1310,575.97,731.77,50.63,22.22,3.52,0.0
20120814:1410,535.05,679.79,45.16,22.75,3.24,0.0
20120814:1510,268.79,343.89,37.6,22.75,3.24,0.0
20120814:1610,332.54,425.15,28.88,22.75,3.17,0.0
20120814:1710,179.81,256.2,19.64,22.22,3.03,0.0
20120814:1810,38.97,70.04,10.34,21.16,2.55,0.0
20120814:1910,0.0,0.0,0.0,20.1,2.41,0.0
20120814:2010,0.0,0.0,0.0,18.51,2.28,0.0
20120814:2110,0.0,0.0,0.0,17.45,2.07,0.0
20120814:2210,0.0,0.0,0.0,17.45,2.21,0.0
20120814:2310,0.0,0.0,0.0,16.92,2.69,0.0
20120815:0010,0.0,0.0,0.0,16.92,2.83,0.0
20120815:0110,0.0,0.0,0.0,16.92,2.9,0.0
20120815:0210,0.0,0.0,0.0,16.92,3.17,0.0
20120815:0310,0.0,0.0,0.0,17.45,3.38,0.0
20120815:0410,0.0,0.0,0.0,17.45,3.52,0.0
20120815:0510,0.0,2.62,2.87,17.45,3.72,0.0
20120815:0610,31.96,54.18,11.94,17.45,4.07,0.0
20120815:0710,11.28,25.96,21.25,19.04,4.41,0.0
20120815:0810,47.3,74.17,30.42,20.63,5.31,0.0
20120815:0910,97.73,136.28,38.96,21.69,5.52,0.0
20120815:1010,63.24,94.56,46.17,22.22,5.17,0.0
20120815:1110,82.85,118.67,51.06,22.22,4.48,0.0
20120815:1210,82.71,117.74,52.59,20.63,4.14,0.0
20120815:1310,260.57,331.13,50.32,21.16,4.34,0.0
20120815:1410,62.83,93.64,44.87,21.16,5.17,0.0
20120815:1510,51.3,78.8,37.32,19.57,6.0,0.0
20120815:1610,82.95,116.82,28.61,18.51,5.79,0.0
20120815:1710,150.86,206.39,19.37,19.04,6.07,0.0
20120815:1810,27.34,61.61,10.08,19.04,5.24,0.0
20120815:1910,0.0,0.0,0.0,17.45,4.76,0.0
20120815:2010,0.0,0.0,0.0,17.45,4.28,0.0
20120815:2110,0.0,0.0,0.0,16.92,4.69,0.0
20120815:2210,0.0,0.0,0.0,16.92,5.24,0.0
20120815:2310,0.0,0.0,0.0,16.92,5.45,0.0
20120816:0010,0.0,0.0,0.0,16.92,5.31,0.0
20120816:0110,0.0,0.0,0.0,16.92,4.9,0.0
20120816:0210,0.0,0.0,0.0,16.39,4.55,0.0
20120816:0310,0.0,0.0,0.0,16.39,4.28,0.0
20120816:0410,0.0,0.0,0.0,15.86,4.14,0.0
20120816:0510,2.07,10.49,2.65,15.86,3.86,0.0
20120816:0610,53.91,89.88,11.73,16.39,4.07,0.0
20120816:0710,191.18,251.85,21.04,16.92,5.79,0.0
20120816:0810,286.53,354.86,30.21,17.45,5.31,0.0
20120816:0910,217.6,274.43,38.73,17.98,5.52,0.0
20120816:1010,258.88,324.91,45.91,19.57,6.21,0.0
20120816:1110,425.12,524.73,50.77,20.1,6.21,0.0
20120816:1210,189.67,244.31,52.27,20.1,6.14,0.0
20120816:1310,380.89,472.59,50.0,20.63,6.07,0.0
20120816:1410,304.5,380.23,44.57,20.1,5.45,0.0
20120816:1510,254.31,321.16,37.04,20.63,5.24,0.0
20120816:1610,256.27,325.29,28.33,20.63,4.69,0.0
20120816:1710,114.04,158.37,19.1,20.1,4.0,0.0
20120816:1810,25.85,46.66,9.8,19.04,3.17,0.0
20120816:1910,0.0,0.0,0.0,18.51,2.76,0.0
20120816:2010,0.0,0.0,0.0,17.45,2.41,0.0
20120816:2110,0.0,0.0,0.0,17.45,2.76,0.0
20120816:2210,0.0,0.0,0.0,17.45,3.38,0.0
20120816:2310,0.0,0.0,0.0,17.45,3.93,0.0
20120817:0010,0.0,0.0,0.0,17.45,4.41,0.0
20120817:0110,0.0,0.0,0.0,17.45,5.03,0.0
20120817:0210,0.0,0.0,0.0,17.98,5.38,0.0
20120817:0310,0.0,0.0,0.0,18.51,5.52,0.0
20120817:0410,0.0,0.0,0.0,18.51,5.24,0.0
20120817:0510,0.0,0.0,0.0,17.98,4.55,0.0
20120817:0610,38.16,62.82,11.51,17.45,4.28,0.0
20120817:0710,146.01,195.15,20.83,17.98,3.93,0.0
20120817:0810,236.64,298.57,29.99,19.04,5.03,0.0
20120817:0910,266.28,334.4,38.49,20.1,5.45,0.0
20120817:1010,418.92,517.84,45.65,21.16,6.83,0.0
20120817:1110,603.59,751.57,50.47,22.22,6.76,0.0
20120817:1210,836.96,1060.69,51.96,22.75,6.69,0.0
20120817:1310,756.99,959.68,49.69,23.81,6.41,0.0
20120817:1410,696.13,881.04,44.26,23.81,5.52,0.0
20120817:1510,548.83,691.48,36.74,24.34,5.1,0.0
20120817:1610,354.39,453.84,28.05,24.34,4.41,0.0
20120817:1710,171.93,249.11,18.82,24.34,3.52,0.0
20120817:1810,26.22,58.4,9.52,23.28,2.62,0.0
20120817:1910,0.0,0.0,0.0,22.22,2.97,0.0
20120817:2010,0.0,0.0,0.0,21.16,3.03,0.0
20120817:2110,0.0,0.0,0.0,20.63,3.24,0.0
20120817:2210,0.0,0.0,0.0,20.63,3.86,0.0
20120817:2310,0.0,0.0,0.0,20.63,3.93,0.0
20120818:0010,0.0,0.0,0.0,20.63,3.72,0.0
20120818:0110,0.0,0.0,0.0,20.63,3.86,0.0
20120818:0210,0.0,0.0,0.0,20.63,3.86,0.0
20120818:0310,0.0,0.0,0.0,19.57,3.52,0.0
20120818:0410,0.0,0.0,0.0,19.04,3.17,0.0
20120818:0510,0.0,0.0,0.0,17.98,2.76,0.0
20120818:0610,49.18,81.93,11.3,17.98,2.21,0.0
20120818:0710,216.69,294.74,20.62,19.57,2.21,0.0
20120818:0810,418.44,531.86,29.77,21.69,2.41,0.0
20120818:0910,574.91,734.85,38.25,23.28,2.83,0.0
20120818:1010,682.34,886.45,45.38,24.34,3.1,0.0
20120818:1110,755.33,993.43,50.18,25.4,3.52,0.0
20120818:1210,796.22,1059.68,51.63,26.46,3.52,0.0
20120818:1310,655.63,861.21,49.36,26.99,3.38,0.0
20120818:1410,674.18,884.23,43.95,26.99,3.31,0.0
20120818:1510,526.42,684.39,36.45,27.52,2.97,0.0
20120818:1610,374.18,490.45,27.76,26.99,2.62,0.0
20120818:1710,169.35,250.09,18.54,26.46,2.34,0.0
20120818:1810,23.03,54.79,9.24,25.4,2.0,0.0
20120818:1910,0.0,0.0,0.0,24.34,1.66,0.0
20120818:2010,0.0,0.0,0.0,22.75,1.79,0.0
20120818:2110,0.0,0.0,0.0,20.63,1.72,0.0
20120818:2210,0.0,0.0,0.0,19.57,1.86,0.0
20120818:2310,0.0,0.0,0.0,18.51,2.0,0.0
20120819:0010,0.0,0.0,0.0,17.98,2.14,0.0
20120819:0110,0.0,0.0,0.0,17.45,2.28,0.0
20120819:0210,0.0,0.0,0.0,17.45,2.34,0.0
20120819:0310,0.0,0.0,0.0,17.45,2.28,0.0
20120819:0410,0.0,0.0,0.0,17.45,2.28,0.0
20120819:0510,0.0,0.0,0.0,17.45,2.14,0.0
20120819:0610,43.51,88.67,11.09,17.45,2.07,0.0
20120819:0710,214.05,292.0,20.41,20.1,2.07,0.0
20120819:0810,379.95,486.06,29.55,22.22,1.86,0.0
20120819:0910,550.62,714.5,38.01,23.81,1.66,0.0
20120819:1010,264.36,345.95,45.11,25.4,1.66,0.0
20120819:1110,111.83,157.61,49.87,26.99,2.21,0.0
20120819:1210,82.68,121.45,51.31,27.52,2.62,0.0
20120819:1310,698.09,937.34,49.04,28.05,2.55,0.0
20120819:1410,627.78,826.6,43.64,28.05,3.1,0.0
20120819:1510,455.16,587.74,36.15,28.05,3.86,0.0
20120819:1610,374.67,487.55,27.48,26.99,3.86,0.0
20120819:1710,164.6,241.8,18.25,26.46,4.0,0.0
20120819:1810,22.16,52.77,8.95,25.4,3.66,0.0
20120819:1910,0.0,0.0,0.0,23.81,2.97,0.0
20120819:2010,0.0,0.0,0.0,22.75,2.83,0.0
20120819:2110,0.0,0.0,0.0,21.69,2.83,0.0
20120819:2210,0.0,0.0,0.0,20.1,2.69,0.0
20120819:2310,0.0,0.0,0.0,19.04,2.48,0.0
20120820:0010,0.0,0.0,0.0,17.98,2.14,0.0
20120820:0110,0.0,0.0,0.0,17.45,1.72,0.0
20120820:0210,0.0,0.0,0.0,16.92,1.66,0.0
20120820:0310,0.0,0.0,0.0,15.86,1.66,0.0
20120820:0410,0.0,0.0,0.0,15.86,1.59,0.0
20120820:0510,0.0,0.0,0.0,15.33,1.59,0.0
20120820:0610,22.05,40.79,10.87,16.39,1.59,0.0
20120820:0710,131.76,177.65,20.19,17.45,2.21,0.0
20120820:0810,251.18,316.65,29.32,18.51,3.24,0.0
20120820:0910,51.96,79.73,37.77,19.57,3.72,0.0
20120820:1010,227.48,290.73,44.84,20.63,4.07,0.0
20120820:1110,88.08,124.23,49.57,20.63,4.21,0.0
20120820:1210,153.89,203.04,50.98,20.63,4.21,0.0
20120820:1310,757.91,967.97,48.71,21.69,4.28,0.0
20120820:1410,535.63,672.53,43.32,22.22,4.34,0.0
20120820:1510,509.09,638.04,35.85,22.22,4.14,0.0
20120820:1610,251.01,323.22,27.18,22.75,3.72,0.0
20120820:1710,102.91,146.22,17.97,22.22,3.38,0.0
20120820:1810,25.46,53.61,8.66,21.69,2.28,0.0
20120820:1910,0.0,0.0,0.0,20.63,1.79,0.0
20120820:2010,0.0,0.0,0.0,19.04,1.86,0.0
20120820:2110,0.0,0.0,0.0,17.45,2.0,0.0
20120820:2210,0.0,0.0,0.0,16.92,1.86,0.0
20120820:2310,0.0,0.0,0.0,16.39,1.66,0.0
20120821:0010,0.0,0.0,0.0,15.86,1.52,0.0
20120821:0110,0.0,0.0,0.0,15.86,1.59,0.0
20120821:0210,0.0,0.0,0.0,15.33,1.59,0.0
20120821:0310,0.0,0.0,0.0,15.33,1.45,0.0
20120821:0410,0.0,0.0,0.0,15.33,1.03,0.0
20120821:0510,0.0,0.0,0.0,14.8,1.17,0.0
20120821:0610,6.08,17.62,10.66,15.33,0.83,0.0
20120821:0710,87.87,123.1,19.98,16.92,1.1,0.0
20120821:0810,286.24,360.1,29.1,17.45,1.52,0.0
20120821:0910,240.63,305.68,37.53,18.51,1.72,0.0
20120821:1010,246.0,313.63,44.56,19.04,1.59,0.0
20120821:1110,633.95,815.16,49.26,20.63,2.21,0.0
20120821:1210,312.46,396.4,50.65,21.16,2.76,0.0
20120821:1310,114.36,156.68,48.37,21.69,3.52,0.0
20120821:1410,173.65,226.72,43.0,20.63,3.79,0.0
20120821:1510,93.64,130.72,35.54,20.1,3.66,0.0
20120821:1610,60.19,89.93,26.88,19.57,3.31,0.0
20120821:1710,153.12,216.21,17.67,19.04,2.9,0.0
20120821:1810,18.64,46.09,8.37,18.51,2.76,0.0
20120821:1910,0.0,0.0,0.0,17.98,3.79,0.0
20120821:2010,0.0,0.0,0.0,17.45,3.45,0.0
20120821:2110,0.0,0.0,0.0,16.39,3.38,0.0
20120821:2210,0.0,0.0,0.0,16.39,3.52,0.0
20120821:2310,0.0,0.0,0.0,15.33,3.66,0.0
20120822:0010,0.0,0.0,0.0,14.8,3.72,0.0
20120822:0110,0.0,0.0,0.0,14.27,3.72,0.0
20120822:0210,0.0,0.0,0.0,13.74,3.79,0.0
20120822:0310,0.0,0.0,0.0,13.21,3.72,0.0
20120822:0410,0.0,0.0,0.0,12.68,3.59,0.0
20120822:0510,0.0,0.0,0.0,12.68,3.38,0.0
20120822:0610,46.52,82.34,10.44,12.68,3.1,0.0
20120822:0710,100.92,137.0,19.76,14.27,3.72,0.0
20120822:0810,230.08,287.04,28.87,16.39,5.45,0.0
20120822:0910,359.37,440.03,37.28,17.45,4.97,0.0
20120822:1010,468.24,572.54,44.28,17.98,5.24,0.0
20120822:1110,389.02,479.69,48.95,19.04,5.45,0.0
20120822:1210,650.86,808.1,50.31,19.57,5.45,0.0
20120822:1310,448.91,553.33,48.03,19.57,5.52,0.0
20120822:1410,363.5,449.17,42.67,19.57,5.52,0.0
20120822:1510,452.26,556.43,35.23,20.1,5.66,0.0
20120822:1610,247.75,314.03,26.58,20.1,5.31,0.0
20120822:1710,107.33,150.7,17.37,19.57,4.62,0.0
20120822:1810,27.06,49.73,8.07,18.51,3.79,0.0
20120822:1910,0.0,0.0,0.0,17.45,3.59,0.0
20120822:2010,0.0,0.0,0.0,16.92,3.38,0.0
20120822:2110,0.0,0.0,0.0,15.86,3.24,0.0
20120822:2210,0.0,0.0,0.0,14.8,2.9,0.0
20120822:2310,0.0,0.0,0.0,13.74,2.69,0.0
20120823:0010,0.0,0.0,0.0,13.21,2.62,0.0
20120823:0110,0.0,0.0,0.0,12.68,2.55,0.0
20120823:0210,0.0,0.0,0.0,12.15,2.48,0.0
20120823:0310,0.0,0.0,0.0,12.15,2.55,0.0
20120823:0410,0.0,0.0,0.0,12.15,2.41,0.0
20120823:0510,0.0,0.0,0.0,11.61,2.14,0.0
20120823:0610,38.99,63.87,10.22,12.15,2.0,0.0
20120823:0710,184.25,241.65,19.54,13.74,3.24,0.0
20120823:0810,325.64,399.69,28.64,14.8,3.03,0.0
20120823:0910,551.67,681.32,37.03,16.39,2.62,0.0
20120823:1010,594.62,743.04,44.0,17.45,2.62,0.0
20120823:1110,593.27,748.85,48.63,18.51,2.41,0.0
20120823:1210,597.49,755.19,49.98,19.04,2.62,0.0
20120823:1310,353.66,442.53,47.69,19.04,2.69,0.0
20120823:1410,265.66,335.67,42.34,19.04,2.48,0.0
20120823:1510,388.14,484.76,34.91,19.04,2.28,0.0
20120823:1610,122.82,165.41,26.28,19.04,2.14,0.0
20120823:1710,52.8,80.7,17.07,18.51,1.86,0.0
20120823:1810,25.11,46.75,7.76,17.45,1.93,0.0
20120823:1910,0.0,0.0,0.0,17.45,1.93,0.0
20120823:2010,0.0,0.0,0.0,16.92,1.72,0.0
20120823:2110,0.0,0.0,0.0,15.86,1.66,0.0
20120823:2210,0.0,0.0,0.0,15.33,1.59,0.0
20120823:2310,0.0,0.0,0.0,14.27,1.38,0.0
20120824:0010,0.0,0.0,0.0,13.74,1.59,0.0
20120824:0110,0.0,0.0,0.0,13.21,1.45,0.0
20120824:0210,0.0,0.0,0.0,12.68,1.31,0.0
20120824:0310,0.0,0.0,0.0,12.68,1.52,0.0
20120824:0410,0.0,0.0,0.0,12.68,1.66,0.0
20120824:0510,0.0,0.0,0.0,12.15,1.86,0.0
20120824:0610,3.97,13.91,10.0,12.68,1.79,0.0
20120824:0710,127.16,169.7,19.32,14.27,2.41,0.0
20120824:0810,163.08,209.95,28.41,15.86,2.76,0.0
20120824:0910,370.19,455.14,36.78,16.39,2.83,0.0
20120824:1010,355.36,441.1,43.72,17.98,2.97,0.0
20120824:1110,436.88,541.07,48.31,19.04,4.07,0.0
20120824:1210,257.72,324.91,49.63,19.57,4.76,0.0
20120824:1310,276.5,346.9,47.35,19.57,4.9,0.0
20120824:1410,446.0,551.11,42.01,20.1,5.03,0.0
20120824:1510,168.67,219.17,34.59,19.57,4.55,0.0
20120824:1610,29.58,50.99,25.97,17.98,3.17,0.0
20120824:1710,82.41,117.54,16.77,17.45,3.38,0.0
20120824:1810,10.79,25.03,7.46,16.92,3.72,0.0
20120824:1910,0.0,0.0,0.0,16.39,3.45,0.0
20120824:2010,0.0,0.0,0.0,16.39,3.59,0.0
20120824:2110,0.0,0.0,0.0,16.39,3.66,0.0
20120824:2210,0.0,0.0,0.0,16.39,3.45,0.0
20120824:2310,0.0,0.0,0.0,16.39,3.45,0.0
20120825:0010,0.0,0.0,0.0,16.39,4.07,0.0
20120825:0110,0.0,0.0,0.0,16.39,3.52,0.0
20120825:0210,0.0,0.0,0.0,15.33,3.52,0.0
20120825:0310,0.0,0.0,0.0,15.33,3.38,0.0
20120825:0410,0.0,0.0,0.0,15.33,3.31,0.0
20120825:0510,0.0,0.0,0.0,15.33,3.31,0.0
20120825:0610,18.08,35.23,9.78,15.33,3.52,0.0
20120825:0710,100.65,137.85,19.1,15.86,3.45,0.0
20120825:0810,251.38,314.14,28.18,16.92,3.59,0.0
20120825:0910,472.6,579.72,36.52,17.45,3.72,0.0
20120825:1010,240.36,303.02,43.43,18.51,4.07,0.0
20120825:1110,355.79,440.41,47.99,18.51,4.34,0.0
20120825:1210,52.88,80.66,49.29,19.04,4.34,0.0
20120825:1310,424.71,521.88,47.0,17.98,4.55,0.0
20120825:1410,503.07,618.86,41.67,19.04,4.9,0.0
20120825:1510,46.31,72.31,34.27,18.51,5.1,0.0
20120825:1610,15.84,32.45,25.65,17.98,5.24,0.0
20120825:1710,150.42,214.17,16.46,17.45,4.55,0.0
20120825:1810,18.3,40.09,7.15,17.45,3.93,0.0
20120825:1910,0.0,0.0,0.0,16.39,3.79,0.0
20120825:2010,0.0,0.0,0.0,15.86,4.48,0.0
20120825:2110,0.0,0.0,0.0,15.86,4.83,0.0
20120825:2210,0.0,0.0,0.0,15.33,4.97,0.0
20120825:2310,0.0,0.0,0.0,14.8,5.24,0.0
20120826:0010,0.0,0.0,0.0,14.8,5.52,0.0
20120826:0110,0.0,0.0,0.0,14.8,5.45,0.0
20120826:0210,0.0,0.0,0.0,14.8,5.31,0.0
20120826:0310,0.0,0.0,0.0,14.8,4.9,0.0
20120826:0410,0.0,0.0,0.0,14.27,4.83,0.0
20120826:0510,0.0,0.0,0.0,13.74,4.28,0.0
20120826:0610,41.05,70.83,9.55,13.21,4.0,0.0
20120826:0710,215.4,285.07,18.87,14.27,3.79,0.0
20120826:0810,420.45,510.29,27.94,15.33,5.03,0.0
20120826:0910,517.33,629.33,36.27,16.92,4.76,0.0
20120826:1010,510.47,625.3,43.15,17.45,4.41,0.0
20120826:1110,435.48,536.47,47.67,17.98,4.07,0.0
20120826:1210,696.01,873.25,48.94,18.51,3.93,0.0
20120826:1310,391.17,485.41,46.65,19.04,3.79,0.0
20120826:1410,449.81,557.74,41.33,19.57,3.86,0.0
20120826:1510,343.44,426.93,33.94,19.57,3.86,0.0
20120826:1610,194.41,250.57,25.34,19.57,3.93,0.0
20120826:1710,41.82,66.75,16.14,18.51,3.45,0.0
20120826:1810,16.9,34.31,6.83,17.98,2.62,0.0
20120826:1910,0.0,0.0,0.0,17.45,2.28,0.0
20120826:2010,0.0,0.0,0.0,16.39,2.41,0.0
20120826:2110,0.0,0.0,0.0,15.33,2.28,0.0
20120826:2210,0.0,0.0,0.0,14.27,2.14,0.0
20120826:2310,0.0,0.0,0.0,13.21,2.21,0.0
20120827:0010,0.0,0.0,0.0,12.68,2.21,0.0
20120827:0110,0.0,0.0,0.0,12.68,2.21,0.0
20120827:0210,0.0,0.0,0.0,12.15,2.41,0.0
20120827:0310,0.0,0.0,0.0,12.15,2.48,0.0
20120827:0410,0.0,0.0,0.0,11.61,2.48,0.0
20120827:0510,0.0,0.0,0.0,11.61,2.48,0.0
20120827:0610,39.94,75.06,9.33,12.15,2.69,0.0
20120827:0710,205.53,272.8,18.65,14.8,3.1,0.0
20120827:0810,302.46,372.49,27.71,16.92,5.38,0.0
20120827:0910,255.85,317.73,36.01,17.45,5.72,0.0
20120827:1010,94.82,130.72,42.86,17.98,5.31,0.0
20120827:1110,307.46,379.9,47.34,17.45,4.97,0.0
20120827:1210,241.3,302.8,48.59,17.45,4.34,0.0
20120827:1310,152.3,198.4,46.29,17.98,5.52,0.0
20120827:1410,230.96,291.1,40.98,19.04,6.14,0.0
20120827:1510,378.47,463.53,33.61,19.04,6.41,0.0
20120827:1610,320.84,402.31,25.01,19.57,5.31,0.0
20120827:1710,48.21,75.17,15.83,19.57,4.48,0.0
20120827:1810,17.23,35.06,6.52,19.04,4.34,0.0
20120827:1910,0.0,0.0,0.0,17.45,4.0,0.0
20120827:2010,0.0,0.0,0.0,17.45,3.93,0.0
20120827:2110,0.0,0.0,0.0,16.92,4.0,0.0
20120827:2210,0.0,0.0,0.0,16.92,4.07,0.0
20120827:2310,0.0,0.0,0.0,16.92,4.34,0.0
20120828:0010,0.0,0.0,0.0,16.92,4.62,0.0
20120828:0110,0.0,0.0,0.0,16.92,4.48,0.0
20120828:0210,0.0,0.0,0.0,16.92,4.21,0.0
20120828:0310,0.0,0.0,0.0,16.39,3.59,0.0
20120828:0410,0.0,0.0,0.0,15.86,3.31,0.0
20120828:0510,0.0,0.0,0.0,15.33,3.1,0.0
20120828:0610,36.56,76.66,9.11,14.8,2.83,0.0
20120828:0710,210.34,280.42,18.42,15.33,3.17,0.0
20120828:0810,418.45,510.55,27.47,15.86,4.41,0.0
20120828:0910,521.63,635.52,35.75,16.92,4.48,0.0
20120828:1010,492.15,603.09,42.56,17.98,4.69,0.0
20120828:1110,509.02,629.15,47.02,19.04,4.48,0.0
20120828:1210,614.62,766.96,48.24,19.57,4.34,0.0
20120828:1310,345.25,430.69,45.93,20.63,4.97,0.0
20120828:1410,374.06,464.41,40.63,20.63,5.1,0.0
20120828:1510,391.07,483.12,33.27,20.1,5.1,0.0
20120828:1610,327.94,412.09,24.69,19.57,4.69,0.0
20120828:1710,124.29,178.51,15.51,19.04,4.28,0.0
20120828:1810,13.07,28.67,6.19,17.98,4.14,0.0
20120828:1910,0.0,0.0,0.0,17.45,3.86,0.0
20120828:2010,0.0,0.0,0.0,15.86,3.38,0.0
20120828:2110,0.0,0.0,0.0,15.33,3.24,0.0
20120828:2210,0.0,0.0,0.0,14.8,3.17,0.0
20120828:2310,0.0,0.0,0.0,14.8,3.1,0.0
20120829:0010,0.0,0.0,0.0,14.27,3.03,0.0
20120829:0110,0.0,0.0,0.0,14.27,3.03,0.0
20120829:0210,0.0,0.0,0.0,14.27,3.1,0.0
20120829:0310,0.0,0.0,0.0,14.27,3.03,0.0
20120829:0410,0.0,0.0,0.0,14.8,2.97,0.0
20120829:0510,0.0,0.0,0.0,14.27,3.1,0.0
20120829:0610,37.02,73.74,8.88,14.27,3.17,0.0
20120829:0710,97.54,134.28,18.19,15.86,3.79,0.0
20120829:0810,123.61,163.87,27.23,16.92,5.38,0.0
20120829:0910,204.05,257.74,35.49,17.45,5.66,0.0
20120829:1010,261.66,325.02,42.27,17.45,5.79,0.0
20120829:1110,347.79,427.59,46.69,17.98,5.66,0.0
20120829:1210,135.2,178.0,47.88,17.45,5.1,0.0
20120829:1310,96.33,131.65,45.57,16.39,5.17,0.0
20120829:1410,127.39,167.81,40.28,15.86,4.55,0.0
20120829:1510,61.33,89.93,32.93,15.86,3.52,0.0
20120829:1610,37.3,60.26,24.36,15.33,3.66,0.0
20120829:1710,95.43,135.33,15.19,15.86,3.93,0.0
20120829:1810,13.52,30.31,5.87,15.86,3.93,0.0
20120829:1910,0.0,0.0,0.0,14.27,4.41,0.0
20120829:2010,0.0,0.0,0.0,14.27,4.28,0.0
20120829:2110,0.0,0.0,0.0,13.74,4.28,0.0
20120829:2210,0.0,0.0,0.0,13.74,4.28,0.0
20120829:2310,0.0,0.0,0.0,13.74,4.28,0.0
20120830:0010,0.0,0.0,0.0,13.74,4.34,0.0
20120830:0110,0.0,0.0,0.0,13.74,4.34,0.0
20120830:0210,0.0,0.0,0.0,13.74,4.07,0.0
20120830:0310,0.0,0.0,0.0,13.74,3.72,0.0
20120830:0410,0.0,0.0,0.0,13.21,3.45,0.0
20120830:0510,0.0,0.0,0.0,13.21,3.24,0.0
20120830:0610,34.79,72.64,8.65,13.21,3.17,0.0
20120830:0710,132.05,176.22,17.97,14.27,3.17,0.0
20120830:0810,148.25,191.75,26.99,15.33,3.72,0.0
20120830:0910,55.84,83.44,35.22,16.39,3.79,0.0
20120830:1010,241.45,302.37,41.97,16.92,3.66,0.0
20120830:1110,274.8,342.27,46.35,17.45,4.14,0.0
20120830:1210,205.87,261.64,47.52,17.98,4.55,0.0
20120830:1310,90.65,125.16,45.21,16.92,5.86,0.0
20120830:1410,82.5,114.96,39.93,15.86,6.28,0.0
20120830:1510,47.08,72.31,32.59,15.33,6.0,0.0
20120830:1610,161.53,207.11,24.03,15.86,6.76,0.0
20120830:1710,100.69,142.34,14.86,15.33,6.34,0.0
20120830:1810,12.51,27.7,5.54,14.27,5.45,0.0
20120830:1910,0.0,0.0,0.0,13.21,4.9,0.0
20120830:2010,0.0,0.0,0.0,12.15,4.62,0.0
20120830:2110,0.0,0.0,0.0,11.61,4.76,0.0
20120830:2210,0.0,0.0,0.0,10.55,4.55,0.0
20120830:2310,0.0,0.0,0.0,10.02,4.41,0.0
20120831:0010,0.0,0.0,0.0,8.96,4.07,0.0
20120831:0110,0.0,0.0,0.0,8.96,3.79,0.0
20120831:0210,0.0,0.0,0.0,8.43,3.79,0.0
20120831:0310,0.0,0.0,0.0,7.9,4.0,0.0
20120831:0410,0.0,0.0,0.0,7.9,3.72,0.0
20120831:0510,0.0,0.0,0.0,7.37,3.66,0.0
20120831:0610,34.74,70.83,8.42,7.9,3.45,0.0
20120831:0710,209.63,271.4,17.73,8.96,3.17,0.0
20120831:0810,421.9,503.33,26.75,10.55,3.86,0.0
20120831:0910,588.77,705.92,34.95,12.68,4.07,0.0
20120831:1010,692.77,841.73,41.67,13.74,4.28,0.0
20120831:1110,677.38,826.9,46.02,14.8,4.55,0.0
20120831:1210,763.96,946.53,47.16,15.86,4.41,0.0
20120831:1310,747.27,926.64,44.84,16.39,4.28,0.0
20120831:1410,641.39,789.46,39.57,16.92,4.07,0.0
20120831:1510,451.27,550.21,32.25,16.39,3.79,0.0
20120831:1610,166.29,214.31,23.7,16.39,3.52,0.0
20120831:1710,77.15,111.68,14.53,15.86,2.62,0.0
20120831:1810,3.9,13.91,5.21,15.33,2.07,0.0
20120831:1910,0.0,0.0,0.0,14.8,1.59,0.0
20120831:2010,0.0,0.0,0.0,14.27,1.66,0.0
20120831:2110,0.0,0.0,0.0,13.74,1.86,0.0
20120831:2210,0.0,0.0,0.0,13.21,1.93,0.0
20120831:2310,0.0,0.0,0.0,13.21,1.79,0.0
20120901:0010,0.0,0.0,0.0,13.21,1.24,0.0
20120901:0110,0.0,0.0,0.0,12.68,1.1,0.0
20120901:0210,0.0,0.0,0.0,12.68,1.24,0.0
20120901:0310,0.0,0.0,0.0,12.68,1.31,0.0
20120901:0410,0.0,0.0,0.0,12.68,1.59,0.0
20120901:0510,0.0,0.0,0.0,12.68,1.86,0.0
20120901:0610,11.04,25.03,8.19,12.68,1.86,0.0
20120901:0710,21.78,39.87,17.5,12.68,1.86,0.0
20120901:0810,155.29,199.19,26.5,13.74,2.28,0.0
20120901:0910,125.9,165.55,34.69,14.27,2.28,0.0
20120901:1010,309.65,382.34,41.37,15.86,2.76,0.0
20120901:1110,236.98,298.99,45.68,17.45,2.83,0.0
20120901:1210,177.75,229.59,46.8,17.98,2.76,0.0
20120901:1310,296.29,371.11,44.47,18.51,2.9,0.0
20120901:1410,343.87,429.36,39.21,19.04,2.69,0.0
20120901:1510,178.28,231.22,31.9,19.57,2.9,0.0
20120901:1610,35.03,58.41,23.36,19.57,2.62,0.0
20120901:1710,65.49,97.79,14.2,19.04,3.1,0.0
20120901:1810,2.03,10.49,4.88,18.51,3.24,0.0
20120901:1910,0.0,0.0,0.0,17.45,3.1,0.0
20120901:2010,0.0,0.0,0.0,16.39,3.24,0.0
20120901:2110,0.0,0.0,0.0,15.33,3.31,0.0
20120901:2210,0.0,0.0,0.0,14.27,3.17,0.0
20120901:2310,0.0,0.0,0.0,13.21,3.1,0.0
20120902:0010,0.0,0.0,0.0,12.68,2.97,0.0
20120902:0110,0.0,0.0,0.0,12.15,2.69,0.0
20120902:0210,0.0,0.0,0.0,11.61,2.62,0.0
20120902:0310,0.0,0.0,0.0,11.61,2.69,0.0
20120902:0410,0.0,0.0,0.0,11.61,2.48,0.0
20120902:0510,0.0,0.0,0.0,11.61,2.48,0.0
20120902:0610,32.26,60.06,7.96,11.61,2.41,0.0
20120902:0710,50.36,76.02,17.27,13.74,2.28,0.0
20120902:0810,64.8,93.64,26.26,14.27,2.07,0.0
20120902:0910,119.56,158.54,34.42,14.8,2.28,0.0
20120902:1010,277.06,343.22,41.06,15.33,2.55,0.0
20120902:1110,258.55,322.32,45.34,16.39,3.38,0.0
20120902:1210,284.31,353.54,46.43,16.92,3.45,0.0
20120902:1310,177.19,228.35,44.1,17.98,3.66,0.0
20120902:1410,83.51,117.74,38.85,18.51,3.45,0.0
20120902:1510,201.32,257.23,31.55,18.51,2.9,0.0
20120902:1610,68.98,100.13,23.02,17.98,2.34,0.0
20120902:1710,68.08,101.23,13.86,17.98,2.07,0.0
20120902:1810,7.55,20.11,4.55,17.45,1.79,0.0
20120902:1910,0.0,0.0,0.0,17.45,1.79,0.0
20120902:2010,0.0,0.0,0.0,17.45,1.86,0.0
20120902:2110,0.0,0.0,0.0,16.39,1.86,0.0
20120902:2210,0.0,0.0,0.0,15.86,2.07,0.0
20120902:2310,0.0,0.0,0.0,15.86,2.0,0.0
20120903:0010,0.0,0.0,0.0,15.33,2.0,0.0
20120903:0110,0.0,0.0,0.0,15.33,1.93,0.0
20120903:0210,0.0,0.0,0.0,15.33,1.93,0.0
20120903:0310,0.0,0.0,0.0,15.33,1.93,0.0
20120903:0410,0.0,0.0,0.0,15.33,2.07,0.0
20120903:0510,0.0,0.0,0.0,14.8,1.93,0.0
20120903:0610,22.13,41.72,7.73,14.8,1.66,0.0
20120903:0710,80.78,113.79,17.04,14.8,1.38,0.0
20120903:0810,338.51,421.9,26.01,15.86,1.24,0.0
20120903:0910,548.1,693.2,34.14,17.45,1.1,0.0
20120903:1010,657.26,851.38,40.76,18.51,1.1,0.0
20120903:1110,742.53,974.48,44.99,19.57,1.59,0.0
20120903:1210,730.31,955.29,46.06,20.63,2.0,0.0
20120903:1310,655.66,852.28,43.72,21.16,1.79,0.0
20120903:1410,636.47,823.19,38.48,21.16,1.72,0.0
20120903:1510,502.26,641.6,31.2,21.69,1.66,0.0
20120903:1610,310.98,402.46,22.68,21.69,1.66,0.0
20120903:1710,120.71,184.16,13.52,21.16,1.17,0.0
20120903:1810,6.33,18.36,4.21,20.63,0.9,0.0
20120903:1910,0.0,0.0,0.0,19.57,1.1,0.0
20120903:2010,0.0,0.0,0.0,17.98,1.31,0.0
20120903:2110,0.0,0.0,0.0,16.39,1.72,0.0
20120903:2210,0.0,0.0,0.0,14.8,1.86,0.0
20120903:2310,0.0,0.0,0.0,14.27,1.93,0.0
20120904:0010,0.0,0.0,0.0,13.74,2.14,0.0
20120904:0110,0.0,0.0,0.0,13.21,2.14,0.0
20120904:0210,0.0,0.0,0.0,13.21,2.14,0.0
20120904:0310,0.0,0.0,0.0,12.68,2.14,0.0
20120904:0410,0.0,0.0,0.0,12.15,2.07,0.0
20120904:0510,0.0,0.0,0.0,12.15,2.14,0.0
20120904:0610,29.05,54.31,7.5,12.15,2.07,0.0
20120904:0710,179.44,238.6,16.8,14.27,2.34,0.0
20120904:0810,349.56,431.3,25.76,15.86,2.62,0.0
20120904:0910,377.27,465.16,33.87,16.92,2.55,0.0
20120904:1010,603.63,760.47,40.45,18.51,2.41,0.0
20120904:1110,753.7,972.24,44.65,19.57,2.62,0.0
20120904:1210,789.87,1030.34,45.69,21.16,2.83,0.0
20120904:1310,738.8,957.18,43.35,21.69,2.9,0.0
20120904:1410,645.65,826.14,38.11,22.22,2.97,0.0
20120904:1510,320.36,404.65,30.84,21.69,2.9,0.0
20120904:1610,175.72,230.99,22.33,21.16,2.76,0.0
20120904:1710,39.15,64.15,13.18,20.63,2.62,0.0
20120904:1810,4.83,15.74,3.87,19.57,2.34,0.0
20120904:1910,0.0,0.0,0.0,19.57,3.31,0.0
20120904:2010,0.0,0.0,0.0,18.51,3.59,0.0
20120904:2110,0.0,0.0,0.0,17.45,4.07,0.0
20120904:2210,0.0,0.0,0.0,16.92,4.07,0.0
20120904:2310,0.0,0.0,0.0,15.86,3.59,0.0
20120905:0010,0.0,0.0,0.0,14.8,3.59,0.0
20120905:0110,0.0,0.0,0.0,13.74,3.24,0.0
20120905:0210,0.0,0.0,0.0,12.68,2.97,0.0
20120905:0310,0.0,0.0,0.0,11.61,3.1,0.0
20120905:0410,0.0,0.0,0.0,11.09,3.31,0.0
20120905:0510,0.0,0.0,0.0,10.55,3.31,0.0
20120905:0610,29.99,64.63,7.27,10.02,3.24,0.0
20120905:0710,205.14,269.46,16.57,11.61,3.03,0.0
20120905:0810,417.25,505.07,25.51,13.21,3.52,0.0
20120905:0910,575.0,696.0,33.59,14.27,3.79,0.0
20120905:1010,721.39,891.65,40.14,15.86,3.86,0.0
20120905:1110,766.06,956.89,44.3,16.39,3.86,0.0
20120905:1210,800.11,1008.7,45.32,17.45,3.93,0.0
20120905:1310,751.65,940.97,42.97,17.45,3.93,0.0
20120905:1410,662.48,822.48,37.74,17.98,3.86,0.0
20120905:1510,515.03,633.45,30.48,17.98,3.79,0.0
20120905:1610,332.1,417.66,21.98,17.98,3.79,0.0
20120905:1710,117.33,176.98,12.84,17.45,3.38,0.0
20120905:1810,5.42,16.61,3.52,16.92,2.41,0.0
20120905:1910,0.0,0.0,0.0,15.33,2.28,0.0
20120905:2010,0.0,0.0,0.0,14.27,2.34,0.0
20120905:2110,0.0,0.0,0.0,12.68,2.21,0.0
20120905:2210,0.0,0.0,0.0,11.61,1.93,0.0
20120905:2310,0.0,0.0,0.0,10.55,1.59,0.0
20120906:0010,0.0,0.0,0.0,11.09,1.17,0.0
20120906:0110,0.0,0.0,0.0,12.15,0.62,0.0
20120906:0210,0.0,0.0,0.0,11.61,0.07,0.0
20120906:0310,0.0,0.0,0.0,11.09,0.69,0.0
20120906:0410,0.0,0.0,0.0,9.49,1.38,0.0
20120906:0510,0.0,0.0,0.0,8.96,0.9,0.0
20120906:0610,21.85,41.44,7.03,9.49,0.97,0.0
20120906:0710,193.89,256.03,16.33,10.02,0.14,0.0
20120906:0810,402.57,500.3,25.26,13.21,0.41,0.0
20120906:0910,540.93,677.41,33.32,15.33,0.97,0.0
20120906:1010,604.7,763.25,39.83,16.92,1.66,0.0
20120906:1110,664.21,842.2,43.95,17.45,2.21,0.0
20120906:1210,579.42,727.35,44.94,17.98,2.48,0.0
20120906:1310,711.16,903.43,42.59,18.51,2.83,0.0
20120906:1410,632.53,794.91,37.37,19.04,2.97,0.0
20120906:1510,344.4,428.07,30.12,19.04,3.17,0.0
20120906:1610,230.42,294.86,21.63,19.04,3.24,0.0
20120906:1710,93.12,139.73,12.5,18.51,2.97,0.0
20120906:1810,3.41,13.12,3.18,17.45,2.69,0.0
20120906:1910,0.0,0.0,0.0,15.86,2.97,0.0
20120906:2010,0.0,0.0,0.0,14.8,3.1,0.0
20120906:2110,0.0,0.0,0.0,13.74,3.1,0.0
20120906:2210,0.0,0.0,0.0,12.68,3.1,0.0
20120906:2310,0.0,0.0,0.0,12.15,2.97,0.0
20120907:0010,0.0,0.0,0.0,11.61,2.83,0.0
20120907:0110,0.0,0.0,0.0,11.09,2.76,0.0
20120907:0210,0.0,0.0,0.0,11.09,2.69,0.0
20120907:0310,0.0,0.0,0.0,10.55,2.62,0.0
20120907:0410,0.0,0.0,0.0,10.02,2.48,0.0
20120907:0510,0.0,0.0,0.0,10.02,2.48,0.0
20120907:0610,27.2,60.78,6.8,9.49,2.34,0.0
20120907:0710,204.71,270.63,16.09,11.61,1.86,0.0
20120907:0810,415.23,509.62,25.01,14.27,2.21,0.0
20120907:0910,583.87,723.29,33.04,16.39,2.48,0.0
20120907:1010,705.44,894.34,39.51,17.98,2.55,0.0
20120907:1110,750.88,967.04,43.6,19.57,2.69,0.0
20120907:1210,781.05,1017.45,44.57,21.16,2.83,0.0
20120907:1310,732.75,949.25,42.2,22.22,3.03,0.0
20120907:1410,646.52,827.3,36.99,22.75,3.17,0.0
20120907:1510,501.05,634.35,29.76,22.75,3.03,0.0
20120907:1610,322.97,417.29,21.28,22.22,2.83,0.0
20120907:1710,109.9,172.2,12.15,21.69,2.07,0.0
20120907:1810,2.44,11.37,2.83,20.1,2.07,0.0
20120907:1910,0.0,0.0,0.0,17.98,2.28,0.0
20120907:2010,0.0,0.0,0.0,16.39,2.28,0.0
20120907:2110,0.0,0.0,0.0,14.8,2.21,0.0
20120907:2210,0.0,0.0,0.0,13.21,2.14,0.0
20120907:2310,0.0,0.0,0.0,12.15,2.07,0.0
20120908:0010,0.0,0.0,0.0,11.61,1.93,0.0
20120908:0110,0.0,0.0,0.0,11.09,1.66,0.0
20120908:0210,0.0,0.0,0.0,10.55,1.52,0.0
20120908:0310,0.0,0.0,0.0,10.02,1.52,0.0
20120908:0410,0.0,0.0,0.0,9.49,1.38,0.0
20120908:0510,0.0,0.0,0.0,8.96,1.31,0.0
20120908:0610,26.16,58.65,6.56,8.96,0.97,0.0
20120908:0710,194.88,257.99,15.85,10.55,0.41,0.0
20120908:0810,387.59,485.52,24.75,14.27,0.14,0.0
20120908:0910,554.9,711.83,32.76,17.45,0.34,0.0
20120908:1010,661.73,862.48,39.19,19.04,0.97,0.0
20120908:1110,718.71,950.25,43.25,20.63,1.31,0.0
20120908:1210,740.47,986.56,44.19,21.69,1.45,0.0
20120908:1310,703.65,932.64,41.82,22.75,1.59,0.0
20120908:1410,605.91,788.32,36.62,23.28,1.79,0.0
20120908:1510,474.31,606.75,29.4,23.28,2.07,0.0
20120908:1610,242.88,317.16,20.93,22.75,2.28,0.0
20120908:1710,108.08,171.51,11.8,21.69,2.0,0.0
20120908:1810,1.59,9.62,2.48,19.57,2.14,0.0
20120908:1910,0.0,0.0,0.0,17.98,2.14,0.0
20120908:2010,0.0,0.0,0.0,15.86,1.66,0.0
20120908:2110,0.0,0.0,0.0,14.27,1.45,0.0
20120908:2210,0.0,0.0,0.0,13.21,1.38,0.0
20120908:2310,0.0,0.0,0.0,11.61,1.66,0.0
20120909:0010,0.0,0.0,0.0,10.55,1.93,0.0
20120909:0110,0.0,0.0,0.0,10.02,2.34,0.0
20120909:0210,0.0,0.0,0.0,9.49,2.41,0.0
20120909:0310,0.0,0.0,0.0,9.49,2.55,0.0
20120909:0410,0.0,0.0,0.0,10.02,2.55,0.0
20120909:0510,0.0,0.0,0.0,10.02,2.62,0.0
20120909:0610,24.74,57.03,6.33,10.02,2.28,0.0
20120909:0710,197.2,262.66,15.61,12.68,1.52,0.0
20120909:0810,401.44,502.22,24.49,17.45,1.72,0.0
20120909:0910,569.49,720.35,32.47,20.1,2.21,0.0
20120909:1010,685.87,884.75,38.88,22.22,2.76,0.0
20120909:1110,733.29,955.54,42.89,23.81,3.31,0.0
20120909:1210,762.9,999.19,43.81,25.4,3.93,0.0
20120909:1310,714.92,923.06,41.43,25.4,4.62,0.0
20120909:1410,597.36,759.66,36.24,25.4,4.97,0.0
20120909:1510,336.11,425.13,29.03,24.34,5.03,0.0
20120909:1610,180.83,238.3,20.57,22.75,4.62,0.0
20120909:1710,42.91,69.74,11.45,21.16,4.62,0.0
20120909:1810,0.0,0.0,0.0,19.04,4.62,0.0
20120909:1910,0.0,0.0,0.0,17.45,4.9,0.0
20120909:2010,0.0,0.0,0.0,16.92,4.69,0.0
20120909:2110,0.0,0.0,0.0,15.86,4.62,0.0
20120909:2210,0.0,0.0,0.0,15.33,4.62,0.0
20120909:2310,0.0,0.0,0.0,15.33,4.41,0.0
20120910:0010,0.0,0.0,0.0,15.33,4.34,0.0
20120910:0110,0.0,0.0,0.0,15.86,4.41,0.0
20120910:0210,0.0,0.0,0.0,16.39,4.62,0.0
20120910:0310,0.0,0.0,0.0,16.92,4.76,0.0
20120910:0410,0.0,0.0,0.0,16.92,4.69,0.0
20120910:0510,0.0,0.0,0.0,16.39,4.55,0.0
20120910:0610,15.42,33.0,6.09,16.39,4.55,0.0
20120910:0710,79.29,112.68,15.37,16.39,4.69,0.0
20120910:0810,248.42,309.45,24.24,17.45,5.52,0.0
20120910:0910,217.12,272.93,32.19,17.98,6.14,0.0
20120910:1010,135.56,178.93,38.56,18.51,6.55,0.0
20120910:1110,144.33,190.06,42.54,19.57,6.83,0.0
20120910:1210,300.74,373.28,43.43,19.57,6.9,0.0
20120910:1310,268.31,334.77,41.04,19.57,7.24,0.0
20120910:1410,209.73,265.47,35.86,19.04,7.17,0.0
20120910:1510,172.48,222.05,28.66,19.04,6.62,0.0
20120910:1610,202.19,259.1,20.21,19.04,6.9,0.0
20120910:1710,50.64,80.09,11.1,18.51,5.86,0.0
20120910:1810,0.0,0.0,0.0,17.45,5.59,0.0
20120910:1910,0.0,0.0,0.0,17.45,5.45,0.0
20120910:2010,0.0,0.0,0.0,16.92,5.24,0.0
20120910:2110,0.0,0.0,0.0,16.39,5.24,0.0
20120910:2210,0.0,0.0,0.0,16.39,5.38,0.0
20120910:2310,0.0,0.0,0.0,15.86,5.38,0.0
20120911:0010,0.0,0.0,0.0,15.86,5.17,0.0
20120911:0110,0.0,0.0,0.0,15.86,5.03,0.0
20120911:0210,0.0,0.0,0.0,15.86,5.31,0.0
20120911:0310,0.0,0.0,0.0,15.86,5.38,0.0
20120911:0410,0.0,0.0,0.0,15.33,4.55,0.0
20120911:0510,0.0,0.0,0.0,14.8,4.14,0.0
20120911:0610,18.08,38.32,5.85,14.27,3.86,0.0
20120911:0710,195.74,260.6,15.12,14.27,4.48,0.0
20120911:0810,360.27,436.1,23.98,14.27,4.97,0.0
20120911:0910,372.61,449.06,31.9,14.8,5.03,0.0
20120911:1010,451.47,545.27,38.23,15.86,5.31,0.0
20120911:1110,545.96,661.8,42.18,16.39,5.59,0.0
20120911:1210,480.55,583.42,43.04,16.92,5.66,0.0
20120911:1310,335.92,410.36,40.65,16.92,5.93,0.0
20120911:1410,278.63,343.16,35.47,16.92,5.72,0.0
20120911:1510,65.72,95.49,28.29,16.92,5.38,0.0
20120911:1610,44.55,69.53,19.85,16.39,4.9,0.0
20120911:1710,72.38,111.47,10.74,15.86,4.55,0.0
20120911:1810,0.0,0.0,0.0,14.8,3.66,0.0
20120911:1910,0.0,0.0,0.0,14.27,3.52,0.0
20120911:2010,0.0,0.0,0.0,13.21,3.38,0.0
20120911:2110,0.0,0.0,0.0,12.68,3.38,0.0
20120911:2210,0.0,0.0,0.0,11.61,3.17,0.0
20120911:2310,0.0,0.0,0.0,11.09,2.9,0.0
20120912:0010,0.0,0.0,0.0,10.55,2.76,0.0
20120912:0110,0.0,0.0,0.0,9.49,2.76,0.0
20120912:0210,0.0,0.0,0.0,8.96,2.76,0.0
20120912:0310,0.0,0.0,0.0,8.43,2.62,0.0
20120912:0410,0.0,0.0,0.0,7.9,2.55,0.0
20120912:0510,0.0,0.0,0.0,7.37,2.48,0.0
20120912:0610,17.9,46.49,5.61,7.37,2.48,0.0
20120912:0710,207.88,272.0,14.88,8.96,2.28,0.0
20120912:0810,400.46,481.87,23.72,11.09,2.83,0.0
20120912:0910,354.15,426.95,31.61,13.21,3.52,0.0
20120912:1010,227.03,281.73,37.91,14.8,4.69,0.0
20120912:1110,356.13,433.48,41.82,15.86,4.97,0.0
20120912:1210,249.14,308.91,42.66,15.86,4.9,0.0
20120912:1310,389.29,474.08,40.26,16.39,4.69,0.0
20120912:1410,342.76,419.6,35.09,16.92,4.41,0.0
20120912:1510,385.65,470.84,27.92,16.92,4.21,0.0
20120912:1610,175.38,226.53,19.49,17.45,4.62,0.0
20120912:1710,44.41,71.14,10.39,15.86,2.97,0.0
20120912:1810,0.0,0.0,0.0,15.33,2.76,0.0
20120912:1910,0.0,0.0,0.0,14.27,4.14,0.0
20120912:2010,0.0,0.0,0.0,13.74,5.03,0.0
20120912:2110,0.0,0.0,0.0,12.68,5.52,0.0
20120912:2210,0.0,0.0,0.0,11.61,5.17,0.0
20120912:2310,0.0,0.0,0.0,10.55,4.69,0.0
20120913:0010,0.0,0.0,0.0,10.02,4.41,0.0
20120913:0110,0.0,0.0,0.0,9.49,4.07,0.0
20120913:0210,0.0,0.0,0.0,8.96,3.66,0.0
20120913:0310,0.0,0.0,0.0,8.43,3.45,0.0
20120913:0410,0.0,0.0,0.0,7.9,3.03,0.0
20120913:0510,0.0,0.0,0.0,7.37,2.69,0.0
20120913:0610,17.13,44.44,5.37,6.84,2.48,0.0
20120913:0710,197.26,256.64,14.63,7.9,2.34,0.0
20120913:0810,405.92,486.83,23.45,10.02,2.55,0.0
20120913:0910,587.67,712.82,31.32,11.61,2.21,0.0
20120913:1010,632.18,781.59,37.58,13.21,1.93,0.0
20120913:1110,741.03,931.29,41.46,14.8,2.48,0.0
20120913:1210,755.9,951.13,42.27,15.86,2.97,0.0
20120913:1310,722.74,902.0,39.87,16.39,3.38,0.0
20120913:1410,656.93,809.54,34.7,16.92,3.93,0.0
20120913:1510,346.81,425.76,27.54,17.45,4.07,0.0
20120913:1610,228.15,289.92,19.13,16.92,4.0,0.0
20120913:1710,68.06,107.3,10.03,16.92,3.59,0.0
20120913:1810,0.0,0.0,0.0,15.86,3.17,0.0
20120913:1910,0.0,0.0,0.0,15.33,3.31,0.0
20120913:2010,0.0,0.0,0.0,14.27,3.72,0.0
20120913:2110,0.0,0.0,0.0,13.74,4.0,0.0
20120913:2210,0.0,0.0,0.0,13.21,4.28,0.0
20120913:2310,0.0,0.0,0.0,12.68,4.62,0.0
20120914:0010,0.0,0.0,0.0,13.21,5.24,0.0
20120914:0110,0.0,0.0,0.0,13.21,5.52,0.0
20120914:0210,0.0,0.0,0.0,13.74,5.66,0.0
20120914:0310,0.0,0.0,0.0,13.74,5.72,0.0
20120914:0410,0.0,0.0,0.0,14.27,5.66,0.0
20120914:0510,0.0,0.0,0.0,14.27,5.66,0.0
20120914:0610,15.45,37.81,5.13,14.8,5.38,0.0
20120914:0710,119.9,163.55,14.38,15.33,4.62,0.0
20120914:0810,141.56,183.91,23.19,15.86,4.9,0.0
20120914:0910,271.1,332.61,31.03,16.39,6.41,0.0
20120914:1010,196.06,248.34,37.26,17.45,6.21,0.0
20120914:1110,565.25,688.37,41.09,17.45,5.72,0.0
20120914:1210,362.65,443.25,41.88,17.45,5.72,0.0
20120914:1310,549.12,668.41,39.47,17.45,5.59,0.0
20120914:1410,350.08,427.37,34.32,17.45,5.59,0.0
20120914:1510,378.92,461.92,27.17,17.45,5.24,0.0
20120914:1610,176.13,227.5,18.76,17.45,5.17,0.0
20120914:1710,80.59,129.28,9.67,16.92,4.48,0.0
20120914:1810,0.0,0.0,0.0,16.39,3.79,0.0
20120914:1910,0.0,0.0,0.0,15.33,3.79,0.0
20120914:2010,0.0,0.0,0.0,14.27,3.38,0.0
20120914:2110,0.0,0.0,0.0,13.21,2.97,0.0
20120914:2210,0.0,0.0,0.0,12.68,2.83,0.0
20120914:2310,0.0,0.0,0.0,11.61,2.62,0.0
20120915:0010,0.0,0.0,0.0,10.55,2.41,0.0
20120915:0110,0.0,0.0,0.0,10.02,2.28,0.0
20120915:0210,0.0,0.0,0.0,9.49,2.41,0.0
20120915:0310,0.0,0.0,0.0,8.96,2.41,0.0
20120915:0410,0.0,0.0,0.0,8.96,2.34,0.0
20120915:0510,0.0,0.0,0.0,8.43,2.21,0.0
20120915:0610,0.0,0.0,0.0,7.9,2.0,0.0
20120915:0710,182.64,240.14,14.14,9.49,1.93,0.0
20120915:0810,386.52,471.1,22.92,12.15,1.72,0.0
20120915:0910,557.18,682.19,30.74,14.27,2.34,0.0
20120915:1010,668.42,834.07,36.93,15.86,2.55,0.0
20120915:1110,727.8,918.72,40.73,16.92,2.83,0.0
20120915:1210,742.77,937.33,41.5,17.45,3.24,0.0
20120915:1310,694.01,873.68,39.08,18.51,3.31,0.0
20120915:1410,595.83,742.06,33.93,19.04,3.45,0.0
20120915:1510,414.05,512.03,26.79,19.04,3.52,0.0
20120915:1610,197.34,255.94,18.4,19.04,3.45,0.0
20120915:1710,51.62,84.29,9.31,17.98,2.97,0.0
20120915:1810,0.0,0.0,0.0,17.45,2.76,0.0
20120915:1910,0.0,0.0,0.0,15.86,2.76,0.0
20120915:2010,0.0,0.0,0.0,14.8,2.69,0.0
20120915:2110,0.0,0.0,0.0,14.27,2.55,0.0
20120915:2210,0.0,0.0,0.0,13.21,2.34,0.0
20120915:2310,0.0,0.0,0.0,12.68,2.07,0.0
20120916:0010,0.0,0.0,0.0,12.68,2.07,0.0
20120916:0110,0.0,0.0,0.0,12.68,2.07,0.0
20120916:0210,0.0,0.0,0.0,12.68,2.28,0.0
20120916:0310,0.0,0.0,0.0,12.68,2.21,0.0
20120916:0410,0.0,0.0,0.0,12.68,2.28,0.0
20120916:0510,0.0,0.0,0.0,12.68,2.28,0.0
20120916:0610,8.16,21.29,4.65,12.68,2.28,0.0
20120916:0710,74.99,106.68,13.89,13.21,2.28,0.0
20120916:0810,150.48,193.92,22.66,14.8,3.17,0.0
20120916:0910,69.08,99.2,30.44,15.86,4.0,0.0
20120916:1010,64.29,93.64,36.6,16.39,4.21,0.0
20120916:1110,146.77,191.71,40.36,17.45,4.41,0.0
20120916:1210,92.64,127.94,41.11,17.45,4.62,0.0
20120916:1310,148.46,193.57,38.68,17.45,4.83,0.0
20120916:1410,355.24,435.6,33.54,17.98,4.76,0.0
20120916:1510,336.09,412.97,26.42,17.98,4.69,0.0
20120916:1610,283.37,358.84,18.03,17.45,4.62,0.0
20120916:1710,38.7,65.08,8.95,17.45,3.72,0.0
20120916:1810,0.0,0.0,0.0,17.45,3.72,0.0
20120916:1910,0.0,0.0,0.0,16.39,3.72,0.0
20120916:2010,0.0,0.0,0.0,15.86,3.72,0.0
20120916:2110,0.0,0.0,0.0,15.33,3.86,0.0
20120916:2210,0.0,0.0,0.0,15.33,4.0,0.0
20120916:2310,0.0,0.0,0.0,15.33,4.14,0.0
20120917:0010,0.0,0.0,0.0,15.86,3.93,0.0
20120917:0110,0.0,0.0,0.0,15.86,3.66,0.0
20120917:0210,0.0,0.0,0.0,15.33,3.31,0.0
20120917:0310,0.0,0.0,0.0,15.33,3.03,0.0
20120917:0410,0.0,0.0,0.0,14.27,2.76,0.0
20120917:0510,0.0,0.0,0.0,13.21,2.62,0.0
20120917:0610,7.79,21.37,4.4,12.68,2.48,0.0
20120917:0710,95.86,133.15,13.64,13.74,2.34,0.0
20120917:0810,230.71,286.93,22.39,14.8,3.24,0.0
20120917:0910,438.77,532.97,30.15,15.33,3.31,0.0
20120917:1010,665.37,822.89,36.27,16.39,3.52,0.0
20120917:1110,696.19,864.92,40.0,16.92,3.86,0.0
20120917:1210,633.32,783.25,40.71,17.45,4.07,0.0
20120917:1310,402.87,492.44,38.29,17.45,4.62,0.0
20120917:1410,199.66,253.3,33.15,17.98,4.97,0.0
20120917:1510,312.27,383.36,26.04,17.45,5.03,0.0
20120917:1610,141.15,186.2,17.66,17.45,4.9,0.0
20120917:1710,17.26,34.3,8.59,16.92,4.41,0.0
20120917:1810,0.0,0.0,0.0,16.39,3.38,0.0
20120917:1910,0.0,0.0,0.0,15.86,3.59,0.0
20120917:2010,0.0,0.0,0.0,14.8,3.59,0.0
20120917:2110,0.0,0.0,0.0,14.8,3.59,0.0
20120917:2210,0.0,0.0,0.0,14.27,3.45,0.0
20120917:2310,0.0,0.0,0.0,14.27,3.59,0.0
20120918:0010,0.0,0.0,0.0,13.74,3.59,0.0
20120918:0110,0.0,0.0,0.0,13.21,3.66,0.0
20120918:0210,0.0,0.0,0.0,12.68,3.72,0.0
20120918:0310,0.0,0.0,0.0,12.15,3.79,0.0
20120918:0410,0.0,0.0,0.0,11.61,3.79,0.0
20120918:0510,0.0,0.0,0.0,12.15,3.72,0.0
20120918:0610,10.51,29.29,4.16,11.61,3.52,0.0
20120918:0710,113.76,154.17,13.39,11.61,2.97,0.0
20120918:0810,375.87,452.58,22.12,12.68,4.21,0.0
20120918:0910,493.29,589.58,29.85,13.74,4.83,0.0
20120918:1010,220.4,273.07,35.93,14.27,5.03,0.0
20120918:1110,154.1,198.24,39.63,15.33,5.24,0.0
20120918:1210,719.12,877.44,40.32,15.33,5.24,0.0
20120918:1310,675.49,822.53,37.89,15.86,5.24,0.0
20120918:1410,82.42,114.96,32.76,15.86,5.17,0.0
20120918:1510,461.06,556.56,25.66,15.86,5.17,0.0
20120918:1610,276.86,347.79,17.29,15.33,4.97,0.0
20120918:1710,68.8,114.9,8.23,14.8,4.41,0.0
20120918:1810,0.0,0.0,0.0,13.74,3.86,0.0
20120918:1910,0.0,0.0,0.0,12.68,3.86,0.0
20120918:2010,0.0,0.0,0.0,11.61,3.86,0.0
20120918:2110,0.0,0.0,0.0,11.09,3.93,0.0
20120918:2210,0.0,0.0,0.0,10.02,4.0,0.0
20120918:2310,0.0,0.0,0.0,9.49,3.79,0.0
20120919:0010,0.0,0.0,0.0,8.96,3.79,0.0
20120919:0110,0.0,0.0,0.0,8.43,3.72,0.0
20120919:0210,0.0,0.0,0.0,8.43,3.59,0.0
20120919:0310,0.0,0.0,0.0,7.9,3.45,0.0
20120919:0410,0.0,0.0,0.0,7.37,3.31,0.0
20120919:0510,0.0,0.0,0.0,7.37,3.24,0.0
20120919:0610,10.79,32.31,3.91,6.84,3.17,0.0
20120919:0710,181.71,236.76,13.13,7.37,2.76,0.0
20120919:0810,398.64,474.18,21.85,9.49,3.52,0.0
20120919:0910,574.0,683.98,29.55,11.61,4.0,0.0
20120919:1010,669.87,810.0,35.6,13.21,4.21,0.0
20120919:1110,578.0,694.85,39.26,14.27,5.24,0.0
20120919:1210,419.62,505.68,39.93,14.8,5.03,0.0
20120919:1310,259.43,318.89,37.49,14.8,4.69,0.0
20120919:1410,295.98,360.67,32.37,14.8,4.41,0.0
20120919:1510,142.07,183.8,25.28,14.8,4.0,0.0
20120919:1610,150.76,196.01,16.93,14.8,3.93,0.0
20120919:1710,41.66,70.76,7.86,14.8,3.24,0.0
20120919:1810,0.0,0.0,0.0,13.74,2.34,0.0
20120919:1910,0.0,0.0,0.0,12.68,2.07,0.0
20120919:2010,0.0,0.0,0.0,11.61,2.21,0.0
20120919:2110,0.0,0.0,0.0,10.55,2.41,0.0
20120919:2210,0.0,0.0,0.0,10.02,2.55,0.0
20120919:2310,0.0,0.0,0.0,8.96,2.34,0.0
20120920:0010,0.0,0.0,0.0,8.43,2.14,0.0
20120920:0110,0.0,0.0,0.0,8.43,2.0,0.0
20120920:0210,0.0,0.0,0.0,8.43,2.0,0.0
20120920:0310,0.0,0.0,0.0,8.43,2.21,0.0
20120920:0410,0.0,0.0,0.0,8.43,2.34,0.0
20120920:0510,0.0,0.0,0.0,7.9,2.41,0.0
20120920:0610,7.48,22.23,3.67,7.9,2.41,0.0
20120920:0710,49.17,73.54,12.88,8.96,2.28,0.0
20120920:0810,182.68,227.59,21.58,11.09,2.9,0.0
20120920:0910,354.86,426.28,29.25,12.68,3.52,0.0
20120920:1010,548.45,662.2,35.26,14.27,4.07,0.0
20120920:1110,526.34,635.04,38.89,15.33,5.17,0.0
20120920:1210,502.57,609.75,39.54,16.39,5.03,0.0
20120920:1310,270.47,334.79,37.09,16.92,4.62,0.0
20120920:1410,131.27,173.09,31.98,16.92,4.28,0.0
20120920:1510,141.75,184.85,24.9,16.39,3.45,0.0
20120920:1610,89.81,124.42,16.56,15.86,2.97,0.0
20120920:1710,29.04,52.12,7.5,15.33,2.9,0.0
20120920:1810,0.0,0.0,0.0,14.8,2.76,0.0
20120920:1910,0.0,0.0,0.0,13.74,2.55,0.0
20120920:2010,0.0,0.0,0.0,13.21,2.55,0.0
20120920:2110,0.0,0.0,0.0,12.15,2.28,0.0
20120920:2210,0.0,0.0,0.0,11.61,2.07,0.0
20120920:2310,0.0,0.0,0.0,11.09,1.93,0.0
20120921:0010,0.0,0.0,0.0,10.55,2.07,0.0
20120921:0110,0.0,0.0,0.0,10.55,2.69,0.0
20120921:0210,0.0,0.0,0.0,10.02,1.86,0.0
20120921:0310,0.0,0.0,0.0,10.02,1.79,0.0
20120921:0410,0.0,0.0,0.0,9.49,1.72,0.0
20120921:0510,0.0,0.0,0.0,9.49,1.66,0.0
20120921:0610,0.71,7.42,3.42,9.49,1.38,0.0
20120921:0710,66.88,95.88,12.62,10.02,1.17,0.0
20120921:0810,181.13,227.43,21.3,11.61,1.38,0.0
20120921:0910,360.5,439.29,28.95,13.21,1.52,0.0
20120921:1010,269.16,332.28,34.93,14.27,2.0,0.0
20120921:1110,157.19,202.79,38.52,14.8,1.79,0.0
20120921:1210,162.3,209.29,39.14,15.33,1.79,0.0
20120921:1310,254.63,317.9,36.69,15.86,1.93,0.0
20120921:1410,324.87,401.17,31.58,16.39,2.14,0.0
20120921:1510,190.5,242.04,24.52,16.39,2.34,0.0
20120921:1610,68.12,98.6,16.19,16.39,2.28,0.0
20120921:1710,25.36,47.06,7.14,15.33,2.28,0.0
20120921:1810,0.0,0.0,0.0,13.21,2.83,0.0
20120921:1910,0.0,0.0,0.0,12.68,3.03,0.0
20120921:2010,0.0,0.0,0.0,12.15,3.24,0.0
20120921:2110,0.0,0.0,0.0,11.09,3.79,0.0
20120921:2210,0.0,0.0,0.0,10.55,3.72,0.0
20120921:2310,0.0,0.0,0.0,9.49,3.66,0.0
20120922:0010,0.0,0.0,0.0,8.96,3.52,0.0
20120922:0110,0.0,0.0,0.0,8.43,3.66,0.0
20120922:0210,0.0,0.0,0.0,7.37,3.72,0.0
20120922:0310,0.0,0.0,0.0,6.84,3.45,0.0
20120922:0410,0.0,0.0,0.0,6.84,3.17,0.0
20120922:0510,0.0,0.0,0.0,6.31,2.41,0.0
20120922:0610,5.1,17.98,3.17,5.78,2.21,0.0
20120922:0710,173.01,226.22,12.37,6.84,2.21,0.0
20120922:0810,389.84,462.53,21.03,7.9,2.69,0.0
20120922:0910,564.28,671.47,28.65,9.49,2.83,0.0
20120922:1010,669.39,809.15,34.59,11.09,3.1,0.0
20120922:1110,677.15,827.04,38.15,12.68,3.17,0.0
20120922:1210,708.26,877.56,38.75,13.74,2.76,0.0
20120922:1310,603.89,742.57,36.29,14.27,2.55,0.0
20120922:1410,530.2,646.68,31.19,14.8,2.83,0.0
20120922:1510,355.01,433.26,24.14,14.8,2.62,0.0
20120922:1610,173.31,224.39,15.82,14.8,2.41,0.0
20120922:1710,31.38,56.85,6.78,13.74,1.93,0.0
20120922:1810,0.0,0.0,0.0,13.21,2.0,0.0
20120922:1910,0.0,0.0,0.0,12.15,2.21,0.0
20120922:2010,0.0,0.0,0.0,11.61,2.34,0.0
20120922:2110,0.0,0.0,0.0,11.09,2.55,0.0
20120922:2210,0.0,0.0,0.0,10.55,2.55,0.0
20120922:2310,0.0,0.0,0.0,10.02,2.41,0.0
20120923:0010,0.0,0.0,0.0,9.49,2.34,0.0
20120923:0110,0.0,0.0,0.0,8.96,2.34,0.0
20120923:0210,0.0,0.0,0.0,8.96,2.34,0.0
20120923:0310,0.0,0.0,0.0,8.96,2.48,0.0
20120923:0410,0.0,0.0,0.0,9.49,2.62,0.0
20120923:0510,0.0,0.0,0.0,9.49,2.76,0.0
20120923:0610,0.0,3.5,2.92,10.02,2.97,0.0
20120923:0710,21.34,38.94,12.11,10.55,3.38,0.0
20120923:0810,56.4,82.51,20.75,11.61,3.66,0.0
20120923:0910,53.32,78.8,28.34,11.61,4.21,0.0
20120923:1010,65.07,92.71,34.25,11.61,4.76,0.0
20120923:1110,100.2,133.5,37.77,11.61,5.1,0.0
20120923:1210,59.61,86.22,38.36,11.61,5.66,0.0
20120923:1310,51.2,76.02,35.89,11.09,6.34,0.0
20120923:1410,66.1,93.64,30.8,11.09,6.48,0.0
20120923:1510,32.17,52.85,23.76,11.09,5.79,0.0
20120923:1610,27.76,47.28,15.45,11.09,6.14,0.0
20120923:1710,13.33,28.59,6.41,11.09,6.0,0.0
20120923:1810,0.0,0.0,0.0,11.09,5.72,0.0
20120923:1910,0.0,0.0,0.0,10.55,5.1,0.0
20120923:2010,0.0,0.0,0.0,11.09,5.03,0.0
20120923:2110,0.0,0.0,0.0,11.61,4.07,0.0
20120923:2210,0.0,0.0,0.0,11.61,3.72,0.0
20120923:2310,0.0,0.0,0.0,11.61,2.9,0.0
20120924:0010,0.0,0.0,0.0,11.61,2.83,0.0
20120924:0110,0.0,0.0,0.0,11.09,2.48,0.0
20120924:0210,0.0,0.0,0.0,11.09,2.34,0.0
20120924:0310,0.0,0.0,0.0,11.09,2.69,0.0
20120924:0410,0.0,0.0,0.0,11.61,2.62,0.0
20120924:0510,0.0,0.0,0.0,11.61,2.9,0.0
20120924:0610,0.0,1.75,2.67,12.15,2.83,0.0
20120924:0710,27.42,47.28,11.85,13.21,3.03,0.0
20120924:0810,39.72,63.04,20.48,14.27,2.97,0.0
20120924:0910,36.62,59.33,28.04,14.8,2.28,0.0
20120924:1010,48.46,74.17,33.91,15.33,2.41,0.0
20120924:1110,0.0,0.0,0.0,14.27,6.55,0.0
20120924:1210,128.07,165.02,37.96,11.61,7.79,0.0
20120924:1310,95.33,127.94,35.49,12.15,7.59,0.0
20120924:1410,114.95,151.02,30.41,13.21,8.0,0.0
20120924:1510,134.52,173.84,23.38,14.27,8.0,0.0
20120924:1610,65.36,94.33,15.08,14.8,7.66,0.0
20120924:1710,20.78,40.68,6.05,14.27,6.97,0.0
20120924:1810,0.0,0.0,0.0,13.21,6.41,0.0
20120924:1910,0.0,0.0,0.0,12.15,5.45,0.0
20120924:2010,0.0,0.0,0.0,11.61,5.1,0.0
20120924:2110,0.0,0.0,0.0,11.09,4.9,0.0
20120924:2210,0.0,0.0,0.0,10.55,4.55,0.0
20120924:2310,0.0,0.0,0.0,10.02,4.41,0.0
20120925:0010,0.0,0.0,0.0,9.49,4.34,0.0
20120925:0110,0.0,0.0,0.0,9.49,4.41,0.0
20120925:0210,0.0,0.0,0.0,9.49,4.41,0.0
20120925:0310,0.0,0.0,0.0,9.49,4.41,0.0
20120925:0410,0.0,0.0,0.0,9.49,4.34,0.0
20120925:0510,0.0,0.0,0.0,9.49,4.28,0.0
20120925:0610,0.0,0.0,0.0,9.49,4.21,0.0
20120925:0710,168.85,223.7,11.6,10.02,4.48,0.0
20120925:0810,375.93,450.06,20.2,11.61,4.41,0.0
20120925:0910,245.07,297.23,27.73,12.68,6.62,0.0
20120925:1010,126.64,164.94,33.57,13.74,6.83,0.0
20120925:1110,389.78,465.77,37.03,14.27,6.9,0.0
20120925:1210,432.79,517.71,37.57,14.8,6.62,0.0
20120925:1310,83.98,115.89,35.09,14.27,6.97,0.0
20120925:1410,202.38,251.08,30.01,14.27,7.1,0.0
20120925:1510,383.46,458.45,23.0,14.27,6.62,0.0
20120925:1610,170.62,219.16,14.71,13.74,6.28,0.0
20120925:1710,40.54,79.03,5.69,13.21,5.72,0.0
20120925:1810,0.0,0.0,0.0,12.68,5.1,0.0
20120925:1910,0.0,0.0,0.0,12.15,4.28,0.0
20120925:2010,0.0,0.0,0.0,11.61,4.14,0.0
20120925:2110,0.0,0.0,0.0,11.09,4.0,0.0
20120925:2210,0.0,0.0,0.0,11.09,3.72,0.0
20120925:2310,0.0,0.0,0.0,10.55,3.52,0.0
20120926:0010,0.0,0.0,0.0,10.55,3.45,0.0
20120926:0110,0.0,0.0,0.0,10.55,3.38,0.0
20120926:0210,0.0,0.0,0.0,10.55,3.38,0.0
20120926:0310,0.0,0.0,0.0,10.02,3.45,0.0
20120926:0410,0.0,0.0,0.0,10.02,3.59,0.0
20120926:0510,0.0,0.0,0.0,10.02,3.59,0.0
20120926:0610,0.0,0.0,0.0,10.02,3.66,0.0
20120926:0710,86.79,121.12,11.34,10.55,3.79,0.0
20120926:0810,147.89,188.03,19.92,11.61,3.66,0.0
20120926:0910,321.17,385.37,27.42,12.15,3.79,0.0
20120926:1010,249.46,305.64,33.23,13.21,3.59,0.0
20120926:1110,142.96,184.43,36.65,13.74,3.86,0.0
20120926:1210,150.6,193.64,37.17,14.27,3.86,0.0
20120926:1310,144.11,186.24,34.69,14.27,3.52,0.0
20120926:1410,269.45,330.89,29.62,14.8,3.24,0.0
20120926:1510,324.2,396.06,22.62,14.8,2.83,0.0
20120926:1610,166.71,216.66,14.34,14.27,2.83,0.0
20120926:1710,39.16,78.53,5.33,13.21,2.41,0.0
20120926:1810,0.0,0.0,0.0,12.15,2.0,0.0
20120926:1910,0.0,0.0,0.0,11.61,1.03,0.0
20120926:2010,0.0,0.0,0.0,10.55,0.9,0.0
20120926:2110,0.0,0.0,0.0,10.55,0.55,0.0
20120926:2210,0.0,0.0,0.0,10.55,0.28,0.0
20120926:2310,0.0,0.0,0.0,10.02,0.69,0.0
20120927:0010,0.0,0.0,0.0,8.43,1.24,0.0
20120927:0110,0.0,0.0,0.0,8.43,1.72,0.0
20120927:0210,0.0,0.0,0.0,8.43,2.21,0.0
20120927:0310,0.0,0.0,0.0,8.96,2.76,0.0
20120927:0410,0.0,0.0,0.0,9.49,3.1,0.0
20120927:0510,0.0,0.0,0.0,9.49,3.45,0.0
20120927:0610,0.0,0.0,0.0,9.49,3.52,0.0
20120927:0710,53.34,79.37,11.08,10.02,4.07,0.0
20120927:0810,54.4,79.73,19.64,10.55,4.83,0.0
20120927:0910,184.01,227.79,27.12,11.09,4.69,0.0
20120927:1010,182.84,227.14,32.89,11.09,4.28,0.0
20120927:1110,471.21,562.66,36.28,12.15,3.93,0.0
20120927:1210,223.07,275.52,36.78,13.21,4.07,0.0
20120927:1310,358.41,433.32,34.29,14.27,3.93,0.0
20120927:1410,153.91,197.47,29.23,14.8,4.07,0.0
20120927:1510,346.89,422.29,22.24,15.33,3.72,0.0
20120927:1610,213.63,275.73,13.97,15.33,2.9,0.0
20120927:1710,15.08,33.46,4.96,14.8,2.41,0.0
20120927:1810,0.0,0.0,0.0,13.74,2.55,0.0
20120927:1910,0.0,0.0,0.0,12.68,2.48,0.0
20120927:2010,0.0,0.0,0.0,12.15,2.55,0.0
20120927:2110,0.0,0.0,0.0,11.09,2.69,0.0
20120927:2210,0.0,0.0,0.0,10.02,2.69,0.0
20120927:2310,0.0,0.0,0.0,9.49,2.69,0.0
20120928:0010,0.0,0.0,0.0,8.96,2.69,0.0
20120928:0110,0.0,0.0,0.0,8.43,2.83,0.0
20120928:0210,0.0,0.0,0.0,7.9,2.97,0.0
20120928:0310,0.0,0.0,0.0,8.43,2.97,0.0
20120928:0410,0.0,0.0,0.0,8.43,3.1,0.0
20120928:0510,0.0,0.0,0.0,8.43,3.17,0.0
20120928:0610,0.0,0.0,0.0,8.96,3.24,0.0
20120928:0710,74.86,106.56,10.81,10.55,3.79,0.0
20120928:0810,106.77,141.46,19.36,12.15,3.52,0.0
20120928:0910,334.21,402.25,26.81,13.74,4.41,0.0
20120928:1010,80.51,112.18,32.54,14.8,5.52,0.0
20120928:1110,293.39,357.66,35.9,15.86,6.62,0.0
20120928:1210,344.03,416.0,36.38,15.86,6.83,0.0
20120928:1310,140.49,182.59,33.89,15.86,6.14,0.0
20120928:1410,50.1,76.02,28.84,15.33,5.38,0.0
20120928:1510,126.84,166.58,21.86,15.86,5.03,0.0
20120928:1610,20.82,38.94,13.61,15.33,4.41,0.0
20120928:1710,26.35,56.7,4.6,14.8,3.72,0.0
20120928:1810,0.0,0.0,0.0,13.21,3.31,0.0
20120928:1910,0.0,0.0,0.0,12.68,3.17,0.0
20120928:2010,0.0,0.0,0.0,11.61,3.17,0.0
20120928:2110,0.0,0.0,0.0,11.09,3.24,0.0
20120928:2210,0.0,0.0,0.0,10.55,3.24,0.0
20120928:2310,0.0,0.0,0.0,10.02,3.31,0.0
20120929:0010,0.0,0.0,0.0,9.49,3.17,0.0
20120929:0110,0.0,0.0,0.0,8.96,3.1,0.0
20120929:0210,0.0,0.0,0.0,8.96,2.97,0.0
20120929:0310,0.0,0.0,0.0,8.96,2.97,0.0
20120929:0410,0.0,0.0,0.0,8.43,2.97,0.0
20120929:0510,0.0,0.0,0.0,7.9,2.9,0.0
20120929:0610,0.0,0.0,0.0,7.9,2.9,0.0
20120929:0710,152.57,202.55,10.55,7.9,2.9,0.0
20120929:0810,367.19,437.9,19.08,9.49,3.24,0.0
20120929:0910,518.13,616.5,26.5,11.61,3.79,0.0
20120929:1010,540.74,647.26,32.2,12.68,4.0,0.0
20120929:1110,555.69,668.46,35.53,13.74,4.34,0.0
20120929:1210,412.96,495.84,35.99,14.27,4.97,0.0
20120929:1310,483.76,580.44,33.5,14.27,4.69,0.0
20120929:1410,338.0,408.6,28.45,14.8,4.48,0.0
20120929:1510,310.86,377.09,21.49,14.27,4.28,0.0
20120929:1610,196.38,252.98,13.24,13.74,3.38,0.0
20120929:1710,20.92,47.45,4.24,13.74,2.83,0.0
20120929:1810,0.0,0.0,0.0,12.68,2.48,0.0
20120929:1910,0.0,0.0,0.0,11.61,2.28,0.0
20120929:2010,0.0,0.0,0.0,10.02,2.48,0.0
20120929:2110,0.0,0.0,0.0,8.96,2.41,0.0
20120929:2210,0.0,0.0,0.0,7.9,2.41,0.0
20120929:2310,0.0,0.0,0.0,7.37,2.34,0.0
20120930:0010,0.0,0.0,0.0,6.84,2.41,0.0
20120930:0110,0.0,0.0,0.0,6.84,2.55,0.0
20120930:0210,0.0,0.0,0.0,6.31,2.48,0.0
20120930:0310,0.0,0.0,0.0,6.31,2.41,0.0
20120930:0410,0.0,0.0,0.0,6.31,2.55,0.0
20120930:0510,0.0,0.0,0.0,6.84,2.83,0.0
20120930:0610,0.0,0.0,0.0,6.84,3.24,0.0
20120930:0710,90.19,124.63,10.29,7.9,3.66,0.0
20120930:0810,260.57,314.58,18.79,10.02,3.59,0.0
20120930:0910,191.43,237.1,26.18,12.15,4.62,0.0
20120930:1010,219.75,270.75,31.85,13.74,5.86,0.0
20120930:1110,209.13,260.4,35.15,15.33,7.1,0.0
20120930:1210,259.64,318.64,35.59,15.86,7.1,0.0
20120930:1310,260.97,320.53,33.1,16.39,7.17,0.0
20120930:1410,88.58,122.38,28.06,16.39,6.55,0.0
20120930:1510,101.99,137.66,21.11,15.86,6.07,0.0
20120930:1610,50.28,76.46,12.87,15.33,5.59,0.0
20120930:1710,7.94,22.09,3.89,14.8,4.97,0.0
20120930:1810,0.0,0.0,0.0,13.74,4.69,0.0
20120930:1910,0.0,0.0,0.0,13.74,4.97,0.0
20120930:2010,0.0,0.0,0.0,13.74,4.97,0.0
20120930:2110,0.0,0.0,0.0,13.21,5.1,0.0
20120930:2210,0.0,0.0,0.0,13.74,5.24,0.0
20120930:2310,0.0,0.0,0.0,13.74,5.31,0.0
20121001:0010,0.0,0.0,0.0,13.74,5.38,0.0
20121001:0110,0.0,0.0,0.0,13.74,5.38,0.0
20121001:0210,0.0,0.0,0.0,13.74,5.45,0.0
20121001:0310,0.0,0.0,0.0,14.27,5.38,0.0
20121001:0410,0.0,0.0,0.0,13.74,5.17,0.0
20121001:0510,0.0,0.0,0.0,13.74,4.69,0.0
20121001:0610,0.0,0.0,0.0,13.74,4.28,0.0
20121001:0710,18.24,35.23,10.02,13.74,3.79,0.0
20121001:0810,78.72,109.71,18.51,13.74,3.66,0.0
20121001:0910,83.71,115.89,25.87,14.27,3.66,0.0
20121001:1010,62.62,90.86,31.51,14.27,4.0,0.0
20121001:1110,69.23,99.2,34.78,15.33,3.59,0.0
20121001:1210,133.19,174.29,35.2,15.33,3.86,0.0
20121001:1310,167.83,214.57,32.7,15.86,4.28,0.0
20121001:1410,229.03,284.9,27.67,16.39,4.48,0.0
20121001:1510,138.07,179.68,20.73,15.86,4.28,0.0
20121001:1610,131.06,175.64,12.51,15.86,4.21,0.0
20121001:1710,10.09,27.26,3.53,14.8,3.86,0.0
20121001:1810,0.0,0.0,0.0,13.74,3.45,0.0
20121001:1910,0.0,0.0,0.0,13.21,3.93,0.0
20121001:2010,0.0,0.0,0.0,12.68,3.93,0.0
20121001:2110,0.0,0.0,0.0,12.15,3.79,0.0
20121001:2210,0.0,0.0,0.0,11.61,3.66,0.0
20121001:2310,0.0,0.0,0.0,11.09,3.66,0.0
20121002:0010,0.0,0.0,0.0,11.09,3.66,0.0
20121002:0110,0.0,0.0,0.0,10.55,3.59,0.0
20121002:0210,0.0,0.0,0.0,10.55,3.52,0.0
20121002:0310,0.0,0.0,0.0,10.55,3.31,0.0
20121002:0410,0.0,0.0,0.0,10.55,3.1,0.0
20121002:0510,0.0,0.0,0.0,10.55,3.17,0.0
20121002:0610,0.0,0.0,0.0,10.55,3.24,0.0
20121002:0710,113.15,155.93,9.76,11.09,3.31,0.0
20121002:0810,132.63,171.05,18.23,12.15,3.52,0.0
20121002:0910,201.15,249.39,25.56,13.74,5.17,0.0
20121002:1010,101.87,137.21,31.16,14.8,5.38,0.0
20121002:1110,278.58,340.74,34.4,15.86,6.21,0.0
20121002:1210,627.76,757.13,34.81,15.86,6.21,0.0
20121002:1310,323.86,393.39,32.31,16.39,6.28,0.0
20121002:1410,73.13,103.84,27.28,15.86,6.62,0.0
20121002:1510,196.67,245.07,20.36,14.8,6.28,0.0
20121002:1610,170.95,223.08,12.15,14.8,5.93,0.0
20121002:1710,3.82,14.66,3.17,14.27,5.93,0.0
20121002:1810,0.0,0.0,0.0,13.74,5.93,0.0
20121002:1910,0.0,0.0,0.0,13.21,6.0,0.0
20121002:2010,0.0,0.0,0.0,12.68,5.86,0.0
20121002:2110,0.0,0.0,0.0,12.68,5.86,0.0
20121002:2210,0.0,0.0,0.0,12.68,5.66,0.0
20121002:2310,0.0,0.0,0.0,12.68,5.66,0.0
20121003:0010,0.0,0.0,0.0,12.68,5.86,0.0
20121003:0110,0.0,0.0,0.0,12.68,5.59,0.0
20121003:0210,0.0,0.0,0.0,12.15,5.24,0.0
20121003:0310,0.0,0.0,0.0,11.61,4.76,0.0
20121003:0410,0.0,0.0,0.0,11.09,4.34,0.0
20121003:0510,0.0,0.0,0.0,10.55,4.14,0.0
20121003:0610,0.0,0.0,0.0,10.55,4.14,0.0
20121003:0710,127.14,173.28,9.49,10.55,3.93,0.0
20121003:0810,80.85,110.99,17.94,11.09,3.52,0.0
20121003:0910,334.26,398.0,25.25,12.15,5.24,0.0
20121003:1010,231.24,283.27,30.82,13.21,5.31,0.0
20121003:1110,194.32,242.2,34.03,13.74,5.79,0.0
20121003:1210,366.77,439.67,34.41,14.27,6.07,0.0
20121003:1310,109.94,146.48,31.91,14.8,6.28,0.0
20121003:1410,167.04,211.61,26.9,14.8,6.07,0.0
20121003:1510,251.3,307.2,19.99,14.27,5.45,0.0
20121003:1610,55.35,82.47,11.79,13.74,4.21,0.0
20121003:1710,0.0,5.56,2.82,13.21,4.14,0.0
20121003:1810,0.0,0.0,0.0,12.15,3.52,0.0
20121003:1910,0.0,0.0,0.0,11.09,4.0,0.0
20121003:2010,0.0,0.0,0.0,10.55,3.66,0.0
20121003:2110,0.0,0.0,0.0,9.49,3.24,0.0
20121003:2210,0.0,0.0,0.0,8.96,2.83,0.0
20121003:2310,0.0,0.0,0.0,8.43,2.69,0.0
20121004:0010,0.0,0.0,0.0,7.9,2.69,0.0
20121004:0110,0.0,0.0,0.0,7.9,2.41,0.0
20121004:0210,0.0,0.0,0.0,7.37,2.41,0.0
20121004:0310,0.0,0.0,0.0,7.37,2.48,0.0
20121004:0410,0.0,0.0,0.0,6.84,2.62,0.0
20121004:0510,0.0,0.0,0.0,6.84,2.76,0.0
20121004:0610,0.0,0.0,0.0,6.84,2.9,0.0
20121004:0710,143.86,192.16,9.23,6.84,2.9,0.0
20121004:0810,386.5,458.98,17.65,8.43,3.1,0.0
20121004:0910,555.68,657.77,24.93,10.55,3.93,0.0
20121004:1010,669.93,798.17,30.47,12.15,5.24,0.0
20121004:1110,679.52,814.79,33.66,13.21,5.45,0.0
20121004:1210,323.95,391.31,34.02,14.27,5.1,0.0
20121004:1310,388.03,465.54,31.52,14.27,4.97,0.0
20121004:1410,280.5,341.09,26.51,14.27,4.28,0.0
20121004:1510,162.9,206.76,19.61,14.27,4.34,0.0
20121004:1610,169.98,223.03,11.43,14.27,3.79,0.0
20121004:1710,1.08,8.34,2.47,13.21,3.59,0.0
20121004:1810,0.0,0.0,0.0,12.68,4.14,0.0
20121004:1910,0.0,0.0,0.0,12.68,4.41,0.0
20121004:2010,0.0,0.0,0.0,12.15,4.14,0.0
20121004:2110,0.0,0.0,0.0,11.61,3.93,0.0
20121004:2210,0.0,0.0,0.0,11.61,3.38,0.0
20121004:2310,0.0,0.0,0.0,11.09,2.97,0.0
20121005:0010,0.0,0.0,0.0,10.55,2.62,0.0
20121005:0110,0.0,0.0,0.0,11.09,3.31,0.0
20121005:0210,0.0,0.0,0.0,12.15,4.34,0.0
20121005:0310,0.0,0.0,0.0,13.21,6.55,0.0
20121005:0410,0.0,0.0,0.0,15.33,8.9,0.0
20121005:0510,0.0,0.0,0.0,15.86,8.34,0.0
20121005:0610,0.0,0.0,0.0,14.8,5.86,0.0
20121005:0710,90.58,128.5,8.96,12.15,4.0,0.0
20121005:0810,207.59,256.17,17.37,11.61,3.38,0.0
20121005:0910,322.81,386.85,24.62,12.15,3.72,0.0
20121005:1010,648.58,780.84,30.13,12.15,3.72,0.0
20121005:1110,745.42,904.14,33.28,13.21,4.62,0.0
20121005:1210,114.85,152.05,33.63,14.27,4.97,0.0
20121005:1310,163.0,207.7,31.13,14.8,4.97,0.0
20121005:1410,30.17,50.99,26.13,14.27,4.14,0.0
20121005:1510,98.04,132.23,19.24,13.74,3.31,0.0
20121005:1610,23.85,42.65,11.07,13.21,2.97,0.0
20121005:1710,0.0,0.0,0.0,12.15,2.76,0.0
20121005:1810,0.0,0.0,0.0,11.61,2.69,0.0
20121005:1910,0.0,0.0,0.0,11.09,0.69,0.0
20121005:2010,0.0,0.0,0.0,11.09,0.76,0.0
20121005:2110,0.0,0.0,0.0,10.55,0.34,0.0
20121005:2210,0.0,0.0,0.0,10.55,1.1,0.0
20121005:2310,0.0,0.0,0.0,10.55,1.72,0.0
20121006:0010,0.0,0.0,0.0,10.02,2.48,0.0
20121006:0110,0.0,0.0,0.0,8.96,2.83,0.0
20121006:0210,0.0,0.0,0.0,8.43,3.03,0.0
20121006:0310,0.0,0.0,0.0,7.9,3.17,0.0
20121006:0410,0.0,0.0,0.0,7.9,3.17,0.0
20121006:0510,0.0,0.0,0.0,7.37,2.9,0.0
20121006:0610,0.0,0.0,0.0,7.37,2.41,0.0
20121006:0710,66.72,96.67,8.69,7.37,1.66,0.0
20121006:0810,159.04,198.83,17.08,8.43,1.79,0.0
20121006:0910,556.75,666.29,24.3,10.02,2.34,0.0
20121006:1010,663.21,804.46,29.78,11.09,2.62,0.0
20121006:1110,751.99,932.21,32.91,12.68,2.55,0.0
20121006:1210,731.53,909.93,33.24,13.74,2.55,0.0
20121006:1310,699.46,870.81,30.73,14.27,2.28,0.0
20121006:1410,510.97,625.62,25.75,14.8,2.14,0.0
20121006:1510,299.11,368.06,18.87,14.8,2.07,0.0
20121006:1610,177.29,234.53,10.71,14.27,1.66,0.0
20121006:1710,0.0,0.0,0.0,13.21,1.45,0.0
20121006:1810,0.0,0.0,0.0,11.09,1.72,0.0
20121006:1910,0.0,0.0,0.0,10.02,1.45,0.0
20121006:2010,0.0,0.0,0.0,10.02,1.31,0.0
20121006:2110,0.0,0.0,0.0,10.02,1.17,0.0
20121006:2210,0.0,0.0,0.0,9.49,1.17,0.0
20121006:2310,0.0,0.0,0.0,8.96,1.38,0.0
20121007:0010,0.0,0.0,0.0,8.96,1.66,0.0
20121007:0110,0.0,0.0,0.0,8.96,2.0,0.0
20121007:0210,0.0,0.0,0.0,8.96,2.07,0.0
20121007:0310,0.0,0.0,0.0,8.96,1.93,0.0
20121007:0410,0.0,0.0,0.0,8.43,1.79,0.0
20121007:0510,0.0,0.0,0.0,8.43,1.79,0.0
20121007:0610,0.0,0.0,0.0,7.9,1.79,0.0
20121007:0710,111.1,152.21,8.42,6.84,1.72,0.0
20121007:0810,346.54,416.2,16.79,8.43,1.52,0.0
20121007:0910,406.74,487.34,23.99,10.02,1.45,0.0
20121007:1010,634.47,779.69,29.43,11.09,1.45,0.0
20121007:1110,646.84,808.36,32.54,12.68,1.17,0.0
20121007:1210,526.39,652.55,32.86,13.21,0.83,0.0
20121007:1310,434.54,539.89,30.35,14.27,0.34,0.0
20121007:1410,243.1,302.77,25.37,14.27,0.62,0.0
20121007:1510,209.48,263.3,18.51,14.27,0.83,0.0
20121007:1610,54.43,82.18,10.36,14.27,0.9,0.0
20121007:1710,0.0,0.0,0.0,13.21,1.24,0.0
20121007:1810,0.0,0.0,0.0,12.15,1.66,0.0
20121007:1910,0.0,0.0,0.0,11.09,1.86,0.0
20121007:2010,0.0,0.0,0.0,10.55,1.93,0.0
20121007:2110,0.0,0.0,0.0,10.02,2.14,0.0
20121007:2210,0.0,0.0,0.0,10.02,2.34,0.0
20121007:2310,0.0,0.0,0.0,9.49,2.62,0.0
20121008:0010,0.0,0.0,0.0,9.49,2.83,0.0
20121008:0110,0.0,0.0,0.0,9.49,2.9,0.0
20121008:0210,0.0,0.0,0.0,9.49,3.03,0.0
20121008:0310,0.0,0.0,0.0,10.02,3.03,0.0
20121008:0410,0.0,0.0,0.0,10.02,3.45,0.0
20121008:0510,0.0,0.0,0.0,10.02,3.45,0.0
20121008:0610,0.0,0.0,0.0,9.49,3.72,0.0
20121008:0710,13.17,27.81,8.15,10.02,3.03,0.0
20121008:0810,17.16,33.38,16.5,10.55,3.1,0.0
20121008:0910,16.44,32.45,23.67,11.09,3.31,0.0
20121008:1010,28.39,48.21,29.09,11.61,3.66,0.0
20121008:1110,24.05,42.65,32.16,11.61,3.03,0.0
20121008:1210,27.66,47.28,32.47,11.61,3.59,0.0
20121008:1310,44.95,68.61,29.96,11.09,3.72,0.0
20121008:1410,30.57,50.99,24.99,11.61,3.1,0.0
20121008:1510,19.82,37.08,18.14,11.61,2.76,0.0
20121008:1610,35.69,57.67,10.0,11.61,2.48,0.0
20121008:1710,0.0,0.0,0.0,11.61,2.21,0.0
20121008:1810,0.0,0.0,0.0,11.09,2.41,0.0
20121008:1910,0.0,0.0,0.0,11.61,2.07,0.0
20121008:2010,0.0,0.0,0.0,11.09,2.14,0.0
20121008:2110,0.0,0.0,0.0,11.09,2.14,0.0
20121008:2210,0.0,0.0,0.0,11.09,2.48,0.0
20121008:2310,0.0,0.0,0.0,10.55,2.69,0.0
20121009:0010,0.0,0.0,0.0,10.55,2.97,0.0
20121009:0110,0.0,0.0,0.0,10.55,2.83,0.0
20121009:0210,0.0,0.0,0.0,10.02,2.69,0.0
20121009:0310,0.0,0.0,0.0,10.02,2.69,0.0
20121009:0410,0.0,0.0,0.0,9.49,2.69,0.0
20121009:0510,0.0,0.0,0.0,8.96,2.76,0.0
20121009:0610,0.0,0.0,0.0,8.96,2.83,0.0
20121009:0710,58.29,87.02,7.89,8.96,2.69,0.0
20121009:0810,326.72,391.94,16.21,9.49,2.69,0.0
20121009:0910,509.64,605.35,23.35,10.55,3.17,0.0
20121009:1010,489.76,584.36,28.74,11.61,3.24,0.0
20121009:1110,416.37,499.08,31.79,12.15,2.97,0.0
20121009:1210,532.33,643.22,32.08,12.68,2.76,0.0
20121009:1310,111.98,148.47,29.57,13.21,2.62,0.0
20121009:1410,106.14,141.53,24.61,13.21,2.76,0.0
20121009:1510,131.25,170.24,17.78,13.21,2.69,0.0
20121009:1610,47.33,72.6,9.65,12.15,2.83,0.0
20121009:1710,0.0,0.0,0.0,11.61,2.83,0.0
20121009:1810,0.0,0.0,0.0,11.09,2.76,0.0
20121009:1910,0.0,0.0,0.0,11.09,2.55,0.0
20121009:2010,0.0,0.0,0.0,10.55,2.41,0.0
20121009:2110,0.0,0.0,0.0,10.02,2.34,0.0
20121009:2210,0.0,0.0,0.0,10.02,2.28,0.0
20121009:2310,0.0,0.0,0.0,10.02,2.21,0.0
20121010:0010,0.0,0.0,0.0,10.02,2.07,0.0
20121010:0110,0.0,0.0,0.0,9.49,2.07,0.0
20121010:0210,0.0,0.0,0.0,9.49,2.14,0.0
20121010:0310,0.0,0.0,0.0,9.49,2.0,0.0
20121010:0410,0.0,0.0,0.0,8.96,2.0,0.0
20121010:0510,0.0,0.0,0.0,8.43,2.0,0.0
20121010:0610,0.0,0.0,0.0,7.9,2.07,0.0
20121010:0710,110.23,152.65,7.62,7.9,1.86,0.0
20121010:0810,345.51,415.17,15.92,8.96,1.86,0.0
20121010:0910,514.19,617.59,23.04,11.09,2.21,0.0
20121010:1010,620.27,754.1,28.4,12.15,2.48,0.0
20121010:1110,666.58,823.46,31.42,13.21,2.21,0.0
20121010:1210,329.08,401.68,31.7,13.74,1.86,0.0
20121010:1310,164.79,210.11,29.19,13.74,1.79,0.0
20121010:1410,87.05,119.79,24.24,13.74,1.86,0.0
20121010:1510,116.58,153.91,17.42,13.74,2.07,0.0
20121010:1610,69.71,101.3,9.3,13.21,1.79,0.0
20121010:1710,0.0,0.0,0.0,12.68,1.93,0.0
20121010:1810,0.0,0.0,0.0,12.15,2.28,0.0
20121010:1910,0.0,0.0,0.0,11.09,2.62,0.0
20121010:2010,0.0,0.0,0.0,10.55,2.69,0.0
20121010:2110,0.0,0.0,0.0,10.55,2.62,0.0
20121010:2210,0.0,0.0,0.0,10.02,2.62,0.0
20121010:2310,0.0,0.0,0.0,10.02,2.69,0.0
20121011:0010,0.0,0.0,0.0,9.49,2.76,0.0
20121011:0110,0.0,0.0,0.0,8.96,2.83,0.0
20121011:0210,0.0,0.0,0.0,8.96,2.76,0.0
20121011:0310,0.0,0.0,0.0,8.43,2.83,0.0
20121011:0410,0.0,0.0,0.0,8.43,2.9,0.0
20121011:0510,0.0,0.0,0.0,8.96,3.1,0.0
20121011:0610,0.0,0.0,0.0,9.49,3.24,0.0
20121011:0710,29.61,50.24,7.34,8.96,2.83,0.0
20121011:0810,27.07,46.36,15.63,10.55,2.97,0.0
20121011:0910,24.7,43.57,22.72,12.15,3.52,0.0
20121011:1010,35.41,57.48,28.05,13.74,4.83,0.0
20121011:1110,51.75,77.88,31.05,14.8,5.1,0.0
20121011:1210,43.29,67.68,31.32,15.33,5.03,0.0
20121011:1310,51.71,77.88,28.81,14.8,4.0,0.0
20121011:1410,120.55,158.35,23.87,13.74,3.1,0.0
20121011:1510,182.49,229.0,17.06,13.74,3.59,0.0
20121011:1610,64.11,94.36,8.96,13.21,2.9,0.0
20121011:1710,0.0,0.0,0.0,13.74,2.62,0.0
20121011:1810,0.0,0.0,0.0,13.21,2.62,0.0
20121011:1910,0.0,0.0,0.0,14.27,3.31,0.0
20121011:2010,0.0,0.0,0.0,14.27,3.1,0.0
20121011:2110,0.0,0.0,0.0,14.27,3.1,0.0
20121011:2210,0.0,0.0,0.0,14.27,3.17,0.0
20121011:2310,0.0,0.0,0.0,14.27,3.59,0.0
20121012:0010,0.0,0.0,0.0,13.74,4.48,0.0
20121012:0110,0.0,0.0,0.0,13.21,5.24,0.0
20121012:0210,0.0,0.0,0.0,12.15,5.38,0.0
20121012:0310,0.0,0.0,0.0,11.09,5.1,0.0
20121012:0410,0.0,0.0,0.0,10.55,4.83,0.0
20121012:0510,0.0,0.0,0.0,10.55,4.69,0.0
20121012:0610,0.0,0.0,0.0,10.55,4.9,0.0
20121012:0710,26.19,45.85,7.07,10.02,5.45,0.0
20121012:0810,120.91,155.8,15.34,10.02,5.52,0.0
20121012:0910,507.01,593.45,22.41,10.02,5.1,0.0
20121012:1010,634.41,744.64,27.71,10.55,5.93,0.0
20121012:1110,762.14,905.85,30.68,11.09,5.86,0.0
20121012:1210,733.11,874.08,30.94,12.15,5.93,0.0
20121012:1310,622.38,739.12,28.43,13.21,6.14,0.0
20121012:1410,322.01,382.98,23.5,12.15,5.79,0.0
20121012:1510,360.41,429.76,16.71,11.61,4.97,0.0
20121012:1610,162.31,214.71,8.62,11.61,4.41,0.0
20121012:1710,0.0,0.0,0.0,10.55,3.86,0.0
20121012:1810,0.0,0.0,0.0,9.49,3.59,0.0
20121012:1910,0.0,0.0,0.0,8.43,2.97,0.0
20121012:2010,0.0,0.0,0.0,7.9,2.83,0.0
20121012:2110,0.0,0.0,0.0,7.37,2.69,0.0
20121012:2210,0.0,0.0,0.0,6.84,2.69,0.0
20121012:2310,0.0,0.0,0.0,6.84,2.55,0.0
20121013:0010,0.0,0.0,0.0,6.84,2.41,0.0
20121013:0110,0.0,0.0,0.0,6.84,2.34,0.0
20121013:0210,0.0,0.0,0.0,6.84,2.21,0.0
20121013:0310,0.0,0.0,0.0,6.31,2.0,0.0
20121013:0410,0.0,0.0,0.0,6.31,1.79,0.0
20121013:0510,0.0,0.0,0.0,5.78,1.52,0.0
20121013:0610,0.0,0.0,0.0,6.31,1.31,0.0
20121013:0710,25.45,44.31,6.8,5.78,1.52,0.0
20121013:0810,313.07,375.0,15.05,6.84,1.17,0.0
20121013:0910,358.65,426.56,22.09,8.96,1.72,0.0
20121013:1010,361.69,431.79,27.36,10.02,2.0,0.0
20121013:1110,540.37,648.61,30.32,10.55,2.34,0.0
20121013:1210,452.42,540.16,30.56,11.09,2.76,0.0
20121013:1310,70.65,99.2,28.05,11.09,3.1,0.0
20121013:1410,209.04,256.15,23.13,11.09,3.1,0.0
20121013:1510,162.69,202.98,16.35,10.02,3.79,0.0
20121013:1610,88.93,123.88,8.28,9.49,2.83,0.0
20121013:1710,0.0,0.0,0.0,8.96,2.83,0.0
20121013:1810,0.0,0.0,0.0,6.84,2.9,0.0
20121013:1910,0.0,0.0,0.0,6.84,2.55,0.0
20121013:2010,0.0,0.0,0.0,6.31,2.62,0.0
20121013:2110,0.0,0.0,0.0,5.78,2.48,0.0
20121013:2210,0.0,0.0,0.0,5.25,2.41,0.0
20121013:2310,0.0,0.0,0.0,5.25,2.34,0.0
20121014:0010,0.0,0.0,0.0,4.72,2.28,0.0
20121014:0110,0.0,0.0,0.0,4.19,2.14,0.0
20121014:0210,0.0,0.0,0.0,3.66,2.0,0.0
20121014:0310,0.0,0.0,0.0,3.13,2.0,0.0
20121014:0410,0.0,0.0,0.0,2.6,2.0,0.0
20121014:0510,0.0,0.0,0.0,2.07,2.0,0.0
20121014:0610,0.0,0.0,0.0,2.07,2.0,0.0
20121014:0710,91.13,126.26,6.53,1.54,1.72,0.0
20121014:0810,330.98,390.61,14.76,4.19,1.45,0.0
20121014:0910,515.59,606.56,21.77,6.31,1.93,0.0
20121014:1010,629.41,750.48,27.02,7.9,2.34,0.0
20121014:1110,698.37,841.33,29.95,9.49,2.9,0.0
20121014:1210,583.59,693.57,30.18,10.55,3.79,0.0
20121014:1310,355.55,421.83,27.67,11.09,4.21,0.0
20121014:1410,331.27,393.63,22.77,11.09,4.14,0.0
20121014:1510,217.67,266.26,16.0,11.09,3.72,0.0
20121014:1610,59.18,87.8,7.94,10.55,2.9,0.0
20121014:1710,0.0,0.0,0.0,9.49,2.69,0.0
20121014:1810,0.0,0.0,0.0,8.43,2.69,0.0
20121014:1910,0.0,0.0,0.0,7.9,3.17,0.0
20121014:2010,0.0,0.0,0.0,6.84,3.03,0.0
20121014:2110,0.0,0.0,0.0,6.84,2.83,0.0
20121014:2210,0.0,0.0,0.0,6.31,2.62,0.0
20121014:2310,0.0,0.0,0.0,5.78,2.48,0.0
20121015:0010,0.0,0.0,0.0,4.72,2.34,0.0
20121015:0110,0.0,0.0,0.0,3.66,2.0,0.0
20121015:0210,0.0,0.0,0.0,3.13,1.79,0.0
20121015:0310,0.0,0.0,0.0,2.6,1.93,0.0
20121015:0410,0.0,0.0,0.0,2.07,1.86,0.0
20121015:0510,0.0,0.0,0.0,2.07,1.93,0.0
20121015:0610,0.0,0.0,0.0,2.07,2.07,0.0
20121015:0710,37.11,59.43,6.26,3.66,2.07,0.0
20121015:0810,125.99,159.47,14.47,5.78,2.28,0.0
20121015:0910,46.29,69.53,21.46,8.43,2.83,0.0
20121015:1010,420.32,495.51,26.68,10.02,3.72,0.0
20121015:1110,273.91,328.73,29.59,11.61,5.52,0.0
20121015:1210,61.02,88.08,29.81,12.15,5.72,0.0
20121015:1310,97.32,130.72,27.3,12.68,5.52,0.0
20121015:1410,144.27,184.16,22.41,13.21,5.52,0.0
20121015:1510,112.18,147.4,15.66,12.68,5.45,0.0
20121015:1610,103.35,143.49,7.61,12.15,4.83,0.0
20121015:1710,0.0,0.0,0.0,11.09,4.28,0.0
20121015:1810,0.0,0.0,0.0,10.55,4.0,0.0
20121015:1910,0.0,0.0,0.0,10.55,4.07,0.0
20121015:2010,0.0,0.0,0.0,10.02,4.07,0.0
20121015:2110,0.0,0.0,0.0,10.02,4.34,0.0
20121015:2210,0.0,0.0,0.0,10.55,4.97,0.0
20121015:2310,0.0,0.0,0.0,10.55,5.24,0.0
20121016:0010,0.0,0.0,0.0,10.55,6.07,0.0
20121016:0110,0.0,0.0,0.0,11.09,7.38,0.0
20121016:0210,0.0,0.0,0.0,11.61,7.17,0.0
20121016:0310,0.0,0.0,0.0,11.61,6.76,0.0
20121016:0410,0.0,0.0,0.0,10.02,6.9,0.0
20121016:0510,0.0,0.0,0.0,9.49,6.34,0.0
20121016:0610,0.0,0.0,0.0,8.96,5.86,0.0
20121016:0710,9.35,22.25,5.99,9.49,5.79,0.0
20121016:0810,313.61,373.52,14.18,10.02,6.07,0.0
20121016:0910,465.43,546.14,21.14,11.09,5.59,0.0
20121016:1010,575.53,674.5,26.34,12.15,7.38,0.0
20121016:1110,632.56,745.0,29.23,13.21,8.14,0.0
20121016:1210,505.49,596.56,29.43,13.74,7.66,0.0
20121016:1310,556.37,656.91,26.93,13.74,7.38,0.0
20121016:1410,379.57,451.28,22.05,14.27,7.03,0.0
20121016:1510,350.02,421.03,15.31,13.74,5.86,0.0
20121016:1610,132.76,181.37,7.27,13.21,4.41,0.0
20121016:1710,0.0,0.0,0.0,11.61,4.07,0.0
20121016:1810,0.0,0.0,0.0,10.55,3.03,0.0
20121016:1910,0.0,0.0,0.0,9.49,3.31,0.0
20121016:2010,0.0,0.0,0.0,8.96,3.03,0.0
20121016:2110,0.0,0.0,0.0,8.43,2.41,0.0
20121016:2210,0.0,0.0,0.0,7.9,2.28,0.0
20121016:2310,0.0,0.0,0.0,7.9,2.69,0.0
20121017:0010,0.0,0.0,0.0,8.43,3.52,0.0
20121017:0110,0.0,0.0,0.0,9.49,4.48,0.0
20121017:0210,0.0,0.0,0.0,10.02,5.45,0.0
20121017:0310,0.0,0.0,0.0,10.02,6.41,0.0
20121017:0410,0.0,0.0,0.0,10.02,6.41,0.0
20121017:0510,0.0,0.0,0.0,10.55,5.93,0.0
20121017:0610,0.0,0.0,0.0,12.15,5.31,0.0
20121017:0710,24.1,44.13,5.72,12.68,5.45,0.0
20121017:0810,300.17,363.53,13.89,12.68,5.03,0.0
20121017:0910,481.44,569.25,20.83,12.68,5.52,0.0
20121017:1010,520.32,616.68,26.0,13.21,5.66,0.0
20121017:1110,435.81,519.17,28.86,14.27,5.93,0.0
20121017:1210,639.29,767.43,29.06,14.8,5.86,0.0
20121017:1310,605.81,726.49,26.56,15.33,6.0,0.0
20121017:1410,547.81,654.98,21.69,15.33,6.0,0.0
20121017:1510,100.91,135.65,14.97,14.8,5.93,0.0
20121017:1610,4.46,14.83,6.95,14.27,5.1,0.0
20121017:1710,0.0,0.0,0.0,13.21,4.83,0.0
20121017:1810,0.0,0.0,0.0,12.68,4.28,0.0
20121017:1910,0.0,0.0,0.0,12.68,4.48,0.0
20121017:2010,0.0,0.0,0.0,12.68,4.41,0.0
20121017:2110,0.0,0.0,0.0,12.15,4.69,0.0
20121017:2210,0.0,0.0,0.0,12.15,5.03,0.0
20121017:2310,0.0,0.0,0.0,12.15,4.62,0.0
20121018:0010,0.0,0.0,0.0,12.15,4.41,0.0
20121018:0110,0.0,0.0,0.0,12.15,4.76,0.0
20121018:0210,0.0,0.0,0.0,12.15,5.17,0.0
20121018:0310,0.0,0.0,0.0,12.15,5.24,0.0
20121018:0410,0.0,0.0,0.0,12.15,5.24,0.0
20121018:0510,0.0,0.0,0.0,12.15,4.76,0.0
20121018:0610,0.0,0.0,0.0,12.15,4.34,0.0
20121018:0710,78.17,116.7,5.44,11.61,3.38,0.0
20121018:0810,54.95,80.91,13.6,12.15,3.86,0.0
20121018:0910,44.61,68.61,20.51,12.68,4.28,0.0
20121018:1010,80.64,112.18,25.66,14.27,4.48,0.0
20121018:1110,41.9,65.82,28.51,14.8,4.76,0.0
20121018:1210,212.12,263.53,28.69,15.33,5.66,0.0
20121018:1310,500.18,599.28,26.2,15.86,6.0,0.0
20121018:1410,208.99,259.14,21.34,15.33,5.59,0.0
20121018:1510,107.39,143.22,14.63,14.8,5.31,0.0
20121018:1610,107.77,151.7,6.62,14.27,4.41,0.0
20121018:1710,0.0,0.0,0.0,13.74,4.07,0.0
20121018:1810,0.0,0.0,0.0,12.68,3.79,0.0
20121018:1910,0.0,0.0,0.0,12.68,3.86,0.0
20121018:2010,0.0,0.0,0.0,12.68,3.52,0.0
20121018:2110,0.0,0.0,0.0,12.68,3.38,0.0
20121018:2210,0.0,0.0,0.0,12.68,2.83,0.0
20121018:2310,0.0,0.0,0.0,12.15,2.48,0.0
20121019:0010,0.0,0.0,0.0,11.09,2.07,0.0
20121019:0110,0.0,0.0,0.0,11.09,1.93,0.0
20121019:0210,0.0,0.0,0.0,10.02,1.66,0.0
20121019:0310,0.0,0.0,0.0,9.49,1.45,0.0
20121019:0410,0.0,0.0,0.0,10.02,0.9,0.0
20121019:0510,0.0,0.0,0.0,10.02,0.69,0.0
20121019:0610,0.0,0.0,0.0,9.49,0.97,0.0
20121019:0710,84.12,124.61,5.17,10.02,0.76,0.0
20121019:0810,245.51,303.05,13.3,10.55,0.48,0.0
20121019:0910,123.83,161.26,20.2,11.61,0.69,0.0
20121019:1010,74.78,104.76,25.32,12.15,1.24,0.0
20121019:1110,29.64,50.06,28.15,12.68,1.59,0.0
20121019:1210,41.38,64.9,28.33,13.21,1.79,0.0
20121019:1310,26.68,46.36,25.84,13.21,2.0,0.0
20121019:1410,38.41,61.19,20.99,13.21,2.41,0.0
20121019:1510,21.79,39.87,14.3,12.68,2.14,0.0
20121019:1610,2.94,12.05,6.3,12.68,2.0,0.0
20121019:1710,0.0,0.0,0.0,12.15,2.0,0.0
20121019:1810,0.0,0.0,0.0,12.15,1.79,0.0
20121019:1910,0.0,0.0,0.0,12.15,1.52,0.0
20121019:2010,0.0,0.0,0.0,12.15,1.52,0.0
20121019:2110,0.0,0.0,0.0,11.61,1.59,0.0
20121019:2210,0.0,0.0,0.0,11.61,1.72,0.0
20121019:2310,0.0,0.0,0.0,11.61,1.66,0.0
20121020:0010,0.0,0.0,0.0,11.61,1.66,0.0
20121020:0110,0.0,0.0,0.0,11.61,1.66,0.0
20121020:0210,0.0,0.0,0.0,11.09,1.66,0.0
20121020:0310,0.0,0.0,0.0,10.55,1.86,0.0
20121020:0410,0.0,0.0,0.0,9.49,2.07,0.0
20121020:0510,0.0,0.0,0.0,8.43,2.07,0.0
20121020:0610,0.0,0.0,0.0,7.9,2.07,0.0
20121020:0710,18.07,35.56,4.9,8.96,2.14,0.0
20121020:0810,63.61,90.41,13.01,9.49,1.86,0.0
20121020:0910,61.39,88.08,19.88,10.02,1.52,0.0
20121020:1010,257.19,312.24,24.98,10.55,1.38,0.0
20121020:1110,243.34,298.19,27.79,11.61,1.38,0.0
20121020:1210,503.91,612.34,27.97,12.15,1.59,0.0
20121020:1310,79.95,111.25,25.48,13.21,1.72,0.0
20121020:1410,62.75,90.86,20.64,13.21,1.45,0.0
20121020:1510,45.69,70.24,13.97,13.21,0.97,0.0
20121020:1610,2.93,12.05,5.98,13.21,0.41,0.0
20121020:1710,0.0,0.0,0.0,12.15,1.03,0.0
20121020:1810,0.0,0.0,0.0,11.09,1.17,0.0
20121020:1910,0.0,0.0,0.0,11.09,1.59,0.0
20121020:2010,0.0,0.0,0.0,10.55,1.86,0.0
20121020:2110,0.0,0.0,0.0,10.55,1.72,0.0
20121020:2210,0.0,0.0,0.0,10.55,1.66,0.0
20121020:2310,0.0,0.0,0.0,10.55,1.93,0.0
20121021:0010,0.0,0.0,0.0,10.55,2.14,0.0
20121021:0110,0.0,0.0,0.0,10.02,2.62,0.0
20121021:0210,0.0,0.0,0.0,10.02,2.55,0.0
20121021:0310,0.0,0.0,0.0,9.49,2.55,0.0
20121021:0410,0.0,0.0,0.0,9.49,2.62,0.0
20121021:0510,0.0,0.0,0.0,9.49,2.76,0.0
20121021:0610,0.0,0.0,0.0,9.49,2.69,0.0
20121021:0710,48.39,77.52,4.63,8.96,2.9,0.0
20121021:0810,58.4,84.18,12.72,9.49,3.03,0.0
20121021:0910,34.54,55.63,19.57,10.02,3.1,0.0
20121021:1010,49.59,74.17,24.65,11.09,4.34,0.0
20121021:1110,37.29,59.33,27.44,11.61,4.76,0.0
20121021:1210,45.53,69.53,27.61,12.15,5.59,0.0
20121021:1310,30.44,50.99,25.12,12.68,5.52,0.0
20121021:1410,24.65,43.57,20.3,12.68,4.83,0.0
20121021:1510,23.23,41.72,13.64,12.68,4.97,0.0
20121021:1610,18.59,36.06,5.67,12.15,4.76,0.0
20121021:1710,0.0,0.0,0.0,12.15,4.62,0.0
20121021:1810,0.0,0.0,0.0,12.15,4.62,0.0
20121021:1910,0.0,0.0,0.0,11.61,4.21,0.0
20121021:2010,0.0,0.0,0.0,11.61,4.07,0.0
20121021:2110,0.0,0.0,0.0,11.61,3.86,0.0
20121021:2210,0.0,0.0,0.0,11.61,3.59,0.0
20121021:2310,0.0,0.0,0.0,12.15,3.31,0.0
20121022:0010,0.0,0.0,0.0,12.15,3.1,0.0
20121022:0110,0.0,0.0,0.0,12.15,3.03,0.0
20121022:0210,0.0,0.0,0.0,12.15,2.83,0.0
20121022:0310,0.0,0.0,0.0,12.15,2.55,0.0
20121022:0410,0.0,0.0,0.0,12.15,2.41,0.0
20121022:0510,0.0,0.0,0.0,12.15,2.41,0.0
20121022:0610,0.0,0.0,0.0,12.15,2.41,0.0
20121022:0710,4.51,14.83,4.36,12.68,2.41,0.0
20121022:0810,62.42,90.03,12.44,12.68,3.24,0.0
20121022:0910,16.25,32.45,19.26,13.21,3.38,0.0
20121022:1010,57.19,84.37,24.31,14.27,3.59,0.0
20121022:1110,24.36,43.57,27.09,14.8,3.31,0.0
20121022:1210,39.51,63.04,27.25,15.33,3.03,0.0
20121022:1310,48.36,74.17,24.77,15.86,2.9,0.0
20121022:1410,37.91,61.19,19.96,15.86,2.76,0.0
20121022:1510,50.5,76.78,13.32,15.86,2.62,0.0
20121022:1610,19.68,38.34,5.36,15.33,2.0,0.0
20121022:1710,0.0,0.0,0.0,14.8,1.93,0.0
20121022:1810,0.0,0.0,0.0,14.27,1.93,0.0
20121022:1910,0.0,0.0,0.0,13.74,1.72,0.0
20121022:2010,0.0,0.0,0.0,13.74,1.66,0.0
20121022:2110,0.0,0.0,0.0,13.74,1.59,0.0
20121022:2210,0.0,0.0,0.0,13.74,1.45,0.0
20121022:2310,0.0,0.0,0.0,13.74,1.45,0.0
20121023:0010,0.0,0.0,0.0,13.21,1.31,0.0
20121023:0110,0.0,0.0,0.0,13.21,1.24,0.0
20121023:0210,0.0,0.0,0.0,13.21,1.52,0.0
20121023:0310,0.0,0.0,0.0,12.68,1.59,0.0
20121023:0410,0.0,0.0,0.0,12.68,1.59,0.0
20121023:0510,0.0,0.0,0.0,12.68,1.66,0.0
20121023:0610,0.0,0.0,0.0,12.68,1.66,0.0
20121023:0710,3.46,12.98,4.09,12.15,1.86,0.0
20121023:0810,36.35,58.38,12.15,12.15,2.07,0.0
20121023:0910,35.52,57.48,18.95,12.68,2.0,0.0
20121023:1010,55.07,81.59,23.98,13.21,1.86,0.0
20121023:1110,42.03,65.82,26.74,13.74,2.0,0.0
20121023:1210,46.44,71.39,26.89,14.27,2.14,0.0
20121023:1310,83.32,115.89,24.42,14.8,2.28,0.0
20121023:1410,32.96,54.7,19.62,14.8,2.48,0.0
20121023:1510,58.57,86.21,13.0,14.8,2.62,0.0
20121023:1610,10.84,25.26,5.05,14.8,2.07,0.0
20121023:1710,0.0,0.0,0.0,14.8,1.86,0.0
20121023:1810,0.0,0.0,0.0,14.27,2.0,0.0
20121023:1910,0.0,0.0,0.0,13.21,2.28,0.0
20121023:2010,0.0,0.0,0.0,13.21,2.34,0.0
20121023:2110,0.0,0.0,0.0,12.68,2.34,0.0
20121023:2210,0.0,0.0,0.0,12.68,2.41,0.0
20121023:2310,0.0,0.0,0.0,12.15,2.62,0.0
20121024:0010,0.0,0.0,0.0,12.15,2.55,0.0
20121024:0110,0.0,0.0,0.0,12.15,2.69,0.0
20121024:0210,0.0,0.0,0.0,12.15,2.69,0.0
20121024:0310,0.0,0.0,0.0,11.61,2.69,0.0
20121024:0410,0.0,0.0,0.0,11.61,2.62,0.0
20121024:0510,0.0,0.0,0.0,11.61,2.83,0.0
20121024:0610,0.0,0.0,0.0,11.61,2.97,0.0
20121024:0710,7.66,20.42,3.82,12.15,2.97,0.0
20121024:0810,26.07,45.43,11.86,12.68,3.66,0.0
20121024:0910,46.78,71.39,18.64,13.21,4.34,0.0
20121024:1010,23.09,41.72,23.65,13.74,4.0,0.0
20121024:1110,97.63,132.05,26.4,14.27,4.21,0.0
20121024:1210,39.63,63.04,26.54,14.8,3.79,0.0
20121024:1310,248.11,304.38,24.07,14.8,3.86,0.0
20121024:1410,302.19,366.37,19.29,14.8,3.93,0.0
20121024:1510,220.6,274.81,12.68,14.8,3.52,0.0
20121024:1610,13.65,29.64,4.75,14.27,3.66,0.0
20121024:1710,0.0,0.0,0.0,13.21,3.38,0.0
20121024:1810,0.0,0.0,0.0,12.68,3.59,0.0
20121024:1910,0.0,0.0,0.0,12.68,3.86,0.0
20121024:2010,0.0,0.0,0.0,12.68,4.21,0.0
20121024:2110,0.0,0.0,0.0,12.68,4.21,0.0
20121024:2210,0.0,0.0,0.0,12.68,3.86,0.0
20121024:2310,0.0,0.0,0.0,12.68,3.72,0.0
20121025:0010,0.0,0.0,0.0,12.68,3.66,0.0
20121025:0110,0.0,0.0,0.0,12.15,3.59,0.0
20121025:0210,0.0,0.0,0.0,12.15,3.72,0.0
20121025:0310,0.0,0.0,0.0,12.15,3.66,0.0
20121025:0410,0.0,0.0,0.0,12.15,3.45,0.0
20121025:0510,0.0,0.0,0.0,12.15,3.38,0.0
20121025:0610,0.0,0.0,0.0,12.15,3.59,0.0
20121025:0710,1.98,10.2,3.55,12.15,3.86,0.0
20121025:0810,42.7,66.11,11.57,12.15,4.41,0.0
20121025:0910,29.79,50.06,18.33,12.15,5.03,0.0
20121025:1010,51.66,76.95,23.32,12.15,4.97,0.0
20121025:1110,52.43,77.88,26.05,12.15,4.9,0.0
20121025:1210,55.39,81.59,26.2,12.68,5.03,0.0
20121025:1310,70.24,99.2,23.73,12.68,5.03,0.0
20121025:1410,54.62,80.66,18.96,12.68,5.24,0.0
20121025:1510,161.45,203.16,12.37,12.15,5.45,0.0
20121025:1610,21.58,40.93,4.46,11.61,5.38,0.0
20121025:1710,0.0,0.0,0.0,11.09,5.66,0.0
20121025:1810,0.0,0.0,0.0,10.02,5.45,0.0
20121025:1910,0.0,0.0,0.0,10.02,5.24,0.0
20121025:2010,0.0,0.0,0.0,9.49,5.17,0.0
20121025:2110,0.0,0.0,0.0,9.49,5.45,0.0
20121025:2210,0.0,0.0,0.0,8.96,5.52,0.0
20121025:2310,0.0,0.0,0.0,8.96,5.66,0.0
20121026:0010,0.0,0.0,0.0,8.96,5.24,0.0
20121026:0110,0.0,0.0,0.0,8.96,5.38,0.0
20121026:0210,0.0,0.0,0.0,8.96,5.1,0.0
20121026:0310,0.0,0.0,0.0,8.43,4.83,0.0
20121026:0410,0.0,0.0,0.0,8.43,4.62,0.0
20121026:0510,0.0,0.0,0.0,7.9,4.76,0.0
20121026:0610,0.0,0.0,0.0,7.37,5.03,0.0
20121026:0710,6.41,18.28,3.28,7.9,4.97,0.0
20121026:0810,20.23,37.08,11.28,7.9,5.1,0.0
20121026:0910,9.46,22.25,18.03,7.37,5.17,0.0
20121026:1010,39.63,61.19,23.0,7.37,4.97,0.0
20121026:1110,29.02,48.21,25.71,7.37,4.76,0.0
20121026:1210,26.73,45.43,25.85,7.9,4.41,0.0
20121026:1310,15.35,30.59,23.39,7.9,4.9,0.0
20121026:1410,33.44,53.77,18.64,7.9,4.9,0.0
20121026:1510,5.21,15.76,12.06,7.9,4.97,0.0
20121026:1610,8.52,21.28,4.16,7.37,5.31,0.0
20121026:1710,0.0,0.0,0.0,6.84,5.45,0.0
20121026:1810,0.0,0.0,0.0,5.78,5.52,0.0
20121026:1910,0.0,0.0,0.0,5.25,5.52,0.0
20121026:2010,0.0,0.0,0.0,4.72,5.72,0.0
20121026:2110,0.0,0.0,0.0,3.66,5.86,0.0
20121026:2210,0.0,0.0,0.0,3.66,6.14,0.0
20121026:2310,0.0,0.0,0.0,2.6,5.93,0.0
20121027:0010,0.0,0.0,0.0,2.07,6.07,0.0
20121027:0110,0.0,0.0,0.0,2.07,6.34,0.0
20121027:0210,0.0,0.0,0.0,1.54,6.48,0.0
20121027:0310,0.0,0.0,0.0,1.54,6.55,0.0
20121027:0410,0.0,0.0,0.0,2.07,6.69,0.0
20121027:0510,0.0,0.0,0.0,2.07,6.97,0.0
20121027:0610,0.0,0.0,0.0,2.6,6.76,0.0
20121027:0710,23.46,43.78,3.01,2.6,6.34,0.0
20121027:0810,261.51,306.11,11.0,3.66,6.55,0.0
20121027:0910,441.31,502.03,17.72,4.72,6.0,0.0
20121027:1010,533.72,606.3,22.67,5.78,7.24,0.0
20121027:1110,75.65,102.91,25.37,6.84,7.72,0.0
20121027:1210,50.75,74.17,25.51,6.84,8.69,0.0
20121027:1310,421.19,482.57,23.06,7.37,7.72,0.0
20121027:1410,96.06,125.89,18.32,7.37,7.24,0.0
20121027:1510,91.81,121.04,11.76,6.84,6.83,0.0
20121027:1610,47.28,75.15,3.87,6.84,6.0,0.0
20121027:1710,0.0,0.0,0.0,5.78,5.86,0.0
20121027:1810,0.0,0.0,0.0,5.25,5.1,0.0
20121027:1910,0.0,0.0,0.0,5.78,5.31,0.0
20121027:2010,0.0,0.0,0.0,4.72,4.83,0.0
20121027:2110,0.0,0.0,0.0,4.19,4.69,0.0
20121027:2210,0.0,0.0,0.0,3.66,4.21,0.0
20121027:2310,0.0,0.0,0.0,3.13,3.52,0.0
20121028:0010,0.0,0.0,0.0,2.6,2.9,0.0
20121028:0110,0.0,0.0,0.0,2.07,2.62,0.0
20121028:0210,0.0,0.0,0.0,1.01,2.48,0.0
20121028:0310,0.0,0.0,0.0,0.48,2.48,0.0
20121028:0410,0.0,0.0,0.0,0.48,2.48,0.0
20121028:0510,0.0,0.0,0.0,0.48,2.55,0.0
20121028:0610,0.0,0.0,0.0,0.48,2.62,0.0
20121028:0710,14.34,30.78,2.74,1.54,2.55,0.0
20121028:0810,90.13,118.01,10.71,3.13,2.69,0.0
20121028:0910,67.07,92.53,17.42,4.72,3.1,0.0
20121028:1010,86.74,115.52,22.35,6.31,3.59,0.0
20121028:1110,166.58,204.46,25.04,6.84,3.72,0.0
20121028:1210,78.64,106.62,25.17,6.84,3.66,0.0
20121028:1310,277.2,327.62,22.73,7.9,3.59,0.0
20121028:1410,150.89,188.05,18.0,8.96,4.14,0.0
20121028:1510,53.32,78.14,11.46,9.49,3.24,0.0
20121028:1610,7.57,20.05,3.59,8.96,3.31,0.0
20121028:1710,0.0,0.0,0.0,8.96,3.59,0.0
20121028:1810,0.0,0.0,0.0,8.43,3.79,0.0
20121028:1910,0.0,0.0,0.0,7.9,3.45,0.0
20121028:2010,0.0,0.0,0.0,7.37,3.59,0.0
20121028:2110,0.0,0.0,0.0,7.37,3.72,0.0
20121028:2210,0.0,0.0,0.0,7.37,3.72,0.0
20121028:2310,0.0,0.0,0.0,7.37,3.72,0.0
20121029:0010,0.0,0.0,0.0,7.37,3.72,0.0
20121029:0110,0.0,0.0,0.0,6.84,3.52,0.0
20121029:0210,0.0,0.0,0.0,6.84,3.45,0.0
20121029:0310,0.0,0.0,0.0,6.84,3.31,0.0
20121029:0410,0.0,0.0,0.0,6.84,3.24,0.0
20121029:0510,0.0,0.0,0.0,6.84,3.17,0.0
20121029:0610,0.0,0.0,0.0,6.84,3.03,0.0
20121029:0710,4.92,16.06,2.47,6.84,3.1,0.0
20121029:0810,30.02,49.48,10.43,7.37,3.1,0.0
20121029:0910,140.72,176.55,17.11,8.43,3.38,0.0
20121029:1010,394.23,463.31,22.03,9.49,3.59,0.0
20121029:1110,653.2,770.65,24.71,10.55,5.17,0.0
20121029:1210,128.05,164.74,24.84,11.09,4.34,0.0
20121029:1310,86.29,117.39,22.4,11.61,4.83,0.0
20121029:1410,28.47,48.21,17.69,11.09,4.07,0.0
20121029:1510,161.57,203.02,11.16,11.09,4.07,0.0
20121029:1610,11.14,26.06,3.31,10.55,3.17,0.0
20121029:1710,0.0,0.0,0.0,10.02,2.83,0.0
20121029:1810,0.0,0.0,0.0,8.96,2.55,0.0
20121029:1910,0.0,0.0,0.0,8.43,2.34,0.0
20121029:2010,0.0,0.0,0.0,7.37,2.34,0.0
20121029:2110,0.0,0.0,0.0,7.37,2.21,0.0
20121029:2210,0.0,0.0,0.0,6.84,2.21,0.0
20121029:2310,0.0,0.0,0.0,6.84,2.28,0.0
20121030:0010,0.0,0.0,0.0,6.84,2.21,0.0
20121030:0110,0.0,0.0,0.0,5.78,2.34,0.0
20121030:0210,0.0,0.0,0.0,5.25,2.41,0.0
20121030:0310,0.0,0.0,0.0,5.25,2.41,0.0
20121030:0410,0.0,0.0,0.0,5.78,2.41,0.0
20121030:0510,0.0,0.0,0.0,5.78,2.41,0.0
20121030:0610,0.0,0.0,0.0,6.31,2.55,0.0
20121030:0710,0.0,0.0,0.0,5.78,2.41,0.0
20121030:0810,182.82,224.3,10.15,6.31,2.21,0.0
20121030:0910,385.82,451.03,16.81,6.84,2.55,0.0
20121030:1010,490.92,571.9,21.71,6.84,3.03,0.0
20121030:1110,596.5,706.35,24.38,7.9,2.62,0.0
20121030:1210,437.42,515.72,24.51,8.96,2.69,0.0
20121030:1310,356.0,419.8,22.08,8.96,2.83,0.0
20121030:1410,326.29,386.37,17.38,9.49,2.97,0.0
20121030:1510,84.45,114.13,10.87,8.96,3.03,0.0
20121030:1610,24.05,45.25,3.04,8.96,2.48,0.0
20121030:1710,0.0,0.0,0.0,7.9,2.14,0.0
20121030:1810,0.0,0.0,0.0,7.37,2.14,0.0
20121030:1910,0.0,0.0,0.0,6.84,2.41,0.0
20121030:2010,0.0,0.0,0.0,6.31,2.55,0.0
20121030:2110,0.0,0.0,0.0,6.31,2.55,0.0
20121030:2210,0.0,0.0,0.0,6.31,2.28,0.0
20121030:2310,0.0,0.0,0.0,6.31,2.41,0.0
20121031:0010,0.0,0.0,0.0,5.78,2.48,0.0
20121031:0110,0.0,0.0,0.0,5.78,2.62,0.0
20121031:0210,0.0,0.0,0.0,5.78,2.9,0.0
20121031:0310,0.0,0.0,0.0,5.78,3.1,0.0
20121031:0410,0.0,0.0,0.0,5.78,3.1,0.0
20121031:0510,0.0,0.0,0.0,6.31,3.03,0.0
20121031:0610,0.0,0.0,0.0,6.31,3.03,0.0
20121031:0710,0.0,0.0,0.0,6.84,3.66,0.0
20121031:0810,36.61,57.68,9.87,7.9,4.0,0.0
20121031:0910,77.19,105.57,16.52,8.96,3.93,0.0
20121031:1010,440.36,515.58,21.4,10.55,5.17,0.0
20121031:1110,101.91,134.67,24.05,10.55,5.45,0.0
20121031:1210,246.65,294.93,24.18,10.55,7.03,0.0
20121031:1310,187.57,229.94,21.76,11.09,7.03,0.0
20121031:1410,47.36,71.39,17.08,11.09,8.0,0.0
20121031:1510,21.31,38.94,10.59,11.09,7.03,0.0
20121031:1610,6.47,18.6,2.77,10.55,6.9,0.0
20121031:1710,0.0,0.0,0.0,10.02,6.76,0.0
20121031:1810,0.0,0.0,0.0,10.02,6.76,0.0
20121031:1910,0.0,0.0,0.0,10.55,6.83,0.0
20121031:2010,0.0,0.0,0.0,10.55,6.83,0.0
20121031:2110,0.0,0.0,0.0,10.02,6.76,0.0
20121031:2210,0.0,0.0,0.0,10.02,7.03,0.0
20121031:2310,0.0,0.0,0.0,10.02,7.38,0.0
20121101:0010,0.0,0.0,0.0,10.02,7.66,0.0
20121101:0110,0.0,0.0,0.0,10.02,7.38,0.0
20121101:0210,0.0,0.0,0.0,10.02,6.55,0.0
20121101:0310,0.0,0.0,0.0,8.96,4.69,0.0
20121101:0410,0.0,0.0,0.0,7.37,4.0,0.0
20121101:0510,0.0,0.0,0.0,6.84,2.97,0.0
20121101:0610,0.0,0.0,0.0,6.31,2.34,0.0
20121101:0710,0.0,0.0,0.0,6.31,2.62,0.0
20121101:0810,294.85,352.34,9.59,6.31,2.55,0.0
20121101:0910,464.44,539.08,16.22,6.84,3.72,0.0
20121101:1010,140.59,176.02,21.09,7.9,4.62,0.0
20121101:1110,694.27,815.69,23.73,8.43,4.69,0.0
20121101:1210,130.58,165.89,23.86,8.96,4.97,0.0
20121101:1310,614.41,716.45,21.45,8.96,5.31,0.0
20121101:1410,102.62,133.76,16.78,8.43,6.0,0.0
20121101:1510,53.92,78.11,10.31,7.37,4.76,0.0
20121101:1610,15.28,32.63,2.5,6.84,3.86,0.0
20121101:1710,0.0,0.0,0.0,6.84,3.17,0.0
20121101:1810,0.0,0.0,0.0,5.78,3.1,0.0
20121101:1910,0.0,0.0,0.0,5.25,3.86,0.0
20121101:2010,0.0,0.0,0.0,5.25,3.86,0.0
20121101:2110,0.0,0.0,0.0,4.72,4.07,0.0
20121101:2210,0.0,0.0,0.0,4.19,4.14,0.0
20121101:2310,0.0,0.0,0.0,4.19,4.14,0.0
20121102:0010,0.0,0.0,0.0,4.19,4.41,0.0
20121102:0110,0.0,0.0,0.0,4.72,4.62,0.0
20121102:0210,0.0,0.0,0.0,5.25,4.62,0.0
20121102:0310,0.0,0.0,0.0,5.25,4.55,0.0
20121102:0410,0.0,0.0,0.0,4.72,4.34,0.0
20121102:0510,0.0,0.0,0.0,4.72,4.28,0.0
20121102:0610,0.0,0.0,0.0,4.19,4.0,0.0
20121102:0710,0.0,0.0,0.0,4.19,3.52,0.0
20121102:0810,257.97,306.74,9.31,4.72,3.45,0.0
20121102:0910,449.43,522.02,15.92,6.31,3.17,0.0
20121102:1010,603.81,703.14,20.78,7.37,4.21,0.0
20121102:1110,631.26,736.58,23.41,8.96,5.45,0.0
20121102:1210,568.27,661.66,23.54,9.49,5.79,0.0
20121102:1310,140.84,177.17,21.14,9.49,6.0,0.0
20121102:1410,201.03,242.75,16.49,8.96,5.52,0.0
20121102:1510,299.55,357.82,10.03,8.96,4.76,0.0
20121102:1610,0.0,0.0,0.0,7.9,4.14,0.0
20121102:1710,0.0,0.0,0.0,6.84,3.72,0.0
20121102:1810,0.0,0.0,0.0,6.31,3.59,0.0
20121102:1910,0.0,0.0,0.0,5.25,3.03,0.0
20121102:2010,0.0,0.0,0.0,4.72,3.03,0.0
20121102:2110,0.0,0.0,0.0,4.19,3.03,0.0
20121102:2210,0.0,0.0,0.0,4.19,2.9,0.0
20121102:2310,0.0,0.0,0.0,4.19,2.9,0.0
20121103:0010,0.0,0.0,0.0,3.66,2.83,0.0
20121103:0110,0.0,0.0,0.0,3.66,2.76,0.0
20121103:0210,0.0,0.0,0.0,3.66,2.97,0.0
20121103:0310,0.0,0.0,0.0,4.19,3.1,0.0
20121103:0410,0.0,0.0,0.0,4.19,3.1,0.0
20121103:0510,0.0,0.0,0.0,4.72,2.97,0.0
20121103:0610,0.0,0.0,0.0,4.19,2.83,0.0
20121103:0710,0.0,0.0,0.0,4.72,2.76,0.0
20121103:0810,208.44,252.01,9.04,5.25,2.97,0.0
20121103:0910,480.54,559.69,15.63,6.84,3.24,0.0
20121103:1010,556.91,642.93,20.47,7.37,5.24,0.0
20121103:1110,461.06,530.2,23.1,7.37,6.0,0.0
20121103:1210,595.36,686.29,23.23,7.9,6.48,0.0
20121103:1310,506.38,584.87,20.84,8.43,6.0,0.0
20121103:1410,204.21,245.65,16.2,8.43,5.59,0.0
20121103:1510,112.46,145.58,9.76,8.43,4.48,0.0
20121103:1610,0.0,0.0,0.0,7.37,3.03,0.0
20121103:1710,0.0,0.0,0.0,6.31,2.55,0.0
20121103:1810,0.0,0.0,0.0,5.78,2.48,0.0
20121103:1910,0.0,0.0,0.0,5.25,2.76,0.0
20121103:2010,0.0,0.0,0.0,5.25,2.9,0.0
20121103:2110,0.0,0.0,0.0,4.72,2.97,0.0
20121103:2210,0.0,0.0,0.0,4.19,2.55,0.0
20121103:2310,0.0,0.0,0.0,3.13,2.48,0.0
20121104:0010,0.0,0.0,0.0,2.6,2.34,0.0
20121104:0110,0.0,0.0,0.0,2.07,2.14,0.0
20121104:0210,0.0,0.0,0.0,2.6,1.86,0.0
20121104:0310,0.0,0.0,0.0,2.07,2.07,0.0
20121104:0410,0.0,0.0,0.0,3.13,2.28,0.0
20121104:0510,0.0,0.0,0.0,3.66,2.62,0.0
20121104:0610,0.0,0.0,0.0,4.72,2.97,0.0
20121104:0710,0.0,0.0,0.0,5.25,3.59,0.0
20121104:0810,17.62,33.38,8.76,5.78,4.69,0.0
20121104:0910,279.84,326.69,15.34,6.84,5.86,0.0
20121104:1010,101.65,132.14,20.17,6.84,5.66,0.0
20121104:1110,338.99,396.16,22.79,7.37,3.52,0.0
20121104:1210,22.34,39.87,22.92,7.9,2.21,0.0
20121104:1310,37.23,58.41,20.54,7.9,5.1,0.0
20121104:1410,24.67,42.65,15.92,6.84,4.41,0.0
20121104:1510,55.05,79.35,9.5,6.84,3.66,0.0
20121104:1610,0.0,0.0,0.0,6.31,2.9,0.0
20121104:1710,0.0,0.0,0.0,5.78,2.55,0.0
20121104:1810,0.0,0.0,0.0,5.25,2.0,0.0
20121104:1910,0.0,0.0,0.0,5.25,2.48,0.0
20121104:2010,0.0,0.0,0.0,5.25,1.86,0.0
20121104:2110,0.0,0.0,0.0,5.25,1.59,0.0
20121104:2210,0.0,0.0,0.0,5.25,1.1,0.0
20121104:2310,0.0,0.0,0.0,5.25,0.83,0.0
20121105:0010,0.0,0.0,0.0,4.72,1.03,0.0
20121105:0110,0.0,0.0,0.0,4.19,1.31,0.0
20121105:0210,0.0,0.0,0.0,3.13,1.66,0.0
20121105:0310,0.0,0.0,0.0,3.13,1.79,0.0
20121105:0410,0.0,0.0,0.0,3.66,1.93,0.0
20121105:0510,0.0,0.0,0.0,3.66,2.07,0.0
20121105:0610,0.0,0.0,0.0,3.66,2.34,0.0
20121105:0710,0.0,0.0,0.0,3.66,2.9,0.0
20121105:0810,237.07,283.38,8.49,4.19,2.97,0.0
20121105:0910,451.0,522.31,15.06,5.25,2.9,0.0
20121105:1010,606.34,707.22,19.87,6.84,3.66,0.0
20121105:1110,616.67,720.63,22.48,7.37,3.93,0.0
20121105:1210,608.38,711.33,22.61,7.9,4.14,0.0
20121105:1310,413.9,481.76,20.24,8.43,4.34,0.0
20121105:1410,145.84,181.82,15.64,8.43,4.21,0.0
20121105:1510,233.74,282.55,9.23,7.9,3.52,0.0
20121105:1610,0.0,0.0,0.0,7.37,2.9,0.0
20121105:1710,0.0,0.0,0.0,6.84,2.62,0.0
20121105:1810,0.0,0.0,0.0,6.84,2.76,0.0
20121105:1910,0.0,0.0,0.0,5.78,2.76,0.0
20121105:2010,0.0,0.0,0.0,4.72,2.69,0.0
20121105:2110,0.0,0.0,0.0,4.72,2.62,0.0
20121105:2210,0.0,0.0,0.0,4.19,2.55,0.0
20121105:2310,0.0,0.0,0.0,3.66,2.62,0.0
20121106:0010,0.0,0.0,0.0,3.66,2.55,0.0
20121106:0110,0.0,0.0,0.0,2.6,2.48,0.0
20121106:0210,0.0,0.0,0.0,2.07,2.34,0.0
20121106:0310,0.0,0.0,0.0,1.01,2.28,0.0
20121106:0410,0.0,0.0,0.0,0.48,2.21,0.0
20121106:0510,0.0,0.0,0.0,-0.04,2.21,0.0
20121106:0610,0.0,0.0,0.0,-0.04,2.34,0.0
20121106:0710,0.0,0.0,0.0,-0.04,2.41,0.0
20121106:0810,235.56,277.96,8.22,0.48,2.28,0.0
20121106:0910,442.37,510.14,14.77,3.66,2.41,0.0
20121106:1010,586.97,683.37,19.57,5.78,3.1,0.0
20121106:1110,642.23,753.64,22.18,7.37,3.66,0.0
20121106:1210,518.44,605.01,22.31,8.43,4.07,0.0
20121106:1310,146.13,182.57,19.95,8.43,3.86,0.0
20121106:1410,96.12,126.35,15.37,7.9,3.93,0.0
20121106:1510,34.24,54.77,8.98,7.9,4.55,0.0
20121106:1610,0.0,0.0,0.0,7.37,4.55,0.0
20121106:1710,0.0,0.0,0.0,7.9,4.48,0.0
20121106:1810,0.0,0.0,0.0,7.9,4.62,0.0
20121106:1910,0.0,0.0,0.0,8.43,4.48,0.0
20121106:2010,0.0,0.0,0.0,8.43,4.48,0.0
20121106:2110,0.0,0.0,0.0,7.9,4.07,0.0
20121106:2210,0.0,0.0,0.0,7.37,3.72,0.0
20121106:2310,0.0,0.0,0.0,6.84,3.45,0.0
20121107:0010,0.0,0.0,0.0,6.84,3.1,0.0
20121107:0110,0.0,0.0,0.0,6.31,3.1,0.0
20121107:0210,0.0,0.0,0.0,6.31,3.03,0.0
20121107:0310,0.0,0.0,0.0,5.78,2.76,0.0
20121107:0410,0.0,0.0,0.0,5.25,2.83,0.0
20121107:0510,0.0,0.0,0.0,4.72,2.62,0.0
20121107:0610,0.0,0.0,0.0,4.19,2.55,0.0
20121107:0710,0.0,0.0,0.0,3.66,2.48,0.0
20121107:0810,217.95,261.92,7.95,3.66,2.48,0.0
20121107:0910,420.69,488.23,14.49,5.25,2.55,0.0
20121107:1010,576.97,671.3,19.28,6.84,3.72,0.0
20121107:1110,234.34,279.66,21.88,7.9,3.72,0.0
20121107:1210,226.49,272.12,22.01,8.96,3.93,0.0
20121107:1310,145.15,182.2,19.67,9.49,4.14,0.0
20121107:1410,293.79,347.16,15.1,9.49,4.55,0.0
20121107:1510,82.68,112.14,8.73,8.96,4.07,0.0
20121107:1610,0.0,0.0,0.0,8.43,4.0,0.0
20121107:1710,0.0,0.0,0.0,8.43,3.93,0.0
20121107:1810,0.0,0.0,0.0,7.9,3.86,0.0
20121107:1910,0.0,0.0,0.0,8.43,4.0,0.0
20121107:2010,0.0,0.0,0.0,8.43,4.28,0.0
20121107:2110,0.0,0.0,0.0,7.37,4.28,0.0
20121107:2210,0.0,0.0,0.0,7.37,4.28,0.0
20121107:2310,0.0,0.0,0.0,7.37,4.14,0.0
20121108:0010,0.0,0.0,0.0,6.84,4.07,0.0
20121108:0110,0.0,0.0,0.0,6.84,4.0,0.0
20121108:0210,0.0,0.0,0.0,6.84,3.93,0.0
20121108:0310,0.0,0.0,0.0,6.84,3.86,0.0
20121108:0410,0.0,0.0,0.0,6.84,3.79,0.0
20121108:0510,0.0,0.0,0.0,7.37,3.86,0.0
20121108:0610,0.0,0.0,0.0,7.9,3.79,0.0
20121108:0710,0.0,0.0,0.0,7.9,3.52,0.0
20121108:0810,135.17,172.37,7.69,8.43,3.38,0.0
20121108:0910,221.97,266.97,14.21,8.96,3.52,0.0
20121108:1010,413.3,483.71,18.99,10.02,4.69,0.0
20121108:1110,552.88,648.81,21.58,10.55,5.03,0.0
20121108:1210,398.49,469.61,21.72,11.09,4.48,0.0
20121108:1310,229.0,276.97,19.39,11.09,4.07,0.0
20121108:1410,25.56,44.5,14.84,11.09,3.79,0.0
20121108:1510,37.22,59.19,8.49,11.09,3.03,0.0
20121108:1610,0.0,0.0,0.0,10.55,2.14,0.0
20121108:1710,0.0,0.0,0.0,10.02,1.79,0.0
20121108:1810,0.0,0.0,0.0,8.96,1.93,0.0
20121108:1910,0.0,0.0,0.0,7.9,2.07,0.0
20121108:2010,0.0,0.0,0.0,6.84,2.28,0.0
20121108:2110,0.0,0.0,0.0,6.84,2.34,0.0
20121108:2210,0.0,0.0,0.0,6.84,2.28,0.0
20121108:2310,0.0,0.0,0.0,6.84,2.28,0.0
20121109:0010,0.0,0.0,0.0,6.31,2.21,0.0
20121109:0110,0.0,0.0,0.0,5.78,2.34,0.0
20121109:0210,0.0,0.0,0.0,5.25,2.34,0.0
20121109:0310,0.0,0.0,0.0,4.72,2.21,0.0
20121109:0410,0.0,0.0,0.0,4.72,2.34,0.0
20121109:0510,0.0,0.0,0.0,4.72,2.55,0.0
20121109:0610,0.0,0.0,0.0,5.25,2.62,0.0
20121109:0710,0.0,0.0,0.0,5.78,2.48,0.0
20121109:0810,92.28,122.53,7.42,6.31,2.41,0.0
20121109:0910,26.63,45.43,13.94,8.43,2.48,0.0
20121109:1010,74.45,102.91,18.7,9.49,2.97,0.0
20121109:1110,37.5,59.33,21.29,10.55,5.31,0.0
20121109:1210,47.29,71.39,21.44,11.09,4.9,0.0
20121109:1310,93.51,125.24,19.12,11.09,4.62,0.0
20121109:1410,30.76,50.99,14.58,10.55,4.41,0.0
20121109:1510,243.3,296.4,8.25,10.02,3.86,0.0
20121109:1610,0.0,0.0,0.0,8.96,3.45,0.0
20121109:1710,0.0,0.0,0.0,8.43,3.38,0.0
20121109:1810,0.0,0.0,0.0,7.9,3.45,0.0
20121109:1910,0.0,0.0,0.0,7.37,2.9,0.0
20121109:2010,0.0,0.0,0.0,6.84,2.83,0.0
20121109:2110,0.0,0.0,0.0,6.84,2.97,0.0
20121109:2210,0.0,0.0,0.0,6.84,3.24,0.0
20121109:2310,0.0,0.0,0.0,7.37,3.52,0.0
20121110:0010,0.0,0.0,0.0,7.9,3.59,0.0
20121110:0110,0.0,0.0,0.0,8.43,3.72,0.0
20121110:0210,0.0,0.0,0.0,8.96,3.72,0.0
20121110:0310,0.0,0.0,0.0,9.49,3.66,0.0
20121110:0410,0.0,0.0,0.0,9.49,3.52,0.0
20121110:0510,0.0,0.0,0.0,9.49,3.72,0.0
20121110:0610,0.0,0.0,0.0,9.49,3.1,0.0
20121110:0710,0.0,0.0,0.0,9.49,2.83,0.0
20121110:0810,3.02,12.05,7.16,8.96,2.48,0.0
20121110:0910,76.46,104.76,13.66,8.96,2.28,0.0
20121110:1010,70.56,98.29,18.42,8.96,1.93,0.0
20121110:1110,118.44,152.8,21.01,8.96,2.14,0.0
20121110:1210,47.56,71.39,21.16,9.49,2.28,0.0
20121110:1310,127.43,162.66,18.85,8.96,2.07,0.0
20121110:1410,103.09,135.04,14.33,8.96,1.86,0.0
20121110:1510,16.66,32.45,8.01,8.43,1.86,0.0
20121110:1610,0.0,0.0,0.0,7.9,2.0,0.0
20121110:1710,0.0,0.0,0.0,7.37,2.07,0.0
20121110:1810,0.0,0.0,0.0,6.84,2.28,0.0
20121110:1910,0.0,0.0,0.0,6.31,2.21,0.0
20121110:2010,0.0,0.0,0.0,5.78,2.28,0.0
20121110:2110,0.0,0.0,0.0,4.72,2.28,0.0
20121110:2210,0.0,0.0,0.0,3.66,2.28,0.0
20121110:2310,0.0,0.0,0.0,3.13,2.28,0.0
20121111:0010,0.0,0.0,0.0,2.6,2.07,0.0
20121111:0110,0.0,0.0,0.0,2.07,2.07,0.0
20121111:0210,0.0,0.0,0.0,1.54,2.0,0.0
20121111:0310,0.0,0.0,0.0,1.01,1.66,0.0
20121111:0410,0.0,0.0,0.0,0.48,1.79,0.0
20121111:0510,0.0,0.0,0.0,0.48,1.93,0.0
20121111:0610,0.0,0.0,0.0,-0.04,2.07,0.0
20121111:0710,0.0,0.0,0.0,-0.04,2.14,0.0
20121111:0810,197.48,236.77,6.9,0.48,1.79,0.0
20121111:0910,404.72,469.88,13.39,3.13,1.24,0.0
20121111:1010,561.6,661.64,18.14,5.78,1.72,0.0
20121111:1110,624.64,741.17,20.72,6.84,2.14,0.0
20121111:1210,645.37,768.46,20.88,7.9,2.48,0.0
20121111:1310,553.69,651.42,18.58,8.43,3.1,0.0
20121111:1410,450.1,530.01,14.08,8.43,2.62,0.0
20121111:1510,239.63,292.15,7.79,8.43,2.07,0.0
20121111:1610,0.0,0.0,0.0,7.37,2.0,0.0
20121111:1710,0.0,0.0,0.0,5.78,2.28,0.0
20121111:1810,0.0,0.0,0.0,4.72,2.41,0.0
20121111:1910,0.0,0.0,0.0,4.19,2.28,0.0
20121111:2010,0.0,0.0,0.0,3.13,2.28,0.0
20121111:2110,0.0,0.0,0.0,2.6,2.28,0.0
20121111:2210,0.0,0.0,0.0,2.6,2.21,0.0
20121111:2310,0.0,0.0,0.0,2.6,2.21,0.0
20121112:0010,0.0,0.0,0.0,2.6,2.28,0.0
20121112:0110,0.0,0.0,0.0,2.6,2.21,0.0
20121112:0210,0.0,0.0,0.0,2.6,2.28,0.0
20121112:0310,0.0,0.0,0.0,2.07,2.21,0.0
20121112:0410,0.0,0.0,0.0,1.54,2.14,0.0
20121112:0510,0.0,0.0,0.0,1.54,2.07,0.0
20121112:0610,0.0,0.0,0.0,2.6,2.0,0.0
20121112:0710,0.0,0.0,0.0,3.66,2.07,0.0
20121112:0810,21.33,38.06,6.65,4.19,2.21,0.0
20121112:0910,10.79,24.1,13.13,6.31,2.48,0.0
20121112:1010,25.31,43.57,17.86,7.37,2.9,0.0
20121112:1110,86.2,115.81,20.45,8.43,3.59,0.0
20121112:1210,70.5,98.27,20.61,9.49,4.34,0.0
20121112:1310,32.33,52.85,18.33,10.02,4.76,0.0
20121112:1410,43.69,66.75,13.84,10.02,4.97,0.0
20121112:1510,33.18,53.92,7.56,10.02,5.1,0.0
20121112:1610,0.0,0.0,0.0,10.55,4.9,0.0
20121112:1710,0.0,0.0,0.0,11.09,4.76,0.0
20121112:1810,0.0,0.0,0.0,11.09,4.21,0.0
20121112:1910,0.0,0.0,0.0,11.61,3.93,0.0
20121112:2010,0.0,0.0,0.0,11.61,3.79,0.0
20121112:2110,0.0,0.0,0.0,11.61,3.59,0.0
20121112:2210,0.0,0.0,0.0,11.61,3.38,0.0
20121112:2310,0.0,0.0,0.0,11.09,3.24,0.0
20121113:0010,0.0,0.0,0.0,11.09,3.1,0.0
20121113:0110,0.0,0.0,0.0,10.55,3.17,0.0
20121113:0210,0.0,0.0,0.0,10.02,2.97,0.0
20121113:0310,0.0,0.0,0.0,8.96,2.97,0.0
20121113:0410,0.0,0.0,0.0,8.43,2.97,0.0
20121113:0510,0.0,0.0,0.0,8.43,2.97,0.0
20121113:0610,0.0,0.0,0.0,8.43,2.97,0.0
20121113:0710,0.0,0.0,0.0,8.96,3.24,0.0
20121113:0810,11.25,25.03,6.4,9.49,3.1,0.0
20121113:0910,18.54,35.23,12.86,10.55,3.31,0.0
20121113:1010,31.32,51.92,17.59,11.61,4.0,0.0
20121113:1110,292.4,349.83,20.18,12.15,4.28,0.0
20121113:1210,568.8,677.92,20.34,12.68,4.28,0.0
20121113:1310,339.92,405.31,18.07,12.68,4.07,0.0
20121113:1410,83.75,114.78,13.61,13.21,3.93,0.0
20121113:1510,14.29,29.67,7.35,12.68,3.17,0.0
20121113:1610,0.0,0.0,0.0,11.61,2.9,0.0
20121113:1710,0.0,0.0,0.0,10.55,2.83,0.0
20121113:1810,0.0,0.0,0.0,10.02,2.83,0.0
20121113:1910,0.0,0.0,0.0,10.02,2.55,0.0
20121113:2010,0.0,0.0,0.0,10.55,2.55,0.0
20121113:2110,0.0,0.0,0.0,10.55,2.55,0.0
20121113:2210,0.0,0.0,0.0,10.55,2.34,0.0
20121113:2310,0.0,0.0,0.0,10.55,2.0,0.0
20121114:0010,0.0,0.0,0.0,10.55,1.59,0.0
20121114:0110,0.0,0.0,0.0,10.02,1.59,0.0
20121114:0210,0.0,0.0,0.0,9.49,1.66,0.0
20121114:0310,0.0,0.0,0.0,9.49,2.0,0.0
20121114:0410,0.0,0.0,0.0,9.49,2.0,0.0
20121114:0510,0.0,0.0,0.0,9.49,1.93,0.0
20121114:0610,0.0,0.0,0.0,9.49,1.72,0.0
20121114:0710,0.0,0.0,0.0,8.96,1.72,0.0
20121114:0810,16.1,31.8,6.15,8.96,1.79,0.0
20121114:0910,27.95,47.28,12.6,9.49,2.83,0.0
20121114:1010,425.58,503.01,17.33,10.02,2.76,0.0
20121114:1110,593.89,711.18,19.91,10.55,2.69,0.0
20121114:1210,612.59,739.86,20.08,11.09,2.34,0.0
20121114:1310,530.07,636.87,17.83,11.09,2.07,0.0
20121114:1410,442.54,530.74,13.38,11.61,2.21,0.0
20121114:1510,212.68,264.4,7.14,11.09,2.07,0.0
20121114:1610,0.0,0.0,0.0,10.55,2.0,0.0
20121114:1710,0.0,0.0,0.0,8.96,2.28,0.0
20121114:1810,0.0,0.0,0.0,8.43,2.28,0.0
20121114:1910,0.0,0.0,0.0,7.37,2.07,0.0
20121114:2010,0.0,0.0,0.0,6.84,1.86,0.0
20121114:2110,0.0,0.0,0.0,6.84,1.72,0.0
20121114:2210,0.0,0.0,0.0,6.84,1.52,0.0
20121114:2310,0.0,0.0,0.0,6.84,1.31,0.0
20121115:0010,0.0,0.0,0.0,6.84,1.1,0.0
20121115:0110,0.0,0.0,0.0,6.84,1.1,0.0
20121115:0210,0.0,0.0,0.0,6.84,1.38,0.0
20121115:0310,0.0,0.0,0.0,6.84,1.31,0.0
20121115:0410,0.0,0.0,0.0,6.84,1.31,0.0
20121115:0510,0.0,0.0,0.0,6.31,1.31,0.0
20121115:0610,0.0,0.0,0.0,6.31,1.17,0.0
20121115:0710,0.0,0.0,0.0,6.31,1.31,0.0
20121115:0810,23.34,41.05,5.9,6.31,1.45,0.0
20121115:0910,21.73,38.94,12.35,6.84,1.59,0.0
20121115:1010,41.93,63.97,17.07,6.84,1.52,0.0
20121115:1110,151.61,188.26,19.65,6.84,1.59,0.0
20121115:1210,113.45,146.31,19.83,7.37,1.45,0.0
20121115:1310,135.33,170.49,17.59,7.37,1.24,0.0
20121115:1410,387.3,459.47,13.16,7.9,1.24,0.0
20121115:1510,176.72,220.06,6.94,7.9,1.38,0.0
20121115:1610,0.0,0.0,0.0,7.37,1.38,0.0
20121115:1710,0.0,0.0,0.0,7.37,0.83,0.0
20121115:1810,0.0,0.0,0.0,7.37,0.48,0.0
20121115:1910,0.0,0.0,0.0,6.84,1.31,0.0
20121115:2010,0.0,0.0,0.0,6.84,1.31,0.0
20121115:2110,0.0,0.0,0.0,6.31,1.17,0.0
20121115:2210,0.0,0.0,0.0,6.31,1.03,0.0
20121115:2310,0.0,0.0,0.0,6.31,0.76,0.0
20121116:0010,0.0,0.0,0.0,5.78,0.97,0.0
20121116:0110,0.0,0.0,0.0,5.78,0.97,0.0
20121116:0210,0.0,0.0,0.0,5.78,1.24,0.0
20121116:0310,0.0,0.0,0.0,5.25,1.45,0.0
20121116:0410,0.0,0.0,0.0,5.25,1.31,0.0
20121116:0510,0.0,0.0,0.0,4.72,1.31,0.0
20121116:0610,0.0,0.0,0.0,4.72,1.31,0.0
20121116:0710,0.0,0.0,0.0,5.25,1.45,0.0
20121116:0810,21.19,38.21,5.66,5.78,1.52,0.0
20121116:0910,39.57,60.91,12.1,6.31,1.79,0.0
20121116:1010,61.85,87.35,16.81,6.84,2.0,0.0
20121116:1110,307.48,361.89,19.39,7.37,2.34,0.0
20121116:1210,31.13,50.99,19.58,7.9,2.14,0.0
20121116:1310,30.3,50.06,17.35,8.43,2.21,0.0
20121116:1410,11.96,25.96,12.94,8.43,2.34,0.0
20121116:1510,168.63,211.12,6.74,8.96,2.41,0.0
20121116:1610,0.0,0.0,0.0,8.43,2.28,0.0
20121116:1710,0.0,0.0,0.0,7.9,2.62,0.0
20121116:1810,0.0,0.0,0.0,7.37,2.76,0.0
20121116:1910,0.0,0.0,0.0,7.37,3.1,0.0
20121116:2010,0.0,0.0,0.0,7.9,3.03,0.0
20121116:2110,0.0,0.0,0.0,7.9,3.03,0.0
20121116:2210,0.0,0.0,0.0,8.43,3.1,0.0
20121116:2310,0.0,0.0,0.0,8.96,3.17,0.0
20121117:0010,0.0,0.0,0.0,9.49,3.45,0.0
20121117:0110,0.0,0.0,0.0,9.49,3.72,0.0
20121117:0210,0.0,0.0,0.0,10.02,3.72,0.0
20121117:0310,0.0,0.0,0.0,10.55,3.59,0.0
20121117:0410,0.0,0.0,0.0,10.55,3.52,0.0
20121117:0510,0.0,0.0,0.0,11.09,3.59,0.0
20121117:0610,0.0,0.0,0.0,11.09,3.72,0.0
20121117:0710,0.0,0.0,0.0,11.61,3.93,0.0
20121117:0810,7.4,19.47,5.42,11.61,3.79,0.0
20121117:0910,57.02,82.98,11.85,11.61,3.45,0.0
20121117:1010,136.68,174.19,16.55,11.61,3.17,0.0
20121117:1110,25.55,44.5,19.14,11.09,3.03,0.0
20121117:1210,58.99,85.29,19.33,10.55,2.76,0.0
20121117:1310,66.32,93.86,17.12,10.55,2.76,0.0
20121117:1410,19.93,37.08,12.73,10.55,2.62,0.0
20121117:1510,39.83,62.27,6.55,10.02,2.14,0.0
20121117:1610,0.0,0.0,0.0,9.49,1.86,0.0
20121117:1710,0.0,0.0,0.0,8.96,1.79,0.0
20121117:1810,0.0,0.0,0.0,8.43,1.93,0.0
20121117:1910,0.0,0.0,0.0,7.9,1.79,0.0
20121117:2010,0.0,0.0,0.0,7.37,1.93,0.0
20121117:2110,0.0,0.0,0.0,6.84,1.93,0.0
20121117:2210,0.0,0.0,0.0,6.84,1.79,0.0
20121117:2310,0.0,0.0,0.0,6.31,1.79,0.0
20121118:0010,0.0,0.0,0.0,5.78,1.93,0.0
20121118:0110,0.0,0.0,0.0,5.25,2.07,0.0
20121118:0210,0.0,0.0,0.0,4.19,2.28,0.0
20121118:0310,0.0,0.0,0.0,3.13,2.28,0.0
20121118:0410,0.0,0.0,0.0,2.07,2.21,0.0
20121118:0510,0.0,0.0,0.0,1.54,2.07,0.0
20121118:0610,0.0,0.0,0.0,1.01,2.0,0.0
20121118:0710,0.0,0.0,0.0,0.48,1.79,0.0
20121118:0810,134.75,168.2,5.18,0.48,1.59,0.0
20121118:0910,361.82,419.21,11.6,2.07,0.97,0.0
20121118:1010,511.6,603.5,16.31,4.72,0.83,0.0
20121118:1110,565.67,676.2,18.89,6.31,0.9,0.0
20121118:1210,589.23,705.36,19.09,6.84,1.17,0.0
20121118:1310,445.8,528.09,16.9,7.37,1.1,0.0
20121118:1410,396.3,470.04,12.53,7.37,1.03,0.0
20121118:1510,206.22,254.19,6.36,7.37,0.97,0.0
20121118:1610,0.0,0.0,0.0,6.84,1.31,0.0
20121118:1710,0.0,0.0,0.0,4.19,1.72,0.0
20121118:1810,0.0,0.0,0.0,3.13,1.86,0.0
20121118:1910,0.0,0.0,0.0,2.6,2.0,0.0
20121118:2010,0.0,0.0,0.0,2.07,2.21,0.0
20121118:2110,0.0,0.0,0.0,2.07,2.34,0.0
20121118:2210,0.0,0.0,0.0,2.6,2.34,0.0
20121118:2310,0.0,0.0,0.0,2.6,2.48,0.0
20121119:0010,0.0,0.0,0.0,2.6,2.48,0.0
20121119:0110,0.0,0.0,0.0,2.07,2.41,0.0
20121119:0210,0.0,0.0,0.0,2.6,2.69,0.0
20121119:0310,0.0,0.0,0.0,3.13,2.83,0.0
20121119:0410,0.0,0.0,0.0,4.72,3.1,0.0
20121119:0510,0.0,0.0,0.0,5.25,3.31,0.0
20121119:0610,0.0,0.0,0.0,5.78,3.38,0.0
20121119:0710,0.0,0.0,0.0,6.31,3.79,0.0
20121119:0810,2.56,11.13,4.95,6.84,3.86,0.0
20121119:0910,47.46,70.42,11.36,7.37,4.21,0.0
20121119:1010,84.06,113.24,16.06,8.96,4.34,0.0
20121119:1110,182.21,222.75,18.65,9.49,4.55,0.0
20121119:1210,464.74,540.53,18.86,10.02,5.86,0.0
20121119:1310,143.34,179.76,16.68,10.02,5.72,0.0
20121119:1410,87.36,117.05,12.33,10.02,5.86,0.0
20121119:1510,30.24,50.19,6.18,9.49,5.66,0.0
20121119:1610,0.0,0.0,0.0,8.96,5.52,0.0
20121119:1710,0.0,0.0,0.0,8.96,5.52,0.0
20121119:1810,0.0,0.0,0.0,8.96,5.59,0.0
20121119:1910,0.0,0.0,0.0,8.96,5.66,0.0
20121119:2010,0.0,0.0,0.0,9.49,5.52,0.0
20121119:2110,0.0,0.0,0.0,10.02,5.52,0.0
20121119:2210,0.0,0.0,0.0,10.02,5.38,0.0
20121119:2310,0.0,0.0,0.0,10.02,5.17,0.0
20121120:0010,0.0,0.0,0.0,10.55,5.17,0.0
20121120:0110,0.0,0.0,0.0,10.55,5.17,0.0
20121120:0210,0.0,0.0,0.0,10.55,5.03,0.0
20121120:0310,0.0,0.0,0.0,10.55,4.9,0.0
20121120:0410,0.0,0.0,0.0,10.55,4.9,0.0
20121120:0510,0.0,0.0,0.0,10.02,5.03,0.0
20121120:0610,0.0,0.0,0.0,10.02,5.38,0.0
20121120:0710,0.0,0.0,0.0,11.09,5.86,0.0
20121120:0810,17.51,34.14,4.72,11.61,6.41,0.0
20121120:0910,26.24,45.43,11.13,11.61,6.55,0.0
20121120:1010,38.82,61.19,15.82,11.61,6.48,0.0
20121120:1110,21.19,38.94,18.41,12.15,6.76,0.0
20121120:1210,177.76,220.08,18.64,12.68,6.83,0.0
20121120:1310,40.77,63.97,16.47,13.21,6.76,0.0
20121120:1410,115.82,150.44,12.14,12.68,6.76,0.0
20121120:1510,3.45,12.98,6.01,12.68,6.76,0.0
20121120:1610,0.0,0.0,0.0,12.15,6.76,0.0
20121120:1710,0.0,0.0,0.0,12.15,6.83,0.0
20121120:1810,0.0,0.0,0.0,12.15,6.62,0.0
20121120:1910,0.0,0.0,0.0,11.61,5.31,0.0
20121120:2010,0.0,0.0,0.0,11.61,4.97,0.0
20121120:2110,0.0,0.0,0.0,11.61,4.69,0.0
20121120:2210,0.0,0.0,0.0,11.61,4.69,0.0
20121120:2310,0.0,0.0,0.0,11.61,4.48,0.0
20121121:0010,0.0,0.0,0.0,11.09,3.86,0.0
20121121:0110,0.0,0.0,0.0,11.09,3.45,0.0
20121121:0210,0.0,0.0,0.0,10.55,3.52,0.0
20121121:0310,0.0,0.0,0.0,10.02,3.66,0.0
20121121:0410,0.0,0.0,0.0,10.02,3.86,0.0
20121121:0510,0.0,0.0,0.0,10.02,4.48,0.0
20121121:0610,0.0,0.0,0.0,9.49,4.48,0.0
20121121:0710,0.0,0.0,0.0,8.96,4.14,0.0
20121121:0810,4.07,13.91,4.49,8.96,4.28,0.0
20121121:0910,13.92,28.74,10.9,8.96,4.34,0.0
20121121:1010,25.78,44.5,15.59,9.49,4.62,0.0
20121121:1110,24.27,42.65,18.18,10.02,4.97,0.0
20121121:1210,22.78,40.79,18.42,10.55,5.17,0.0
20121121:1310,20.59,38.01,16.27,11.09,4.28,0.0
20121121:1410,208.28,252.37,11.95,10.55,4.9,0.0
20121121:1510,29.71,49.2,5.84,7.9,7.86,0.0
20121121:1610,0.0,0.0,0.0,5.78,8.0,0.0
20121121:1710,0.0,0.0,0.0,6.31,5.66,0.0
20121121:1810,0.0,0.0,0.0,6.31,4.07,0.0
20121121:1910,0.0,0.0,0.0,6.31,3.72,0.0
20121121:2010,0.0,0.0,0.0,6.31,3.66,0.0
20121121:2110,0.0,0.0,0.0,6.31,3.38,0.0
20121121:2210,0.0,0.0,0.0,6.31,3.31,0.0
20121121:2310,0.0,0.0,0.0,5.78,3.17,0.0
20121122:0010,0.0,0.0,0.0,6.31,3.38,0.0
20121122:0110,0.0,0.0,0.0,6.84,4.07,0.0
20121122:0210,0.0,0.0,0.0,7.37,4.76,0.0
20121122:0310,0.0,0.0,0.0,8.43,5.1,0.0
20121122:0410,0.0,0.0,0.0,8.96,5.38,0.0
20121122:0510,0.0,0.0,0.0,8.96,5.59,0.0
20121122:0610,0.0,0.0,0.0,8.96,5.79,0.0
20121122:0710,0.0,0.0,0.0,10.02,6.07,0.0
20121122:0810,66.45,94.95,4.27,10.02,6.28,0.0
20121122:0910,48.11,71.94,10.67,10.55,6.69,0.0
20121122:1010,486.37,565.44,15.36,11.09,7.31,0.0
20121122:1110,288.47,341.45,17.96,11.61,7.45,0.0
20121122:1210,583.33,681.9,18.2,12.15,7.52,0.0
20121122:1310,121.32,156.43,16.07,12.15,7.31,0.0
20121122:1410,77.19,106.26,11.77,12.15,8.48,0.0
20121122:1510,14.9,30.41,5.68,11.61,8.55,0.0
20121122:1610,0.0,0.0,0.0,11.61,8.76,0.0
20121122:1710,0.0,0.0,0.0,11.09,8.9,0.0
20121122:1810,0.0,0.0,0.0,11.09,9.03,0.0
20121122:1910,0.0,0.0,0.0,11.09,9.24,0.0
20121122:2010,0.0,0.0,0.0,11.61,9.38,0.0
20121122:2110,0.0,0.0,0.0,11.09,9.59,0.0
20121122:2210,0.0,0.0,0.0,11.09,9.45,0.0
20121122:2310,0.0,0.0,0.0,10.55,9.24,0.0
20121123:0010,0.0,0.0,0.0,10.55,7.72,0.0
20121123:0110,0.0,0.0,0.0,8.96,5.66,0.0
20121123:0210,0.0,0.0,0.0,7.37,3.72,0.0
20121123:0310,0.0,0.0,0.0,6.84,2.55,0.0
20121123:0410,0.0,0.0,0.0,6.84,2.83,0.0
20121123:0510,0.0,0.0,0.0,6.84,3.17,0.0
20121123:0610,0.0,0.0,0.0,6.31,3.24,0.0
20121123:0710,0.0,0.0,0.0,6.31,2.9,0.0
20121123:0810,56.79,82.32,4.05,5.78,2.69,0.0
20121123:0910,71.78,98.09,10.45,6.31,2.41,0.0
20121123:1010,58.76,83.92,15.14,7.37,2.0,0.0
20121123:1110,143.02,179.34,17.74,8.43,2.28,0.0
20121123:1210,585.01,699.57,17.99,9.49,2.21,0.0
20121123:1310,326.14,387.4,15.88,10.02,2.34,0.0
20121123:1410,262.02,314.86,11.6,10.02,2.07,0.0
20121123:1510,48.17,72.37,5.53,9.49,1.86,0.0
20121123:1610,0.0,0.0,0.0,7.9,2.21,0.0
20121123:1710,0.0,0.0,0.0,6.84,2.28,0.0
20121123:1810,0.0,0.0,0.0,6.31,2.28,0.0
20121123:1910,0.0,0.0,0.0,5.25,2.21,0.0
20121123:2010,0.0,0.0,0.0,4.72,2.07,0.0
20121123:2110,0.0,0.0,0.0,4.19,2.0,0.0
20121123:2210,0.0,0.0,0.0,3.66,1.93,0.0
20121123:2310,0.0,0.0,0.0,3.66,1.66,0.0
20121124:0010,0.0,0.0,0.0,3.66,1.52,0.0
20121124:0110,0.0,0.0,0.0,3.66,1.24,0.0
20121124:0210,0.0,0.0,0.0,4.19,1.17,0.0
20121124:0310,0.0,0.0,0.0,4.19,0.76,0.0
20121124:0410,0.0,0.0,0.0,3.13,1.31,0.0
20121124:0510,0.0,0.0,0.0,2.07,1.45,0.0
20121124:0610,0.0,0.0,0.0,3.13,1.45,0.0
20121124:0710,0.0,0.0,0.0,3.13,1.86,0.0
20121124:0810,11.17,24.6,3.84,4.19,2.21,0.0
20121124:0910,40.56,61.74,10.23,5.25,2.48,0.0
20121124:1010,57.43,82.1,14.92,6.84,3.24,0.0
20121124:1110,24.66,42.65,17.53,6.84,3.93,0.0
20121124:1210,43.48,65.82,17.79,7.37,4.41,0.0
20121124:1310,30.43,50.06,15.69,7.9,4.62,0.0
20121124:1410,17.42,33.38,11.43,7.9,4.62,0.0
20121124:1510,6.97,18.54,5.38,7.9,4.69,0.0
20121124:1610,0.0,0.0,0.0,8.43,4.76,0.0
20121124:1710,0.0,0.0,0.0,8.96,4.97,0.0
20121124:1810,0.0,0.0,0.0,8.96,5.03,0.0
20121124:1910,0.0,0.0,0.0,8.96,5.1,0.0
20121124:2010,0.0,0.0,0.0,8.96,5.59,0.0
20121124:2110,0.0,0.0,0.0,8.96,5.86,0.0
20121124:2210,0.0,0.0,0.0,8.96,5.66,0.0
20121124:2310,0.0,0.0,0.0,10.02,5.79,0.0
20121125:0010,0.0,0.0,0.0,10.55,5.38,0.0
20121125:0110,0.0,0.0,0.0,11.09,5.45,0.0
20121125:0210,0.0,0.0,0.0,11.61,8.07,0.0
20121125:0310,0.0,0.0,0.0,10.55,10.62,0.0
20121125:0410,0.0,0.0,0.0,8.96,9.66,0.0
20121125:0510,0.0,0.0,0.0,8.43,9.31,0.0
20121125:0610,0.0,0.0,0.0,7.37,9.31,0.0
20121125:0710,0.0,0.0,0.0,6.84,9.17,0.0
20121125:0810,65.05,92.34,3.63,6.84,8.83,0.0
20121125:0910,320.66,370.91,10.02,6.84,7.66,0.0
20121125:1010,483.92,554.89,14.71,7.37,6.28,0.0
20121125:1110,558.09,646.01,17.32,8.43,5.52,0.0
20121125:1210,539.57,626.73,17.6,9.49,5.72,0.0
20121125:1310,55.67,81.1,15.51,10.55,5.59,0.0
20121125:1410,224.1,269.89,11.27,10.55,5.1,0.0
20121125:1510,109.22,143.67,5.24,10.02,4.76,0.0
20121125:1610,0.0,0.0,0.0,9.49,4.55,0.0
20121125:1710,0.0,0.0,0.0,9.49,5.31,0.0
20121125:1810,0.0,0.0,0.0,9.49,5.31,0.0
20121125:1910,0.0,0.0,0.0,9.49,5.45,0.0
20121125:2010,0.0,0.0,0.0,9.49,5.52,0.0
20121125:2110,0.0,0.0,0.0,9.49,6.07,0.0
20121125:2210,0.0,0.0,0.0,8.96,6.07,0.0
20121125:2310,0.0,0.0,0.0,8.96,5.86,0.0
20121126:0010,0.0,0.0,0.0,8.96,6.07,0.0
20121126:0110,0.0,0.0,0.0,8.96,6.21,0.0
20121126:0210,0.0,0.0,0.0,8.96,6.21,0.0
20121126:0310,0.0,0.0,0.0,8.96,5.45,0.0
20121126:0410,0.0,0.0,0.0,8.96,4.0,0.0
20121126:0510,0.0,0.0,0.0,8.43,2.83,0.0
20121126:0610,0.0,0.0,0.0,7.9,2.34,0.0
20121126:0710,0.0,0.0,0.0,7.37,1.52,0.0
20121126:0810,0.0,2.78,3.42,6.84,1.72,0.0
20121126:0910,369.26,436.84,9.81,7.37,1.59,0.0
20121126:1010,16.01,31.52,14.5,7.9,1.24,0.0
20121126:1110,544.33,656.15,17.12,8.96,1.03,0.0
20121126:1210,264.68,319.08,17.41,8.96,0.41,0.0
20121126:1310,18.62,35.23,15.34,9.49,0.62,0.0
20121126:1410,36.99,58.5,11.12,9.49,1.59,0.0
20121126:1510,32.58,52.94,5.11,7.9,2.14,0.0
20121126:1610,0.0,0.0,0.0,7.37,2.69,0.0
20121126:1710,0.0,0.0,0.0,6.84,3.03,0.0
20121126:1810,0.0,0.0,0.0,6.84,2.83,0.0
20121126:1910,0.0,0.0,0.0,6.31,2.69,0.0
20121126:2010,0.0,0.0,0.0,6.31,2.55,0.0
20121126:2110,0.0,0.0,0.0,6.31,2.41,0.0
20121126:2210,0.0,0.0,0.0,6.31,2.34,0.0
20121126:2310,0.0,0.0,0.0,5.78,2.28,0.0
20121127:0010,0.0,0.0,0.0,5.78,2.07,0.0
20121127:0110,0.0,0.0,0.0,5.78,1.93,0.0
20121127:0210,0.0,0.0,0.0,5.78,1.86,0.0
20121127:0310,0.0,0.0,0.0,6.31,2.21,0.0
20121127:0410,0.0,0.0,0.0,6.31,2.14,0.0
20121127:0510,0.0,0.0,0.0,6.31,2.41,0.0
20121127:0610,0.0,0.0,0.0,6.31,2.34,0.0
20121127:0710,0.0,0.0,0.0,6.31,2.62,0.0
20121127:0810,14.72,29.96,3.22,6.31,2.83,0.0
20121127:0910,73.51,100.12,9.61,6.84,3.24,0.0
20121127:1010,41.15,63.04,14.3,7.37,4.07,0.0
20121127:1110,13.37,27.81,16.93,7.37,5.03,0.0
20121127:1210,37.24,58.41,17.23,7.9,5.24,0.0
20121127:1310,54.87,79.31,15.18,7.9,5.66,0.0
20121127:1410,8.83,21.32,10.98,7.37,6.62,0.0
20121127:1510,20.39,37.22,4.98,6.84,6.48,0.0
20121127:1610,0.0,0.0,0.0,6.84,6.55,0.0
20121127:1710,0.0,0.0,0.0,6.84,6.48,0.0
20121127:1810,0.0,0.0,0.0,6.31,6.55,0.0
20121127:1910,0.0,0.0,0.0,6.31,6.28,0.0
20121127:2010,0.0,0.0,0.0,6.31,6.0,0.0
20121127:2110,0.0,0.0,0.0,5.78,5.66,0.0
20121127:2210,0.0,0.0,0.0,5.78,5.24,0.0
20121127:2310,0.0,0.0,0.0,5.25,5.03,0.0
20121128:0010,0.0,0.0,0.0,5.25,4.9,0.0
20121128:0110,0.0,0.0,0.0,4.72,4.83,0.0
20121128:0210,0.0,0.0,0.0,4.19,4.76,0.0
20121128:0310,0.0,0.0,0.0,4.19,4.76,0.0
20121128:0410,0.0,0.0,0.0,4.72,4.76,0.0
20121128:0510,0.0,0.0,0.0,4.72,4.69,0.0
20121128:0610,0.0,0.0,0.0,4.19,4.48,0.0
20121128:0710,0.0,0.0,0.0,4.19,4.62,0.0
20121128:0810,1.63,9.27,3.03,4.19,4.76,0.0
20121128:0910,8.96,21.32,9.41,4.72,4.55,0.0
20121128:1010,21.96,38.94,14.11,5.25,6.48,0.0
20121128:1110,42.2,63.97,16.74,6.31,6.9,0.0
20121128:1210,20.41,37.08,17.05,6.31,6.41,0.0
20121128:1310,157.76,192.83,15.02,6.84,5.59,0.0
20121128:1410,21.77,38.94,10.84,6.84,4.62,0.0
20121128:1510,43.44,65.74,4.86,6.31,5.38,0.0
20121128:1610,0.0,0.0,0.0,5.78,5.1,0.0
20121128:1710,0.0,0.0,0.0,5.25,5.17,0.0
20121128:1810,0.0,0.0,0.0,5.25,5.31,0.0
20121128:1910,0.0,0.0,0.0,4.72,5.31,0.0
20121128:2010,0.0,0.0,0.0,3.66,5.03,0.0
20121128:2110,0.0,0.0,0.0,3.13,4.83,0.0
20121128:2210,0.0,0.0,0.0,2.6,4.76,0.0
20121128:2310,0.0,0.0,0.0,2.07,4.62,0.0
20121129:0010,0.0,0.0,0.0,1.54,4.41,0.0
20121129:0110,0.0,0.0,0.0,1.01,4.41,0.0
20121129:0210,0.0,0.0,0.0,1.01,4.34,0.0
20121129:0310,0.0,0.0,0.0,0.48,4.28,0.0
20121129:0410,0.0,0.0,0.0,0.48,4.28,0.0
20121129:0510,0.0,0.0,0.0,0.48,4.0,0.0
20121129:0610,0.0,0.0,0.0,0.48,3.79,0.0
20121129:0710,0.0,0.0,0.0,1.01,4.0,0.0
20121129:0810,2.16,10.2,2.84,1.01,3.86,0.0
20121129:0910,69.3,93.13,9.22,1.01,3.45,0.0
20121129:1010,43.82,64.9,13.92,2.07,4.07,0.0
20121129:1110,195.06,230.82,16.56,3.66,4.48,0.0
20121129:1210,62.82,87.52,16.88,4.72,4.48,0.0
20121129:1310,249.73,291.89,14.87,5.25,4.07,0.0
20121129:1410,350.48,404.59,10.71,4.72,3.38,0.0
20121129:1510,152.48,189.32,4.75,4.19,2.62,0.0
20121129:1610,0.0,0.0,0.0,3.13,2.48,0.0
20121129:1710,0.0,0.0,0.0,2.07,2.48,0.0
20121129:1810,0.0,0.0,0.0,1.01,2.48,0.0
20121129:1910,0.0,0.0,0.0,0.48,2.28,0.0
20121129:2010,0.0,0.0,0.0,0.48,2.14,0.0
20121129:2110,0.0,0.0,0.0,-0.57,2.07,0.0
20121129:2210,0.0,0.0,0.0,-1.1,2.07,0.0
20121129:2310,0.0,0.0,0.0,-1.63,2.14,0.0
20121130:0010,0.0,0.0,0.0,-1.63,2.07,0.0
20121130:0110,0.0,0.0,0.0,-2.16,2.07,0.0
20121130:0210,0.0,0.0,0.0,-2.69,2.07,0.0
20121130:0310,0.0,0.0,0.0,-2.69,2.07,0.0
20121130:0410,0.0,0.0,0.0,-3.22,2.0,0.0
20121130:0510,0.0,0.0,0.0,-3.22,1.93,0.0
20121130:0610,0.0,0.0,0.0,-3.75,1.93,0.0
20121130:0710,0.0,0.0,0.0,-3.75,1.93,0.0
20121130:0810,39.19,59.54,2.65,-3.75,1.86,0.0
20121130:0910,285.36,325.25,9.03,-2.16,1.59,0.0
20121130:1010,456.42,521.76,13.74,0.48,1.38,0.0
20121130:1110,569.28,660.76,16.38,2.07,1.45,0.0
20121130:1210,599.14,700.69,16.72,3.13,1.52,0.0
20121130:1310,396.36,457.64,14.72,3.66,1.72,0.0
20121130:1410,249.86,293.24,10.58,4.19,2.07,0.0
20121130:1510,72.56,99.31,4.64,4.19,1.79,0.0
20121130:1610,0.0,0.0,0.0,3.13,1.72,0.0
20121130:1710,0.0,0.0,0.0,2.6,1.59,0.0
20121130:1810,0.0,0.0,0.0,1.01,1.72,0.0
20121130:1910,0.0,0.0,0.0,1.01,1.72,0.0
20121130:2010,0.0,0.0,0.0,-0.04,1.86,0.0
20121130:2110,0.0,0.0,0.0,-1.1,1.79,0.0
20121130:2210,0.0,0.0,0.0,-1.63,1.79,0.0
20121130:2310,0.0,0.0,0.0,-2.16,1.86,0.0
20121201:0010,0.0,0.0,0.0,-2.16,1.72,0.0
20121201:0110,0.0,0.0,0.0,-2.69,1.86,0.0
20121201:0210,0.0,0.0,0.0,-2.69,1.86,0.0
20121201:0310,0.0,0.0,0.0,-3.22,2.0,0.0
20121201:0410,0.0,0.0,0.0,-3.22,1.93,0.0
20121201:0510,0.0,0.0,0.0,-3.75,2.0,0.0
20121201:0610,0.0,0.0,0.0,-3.75,1.93,0.0
20121201:0710,0.0,0.0,0.0,-3.22,2.14,0.0
20121201:0810,0.0,3.71,2.47,-2.69,2.34,0.0
20121201:0910,297.88,338.82,8.85,-1.1,2.69,0.0
20121201:1010,422.56,476.06,13.56,1.01,3.72,0.0
20121201:1110,136.94,167.62,16.21,2.6,4.28,0.0
20121201:1210,151.66,184.11,16.57,3.66,4.97,0.0
20121201:1310,437.14,498.24,14.59,4.72,4.76,0.0
20121201:1410,16.31,31.52,10.46,4.72,3.93,0.0
20121201:1510,13.57,27.87,4.54,4.72,3.72,0.0
20121201:1610,0.0,0.0,0.0,4.19,3.31,0.0
20121201:1710,0.0,0.0,0.0,2.6,3.31,0.0
20121201:1810,0.0,0.0,0.0,1.54,3.45,0.0
20121201:1910,0.0,0.0,0.0,1.01,3.31,0.0
20121201:2010,0.0,0.0,0.0,0.48,3.31,0.0
20121201:2110,0.0,0.0,0.0,-0.04,3.24,0.0
20121201:2210,0.0,0.0,0.0,-0.57,3.1,0.0
20121201:2310,0.0,0.0,0.0,-1.1,3.03,0.0
20121202:0010,0.0,0.0,0.0,-1.63,2.97,0.0
20121202:0110,0.0,0.0,0.0,-1.63,2.97,0.0
20121202:0210,0.0,0.0,0.0,-2.16,2.97,0.0
20121202:0310,0.0,0.0,0.0,-2.16,3.03,0.0
20121202:0410,0.0,0.0,0.0,-2.16,3.1,0.0
20121202:0510,0.0,0.0,0.0,-2.16,3.03,0.0
20121202:0610,0.0,0.0,0.0,-2.16,2.97,0.0
20121202:0710,0.0,0.0,0.0,-2.69,2.9,0.0
20121202:0810,0.0,0.0,0.0,-2.69,2.83,0.0
20121202:0910,326.3,369.2,8.68,-1.63,2.69,0.0
20121202:1010,485.33,550.47,13.39,0.48,2.41,0.0
20121202:1110,559.04,639.71,16.05,2.07,2.69,0.0
20121202:1210,560.07,644.21,16.42,3.13,2.69,0.0
20121202:1310,532.46,616.07,14.46,4.19,2.41,0.0
20121202:1410,392.36,454.59,10.35,4.19,2.07,0.0
20121202:1510,157.52,195.11,4.45,3.66,1.66,0.0
20121202:1610,0.0,0.0,0.0,1.54,2.0,0.0
20121202:1710,0.0,0.0,0.0,-0.04,1.93,0.0
20121202:1810,0.0,0.0,0.0,-1.1,1.93,0.0
20121202:1910,0.0,0.0,0.0,-1.1,1.79,0.0
20121202:2010,0.0,0.0,0.0,-1.1,1.86,0.0
20121202:2110,0.0,0.0,0.0,-1.1,2.0,0.0
20121202:2210,0.0,0.0,0.0,-1.1,2.14,0.0
20121202:2310,0.0,0.0,0.0,0.48,2.28,0.0
20121203:0010,0.0,0.0,0.0,1.54,2.55,0.0
20121203:0110,0.0,0.0,0.0,2.6,3.03,0.0
20121203:0210,0.0,0.0,0.0,4.19,3.66,0.0
20121203:0310,0.0,0.0,0.0,5.25,4.14,0.0
20121203:0410,0.0,0.0,0.0,6.31,3.93,0.0
20121203:0510,0.0,0.0,0.0,6.84,3.93,0.0
20121203:0610,0.0,0.0,0.0,7.9,4.55,0.0
20121203:0710,0.0,0.0,0.0,8.43,4.48,0.0
20121203:0810,0.0,0.0,0.0,8.96,4.14,0.0
20121203:0910,15.26,30.59,8.51,8.96,3.93,0.0
20121203:1010,14.59,29.67,13.22,8.96,3.59,0.0
20121203:1110,428.32,499.47,15.89,9.49,4.55,0.0
20121203:1210,68.61,95.57,16.28,8.96,5.86,0.0
20121203:1310,373.68,431.87,14.33,8.43,6.41,0.0
20121203:1410,129.57,162.62,10.25,7.9,5.66,0.0
20121203:1510,85.75,115.24,4.37,6.84,4.83,0.0
20121203:1610,0.0,0.0,0.0,6.31,4.21,0.0
20121203:1710,0.0,0.0,0.0,5.25,3.79,0.0
20121203:1810,0.0,0.0,0.0,4.19,3.52,0.0
20121203:1910,0.0,0.0,0.0,4.19,3.52,0.0
20121203:2010,0.0,0.0,0.0,4.19,3.52,0.0
20121203:2110,0.0,0.0,0.0,4.19,3.52,0.0
20121203:2210,0.0,0.0,0.0,3.66,3.45,0.0
20121203:2310,0.0,0.0,0.0,3.13,3.38,0.0
20121204:0010,0.0,0.0,0.0,2.6,3.38,0.0
20121204:0110,0.0,0.0,0.0,2.07,3.45,0.0
20121204:0210,0.0,0.0,0.0,2.07,3.59,0.0
20121204:0310,0.0,0.0,0.0,2.07,3.72,0.0
20121204:0410,0.0,0.0,0.0,1.54,3.93,0.0
20121204:0510,0.0,0.0,0.0,1.54,4.07,0.0
20121204:0610,0.0,0.0,0.0,1.54,4.21,0.0
20121204:0710,0.0,0.0,0.0,2.6,4.62,0.0
20121204:0810,0.0,0.0,0.0,2.6,4.83,0.0
20121204:0910,50.95,73.07,8.34,3.13,5.03,0.0
20121204:1010,517.49,587.47,13.06,4.19,5.24,0.0
20121204:1110,551.1,631.32,15.75,5.25,4.55,0.0
20121204:1210,538.59,617.26,16.14,6.31,5.31,0.0
20121204:1310,476.69,545.56,14.22,6.31,5.45,0.0
20121204:1410,22.55,39.87,10.15,6.31,4.69,0.0
20121204:1510,13.08,27.31,4.29,5.78,3.93,0.0
20121204:1610,0.0,0.0,0.0,4.72,3.52,0.0
20121204:1710,0.0,0.0,0.0,3.66,3.1,0.0
20121204:1810,0.0,0.0,0.0,3.13,2.83,0.0
20121204:1910,0.0,0.0,0.0,2.07,3.03,0.0
20121204:2010,0.0,0.0,0.0,1.54,2.76,0.0
20121204:2110,0.0,0.0,0.0,0.48,2.41,0.0
20121204:2210,0.0,0.0,0.0,-0.57,2.0,0.0
20121204:2310,0.0,0.0,0.0,-1.63,1.93,0.0
20121205:0010,0.0,0.0,0.0,-1.63,1.52,0.0
20121205:0110,0.0,0.0,0.0,-1.1,1.24,0.0
20121205:0210,0.0,0.0,0.0,-0.57,1.03,0.0
20121205:0310,0.0,0.0,0.0,-1.1,1.1,0.0
20121205:0410,0.0,0.0,0.0,-1.63,1.38,0.0
20121205:0510,0.0,0.0,0.0,-1.63,1.59,0.0
20121205:0610,0.0,0.0,0.0,-0.57,1.79,0.0
20121205:0710,0.0,0.0,0.0,-1.1,2.48,0.0
20121205:0810,0.0,0.0,0.0,-0.57,3.1,0.0
20121205:0910,51.94,73.53,8.19,0.48,3.38,0.0
20121205:1010,73.14,97.62,12.91,1.54,4.83,0.0
20121205:1110,449.38,506.84,15.6,2.07,4.28,0.0
20121205:1210,442.18,499.48,16.02,2.6,4.48,0.0
20121205:1310,334.08,379.52,14.11,2.6,4.62,0.0
20121205:1410,93.6,120.38,10.06,2.6,4.21,0.0
20121205:1510,31.63,50.63,4.21,2.07,4.14,0.0
20121205:1610,0.0,0.0,0.0,1.01,4.07,0.0
20121205:1710,0.0,0.0,0.0,0.48,4.14,0.0
20121205:1810,0.0,0.0,0.0,-0.04,4.07,0.0
20121205:1910,0.0,0.0,0.0,-0.04,4.34,0.0
20121205:2010,0.0,0.0,0.0,-0.57,4.14,0.0
20121205:2110,0.0,0.0,0.0,-0.57,4.07,0.0
20121205:2210,0.0,0.0,0.0,-1.1,4.0,0.0
20121205:2310,0.0,0.0,0.0,-1.63,3.52,0.0
20121206:0010,0.0,0.0,0.0,-2.16,3.24,0.0
20121206:0110,0.0,0.0,0.0,-2.69,2.83,0.0
20121206:0210,0.0,0.0,0.0,-3.22,2.48,0.0
20121206:0310,0.0,0.0,0.0,-3.75,2.21,0.0
20121206:0410,0.0,0.0,0.0,-3.75,2.14,0.0
20121206:0510,0.0,0.0,0.0,-4.28,2.14,0.0
20121206:0610,0.0,0.0,0.0,-4.28,1.93,0.0
20121206:0710,0.0,0.0,0.0,-3.75,1.59,0.0
20121206:0810,0.0,0.0,0.0,-3.75,1.66,0.0
20121206:0910,177.24,207.49,8.03,-3.22,1.59,0.0
20121206:1010,174.27,205.13,12.77,-1.1,2.0,0.0
20121206:1110,228.06,263.86,15.47,0.48,2.62,0.0
20121206:1210,297.25,339.48,15.9,1.54,3.17,0.0
20121206:1310,135.58,166.09,14.01,2.6,3.52,0.0
20121206:1410,9.04,21.32,9.98,3.13,3.86,0.0
20121206:1510,18.02,33.69,4.15,3.13,4.07,0.0
20121206:1610,0.0,0.0,0.0,2.6,4.21,0.0
20121206:1710,0.0,0.0,0.0,2.6,4.21,0.0
20121206:1810,0.0,0.0,0.0,3.13,4.21,0.0
20121206:1910,0.0,0.0,0.0,3.66,4.48,0.0
20121206:2010,0.0,0.0,0.0,3.66,5.03,0.0
20121206:2110,0.0,0.0,0.0,4.19,5.52,0.0
20121206:2210,0.0,0.0,0.0,4.19,6.07,0.0
20121206:2310,0.0,0.0,0.0,4.72,6.55,0.0
20121207:0010,0.0,0.0,0.0,4.72,6.83,0.0
20121207:0110,0.0,0.0,0.0,4.72,6.0,0.0
20121207:0210,0.0,0.0,0.0,4.72,5.45,0.0
20121207:0310,0.0,0.0,0.0,3.13,5.03,0.0
20121207:0410,0.0,0.0,0.0,2.07,4.97,0.0
20121207:0510,0.0,0.0,0.0,1.54,4.97,0.0
20121207:0610,0.0,0.0,0.0,1.54,5.17,0.0
20121207:0710,0.0,0.0,0.0,1.54,4.97,0.0
20121207:0810,0.0,0.0,0.0,1.54,5.45,0.0
20121207:0910,39.48,59.42,7.89,1.54,5.86,0.0
20121207:1010,44.06,64.88,12.63,1.54,6.28,0.0
20121207:1110,282.57,322.36,15.34,3.13,7.31,0.0
20121207:1210,434.94,489.9,15.79,4.19,7.38,0.0
20121207:1310,516.97,585.37,13.92,5.25,6.97,0.0
20121207:1410,292.07,336.94,9.91,5.25,6.62,0.0
20121207:1510,17.99,33.9,4.09,5.25,6.28,0.0
20121207:1610,0.0,0.0,0.0,4.72,6.14,0.0
20121207:1710,0.0,0.0,0.0,4.19,6.34,0.0
20121207:1810,0.0,0.0,0.0,4.72,6.55,0.0
20121207:1910,0.0,0.0,0.0,4.72,6.28,0.0
20121207:2010,0.0,0.0,0.0,4.72,5.93,0.0
20121207:2110,0.0,0.0,0.0,4.72,5.66,0.0
20121207:2210,0.0,0.0,0.0,4.72,5.38,0.0
20121207:2310,0.0,0.0,0.0,4.19,4.97,0.0
20121208:0010,0.0,0.0,0.0,3.66,4.55,0.0
20121208:0110,0.0,0.0,0.0,3.66,4.07,0.0
20121208:0210,0.0,0.0,0.0,3.13,3.66,0.0
20121208:0310,0.0,0.0,0.0,3.13,3.31,0.0
20121208:0410,0.0,0.0,0.0,2.6,3.03,0.0
20121208:0510,0.0,0.0,0.0,2.07,2.97,0.0
20121208:0610,0.0,0.0,0.0,1.54,2.76,0.0
20121208:0710,0.0,0.0,0.0,1.01,2.48,0.0
20121208:0810,0.0,0.0,0.0,1.01,2.34,0.0
20121208:0910,294.58,341.76,7.75,2.07,1.86,0.0
20121208:1010,446.82,515.15,12.49,3.13,1.79,0.0
20121208:1110,534.05,621.23,15.22,4.19,1.86,0.0
20121208:1210,530.3,616.52,15.68,5.25,2.41,0.0
20121208:1310,116.77,147.87,13.83,5.78,2.83,0.0
20121208:1410,147.99,181.6,9.84,5.25,2.9,0.0
20121208:1510,70.75,97.63,4.04,5.25,2.21,0.0
20121208:1610,0.0,0.0,0.0,4.72,2.21,0.0
20121208:1710,0.0,0.0,0.0,3.66,2.34,0.0
20121208:1810,0.0,0.0,0.0,2.6,2.69,0.0
20121208:1910,0.0,0.0,0.0,2.6,2.83,0.0
20121208:2010,0.0,0.0,0.0,2.6,3.03,0.0
20121208:2110,0.0,0.0,0.0,3.13,3.24,0.0
20121208:2210,0.0,0.0,0.0,3.13,3.52,0.0
20121208:2310,0.0,0.0,0.0,3.13,3.66,0.0
20121209:0010,0.0,0.0,0.0,3.13,3.59,0.0
20121209:0110,0.0,0.0,0.0,3.13,3.72,0.0
20121209:0210,0.0,0.0,0.0,3.66,3.79,0.0
20121209:0310,0.0,0.0,0.0,4.72,3.93,0.0
20121209:0410,0.0,0.0,0.0,5.25,4.14,0.0
20121209:0510,0.0,0.0,0.0,5.78,4.55,0.0
20121209:0610,0.0,0.0,0.0,6.31,4.97,0.0
20121209:0710,0.0,0.0,0.0,6.31,4.9,0.0
20121209:0810,0.0,0.0,0.0,6.31,5.17,0.0
20121209:0910,16.87,32.45,7.61,6.31,5.31,0.0
20121209:1010,70.34,96.45,12.37,6.84,5.66,0.0
20121209:1110,585.82,676.41,15.11,6.84,4.76,0.0
20121209:1210,328.34,378.76,15.58,7.37,7.03,0.0
20121209:1310,14.68,29.67,13.75,7.9,6.07,0.0
20121209:1410,57.07,81.5,9.78,7.9,6.21,0.0
20121209:1510,11.97,25.9,4.0,7.37,5.79,0.0
20121209:1610,0.0,0.0,0.0,7.37,5.52,0.0
20121209:1710,0.0,0.0,0.0,6.84,5.59,0.0
20121209:1810,0.0,0.0,0.0,6.84,5.52,0.0
20121209:1910,0.0,0.0,0.0,6.31,5.59,0.0
20121209:2010,0.0,0.0,0.0,5.78,5.45,0.0
20121209:2110,0.0,0.0,0.0,5.25,5.24,0.0
20121209:2210,0.0,0.0,0.0,4.72,4.97,0.0
20121209:2310,0.0,0.0,0.0,4.19,4.76,0.0
20121210:0010,0.0,0.0,0.0,3.66,4.55,0.0
20121210:0110,0.0,0.0,0.0,3.13,4.48,0.0
20121210:0210,0.0,0.0,0.0,3.13,4.48,0.0
20121210:0310,0.0,0.0,0.0,2.6,4.83,0.0
20121210:0410,0.0,0.0,0.0,2.6,5.24,0.0
20121210:0510,0.0,0.0,0.0,2.6,4.83,0.0
20121210:0610,0.0,0.0,0.0,2.07,4.9,0.0
20121210:0710,0.0,0.0,0.0,2.6,5.1,0.0
20121210:0810,0.0,0.0,0.0,2.07,4.9,0.0
20121210:0910,277.64,320.34,7.49,2.6,4.76,0.0
20121210:1010,197.9,233.27,12.25,3.13,3.86,0.0
20121210:1110,502.41,572.56,15.0,4.19,4.28,0.0
20121210:1210,335.44,384.7,15.49,4.72,4.48,0.0
20121210:1310,362.49,414.53,13.68,5.25,5.38,0.0
20121210:1410,123.55,154.55,9.72,5.25,4.0,0.0
20121210:1510,12.19,25.98,3.96,4.72,3.45,0.0
20121210:1610,0.0,0.0,0.0,3.66,3.24,0.0
20121210:1710,0.0,0.0,0.0,2.6,3.31,0.0
20121210:1810,0.0,0.0,0.0,2.07,3.24,0.0
20121210:1910,0.0,0.0,0.0,1.54,3.24,0.0
20121210:2010,0.0,0.0,0.0,1.01,3.17,0.0
20121210:2110,0.0,0.0,0.0,0.48,3.03,0.0
20121210:2210,0.0,0.0,0.0,-0.04,2.9,0.0
20121210:2310,0.0,0.0,0.0,-0.57,2.9,0.0
20121211:0010,0.0,0.0,0.0,-1.1,2.9,0.0
20121211:0110,0.0,0.0,0.0,-1.1,2.83,0.0
20121211:0210,0.0,0.0,0.0,-1.63,2.83,0.0
20121211:0310,0.0,0.0,0.0,-1.63,2.76,0.0
20121211:0410,0.0,0.0,0.0,-1.63,2.69,0.0
20121211:0510,0.0,0.0,0.0,-2.16,2.62,0.0
20121211:0610,0.0,0.0,0.0,-2.69,2.48,0.0
20121211:0710,0.0,0.0,0.0,-2.69,2.55,0.0
20121211:0810,0.0,0.0,0.0,-2.69,2.34,0.0
20121211:0910,261.79,298.83,7.36,-2.69,2.0,0.0
20121211:1010,435.54,494.85,12.14,-0.04,1.72,0.0
20121211:1110,515.39,591.8,14.9,1.54,1.72,0.0
20121211:1210,533.72,617.86,15.41,2.6,1.59,0.0
20121211:1310,512.17,594.04,13.61,3.13,1.52,0.0
20121211:1410,277.83,323.99,9.68,3.13,1.38,0.0
20121211:1510,72.47,98.66,3.93,2.6,1.31,0.0
20121211:1610,0.0,0.0,0.0,0.48,1.66,0.0
20121211:1710,0.0,0.0,0.0,-1.1,1.72,0.0
20121211:1810,0.0,0.0,0.0,-1.63,1.66,0.0
20121211:1910,0.0,0.0,0.0,-2.16,1.45,0.0
20121211:2010,0.0,0.0,0.0,-2.16,1.1,0.0
20121211:2110,0.0,0.0,0.0,-2.16,0.83,0.0
20121211:2210,0.0,0.0,0.0,-2.16,0.41,0.0
20121211:2310,0.0,0.0,0.0,-2.16,0.48,0.0
20121212:0010,0.0,0.0,0.0,-2.16,0.83,0.0
20121212:0110,0.0,0.0,0.0,-2.16,0.9,0.0
20121212:0210,0.0,0.0,0.0,-2.69,0.76,0.0
20121212:0310,0.0,0.0,0.0,-2.69,0.62,0.0
20121212:0410,0.0,0.0,0.0,-2.69,0.48,0.0
20121212:0510,0.0,0.0,0.0,-2.69,0.21,0.0
20121212:0610,0.0,0.0,0.0,-2.69,0.21,0.0
20121212:0710,0.0,0.0,0.0,-3.22,0.55,0.0
20121212:0810,0.0,0.0,0.0,-3.22,0.41,0.0
20121212:0910,211.6,246.32,7.25,-2.69,0.48,0.0
20121212:1010,408.01,463.21,12.03,-2.16,0.69,0.0
20121212:1110,544.75,624.84,14.81,-1.1,0.97,0.0
20121212:1210,111.37,139.52,15.34,0.48,1.24,0.0
20121212:1310,135.17,165.35,13.56,1.01,1.17,0.0
20121212:1410,68.76,92.94,9.64,1.54,0.97,0.0
20121212:1510,59.85,83.81,3.91,1.54,1.31,0.0
20121212:1610,0.0,0.0,0.0,1.01,1.79,0.0
20121212:1710,0.0,0.0,0.0,0.48,1.86,0.0
20121212:1810,0.0,0.0,0.0,-0.57,2.07,0.0
20121212:1910,0.0,0.0,0.0,-1.1,2.28,0.0
20121212:2010,0.0,0.0,0.0,-1.63,2.21,0.0
20121212:2110,0.0,0.0,0.0,-2.16,2.21,0.0
20121212:2210,0.0,0.0,0.0,-2.16,2.21,0.0
20121212:2310,0.0,0.0,0.0,-2.16,2.21,0.0
20121213:0010,0.0,0.0,0.0,-2.16,2.28,0.0
20121213:0110,0.0,0.0,0.0,-2.69,2.28,0.0
20121213:0210,0.0,0.0,0.0,-2.69,2.28,0.0
20121213:0310,0.0,0.0,0.0,-2.69,2.34,0.0
20121213:0410,0.0,0.0,0.0,-3.22,2.41,0.0
20121213:0510,0.0,0.0,0.0,-3.22,2.41,0.0
20121213:0610,0.0,0.0,0.0,-3.22,2.41,0.0
20121213:0710,0.0,0.0,0.0,-3.22,2.28,0.0
20121213:0810,0.0,0.0,0.0,-3.22,2.34,0.0
20121213:0910,223.95,258.43,7.14,-2.16,2.21,0.0
20121213:1010,212.21,245.5,11.94,-1.1,2.07,0.0
20121213:1110,97.81,124.43,14.73,0.48,2.62,0.0
20121213:1210,85.57,111.24,15.27,0.48,2.41,0.0
20121213:1310,123.16,152.03,13.51,1.01,2.14,0.0
20121213:1410,52.62,74.52,9.61,1.01,2.14,0.0
20121213:1510,47.08,68.67,3.9,0.48,1.86,0.0
20121213:1610,0.0,0.0,0.0,-0.04,2.14,0.0
20121213:1710,0.0,0.0,0.0,-0.57,2.14,0.0
20121213:1810,0.0,0.0,0.0,-0.57,2.21,0.0
20121213:1910,0.0,0.0,0.0,-0.04,1.93,0.0
20121213:2010,0.0,0.0,0.0,0.48,1.93,0.0
20121213:2110,0.0,0.0,0.0,0.48,2.14,0.0
20121213:2210,0.0,0.0,0.0,1.01,2.48,0.0
20121213:2310,0.0,0.0,0.0,1.54,2.62,0.0
20121214:0010,0.0,0.0,0.0,2.07,2.34,0.0
20121214:0110,0.0,0.0,0.0,2.6,2.41,0.0
20121214:0210,0.0,0.0,0.0,3.13,2.97,0.0
20121214:0310,0.0,0.0,0.0,3.66,3.59,0.0
20121214:0410,0.0,0.0,0.0,4.19,4.14,0.0
20121214:0510,0.0,0.0,0.0,4.72,4.48,0.0
20121214:0610,0.0,0.0,0.0,4.72,4.9,0.0
20121214:0710,0.0,0.0,0.0,5.25,5.24,0.0
20121214:0810,0.0,0.0,0.0,5.25,5.72,0.0
20121214:0910,5.86,16.69,7.04,5.78,6.41,0.0
20121214:1010,12.82,26.89,11.84,5.78,7.17,0.0
20121214:1110,29.21,48.21,14.65,6.31,7.72,0.0
20121214:1210,12.75,26.89,15.21,6.84,7.1,0.0
20121214:1310,98.48,128.02,13.47,7.37,6.62,0.0
20121214:1410,6.97,18.54,9.59,7.9,4.76,0.0
20121214:1510,0.0,3.71,3.89,8.96,3.93,0.0
20121214:1610,0.0,0.0,0.0,8.96,4.62,0.0
20121214:1710,0.0,0.0,0.0,8.43,6.21,0.0
20121214:1810,0.0,0.0,0.0,7.9,6.9,0.0
20121214:1910,0.0,0.0,0.0,7.37,7.03,0.0
20121214:2010,0.0,0.0,0.0,6.84,6.28,0.0
20121214:2110,0.0,0.0,0.0,6.84,6.21,0.0
20121214:2210,0.0,0.0,0.0,6.84,6.14,0.0
20121214:2310,0.0,0.0,0.0,6.84,5.79,0.0
20121215:0010,0.0,0.0,0.0,6.84,5.45,0.0
20121215:0110,0.0,0.0,0.0,6.31,5.17,0.0
20121215:0210,0.0,0.0,0.0,6.84,4.9,0.0
20121215:0310,0.0,0.0,0.0,6.31,4.55,0.0
20121215:0410,0.0,0.0,0.0,6.31,4.55,0.0
20121215:0510,0.0,0.0,0.0,6.31,4.55,0.0
20121215:0610,0.0,0.0,0.0,6.84,4.76,0.0
20121215:0710,0.0,0.0,0.0,6.84,5.17,0.0
20121215:0810,0.0,0.0,0.0,6.84,5.17,0.0
20121215:0910,172.54,210.33,6.95,7.37,5.17,0.0
20121215:1010,329.75,383.21,11.76,7.9,5.24,0.0
20121215:1110,438.14,507.57,14.58,8.96,5.45,0.0
20121215:1210,53.8,78.52,15.16,9.49,6.28,0.0
20121215:1310,469.37,544.66,13.43,9.49,5.66,0.0
20121215:1410,134.66,169.26,9.57,9.49,5.66,0.0
20121215:1510,17.59,33.82,3.89,8.96,5.31,0.0
20121215:1610,0.0,0.0,0.0,7.9,4.97,0.0
20121215:1710,0.0,0.0,0.0,7.37,4.34,0.0
20121215:1810,0.0,0.0,0.0,6.84,3.59,0.0
20121215:1910,0.0,0.0,0.0,6.84,3.52,0.0
20121215:2010,0.0,0.0,0.0,6.84,3.24,0.0
20121215:2110,0.0,0.0,0.0,6.31,3.24,0.0
20121215:2210,0.0,0.0,0.0,5.78,3.24,0.0
20121215:2310,0.0,0.0,0.0,5.78,3.31,0.0
20121216:0010,0.0,0.0,0.0,5.25,3.31,0.0
20121216:0110,0.0,0.0,0.0,4.72,3.17,0.0
20121216:0210,0.0,0.0,0.0,4.72,3.1,0.0
20121216:0310,0.0,0.0,0.0,4.72,3.03,0.0
20121216:0410,0.0,0.0,0.0,4.72,3.03,0.0
20121216:0510,0.0,0.0,0.0,4.72,2.9,0.0
20121216:0610,0.0,0.0,0.0,4.19,2.9,0.0
20121216:0710,0.0,0.0,0.0,4.19,2.83,0.0
20121216:0810,0.0,0.0,0.0,4.19,2.97,0.0
20121216:0910,300.02,349.94,6.86,4.19,2.97,0.0
20121216:1010,432.42,499.79,11.68,5.25,2.76,0.0
20121216:1110,417.67,485.48,14.52,6.84,2.83,0.0
20121216:1210,508.34,589.64,15.11,7.37,3.86,0.0
20121216:1310,492.77,571.83,13.41,8.43,4.62,0.0
20121216:1410,374.05,439.11,9.56,8.43,3.17,0.0
20121216:1510,110.17,143.78,3.89,7.9,3.17,0.0
20121216:1610,0.0,0.0,0.0,6.84,3.1,0.0
20121216:1710,0.0,0.0,0.0,6.84,3.1,0.0
20121216:1810,0.0,0.0,0.0,6.31,3.03,0.0
20121216:1910,0.0,0.0,0.0,6.31,3.52,0.0
20121216:2010,0.0,0.0,0.0,6.31,3.66,0.0
20121216:2110,0.0,0.0,0.0,6.31,3.59,0.0
20121216:2210,0.0,0.0,0.0,6.84,3.45,0.0
20121216:2310,0.0,0.0,0.0,6.31,3.38,0.0
20121217:0010,0.0,0.0,0.0,5.78,3.45,0.0
20121217:0110,0.0,0.0,0.0,5.78,3.45,0.0
20121217:0210,0.0,0.0,0.0,5.25,3.38,0.0
20121217:0310,0.0,0.0,0.0,5.25,3.31,0.0
20121217:0410,0.0,0.0,0.0,5.25,3.31,0.0
20121217:0510,0.0,0.0,0.0,5.25,3.24,0.0
20121217:0610,0.0,0.0,0.0,5.25,3.17,0.0
20121217:0710,0.0,0.0,0.0,4.72,3.24,0.0
20121217:0810,0.0,0.0,0.0,4.72,3.17,0.0
20121217:0910,68.79,94.18,6.78,5.25,3.17,0.0
20121217:1010,436.0,503.93,11.61,6.31,3.59,0.0
20121217:1110,507.99,589.36,14.47,6.84,3.45,0.0
20121217:1210,496.67,575.67,15.08,6.84,3.52,0.0
20121217:1310,459.66,532.2,13.39,7.9,4.48,0.0
20121217:1410,215.16,257.16,9.56,7.9,4.34,0.0
20121217:1510,84.88,114.17,3.91,6.84,4.14,0.0
20121217:1610,0.0,0.0,0.0,6.31,3.93,0.0
20121217:1710,0.0,0.0,0.0,5.78,3.79,0.0
20121217:1810,0.0,0.0,0.0,5.25,3.86,0.0
20121217:1910,0.0,0.0,0.0,5.25,3.66,0.0
20121217:2010,0.0,0.0,0.0,5.25,3.59,0.0
20121217:2110,0.0,0.0,0.0,5.25,3.52,0.0
20121217:2210,0.0,0.0,0.0,4.72,3.52,0.0
20121217:2310,0.0,0.0,0.0,4.72,3.38,0.0
20121218:0010,0.0,0.0,0.0,4.72,3.1,0.0
20121218:0110,0.0,0.0,0.0,4.72,3.03,0.0
20121218:0210,0.0,0.0,0.0,5.25,3.52,0.0
20121218:0310,0.0,0.0,0.0,5.78,3.72,0.0
20121218:0410,0.0,0.0,0.0,5.78,3.86,0.0
20121218:0510,0.0,0.0,0.0,5.78,4.14,0.0
20121218:0610,0.0,0.0,0.0,5.78,4.28,0.0
20121218:0710,0.0,0.0,0.0,4.72,3.79,0.0
20121218:0810,0.0,0.0,0.0,4.72,3.52,0.0
20121218:0910,111.86,142.35,6.7,5.25,3.1,0.0
20121218:1010,183.84,221.3,11.55,5.78,2.48,0.0
20121218:1110,53.69,77.71,14.42,6.84,3.24,0.0
20121218:1210,93.24,122.51,15.05,6.84,3.38,0.0
20121218:1310,166.22,202.62,13.38,6.84,3.17,0.0
20121218:1410,25.37,43.57,9.56,6.84,2.55,0.0
20121218:1510,38.42,59.9,3.93,6.84,2.0,0.0
20121218:1610,0.0,0.0,0.0,5.78,1.72,0.0
20121218:1710,0.0,0.0,0.0,5.25,1.59,0.0
20121218:1810,0.0,0.0,0.0,4.72,1.45,0.0
20121218:1910,0.0,0.0,0.0,4.72,0.97,0.0
20121218:2010,0.0,0.0,0.0,4.72,0.9,0.0
20121218:2110,0.0,0.0,0.0,5.25,0.83,0.0
20121218:2210,0.0,0.0,0.0,4.19,1.31,0.0
20121218:2310,0.0,0.0,0.0,2.6,1.72,0.0
20121219:0010,0.0,0.0,0.0,2.6,1.79,0.0
20121219:0110,0.0,0.0,0.0,2.6,1.72,0.0
20121219:0210,0.0,0.0,0.0,3.13,2.07,0.0
20121219:0310,0.0,0.0,0.0,3.66,2.34,0.0
20121219:0410,0.0,0.0,0.0,3.66,2.62,0.0
20121219:0510,0.0,0.0,0.0,3.66,2.76,0.0
20121219:0610,0.0,0.0,0.0,3.66,2.97,0.0
20121219:0710,0.0,0.0,0.0,3.66,3.17,0.0
20121219:0810,0.0,0.0,0.0,4.72,3.45,0.0
20121219:0910,21.28,38.03,6.63,5.25,3.93,0.0
20121219:1010,25.54,43.57,11.5,5.78,4.14,0.0
20121219:1110,21.83,38.94,14.38,6.31,4.28,0.0
20121219:1210,23.21,40.79,15.03,6.84,4.34,0.0
20121219:1310,18.92,35.23,13.37,6.84,4.69,0.0
20121219:1410,12.08,25.96,9.58,6.84,4.83,0.0
20121219:1510,4.7,14.83,3.95,6.31,4.83,0.0
20121219:1610,0.0,0.0,0.0,6.31,4.76,0.0
20121219:1710,0.0,0.0,0.0,6.31,5.03,0.0
20121219:1810,0.0,0.0,0.0,6.31,5.38,0.0
20121219:1910,0.0,0.0,0.0,5.78,5.31,0.0
20121219:2010,0.0,0.0,0.0,6.31,5.59,0.0
20121219:2110,0.0,0.0,0.0,6.31,5.59,0.0
20121219:2210,0.0,0.0,0.0,6.31,5.38,0.0
20121219:2310,0.0,0.0,0.0,6.31,5.31,0.0
20121220:0010,0.0,0.0,0.0,6.31,5.38,0.0
20121220:0110,0.0,0.0,0.0,6.31,5.17,0.0
20121220:0210,0.0,0.0,0.0,6.31,5.1,0.0
20121220:0310,0.0,0.0,0.0,6.84,5.03,0.0
20121220:0410,0.0,0.0,0.0,6.84,4.9,0.0
20121220:0510,0.0,0.0,0.0,6.84,4.69,0.0
20121220:0610,0.0,0.0,0.0,7.37,4.55,0.0
20121220:0710,0.0,0.0,0.0,7.37,4.07,0.0
20121220:0810,0.0,0.0,0.0,7.37,4.14,0.0
20121220:0910,21.76,39.02,6.57,7.9,4.41,0.0
20121220:1010,28.2,47.28,11.45,7.9,4.62,0.0
20121220:1110,19.47,36.16,14.35,8.43,4.69,0.0
20121220:1210,23.75,41.72,15.01,8.43,4.62,0.0
20121220:1310,17.37,33.38,13.38,8.43,4.48,0.0
20121220:1410,16.04,31.52,9.6,7.9,4.28,0.0
20121220:1510,1.58,9.27,3.99,7.9,3.93,0.0
20121220:1610,0.0,0.0,0.0,8.43,4.0,0.0
20121220:1710,0.0,0.0,0.0,8.43,2.9,0.0
20121220:1810,0.0,0.0,0.0,8.43,2.69,0.0
20121220:1910,0.0,0.0,0.0,8.43,4.69,0.0
20121220:2010,0.0,0.0,0.0,7.9,5.03,0.0
20121220:2110,0.0,0.0,0.0,7.37,4.62,0.0
20121220:2210,0.0,0.0,0.0,6.84,4.21,0.0
20121220:2310,0.0,0.0,0.0,6.84,3.93,0.0
20121221:0010,0.0,0.0,0.0,6.31,3.59,0.0
20121221:0110,0.0,0.0,0.0,5.78,3.38,0.0
20121221:0210,0.0,0.0,0.0,5.25,3.17,0.0
20121221:0310,0.0,0.0,0.0,4.72,3.03,0.0
20121221:0410,0.0,0.0,0.0,4.72,2.83,0.0
20121221:0510,0.0,0.0,0.0,5.78,2.62,0.0
20121221:0610,0.0,0.0,0.0,6.31,2.41,0.0
20121221:0710,0.0,0.0,0.0,6.84,2.62,0.0
20121221:0810,0.0,0.0,0.0,6.84,2.69,0.0
20121221:0910,239.1,285.58,6.52,6.84,2.83,0.0
20121221:1010,382.92,446.24,11.41,7.37,3.1,0.0
20121221:1110,340.09,397.05,14.32,7.9,3.45,0.0
20121221:1210,217.88,260.22,15.01,7.9,3.79,0.0
20121221:1310,427.94,497.93,13.39,7.9,3.52,0.0
20121221:1410,331.99,390.27,9.63,8.43,3.31,0.0
20121221:1510,84.85,114.9,4.03,8.43,2.97,0.0
20121221:1610,0.0,0.0,0.0,7.9,2.69,0.0
20121221:1710,0.0,0.0,0.0,6.84,2.41,0.0
20121221:1810,0.0,0.0,0.0,6.31,2.41,0.0
20121221:1910,0.0,0.0,0.0,5.78,2.55,0.0
20121221:2010,0.0,0.0,0.0,5.78,2.62,0.0
20121221:2110,0.0,0.0,0.0,5.25,2.62,0.0
20121221:2210,0.0,0.0,0.0,5.25,2.55,0.0
20121221:2310,0.0,0.0,0.0,5.25,2.62,0.0
20121222:0010,0.0,0.0,0.0,5.25,2.48,0.0
20121222:0110,0.0,0.0,0.0,5.78,2.55,0.0
20121222:0210,0.0,0.0,0.0,6.31,2.83,0.0
20121222:0310,0.0,0.0,0.0,6.84,3.1,0.0
20121222:0410,0.0,0.0,0.0,6.84,3.66,0.0
20121222:0510,0.0,0.0,0.0,7.37,4.55,0.0
20121222:0610,0.0,0.0,0.0,7.37,5.24,0.0
20121222:0710,0.0,0.0,0.0,7.37,5.31,0.0
20121222:0810,0.0,0.0,0.0,7.37,5.52,0.0
20121222:0910,10.74,24.1,6.47,7.37,5.38,0.0
20121222:1010,10.7,24.1,11.38,7.9,4.69,0.0
20121222:1110,28.85,48.21,14.31,8.43,3.72,0.0
20121222:1210,36.14,57.48,15.01,9.49,3.31,0.0
20121222:1310,29.93,50.06,13.41,11.09,3.93,0.0
20121222:1410,23.29,41.72,9.66,12.15,4.76,0.0
20121222:1510,18.39,35.34,4.08,12.68,5.1,0.0
20121222:1610,0.0,0.0,0.0,12.68,5.17,0.0
20121222:1710,0.0,0.0,0.0,12.68,5.31,0.0
20121222:1810,0.0,0.0,0.0,12.68,5.17,0.0
20121222:1910,0.0,0.0,0.0,12.15,5.31,0.0
20121222:2010,0.0,0.0,0.0,12.15,5.79,0.0
20121222:2110,0.0,0.0,0.0,12.15,5.86,0.0
20121222:2210,0.0,0.0,0.0,12.15,5.79,0.0
20121222:2310,0.0,0.0,0.0,12.15,5.66,0.0
20121223:0010,0.0,0.0,0.0,12.15,5.66,0.0
20121223:0110,0.0,0.0,0.0,12.15,5.93,0.0
20121223:0210,0.0,0.0,0.0,12.68,6.0,0.0
20121223:0310,0.0,0.0,0.0,12.68,6.28,0.0
20121223:0410,0.0,0.0,0.0,12.68,6.69,0.0
20121223:0510,0.0,0.0,0.0,12.68,6.55,0.0
20121223:0610,0.0,0.0,0.0,12.15,6.28,0.0
20121223:0710,0.0,0.0,0.0,12.15,6.28,0.0
20121223:0810,0.0,0.0,0.0,11.61,6.0,0.0
20121223:0910,44.27,67.42,6.43,11.09,5.72,0.0
20121223:1010,32.91,53.77,11.35,11.09,5.72,0.0
20121223:1110,444.39,520.36,14.3,11.09,5.24,0.0
20121223:1210,311.15,366.57,15.02,10.55,5.17,0.0
20121223:1310,138.7,175.16,13.44,11.09,4.69,0.0
20121223:1410,99.85,131.53,9.7,11.09,4.69,0.0
20121223:1510,11.08,24.91,4.13,10.55,4.14,0.0
20121223:1610,0.0,0.0,0.0,10.02,3.93,0.0
20121223:1710,0.0,0.0,0.0,9.49,3.86,0.0
20121223:1810,0.0,0.0,0.0,9.49,3.79,0.0
20121223:1910,0.0,0.0,0.0,9.49,3.86,0.0
20121223:2010,0.0,0.0,0.0,8.96,4.0,0.0
20121223:2110,0.0,0.0,0.0,7.9,3.24,0.0
20121223:2210,0.0,0.0,0.0,7.37,3.17,0.0
20121223:2310,0.0,0.0,0.0,7.37,2.55,0.0
20121224:0010,0.0,0.0,0.0,7.37,2.48,0.0
20121224:0110,0.0,0.0,0.0,7.37,2.21,0.0
20121224:0210,0.0,0.0,0.0,7.37,1.93,0.0
20121224:0310,0.0,0.0,0.0,6.84,1.66,0.0
20121224:0410,0.0,0.0,0.0,6.84,1.66,0.0
20121224:0510,0.0,0.0,0.0,6.84,2.0,0.0
20121224:0610,0.0,0.0,0.0,7.37,2.48,0.0
20121224:0710,0.0,0.0,0.0,7.9,2.83,0.0
20121224:0810,0.0,0.0,0.0,8.96,3.86,0.0
20121224:0910,26.85,45.91,6.4,10.55,6.55,0.0
20121224:1010,24.87,43.57,11.33,11.09,7.1,0.0
20121224:1110,50.4,74.93,14.3,11.09,7.52,0.0
20121224:1210,40.36,63.04,15.03,11.61,7.86,0.0
20121224:1310,42.76,65.82,13.47,11.09,8.07,0.0
20121224:1410,22.67,40.79,9.75,11.61,8.34,0.0
20121224:1510,12.3,26.74,4.19,11.61,7.72,0.0
20121224:1610,0.0,0.0,0.0,10.55,6.28,0.0
20121224:1710,0.0,0.0,0.0,9.49,5.24,0.0
20121224:1810,0.0,0.0,0.0,8.43,4.83,0.0
20121224:1910,0.0,0.0,0.0,7.9,3.66,0.0
20121224:2010,0.0,0.0,0.0,7.9,3.86,0.0
20121224:2110,0.0,0.0,0.0,8.43,3.93,0.0
20121224:2210,0.0,0.0,0.0,8.43,3.79,0.0
20121224:2310,0.0,0.0,0.0,7.9,3.38,0.0
20121225:0010,0.0,0.0,0.0,7.9,3.45,0.0
20121225:0110,0.0,0.0,0.0,7.9,3.45,0.0
20121225:0210,0.0,0.0,0.0,7.9,3.72,0.0
20121225:0310,0.0,0.0,0.0,7.37,3.86,0.0
20121225:0410,0.0,0.0,0.0,7.37,4.0,0.0
20121225:0510,0.0,0.0,0.0,6.84,4.28,0.0
20121225:0610,0.0,0.0,0.0,7.37,4.9,0.0
20121225:0710,0.0,0.0,0.0,7.37,5.79,0.0
20121225:0810,0.0,0.0,0.0,7.37,5.72,0.0
20121225:0910,21.21,38.22,6.37,7.37,6.28,0.0
20121225:1010,31.95,51.92,11.32,7.9,5.93,0.0
20121225:1110,16.68,32.45,14.3,8.43,5.79,0.0
20121225:1210,87.78,116.98,15.06,8.43,5.1,0.0
20121225:1310,31.12,50.99,13.51,8.43,6.14,0.0
20121225:1410,82.41,110.48,9.81,8.43,5.72,0.0
20121225:1510,5.2,15.76,4.26,8.43,5.93,0.0
20121225:1610,0.0,0.0,0.0,7.9,5.52,0.0
20121225:1710,0.0,0.0,0.0,7.37,5.17,0.0
20121225:1810,0.0,0.0,0.0,6.84,4.76,0.0
20121225:1910,0.0,0.0,0.0,6.84,4.62,0.0
20121225:2010,0.0,0.0,0.0,5.78,4.21,0.0
20121225:2110,0.0,0.0,0.0,5.25,3.72,0.0
20121225:2210,0.0,0.0,0.0,4.72,3.52,0.0
20121225:2310,0.0,0.0,0.0,4.19,3.31,0.0
20121226:0010,0.0,0.0,0.0,4.19,3.17,0.0
20121226:0110,0.0,0.0,0.0,4.19,3.1,0.0
20121226:0210,0.0,0.0,0.0,4.72,3.17,0.0
20121226:0310,0.0,0.0,0.0,4.72,3.31,0.0
20121226:0410,0.0,0.0,0.0,4.19,3.72,0.0
20121226:0510,0.0,0.0,0.0,4.19,4.07,0.0
20121226:0610,0.0,0.0,0.0,3.66,3.79,0.0
20121226:0710,0.0,0.0,0.0,4.19,4.48,0.0
20121226:0810,0.0,0.0,0.0,4.72,4.62,0.0
20121226:0910,127.63,159.55,6.35,5.25,4.76,0.0
20121226:1010,98.53,127.5,11.32,6.31,5.1,0.0
20121226:1110,177.95,215.13,14.32,7.37,5.45,0.0
20121226:1210,54.07,78.54,15.09,8.43,5.45,0.0
20121226:1310,49.41,73.18,13.56,8.96,5.59,0.0
20121226:1410,20.07,37.08,9.87,9.49,6.41,0.0
20121226:1510,25.27,43.77,4.34,8.96,7.59,0.0
20121226:1610,0.0,0.0,0.0,8.43,8.41,0.0
20121226:1710,0.0,0.0,0.0,8.96,8.07,0.0
20121226:1810,0.0,0.0,0.0,8.96,7.31,0.0
20121226:1910,0.0,0.0,0.0,9.49,6.28,0.0
20121226:2010,0.0,0.0,0.0,8.96,6.41,0.0
20121226:2110,0.0,0.0,0.0,8.43,6.55,0.0
20121226:2210,0.0,0.0,0.0,7.37,6.41,0.0
20121226:2310,0.0,0.0,0.0,6.84,6.21,0.0
20121227:0010,0.0,0.0,0.0,6.84,6.07,0.0
20121227:0110,0.0,0.0,0.0,6.84,5.93,0.0
20121227:0210,0.0,0.0,0.0,6.84,5.66,0.0
20121227:0310,0.0,0.0,0.0,6.31,5.45,0.0
20121227:0410,0.0,0.0,0.0,6.31,4.97,0.0
20121227:0510,0.0,0.0,0.0,6.31,4.07,0.0
20121227:0610,0.0,0.0,0.0,5.78,3.93,0.0
20121227:0710,0.0,0.0,0.0,5.78,2.97,0.0
20121227:0810,0.0,0.0,0.0,5.78,3.03,0.0
20121227:0910,133.28,167.08,6.34,6.31,2.76,0.0
20121227:1010,7.61,19.47,11.32,6.84,3.59,0.0
20121227:1110,51.27,74.92,14.34,7.37,5.59,0.0
20121227:1210,163.31,199.24,15.13,7.37,5.66,0.0
20121227:1310,66.64,92.76,13.62,7.9,6.0,0.0
20121227:1410,26.15,44.5,9.95,6.84,6.34,0.0
20121227:1510,32.64,52.61,4.42,6.84,5.72,0.0
20121227:1610,0.0,0.0,0.0,6.31,4.62,0.0
20121227:1710,0.0,0.0,0.0,5.78,4.48,0.0
20121227:1810,0.0,0.0,0.0,5.78,4.9,0.0
20121227:1910,0.0,0.0,0.0,5.78,4.97,0.0
20121227:2010,0.0,0.0,0.0,5.78,4.48,0.0
20121227:2110,0.0,0.0,0.0,5.78,3.72,0.0
20121227:2210,0.0,0.0,0.0,5.25,2.76,0.0
20121227:2310,0.0,0.0,0.0,5.25,1.86,0.0
20121228:0010,0.0,0.0,0.0,4.72,1.86,0.0
20121228:0110,0.0,0.0,0.0,4.72,1.79,0.0
20121228:0210,0.0,0.0,0.0,4.19,2.07,0.0
20121228:0310,0.0,0.0,0.0,4.19,2.34,0.0
20121228:0410,0.0,0.0,0.0,4.72,2.55,0.0
20121228:0510,0.0,0.0,0.0,5.25,2.83,0.0
20121228:0610,0.0,0.0,0.0,5.78,3.52,0.0
20121228:0710,0.0,0.0,0.0,6.84,4.41,0.0
20121228:0810,0.0,0.0,0.0,7.37,4.48,0.0
20121228:0910,27.93,46.94,6.34,8.43,4.41,0.0
20121228:1010,70.14,97.23,11.33,9.49,4.55,0.0
20121228:1110,20.65,38.01,14.37,10.55,5.31,0.0
20121228:1210,21.36,38.94,15.18,10.55,5.72,0.0
20121228:1310,40.44,63.04,13.68,11.09,6.07,0.0
20121228:1410,27.04,46.36,10.02,11.09,6.48,0.0
20121228:1510,6.25,17.62,4.51,11.09,6.34,0.0
20121228:1610,0.0,0.0,0.0,11.09,6.21,0.0
20121228:1710,0.0,0.0,0.0,11.09,6.48,0.0
20121228:1810,0.0,0.0,0.0,11.09,6.55,0.0
20121228:1910,0.0,0.0,0.0,11.09,6.69,0.0
20121228:2010,0.0,0.0,0.0,11.09,7.03,0.0
20121228:2110,0.0,0.0,0.0,11.09,7.31,0.0
20121228:2210,0.0,0.0,0.0,10.55,7.45,0.0
20121228:2310,0.0,0.0,0.0,11.09,7.79,0.0
20121229:0010,0.0,0.0,0.0,11.09,8.07,0.0
20121229:0110,0.0,0.0,0.0,11.09,8.0,0.0
20121229:0210,0.0,0.0,0.0,11.09,8.07,0.0
20121229:0310,0.0,0.0,0.0,10.55,8.28,0.0
20121229:0410,0.0,0.0,0.0,10.55,8.41,0.0
20121229:0510,0.0,0.0,0.0,10.55,8.55,0.0
20121229:0610,0.0,0.0,0.0,10.55,8.41,0.0
20121229:0710,0.0,0.0,0.0,10.55,8.34,0.0
20121229:0810,0.0,0.0,0.0,10.55,8.41,0.0
20121229:0910,131.65,166.75,6.34,10.02,8.55,0.0
20121229:1010,39.38,61.47,11.35,10.55,8.69,0.0
20121229:1110,38.31,60.26,14.41,10.55,8.83,0.0
20121229:1210,32.21,52.85,15.23,11.09,9.1,0.0
20121229:1310,24.89,43.57,13.76,11.09,9.1,0.0
20121229:1410,20.02,37.08,10.11,10.02,7.1,0.0
20121229:1510,4.07,13.91,4.61,8.96,5.1,0.0
20121229:1610,0.0,0.0,0.0,8.43,4.28,0.0
20121229:1710,0.0,0.0,0.0,7.9,4.21,0.0
20121229:1810,0.0,0.0,0.0,7.37,4.34,0.0
20121229:1910,0.0,0.0,0.0,7.37,5.1,0.0
20121229:2010,0.0,0.0,0.0,6.84,5.03,0.0
20121229:2110,0.0,0.0,0.0,6.84,5.17,0.0
20121229:2210,0.0,0.0,0.0,6.84,5.38,0.0
20121229:2310,0.0,0.0,0.0,6.31,5.66,0.0
20121230:0010,0.0,0.0,0.0,6.31,6.07,0.0
20121230:0110,0.0,0.0,0.0,5.78,6.14,0.0
20121230:0210,0.0,0.0,0.0,5.25,6.14,0.0
20121230:0310,0.0,0.0,0.0,4.72,5.93,0.0
20121230:0410,0.0,0.0,0.0,4.72,6.0,0.0
20121230:0510,0.0,0.0,0.0,5.25,6.14,0.0
20121230:0610,0.0,0.0,0.0,5.25,6.41,0.0
20121230:0710,0.0,0.0,0.0,4.72,5.86,0.0
20121230:0810,0.0,0.0,0.0,4.72,6.0,0.0
20121230:0910,56.81,80.44,6.35,5.25,6.21,0.0
20121230:1010,408.13,466.84,11.38,6.31,6.34,0.0
20121230:1110,345.68,398.65,14.45,6.84,5.38,0.0
20121230:1210,605.5,695.8,15.3,7.37,6.28,0.0
20121230:1310,137.84,171.45,13.83,7.9,7.24,0.0
20121230:1410,107.66,138.53,10.2,8.43,7.03,0.0
20121230:1510,12.74,27.04,4.71,8.43,6.62,0.0
20121230:1610,0.0,0.0,0.0,7.9,6.48,0.0
20121230:1710,0.0,0.0,0.0,7.9,6.21,0.0
20121230:1810,0.0,0.0,0.0,7.9,6.0,0.0
20121230:1910,0.0,0.0,0.0,8.43,6.62,0.0
20121230:2010,0.0,0.0,0.0,8.43,6.62,0.0
20121230:2110,0.0,0.0,0.0,8.43,6.97,0.0
20121230:2210,0.0,0.0,0.0,8.96,7.59,0.0
20121230:2310,0.0,0.0,0.0,9.49,7.86,0.0
20121231:0010,0.0,0.0,0.0,10.02,7.93,0.0
20121231:0110,0.0,0.0,0.0,10.02,7.93,0.0
20121231:0210,0.0,0.0,0.0,10.02,7.66,0.0
20121231:0310,0.0,0.0,0.0,10.02,7.45,0.0
20121231:0410,0.0,0.0,0.0,10.02,7.59,0.0
20121231:0510,0.0,0.0,0.0,10.02,7.93,0.0
20121231:0610,0.0,0.0,0.0,10.02,8.28,0.0
20121231:0710,0.0,0.0,0.0,10.02,8.14,0.0
20121231:0810,0.0,0.0,0.0,10.02,8.55,0.0
20121231:0910,109.57,142.0,6.37,10.02,9.1,0.0
20121231:1010,31.56,51.92,11.41,10.55,9.93,0.0
20121231:1110,29.33,49.14,14.5,10.55,9.31,0.0
20121231:1210,29.33,49.14,15.37,10.55,8.48,0.0
20121231:1310,17.88,34.3,13.92,10.55,8.41,0.0
20121231:1410,13.85,28.74,10.3,10.02,8.21,0.0
20121231:1510,20.24,37.37,4.82,10.02,7.52,0.0
20121231:1610,0.0,0.0,0.0,10.02,7.17,0.0
20121231:1710,0.0,0.0,0.0,10.02,5.93,0.0
20121231:1810,0.0,0.0,0.0,10.02,4.69,0.0
20121231:1910,0.0,0.0,0.0,9.49,4.97,0.0
20121231:2010,0.0,0.0,0.0,9.49,4.55,0.0
20121231:2110,0.0,0.0,0.0,8.96,4.21,0.0
20121231:2210,0.0,0.0,0.0,8.96,4.21,0.0
20121231:2310,0.0,0.0,0.0,8.43,4.21,0.0

P: PV system power (W)
G(i): Global irradiance on the inclined plane (plane of the array) (W/m2)
H_sun: Sun height (degree)
T2m: 2-m air temperature (degree Celsius)
WS10m: 10-m total wind speed (m/s)
Int: 1 means solar radiation values are reconstructed



PVGIS (c) European Union, 2001-2026